selector,r_val,r_eval,outer,selected_model,oracle_model_at_eval,selected_test_sr_at_eval,oracle_test_sr_at_eval,regret,oracle_match
clean,0.0,0.0,0,HistGB,HistGB,11.76015510447522,11.76015510447522,0.0,1
clean,0.0,0.0,1,HistGB,HistGB,13.73168860179165,13.73168860179165,0.0,1
clean,0.0,0.0,2,HistGB,HistGB,12.03246102203424,12.03246102203424,0.0,1
clean,0.0,0.0,3,HistGB,HistGB,12.507296971676508,12.507296971676508,0.0,1
clean,0.0,0.0,4,HistGB,HistGB,11.663767967150225,11.663767967150225,0.0,1
clean,0.0,0.0,5,HistGB,HistGB,12.788000461342667,12.788000461342667,0.0,1
clean,0.0,0.0,6,HistGB,HistGB,15.137088661400586,15.137088661400586,0.0,1
clean,0.0,0.0,7,HistGB,HistGB,11.832086758523523,11.832086758523523,0.0,1
clean,0.0,0.0,8,HistGB,HistGB,11.80698803744633,11.80698803744633,0.0,1
clean,0.0,0.0,9,HistGB,HistGB,12.556532991757797,12.556532991757797,0.0,1
clean,0.0,0.0,10,HistGB,HistGB,12.006766732493656,12.006766732493656,0.0,1
clean,0.0,0.0,11,HistGB,HistGB,11.346172695771273,11.346172695771273,0.0,1
clean,0.0,0.0,12,HistGB,HistGB,11.53607012306929,11.53607012306929,0.0,1
clean,0.0,0.0,13,HistGB,HistGB,12.501230435307573,12.501230435307573,0.0,1
clean,0.0,0.0,14,HistGB,HistGB,12.374390426143172,12.374390426143172,0.0,1
clean,0.0,0.0,15,HistGB,HistGB,12.425630433445932,12.425630433445932,0.0,1
clean,0.0,0.0,16,HistGB,HistGB,13.0920493003693,13.0920493003693,0.0,1
clean,0.0,0.0,17,HistGB,HistGB,14.474854688524555,14.474854688524555,0.0,1
clean,0.0,0.0,18,HistGB,HistGB,12.72431903276434,12.72431903276434,0.0,1
clean,0.0,0.0,19,HistGB,HistGB,12.38932481964971,12.38932481964971,0.0,1
clean,0.0,0.0,20,HistGB,HistGB,13.18137194824744,13.18137194824744,0.0,1
clean,0.0,0.0,21,HistGB,HistGB,13.996657000066351,13.996657000066351,0.0,1
clean,0.0,0.0,22,HistGB,HistGB,13.811627922541728,13.811627922541728,0.0,1
clean,0.0,0.0,23,HistGB,HistGB,13.32873782866024,13.32873782866024,0.0,1
clean,0.0,0.0,24,HistGB,HistGB,13.136467261751262,13.136467261751262,0.0,1
clean,0.0,0.025,0,HistGB,HistGB,13.790624657970188,13.790624657970188,0.0,1
clean,0.0,0.025,1,HistGB,HistGB,15.569190624933023,15.569190624933023,0.0,1
clean,0.0,0.025,2,HistGB,HistGB,14.088427543524208,14.088427543524208,0.0,1
clean,0.0,0.025,3,HistGB,HistGB,14.466111791412365,14.466111791412365,0.0,1
clean,0.0,0.025,4,HistGB,HistGB,13.735054816062018,13.735054816062018,0.0,1
clean,0.0,0.025,5,HistGB,HistGB,14.867893327492942,14.867893327492942,0.0,1
clean,0.0,0.025,6,HistGB,HistGB,17.17176789089314,17.17176789089314,0.0,1
clean,0.0,0.025,7,HistGB,HistGB,13.928703035242147,13.928703035242147,0.0,1
clean,0.0,0.025,8,HistGB,HistGB,14.035703406909802,14.035703406909802,0.0,1
clean,0.0,0.025,9,HistGB,HistGB,14.77125823960297,14.77125823960297,0.0,1
clean,0.0,0.025,10,HistGB,HistGB,14.180458644223837,14.180458644223837,0.0,1
clean,0.0,0.025,11,HistGB,HistGB,13.50742579877159,13.50742579877159,0.0,1
clean,0.0,0.025,12,HistGB,HistGB,13.758001907403685,13.758001907403685,0.0,1
clean,0.0,0.025,13,HistGB,HistGB,14.626656518553975,14.626656518553975,0.0,1
clean,0.0,0.025,14,HistGB,HistGB,14.533640708116964,14.533640708116964,0.0,1
clean,0.0,0.025,15,HistGB,HistGB,14.46272762558578,14.46272762558578,0.0,1
clean,0.0,0.025,16,HistGB,HistGB,15.171306018649071,15.171306018649071,0.0,1
clean,0.0,0.025,17,HistGB,HistGB,16.52161216946523,16.52161216946523,0.0,1
clean,0.0,0.025,18,HistGB,HistGB,14.780199693916028,14.780199693916028,0.0,1
clean,0.0,0.025,19,HistGB,HistGB,14.493836285631524,14.493836285631524,0.0,1
clean,0.0,0.025,20,HistGB,HistGB,15.368108126940594,15.368108126940594,0.0,1
clean,0.0,0.025,21,HistGB,HistGB,16.055770073743247,16.055770073743247,0.0,1
clean,0.0,0.025,22,HistGB,HistGB,15.713546741354476,15.713546741354476,0.0,1
clean,0.0,0.025,23,HistGB,HistGB,15.55503612142687,15.55503612142687,0.0,1
clean,0.0,0.025,24,HistGB,HistGB,15.081413399945886,15.081413399945886,0.0,1
clean,0.0,0.1,0,HistGB,HistGB,16.06918849714951,16.06918849714951,0.0,1
clean,0.0,0.1,1,HistGB,HistGB,17.715227486371926,17.715227486371926,0.0,1
clean,0.0,0.1,2,HistGB,HistGB,16.59812152428756,16.59812152428756,0.0,1
clean,0.0,0.1,3,HistGB,HistGB,16.681998568610286,16.681998568610286,0.0,1
clean,0.0,0.1,4,HistGB,HistGB,16.108514635915505,16.108514635915505,0.0,1
clean,0.0,0.1,5,HistGB,HistGB,17.268672823209283,17.268672823209283,0.0,1
clean,0.0,0.1,6,HistGB,HistGB,19.40432003734352,19.40432003734352,0.0,1
clean,0.0,0.1,7,HistGB,HistGB,16.082236395832705,16.082236395832705,0.0,1
clean,0.0,0.1,8,HistGB,HistGB,16.407129732211875,16.407129732211875,0.0,1
clean,0.0,0.1,9,HistGB,HistGB,17.16320210267766,17.16320210267766,0.0,1
clean,0.0,0.1,10,HistGB,HistGB,16.50268958110556,16.50268958110556,0.0,1
clean,0.0,0.1,11,HistGB,HistGB,15.964533676765804,15.964533676765804,0.0,1
clean,0.0,0.1,12,HistGB,HistGB,15.955340858425544,15.955340858425544,0.0,1
clean,0.0,0.1,13,HistGB,HistGB,16.931967619416174,16.931967619416174,0.0,1
clean,0.0,0.1,14,HistGB,HistGB,16.92890955586985,16.92890955586985,0.0,1
clean,0.0,0.1,15,HistGB,HistGB,16.861669366598026,16.861669366598026,0.0,1
clean,0.0,0.1,16,HistGB,HistGB,17.657517204616237,17.657517204616237,0.0,1
clean,0.0,0.1,17,HistGB,HistGB,18.682009768699448,18.682009768699448,0.0,1
clean,0.0,0.1,18,HistGB,HistGB,17.15936754113902,17.15936754113902,0.0,1
clean,0.0,0.1,19,HistGB,HistGB,16.832397587873736,16.832397587873736,0.0,1
clean,0.0,0.1,20,HistGB,HistGB,17.57369629098549,17.57369629098549,0.0,1
clean,0.0,0.1,21,HistGB,HistGB,18.21056570240688,18.21056570240688,0.0,1
clean,0.0,0.1,22,HistGB,HistGB,17.918651632655692,17.918651632655692,0.0,1
clean,0.0,0.1,23,HistGB,HistGB,17.87434674116678,17.87434674116678,0.0,1
clean,0.0,0.1,24,HistGB,HistGB,17.41484728033265,17.41484728033265,0.0,1
clean,0.0,0.15,0,HistGB,HistGB,17.541973445772758,17.541973445772758,0.0,1
clean,0.0,0.15,1,HistGB,HistGB,19.010878031887327,19.010878031887327,0.0,1
clean,0.0,0.15,2,HistGB,HistGB,17.80100779364431,17.80100779364431,0.0,1
clean,0.0,0.15,3,HistGB,HistGB,18.01452453786513,18.01452453786513,0.0,1
clean,0.0,0.15,4,HistGB,HistGB,17.437948123990314,17.437948123990314,0.0,1
clean,0.0,0.15,5,HistGB,HistGB,18.58285094234233,18.58285094234233,0.0,1
clean,0.0,0.15,6,HistGB,KNN,20.66574103016756,20.55617663708099,0.1095643930865684,0
clean,0.0,0.15,7,HistGB,HistGB,17.529586892481948,17.529586892481948,0.0,1
clean,0.0,0.15,8,HistGB,HistGB,17.8122895281797,17.8122895281797,0.0,1
clean,0.0,0.15,9,HistGB,HistGB,18.495670339370204,18.495670339370204,0.0,1
clean,0.0,0.15,10,HistGB,RandomForest,17.97117283362848,17.920692448422127,0.05048038520635245,0
clean,0.0,0.15,11,HistGB,RandomForest,17.484846230170547,17.41666006093395,0.06818616923659704,0
clean,0.0,0.15,12,HistGB,HistGB,17.466672392177024,17.466672392177024,0.0,1
clean,0.0,0.15,13,HistGB,HistGB,18.257215445819707,18.257215445819707,0.0,1
clean,0.0,0.15,14,HistGB,HistGB,18.137408455216548,18.137408455216548,0.0,1
clean,0.0,0.15,15,HistGB,HistGB,18.107544438260927,18.107544438260927,0.0,1
clean,0.0,0.15,16,HistGB,HistGB,18.78614046980045,18.78614046980045,0.0,1
clean,0.0,0.15,17,HistGB,HistGB,20.041240568377912,20.041240568377912,0.0,1
clean,0.0,0.15,18,HistGB,HistGB,18.367784803289087,18.367784803289087,0.0,1
clean,0.0,0.15,19,HistGB,HistGB,18.104123699192264,18.104123699192264,0.0,1
clean,0.0,0.15,20,HistGB,HistGB,18.801855062804623,18.801855062804623,0.0,1
clean,0.0,0.15,21,HistGB,HistGB,19.59619733176809,19.59619733176809,0.0,1
clean,0.0,0.15,22,HistGB,HistGB,19.298586066791096,19.298586066791096,0.0,1
clean,0.0,0.15,23,HistGB,HistGB,19.173574821481136,19.173574821481136,0.0,1
clean,0.0,0.15,24,HistGB,HistGB,18.65781447093841,18.65781447093841,0.0,1
clean,0.0,0.19,0,HistGB,HistGB,18.928739010266547,18.928739010266547,0.0,1
clean,0.0,0.19,1,HistGB,HistGB,20.143835873105846,20.143835873105846,0.0,1
clean,0.0,0.19,2,HistGB,RandomForest,19.26838422455713,19.25223313590072,0.016151088656410906,0
clean,0.0,0.19,3,HistGB,HistGB,19.443279896968026,19.443279896968026,0.0,1
clean,0.0,0.19,4,HistGB,HistGB,18.91392220590144,18.91392220590144,0.0,1
clean,0.0,0.19,5,HistGB,HistGB,19.95917516081851,19.95917516081851,0.0,1
clean,0.0,0.19,6,HistGB,KNN,21.81613605324205,21.221317844771534,0.5948182084705174,0
clean,0.0,0.19,7,HistGB,HistGB,18.7343657051764,18.7343657051764,0.0,1
clean,0.0,0.19,8,HistGB,HistGB,19.090144255140743,19.090144255140743,0.0,1
clean,0.0,0.19,9,HistGB,HistGB,19.75986807523372,19.75986807523372,0.0,1
clean,0.0,0.19,10,HistGB,RandomForest,19.228897842651488,19.11294703331267,0.11595080933881974,0
clean,0.0,0.19,11,HistGB,HistGB,18.667847445401883,18.667847445401883,0.0,1
clean,0.0,0.19,12,HistGB,HistGB,18.74800249831791,18.74800249831791,0.0,1
clean,0.0,0.19,13,HistGB,HistGB,19.487413662156857,19.487413662156857,0.0,1
clean,0.0,0.19,14,HistGB,HistGB,19.805729525276647,19.805729525276647,0.0,1
clean,0.0,0.19,15,HistGB,HistGB,19.53354628711148,19.53354628711148,0.0,1
clean,0.0,0.19,16,HistGB,HistGB,20.42138389973512,20.42138389973512,0.0,1
clean,0.0,0.19,17,HistGB,HistGB,21.336585653266862,21.336585653266862,0.0,1
clean,0.0,0.19,18,HistGB,HistGB,19.63875503262111,19.63875503262111,0.0,1
clean,0.0,0.19,19,HistGB,HistGB,19.237587544515986,19.237587544515986,0.0,1
clean,0.0,0.19,20,HistGB,HistGB,19.92591817042073,19.92591817042073,0.0,1
clean,0.0,0.19,21,HistGB,HistGB,21.007827210990577,21.007827210990577,0.0,1
clean,0.0,0.19,22,HistGB,HistGB,20.67660900892144,20.67660900892144,0.0,1
clean,0.0,0.19,23,HistGB,RandomForest,20.6083352155968,20.554130699292205,0.05420451630459411,0
clean,0.0,0.19,24,HistGB,HistGB,19.83663934120755,19.83663934120755,0.0,1
clean,0.0,0.2,0,HistGB,HistGB,19.31695977824297,19.31695977824297,0.0,1
clean,0.0,0.2,1,HistGB,HistGB,20.633704058890523,20.633704058890523,0.0,1
clean,0.0,0.2,2,HistGB,RandomForest,19.60198171985055,19.530966200000307,0.07101551985024201,0
clean,0.0,0.2,3,HistGB,HistGB,19.40246723251745,19.40246723251745,0.0,1
clean,0.0,0.2,4,HistGB,HistGB,19.19879919002628,19.19879919002628,0.0,1
clean,0.0,0.2,5,HistGB,HistGB,20.309646525902178,20.309646525902178,0.0,1
clean,0.0,0.2,6,HistGB,KNN,22.22715469741236,21.45106211319845,0.7760925842139095,0
clean,0.0,0.2,7,HistGB,KNN,19.087134768957217,18.91466158420148,0.17247318475573792,0
clean,0.0,0.2,8,HistGB,HistGB,19.353522301384245,19.353522301384245,0.0,1
clean,0.0,0.2,9,HistGB,HistGB,20.244280483753503,20.244280483753503,0.0,1
clean,0.0,0.2,10,HistGB,RandomForest,19.482679894775195,19.397262692891125,0.08541720188406998,0
clean,0.0,0.2,11,HistGB,HistGB,18.81764877008533,18.81764877008533,0.0,1
clean,0.0,0.2,12,HistGB,HistGB,19.156116543683805,19.156116543683805,0.0,1
clean,0.0,0.2,13,HistGB,HistGB,20.01349433745357,20.01349433745357,0.0,1
clean,0.0,0.2,14,HistGB,HistGB,20.033455238923583,20.033455238923583,0.0,1
clean,0.0,0.2,15,HistGB,KNN,19.86983031134916,19.770319702527317,0.09951060882184137,0
clean,0.0,0.2,16,HistGB,HistGB,20.56981023209017,20.56981023209017,0.0,1
clean,0.0,0.2,17,HistGB,KNN,21.90020836235615,21.8467341910282,0.05347417132794874,0
clean,0.0,0.2,18,HistGB,KNN,20.13102128441388,20.099350238418523,0.031671045995356195,0
clean,0.0,0.2,19,HistGB,HistGB,19.59435135708357,19.59435135708357,0.0,1
clean,0.0,0.2,20,HistGB,HistGB,20.38206963513907,20.38206963513907,0.0,1
clean,0.0,0.2,21,HistGB,HistGB,21.186528023649814,21.186528023649814,0.0,1
clean,0.0,0.2,22,HistGB,HistGB,20.970762127732502,20.970762127732502,0.0,1
clean,0.0,0.2,23,HistGB,HistGB,20.731601966614555,20.731601966614555,0.0,1
clean,0.0,0.2,24,HistGB,HistGB,20.04810559903347,20.04810559903347,0.0,1
clean,0.0,0.21,0,HistGB,KNN,19.712347729890087,19.62070076050922,0.09164696938086792,0
clean,0.0,0.21,1,HistGB,HistGB,20.883479751389164,20.883479751389164,0.0,1
clean,0.0,0.21,2,HistGB,RandomForest,19.80436562213185,19.776411638303763,0.02795398382808756,0
clean,0.0,0.21,3,HistGB,HistGB,19.79962845112105,19.79962845112105,0.0,1
clean,0.0,0.21,4,HistGB,HistGB,19.524084711512717,19.524084711512717,0.0,1
clean,0.0,0.21,5,HistGB,HistGB,20.691741037075957,20.691741037075957,0.0,1
clean,0.0,0.21,6,HistGB,KNN,22.638128623682924,21.735449205266427,0.902679418416497,0
clean,0.0,0.21,7,HistGB,KNN,19.563223774521383,19.129134412148225,0.43408936237315743,0
clean,0.0,0.21,8,HistGB,KNN,19.949149133827166,19.754159286311616,0.1949898475155507,0
clean,0.0,0.21,9,HistGB,HistGB,20.53946391412387,20.53946391412387,0.0,1
clean,0.0,0.21,10,HistGB,RandomForest,19.791512389893278,19.766638000384397,0.024874389508880768,0
clean,0.0,0.21,11,HistGB,HistGB,19.12476153385831,19.12476153385831,0.0,1
clean,0.0,0.21,12,HistGB,HistGB,19.62285011346803,19.62285011346803,0.0,1
clean,0.0,0.21,13,HistGB,HistGB,20.1912750022628,20.1912750022628,0.0,1
clean,0.0,0.21,14,HistGB,HistGB,20.17871752830445,20.17871752830445,0.0,1
clean,0.0,0.21,15,HistGB,KNN,20.35635435076348,20.008689836811453,0.3476645139520258,0
clean,0.0,0.21,16,HistGB,RandomForest,20.844016484607646,20.833181161887754,0.010835322719891849,0
clean,0.0,0.21,17,HistGB,KNN,22.20143236502758,21.9739723674224,0.22745999760517677,0
clean,0.0,0.21,18,HistGB,KNN,20.435337004508213,20.18731917985644,0.2480178246517717,0
clean,0.0,0.21,19,HistGB,HistGB,19.97509701714303,19.97509701714303,0.0,1
clean,0.0,0.21,20,HistGB,HistGB,20.63839378129152,20.63839378129152,0.0,1
clean,0.0,0.21,21,HistGB,HistGB,21.40956894525845,21.40956894525845,0.0,1
clean,0.0,0.21,22,HistGB,KNN,21.279054027647227,21.24068021908822,0.03837380855900818,0
clean,0.0,0.21,23,HistGB,HistGB,21.073886705689358,21.073886705689358,0.0,1
clean,0.0,0.21,24,HistGB,HistGB,20.58508699071329,20.58508699071329,0.0,1
clean,0.0,0.24,0,HistGB,KNN,20.982521657856744,20.33664056590208,0.6458810919546636,0
clean,0.0,0.24,1,HistGB,KNN,22.064357590263988,21.92280236504782,0.1415552252161696,0
clean,0.0,0.24,2,HistGB,KNN,20.79592375371037,20.741214770005676,0.05470898370469257,0
clean,0.0,0.24,3,HistGB,KNN,20.84463885093164,20.4321294687124,0.41250938221924116,0
clean,0.0,0.24,4,HistGB,HistGB,20.575640835804094,20.575640835804094,0.0,1
clean,0.0,0.24,5,HistGB,KNN,21.85542178703425,21.582918404859733,0.2725033821745164,0
clean,0.0,0.24,6,HistGB,KNN,24.16724330250814,22.650935540068332,1.5163077624398085,0
clean,0.0,0.24,7,HistGB,KNN,20.526325030059937,19.87952199459999,0.6468030354599463,0
clean,0.0,0.24,8,HistGB,KNN,21.085049356636727,20.522281621260348,0.5627677353763794,0
clean,0.0,0.24,9,HistGB,HistGB,21.50120439198769,21.50120439198769,0.0,1
clean,0.0,0.24,10,HistGB,HistGB,20.799187355071187,20.799187355071187,0.0,1
clean,0.0,0.24,11,HistGB,RandomForest,20.46050823698773,20.371659546986443,0.08884869000128859,0
clean,0.0,0.24,12,HistGB,KNN,20.42873796577705,20.153818096825816,0.2749198689512333,0
clean,0.0,0.24,13,HistGB,HistGB,21.2669017233842,21.2669017233842,0.0,1
clean,0.0,0.24,14,HistGB,KNN,21.462084175510437,21.3226337532928,0.1394504222176387,0
clean,0.0,0.24,15,HistGB,KNN,21.109553749660595,20.52767563958444,0.5818781100761541,0
clean,0.0,0.24,16,HistGB,KNN,22.00953698747326,21.60327312063129,0.4062638668419716,0
clean,0.0,0.24,17,HistGB,KNN,23.25946017164457,22.6236646265378,0.6357955451067703,0
clean,0.0,0.24,18,HistGB,KNN,21.322163342513168,20.865332927318907,0.45683041519426126,0
clean,0.0,0.24,19,HistGB,KNN,20.93072529938225,20.611027408455104,0.31969789092714507,0
clean,0.0,0.24,20,HistGB,KNN,21.74925183304476,21.538000917902348,0.21125091514241134,0
clean,0.0,0.24,21,HistGB,KNN,22.651067969927944,22.618736893558317,0.03233107636962629,0
clean,0.0,0.24,22,HistGB,KNN,22.46146878945244,22.050215114306518,0.4112536751459217,0
clean,0.0,0.24,23,HistGB,KNN,22.339223359037533,22.08033187991192,0.2588914791256123,0
clean,0.0,0.24,24,HistGB,HistGB,21.588328318789458,21.588328318789458,0.0,1
clean,0.0,0.32,0,HistGB,KNN,24.12467046999476,22.3410975641612,1.7835729058335623,0
clean,0.0,0.32,1,HistGB,KNN,25.77070627354392,24.167646892408506,1.603059381135413,0
clean,0.0,0.32,2,HistGB,KNN,24.59572377329288,23.22830694722482,1.3674168260680624,0
clean,0.0,0.32,3,HistGB,KNN,24.09274391415105,22.651724084282822,1.4410198298682282,0
clean,0.0,0.32,4,HistGB,KNN,23.90705141032773,22.899209031890777,1.0078423784369512,0
clean,0.0,0.32,5,HistGB,KNN,25.212724593070813,23.74077037955543,1.4719542135153851,0
clean,0.0,0.32,6,HistGB,KNN,27.269805798524292,24.58426841601279,2.6855373825115016,0
clean,0.0,0.32,7,HistGB,KNN,23.968635975943368,21.897619039501325,2.0710169364420423,0
clean,0.0,0.32,8,HistGB,KNN,24.47320734454739,22.56198727539633,1.9112200691510601,0
clean,0.0,0.32,9,HistGB,KNN,24.803594090704078,23.726477980773108,1.0771161099309694,0
clean,0.0,0.32,10,HistGB,KNN,24.47934381390138,23.392268978535643,1.087074835365737,0
clean,0.0,0.32,11,HistGB,KNN,23.72661797910468,22.911206803547127,0.8154111755575535,0
clean,0.0,0.32,12,HistGB,KNN,24.111346473464494,22.468416540666528,1.6429299327979656,0
clean,0.0,0.32,13,HistGB,KNN,24.99542252363374,23.978926219057577,1.0164963045761617,0
clean,0.0,0.32,14,HistGB,KNN,24.742605611228107,23.408361493293267,1.3342441179348405,0
clean,0.0,0.32,15,HistGB,KNN,24.416176662644283,22.5382140343824,1.8779626282618835,0
clean,0.0,0.32,16,HistGB,KNN,25.54446516039962,23.889956814327707,1.654508346071914,0
clean,0.0,0.32,17,HistGB,KNN,26.4958612951784,24.784073695291784,1.711787599886616,0
clean,0.0,0.32,18,HistGB,KNN,24.88464519023908,23.16494399329765,1.719701196941429,0
clean,0.0,0.32,19,HistGB,KNN,24.573643527987716,22.967426539513063,1.606216988474653,0
clean,0.0,0.32,20,HistGB,KNN,25.04910344930528,23.79135534710681,1.257748102198473,0
clean,0.0,0.32,21,HistGB,KNN,26.31016837981644,24.97102970206068,1.3391386777557592,0
clean,0.0,0.32,22,HistGB,KNN,26.098178562014315,24.39051221352639,1.7076663484879262,0
clean,0.0,0.32,23,HistGB,KNN,25.557866068906574,24.187060837810005,1.3708052310965684,0
clean,0.0,0.32,24,HistGB,KNN,25.003697301266914,24.039705867231064,0.9639914340358509,0
clean,0.0,0.4,0,HistGB,KNN,28.049609361827816,25.10814862318806,2.941460738639755,0
clean,0.0,0.4,1,HistGB,KNN,29.31611875614641,26.672735103263133,2.6433836528832764,0
clean,0.0,0.4,2,HistGB,KNN,28.384727103233185,25.81692397000759,2.5678031332255955,0
clean,0.0,0.4,3,HistGB,KNN,28.010289959071308,25.423661872844157,2.586628086227151,0
clean,0.0,0.4,4,HistGB,KNN,28.31516006865912,25.844904882373577,2.470255186285545,0
clean,0.0,0.4,5,HistGB,KNN,29.138612727054603,26.34733170986748,2.7912810171871243,0
clean,0.0,0.4,6,HistGB,KNN,31.47206094214324,27.471419439501894,4.000641502641347,0
clean,0.0,0.4,7,HistGB,KNN,27.888774713460062,24.65403390525961,3.2347408082004527,0
clean,0.0,0.4,8,HistGB,KNN,28.11039177616971,25.132597624958056,2.977794151211654,0
clean,0.0,0.4,9,HistGB,KNN,29.266611766794703,26.551948517294797,2.714663249499907,0
clean,0.0,0.4,10,HistGB,KNN,27.891574895247988,25.81186367292943,2.079711222318558,0
clean,0.0,0.4,11,HistGB,KNN,27.79176127114822,25.676760069446004,2.115001201702217,0
clean,0.0,0.4,12,HistGB,KNN,28.33763090957668,25.233865931244623,3.103764978332059,0
clean,0.0,0.4,13,HistGB,KNN,28.798902297381467,26.54460857267338,2.254293724708088,0
clean,0.0,0.4,14,HistGB,KNN,29.211910296743884,26.522075989221285,2.6898343075225988,0
clean,0.0,0.4,15,HistGB,KNN,28.65193876540236,25.34232298472043,3.3096157806819306,0
clean,0.0,0.4,16,HistGB,KNN,30.078513900930812,26.84998999315152,3.228523907779291,0
clean,0.0,0.4,17,HistGB,KNN,30.5095007137395,27.506923656523504,3.002577057215994,0
clean,0.0,0.4,18,HistGB,KNN,28.915144639978127,25.751301404565957,3.1638432354121697,0
clean,0.0,0.4,19,HistGB,KNN,28.586058710871352,25.36051788480377,3.225540826067583,0
clean,0.0,0.4,20,HistGB,KNN,28.90296152191095,26.323880275010467,2.5790812469004827,0
clean,0.0,0.4,21,HistGB,KNN,30.33042188933338,27.56509882832943,2.7653230610039508,0
clean,0.0,0.4,22,HistGB,KNN,30.205591444939312,26.97384541341878,3.231746031520533,0
clean,0.0,0.4,23,HistGB,KNN,29.56692175934774,26.81887054429276,2.7480512150549785,0
clean,0.0,0.4,24,HistGB,KNN,29.05916420698302,26.826243061722764,2.2329211452602564,0
clean,0.0,0.5,0,HistGB,KNN,34.3356818953042,29.36104864314475,4.97463325215945,0
clean,0.0,0.5,1,HistGB,KNN,35.45798108963929,30.78564658343057,4.6723345062087205,0
clean,0.0,0.5,2,HistGB,KNN,34.576328258809134,30.042510211973912,4.533818046835222,0
clean,0.0,0.5,3,HistGB,KNN,34.792656147750726,29.873883258001964,4.918772889748762,0
clean,0.0,0.5,4,HistGB,KNN,34.238497999689834,29.807820739177387,4.4306772605124465,0
clean,0.0,0.5,5,HistGB,KNN,35.27559090791475,30.71450700402392,4.561083903890829,0
clean,0.0,0.5,6,HistGB,KNN,37.69306887075829,31.49381187242601,6.199256998332277,0
clean,0.0,0.5,7,HistGB,KNN,33.714303799759946,28.83981311651348,4.874490683246467,0
clean,0.0,0.5,8,HistGB,KNN,34.41627098104753,29.623591813472316,4.792679167575216,0
clean,0.0,0.5,9,HistGB,KNN,34.73783599713518,30.300257701423387,4.437578295711791,0
clean,0.0,0.5,10,HistGB,KNN,33.910208514081305,29.824404136662483,4.085804377418821,0
clean,0.0,0.5,11,HistGB,KNN,33.62775139723734,29.60491639036404,4.022835006873301,0
clean,0.0,0.5,12,HistGB,KNN,34.021207929695294,29.14937495424439,4.8718329754509035,0
clean,0.0,0.5,13,HistGB,KNN,34.977502260566304,30.73761449320112,4.2398877673651825,0
clean,0.0,0.5,14,HistGB,KNN,34.802166158897485,30.22898594801385,4.573180210883635,0
clean,0.0,0.5,15,HistGB,KNN,34.57634793205066,29.482012823758883,5.0943351082917765,0
clean,0.0,0.5,16,HistGB,KNN,35.87939472326243,31.00229592672065,4.87709879654178,0
clean,0.0,0.5,17,HistGB,KNN,36.963845356749495,32.00073805865598,4.963107298093512,0
clean,0.0,0.5,18,HistGB,KNN,34.50305373795179,29.334123989500338,5.1689297484514505,0
clean,0.0,0.5,19,HistGB,KNN,34.60327848170751,29.727904717251747,4.875373764455766,0
clean,0.0,0.5,20,HistGB,KNN,34.325370645190155,30.386612943510592,3.938757701679563,0
clean,0.0,0.5,21,HistGB,KNN,36.63164043905123,32.05521614959351,4.576424289457719,0
clean,0.0,0.5,22,HistGB,KNN,36.0951832132667,30.834582638855917,5.260600574410784,0
clean,0.0,0.5,23,HistGB,KNN,35.70825739251677,31.138388285827343,4.569869106689428,0
clean,0.0,0.5,24,HistGB,KNN,34.82354914689996,30.66380562129224,4.159743525607716,0
clean,0.025,0.0,0,HistGB,HistGB,11.76015510447522,11.76015510447522,0.0,1
clean,0.025,0.0,1,HistGB,HistGB,13.73168860179165,13.73168860179165,0.0,1
clean,0.025,0.0,2,HistGB,HistGB,12.03246102203424,12.03246102203424,0.0,1
clean,0.025,0.0,3,HistGB,HistGB,12.507296971676508,12.507296971676508,0.0,1
clean,0.025,0.0,4,HistGB,HistGB,11.663767967150225,11.663767967150225,0.0,1
clean,0.025,0.0,5,HistGB,HistGB,12.788000461342667,12.788000461342667,0.0,1
clean,0.025,0.0,6,HistGB,HistGB,15.137088661400586,15.137088661400586,0.0,1
clean,0.025,0.0,7,HistGB,HistGB,11.832086758523523,11.832086758523523,0.0,1
clean,0.025,0.0,8,HistGB,HistGB,11.80698803744633,11.80698803744633,0.0,1
clean,0.025,0.0,9,HistGB,HistGB,12.556532991757797,12.556532991757797,0.0,1
clean,0.025,0.0,10,HistGB,HistGB,12.006766732493656,12.006766732493656,0.0,1
clean,0.025,0.0,11,HistGB,HistGB,11.346172695771273,11.346172695771273,0.0,1
clean,0.025,0.0,12,HistGB,HistGB,11.53607012306929,11.53607012306929,0.0,1
clean,0.025,0.0,13,HistGB,HistGB,12.501230435307573,12.501230435307573,0.0,1
clean,0.025,0.0,14,HistGB,HistGB,12.374390426143172,12.374390426143172,0.0,1
clean,0.025,0.0,15,HistGB,HistGB,12.425630433445932,12.425630433445932,0.0,1
clean,0.025,0.0,16,HistGB,HistGB,13.0920493003693,13.0920493003693,0.0,1
clean,0.025,0.0,17,HistGB,HistGB,14.474854688524555,14.474854688524555,0.0,1
clean,0.025,0.0,18,HistGB,HistGB,12.72431903276434,12.72431903276434,0.0,1
clean,0.025,0.0,19,HistGB,HistGB,12.38932481964971,12.38932481964971,0.0,1
clean,0.025,0.0,20,HistGB,HistGB,13.18137194824744,13.18137194824744,0.0,1
clean,0.025,0.0,21,HistGB,HistGB,13.996657000066351,13.996657000066351,0.0,1
clean,0.025,0.0,22,HistGB,HistGB,13.811627922541728,13.811627922541728,0.0,1
clean,0.025,0.0,23,HistGB,HistGB,13.32873782866024,13.32873782866024,0.0,1
clean,0.025,0.0,24,HistGB,HistGB,13.136467261751262,13.136467261751262,0.0,1
clean,0.025,0.025,0,HistGB,HistGB,13.790624657970188,13.790624657970188,0.0,1
clean,0.025,0.025,1,HistGB,HistGB,15.569190624933023,15.569190624933023,0.0,1
clean,0.025,0.025,2,HistGB,HistGB,14.088427543524208,14.088427543524208,0.0,1
clean,0.025,0.025,3,HistGB,HistGB,14.466111791412365,14.466111791412365,0.0,1
clean,0.025,0.025,4,HistGB,HistGB,13.735054816062018,13.735054816062018,0.0,1
clean,0.025,0.025,5,HistGB,HistGB,14.867893327492942,14.867893327492942,0.0,1
clean,0.025,0.025,6,HistGB,HistGB,17.17176789089314,17.17176789089314,0.0,1
clean,0.025,0.025,7,HistGB,HistGB,13.928703035242147,13.928703035242147,0.0,1
clean,0.025,0.025,8,HistGB,HistGB,14.035703406909802,14.035703406909802,0.0,1
clean,0.025,0.025,9,HistGB,HistGB,14.77125823960297,14.77125823960297,0.0,1
clean,0.025,0.025,10,HistGB,HistGB,14.180458644223837,14.180458644223837,0.0,1
clean,0.025,0.025,11,HistGB,HistGB,13.50742579877159,13.50742579877159,0.0,1
clean,0.025,0.025,12,HistGB,HistGB,13.758001907403685,13.758001907403685,0.0,1
clean,0.025,0.025,13,HistGB,HistGB,14.626656518553975,14.626656518553975,0.0,1
clean,0.025,0.025,14,HistGB,HistGB,14.533640708116964,14.533640708116964,0.0,1
clean,0.025,0.025,15,HistGB,HistGB,14.46272762558578,14.46272762558578,0.0,1
clean,0.025,0.025,16,HistGB,HistGB,15.171306018649071,15.171306018649071,0.0,1
clean,0.025,0.025,17,HistGB,HistGB,16.52161216946523,16.52161216946523,0.0,1
clean,0.025,0.025,18,HistGB,HistGB,14.780199693916028,14.780199693916028,0.0,1
clean,0.025,0.025,19,HistGB,HistGB,14.493836285631524,14.493836285631524,0.0,1
clean,0.025,0.025,20,HistGB,HistGB,15.368108126940594,15.368108126940594,0.0,1
clean,0.025,0.025,21,HistGB,HistGB,16.055770073743247,16.055770073743247,0.0,1
clean,0.025,0.025,22,HistGB,HistGB,15.713546741354476,15.713546741354476,0.0,1
clean,0.025,0.025,23,HistGB,HistGB,15.55503612142687,15.55503612142687,0.0,1
clean,0.025,0.025,24,HistGB,HistGB,15.081413399945886,15.081413399945886,0.0,1
clean,0.025,0.1,0,HistGB,HistGB,16.06918849714951,16.06918849714951,0.0,1
clean,0.025,0.1,1,HistGB,HistGB,17.715227486371926,17.715227486371926,0.0,1
clean,0.025,0.1,2,HistGB,HistGB,16.59812152428756,16.59812152428756,0.0,1
clean,0.025,0.1,3,HistGB,HistGB,16.681998568610286,16.681998568610286,0.0,1
clean,0.025,0.1,4,HistGB,HistGB,16.108514635915505,16.108514635915505,0.0,1
clean,0.025,0.1,5,HistGB,HistGB,17.268672823209283,17.268672823209283,0.0,1
clean,0.025,0.1,6,HistGB,HistGB,19.40432003734352,19.40432003734352,0.0,1
clean,0.025,0.1,7,HistGB,HistGB,16.082236395832705,16.082236395832705,0.0,1
clean,0.025,0.1,8,HistGB,HistGB,16.407129732211875,16.407129732211875,0.0,1
clean,0.025,0.1,9,HistGB,HistGB,17.16320210267766,17.16320210267766,0.0,1
clean,0.025,0.1,10,HistGB,HistGB,16.50268958110556,16.50268958110556,0.0,1
clean,0.025,0.1,11,HistGB,HistGB,15.964533676765804,15.964533676765804,0.0,1
clean,0.025,0.1,12,HistGB,HistGB,15.955340858425544,15.955340858425544,0.0,1
clean,0.025,0.1,13,HistGB,HistGB,16.931967619416174,16.931967619416174,0.0,1
clean,0.025,0.1,14,HistGB,HistGB,16.92890955586985,16.92890955586985,0.0,1
clean,0.025,0.1,15,HistGB,HistGB,16.861669366598026,16.861669366598026,0.0,1
clean,0.025,0.1,16,HistGB,HistGB,17.657517204616237,17.657517204616237,0.0,1
clean,0.025,0.1,17,HistGB,HistGB,18.682009768699448,18.682009768699448,0.0,1
clean,0.025,0.1,18,HistGB,HistGB,17.15936754113902,17.15936754113902,0.0,1
clean,0.025,0.1,19,HistGB,HistGB,16.832397587873736,16.832397587873736,0.0,1
clean,0.025,0.1,20,HistGB,HistGB,17.57369629098549,17.57369629098549,0.0,1
clean,0.025,0.1,21,HistGB,HistGB,18.21056570240688,18.21056570240688,0.0,1
clean,0.025,0.1,22,HistGB,HistGB,17.918651632655692,17.918651632655692,0.0,1
clean,0.025,0.1,23,HistGB,HistGB,17.87434674116678,17.87434674116678,0.0,1
clean,0.025,0.1,24,HistGB,HistGB,17.41484728033265,17.41484728033265,0.0,1
clean,0.025,0.15,0,HistGB,HistGB,17.541973445772758,17.541973445772758,0.0,1
clean,0.025,0.15,1,HistGB,HistGB,19.010878031887327,19.010878031887327,0.0,1
clean,0.025,0.15,2,HistGB,HistGB,17.80100779364431,17.80100779364431,0.0,1
clean,0.025,0.15,3,HistGB,HistGB,18.01452453786513,18.01452453786513,0.0,1
clean,0.025,0.15,4,HistGB,HistGB,17.437948123990314,17.437948123990314,0.0,1
clean,0.025,0.15,5,HistGB,HistGB,18.58285094234233,18.58285094234233,0.0,1
clean,0.025,0.15,6,HistGB,KNN,20.66574103016756,20.55617663708099,0.1095643930865684,0
clean,0.025,0.15,7,HistGB,HistGB,17.529586892481948,17.529586892481948,0.0,1
clean,0.025,0.15,8,HistGB,HistGB,17.8122895281797,17.8122895281797,0.0,1
clean,0.025,0.15,9,HistGB,HistGB,18.495670339370204,18.495670339370204,0.0,1
clean,0.025,0.15,10,HistGB,RandomForest,17.97117283362848,17.920692448422127,0.05048038520635245,0
clean,0.025,0.15,11,HistGB,RandomForest,17.484846230170547,17.41666006093395,0.06818616923659704,0
clean,0.025,0.15,12,HistGB,HistGB,17.466672392177024,17.466672392177024,0.0,1
clean,0.025,0.15,13,HistGB,HistGB,18.257215445819707,18.257215445819707,0.0,1
clean,0.025,0.15,14,HistGB,HistGB,18.137408455216548,18.137408455216548,0.0,1
clean,0.025,0.15,15,HistGB,HistGB,18.107544438260927,18.107544438260927,0.0,1
clean,0.025,0.15,16,HistGB,HistGB,18.78614046980045,18.78614046980045,0.0,1
clean,0.025,0.15,17,HistGB,HistGB,20.041240568377912,20.041240568377912,0.0,1
clean,0.025,0.15,18,HistGB,HistGB,18.367784803289087,18.367784803289087,0.0,1
clean,0.025,0.15,19,HistGB,HistGB,18.104123699192264,18.104123699192264,0.0,1
clean,0.025,0.15,20,HistGB,HistGB,18.801855062804623,18.801855062804623,0.0,1
clean,0.025,0.15,21,HistGB,HistGB,19.59619733176809,19.59619733176809,0.0,1
clean,0.025,0.15,22,HistGB,HistGB,19.298586066791096,19.298586066791096,0.0,1
clean,0.025,0.15,23,HistGB,HistGB,19.173574821481136,19.173574821481136,0.0,1
clean,0.025,0.15,24,HistGB,HistGB,18.65781447093841,18.65781447093841,0.0,1
clean,0.025,0.19,0,HistGB,HistGB,18.928739010266547,18.928739010266547,0.0,1
clean,0.025,0.19,1,HistGB,HistGB,20.143835873105846,20.143835873105846,0.0,1
clean,0.025,0.19,2,HistGB,RandomForest,19.26838422455713,19.25223313590072,0.016151088656410906,0
clean,0.025,0.19,3,HistGB,HistGB,19.443279896968026,19.443279896968026,0.0,1
clean,0.025,0.19,4,HistGB,HistGB,18.91392220590144,18.91392220590144,0.0,1
clean,0.025,0.19,5,HistGB,HistGB,19.95917516081851,19.95917516081851,0.0,1
clean,0.025,0.19,6,HistGB,KNN,21.81613605324205,21.221317844771534,0.5948182084705174,0
clean,0.025,0.19,7,HistGB,HistGB,18.7343657051764,18.7343657051764,0.0,1
clean,0.025,0.19,8,HistGB,HistGB,19.090144255140743,19.090144255140743,0.0,1
clean,0.025,0.19,9,HistGB,HistGB,19.75986807523372,19.75986807523372,0.0,1
clean,0.025,0.19,10,HistGB,RandomForest,19.228897842651488,19.11294703331267,0.11595080933881974,0
clean,0.025,0.19,11,HistGB,HistGB,18.667847445401883,18.667847445401883,0.0,1
clean,0.025,0.19,12,HistGB,HistGB,18.74800249831791,18.74800249831791,0.0,1
clean,0.025,0.19,13,HistGB,HistGB,19.487413662156857,19.487413662156857,0.0,1
clean,0.025,0.19,14,HistGB,HistGB,19.805729525276647,19.805729525276647,0.0,1
clean,0.025,0.19,15,HistGB,HistGB,19.53354628711148,19.53354628711148,0.0,1
clean,0.025,0.19,16,HistGB,HistGB,20.42138389973512,20.42138389973512,0.0,1
clean,0.025,0.19,17,HistGB,HistGB,21.336585653266862,21.336585653266862,0.0,1
clean,0.025,0.19,18,HistGB,HistGB,19.63875503262111,19.63875503262111,0.0,1
clean,0.025,0.19,19,HistGB,HistGB,19.237587544515986,19.237587544515986,0.0,1
clean,0.025,0.19,20,HistGB,HistGB,19.92591817042073,19.92591817042073,0.0,1
clean,0.025,0.19,21,HistGB,HistGB,21.007827210990577,21.007827210990577,0.0,1
clean,0.025,0.19,22,HistGB,HistGB,20.67660900892144,20.67660900892144,0.0,1
clean,0.025,0.19,23,HistGB,RandomForest,20.6083352155968,20.554130699292205,0.05420451630459411,0
clean,0.025,0.19,24,HistGB,HistGB,19.83663934120755,19.83663934120755,0.0,1
clean,0.025,0.2,0,HistGB,HistGB,19.31695977824297,19.31695977824297,0.0,1
clean,0.025,0.2,1,HistGB,HistGB,20.633704058890523,20.633704058890523,0.0,1
clean,0.025,0.2,2,HistGB,RandomForest,19.60198171985055,19.530966200000307,0.07101551985024201,0
clean,0.025,0.2,3,HistGB,HistGB,19.40246723251745,19.40246723251745,0.0,1
clean,0.025,0.2,4,HistGB,HistGB,19.19879919002628,19.19879919002628,0.0,1
clean,0.025,0.2,5,HistGB,HistGB,20.309646525902178,20.309646525902178,0.0,1
clean,0.025,0.2,6,HistGB,KNN,22.22715469741236,21.45106211319845,0.7760925842139095,0
clean,0.025,0.2,7,HistGB,KNN,19.087134768957217,18.91466158420148,0.17247318475573792,0
clean,0.025,0.2,8,HistGB,HistGB,19.353522301384245,19.353522301384245,0.0,1
clean,0.025,0.2,9,HistGB,HistGB,20.244280483753503,20.244280483753503,0.0,1
clean,0.025,0.2,10,HistGB,RandomForest,19.482679894775195,19.397262692891125,0.08541720188406998,0
clean,0.025,0.2,11,HistGB,HistGB,18.81764877008533,18.81764877008533,0.0,1
clean,0.025,0.2,12,HistGB,HistGB,19.156116543683805,19.156116543683805,0.0,1
clean,0.025,0.2,13,HistGB,HistGB,20.01349433745357,20.01349433745357,0.0,1
clean,0.025,0.2,14,HistGB,HistGB,20.033455238923583,20.033455238923583,0.0,1
clean,0.025,0.2,15,HistGB,KNN,19.86983031134916,19.770319702527317,0.09951060882184137,0
clean,0.025,0.2,16,HistGB,HistGB,20.56981023209017,20.56981023209017,0.0,1
clean,0.025,0.2,17,HistGB,KNN,21.90020836235615,21.8467341910282,0.05347417132794874,0
clean,0.025,0.2,18,HistGB,KNN,20.13102128441388,20.099350238418523,0.031671045995356195,0
clean,0.025,0.2,19,HistGB,HistGB,19.59435135708357,19.59435135708357,0.0,1
clean,0.025,0.2,20,HistGB,HistGB,20.38206963513907,20.38206963513907,0.0,1
clean,0.025,0.2,21,HistGB,HistGB,21.186528023649814,21.186528023649814,0.0,1
clean,0.025,0.2,22,HistGB,HistGB,20.970762127732502,20.970762127732502,0.0,1
clean,0.025,0.2,23,HistGB,HistGB,20.731601966614555,20.731601966614555,0.0,1
clean,0.025,0.2,24,HistGB,HistGB,20.04810559903347,20.04810559903347,0.0,1
clean,0.025,0.21,0,HistGB,KNN,19.712347729890087,19.62070076050922,0.09164696938086792,0
clean,0.025,0.21,1,HistGB,HistGB,20.883479751389164,20.883479751389164,0.0,1
clean,0.025,0.21,2,HistGB,RandomForest,19.80436562213185,19.776411638303763,0.02795398382808756,0
clean,0.025,0.21,3,HistGB,HistGB,19.79962845112105,19.79962845112105,0.0,1
clean,0.025,0.21,4,HistGB,HistGB,19.524084711512717,19.524084711512717,0.0,1
clean,0.025,0.21,5,HistGB,HistGB,20.691741037075957,20.691741037075957,0.0,1
clean,0.025,0.21,6,HistGB,KNN,22.638128623682924,21.735449205266427,0.902679418416497,0
clean,0.025,0.21,7,HistGB,KNN,19.563223774521383,19.129134412148225,0.43408936237315743,0
clean,0.025,0.21,8,HistGB,KNN,19.949149133827166,19.754159286311616,0.1949898475155507,0
clean,0.025,0.21,9,HistGB,HistGB,20.53946391412387,20.53946391412387,0.0,1
clean,0.025,0.21,10,HistGB,RandomForest,19.791512389893278,19.766638000384397,0.024874389508880768,0
clean,0.025,0.21,11,HistGB,HistGB,19.12476153385831,19.12476153385831,0.0,1
clean,0.025,0.21,12,HistGB,HistGB,19.62285011346803,19.62285011346803,0.0,1
clean,0.025,0.21,13,HistGB,HistGB,20.1912750022628,20.1912750022628,0.0,1
clean,0.025,0.21,14,HistGB,HistGB,20.17871752830445,20.17871752830445,0.0,1
clean,0.025,0.21,15,HistGB,KNN,20.35635435076348,20.008689836811453,0.3476645139520258,0
clean,0.025,0.21,16,HistGB,RandomForest,20.844016484607646,20.833181161887754,0.010835322719891849,0
clean,0.025,0.21,17,HistGB,KNN,22.20143236502758,21.9739723674224,0.22745999760517677,0
clean,0.025,0.21,18,HistGB,KNN,20.435337004508213,20.18731917985644,0.2480178246517717,0
clean,0.025,0.21,19,HistGB,HistGB,19.97509701714303,19.97509701714303,0.0,1
clean,0.025,0.21,20,HistGB,HistGB,20.63839378129152,20.63839378129152,0.0,1
clean,0.025,0.21,21,HistGB,HistGB,21.40956894525845,21.40956894525845,0.0,1
clean,0.025,0.21,22,HistGB,KNN,21.279054027647227,21.24068021908822,0.03837380855900818,0
clean,0.025,0.21,23,HistGB,HistGB,21.073886705689358,21.073886705689358,0.0,1
clean,0.025,0.21,24,HistGB,HistGB,20.58508699071329,20.58508699071329,0.0,1
clean,0.025,0.24,0,HistGB,KNN,20.982521657856744,20.33664056590208,0.6458810919546636,0
clean,0.025,0.24,1,HistGB,KNN,22.064357590263988,21.92280236504782,0.1415552252161696,0
clean,0.025,0.24,2,HistGB,KNN,20.79592375371037,20.741214770005676,0.05470898370469257,0
clean,0.025,0.24,3,HistGB,KNN,20.84463885093164,20.4321294687124,0.41250938221924116,0
clean,0.025,0.24,4,HistGB,HistGB,20.575640835804094,20.575640835804094,0.0,1
clean,0.025,0.24,5,HistGB,KNN,21.85542178703425,21.582918404859733,0.2725033821745164,0
clean,0.025,0.24,6,HistGB,KNN,24.16724330250814,22.650935540068332,1.5163077624398085,0
clean,0.025,0.24,7,HistGB,KNN,20.526325030059937,19.87952199459999,0.6468030354599463,0
clean,0.025,0.24,8,HistGB,KNN,21.085049356636727,20.522281621260348,0.5627677353763794,0
clean,0.025,0.24,9,HistGB,HistGB,21.50120439198769,21.50120439198769,0.0,1
clean,0.025,0.24,10,HistGB,HistGB,20.799187355071187,20.799187355071187,0.0,1
clean,0.025,0.24,11,HistGB,RandomForest,20.46050823698773,20.371659546986443,0.08884869000128859,0
clean,0.025,0.24,12,HistGB,KNN,20.42873796577705,20.153818096825816,0.2749198689512333,0
clean,0.025,0.24,13,HistGB,HistGB,21.2669017233842,21.2669017233842,0.0,1
clean,0.025,0.24,14,HistGB,KNN,21.462084175510437,21.3226337532928,0.1394504222176387,0
clean,0.025,0.24,15,HistGB,KNN,21.109553749660595,20.52767563958444,0.5818781100761541,0
clean,0.025,0.24,16,HistGB,KNN,22.00953698747326,21.60327312063129,0.4062638668419716,0
clean,0.025,0.24,17,HistGB,KNN,23.25946017164457,22.6236646265378,0.6357955451067703,0
clean,0.025,0.24,18,HistGB,KNN,21.322163342513168,20.865332927318907,0.45683041519426126,0
clean,0.025,0.24,19,HistGB,KNN,20.93072529938225,20.611027408455104,0.31969789092714507,0
clean,0.025,0.24,20,HistGB,KNN,21.74925183304476,21.538000917902348,0.21125091514241134,0
clean,0.025,0.24,21,HistGB,KNN,22.651067969927944,22.618736893558317,0.03233107636962629,0
clean,0.025,0.24,22,HistGB,KNN,22.46146878945244,22.050215114306518,0.4112536751459217,0
clean,0.025,0.24,23,HistGB,KNN,22.339223359037533,22.08033187991192,0.2588914791256123,0
clean,0.025,0.24,24,HistGB,HistGB,21.588328318789458,21.588328318789458,0.0,1
clean,0.025,0.32,0,HistGB,KNN,24.12467046999476,22.3410975641612,1.7835729058335623,0
clean,0.025,0.32,1,HistGB,KNN,25.77070627354392,24.167646892408506,1.603059381135413,0
clean,0.025,0.32,2,HistGB,KNN,24.59572377329288,23.22830694722482,1.3674168260680624,0
clean,0.025,0.32,3,HistGB,KNN,24.09274391415105,22.651724084282822,1.4410198298682282,0
clean,0.025,0.32,4,HistGB,KNN,23.90705141032773,22.899209031890777,1.0078423784369512,0
clean,0.025,0.32,5,HistGB,KNN,25.212724593070813,23.74077037955543,1.4719542135153851,0
clean,0.025,0.32,6,HistGB,KNN,27.269805798524292,24.58426841601279,2.6855373825115016,0
clean,0.025,0.32,7,HistGB,KNN,23.968635975943368,21.897619039501325,2.0710169364420423,0
clean,0.025,0.32,8,HistGB,KNN,24.47320734454739,22.56198727539633,1.9112200691510601,0
clean,0.025,0.32,9,HistGB,KNN,24.803594090704078,23.726477980773108,1.0771161099309694,0
clean,0.025,0.32,10,HistGB,KNN,24.47934381390138,23.392268978535643,1.087074835365737,0
clean,0.025,0.32,11,HistGB,KNN,23.72661797910468,22.911206803547127,0.8154111755575535,0
clean,0.025,0.32,12,HistGB,KNN,24.111346473464494,22.468416540666528,1.6429299327979656,0
clean,0.025,0.32,13,HistGB,KNN,24.99542252363374,23.978926219057577,1.0164963045761617,0
clean,0.025,0.32,14,HistGB,KNN,24.742605611228107,23.408361493293267,1.3342441179348405,0
clean,0.025,0.32,15,HistGB,KNN,24.416176662644283,22.5382140343824,1.8779626282618835,0
clean,0.025,0.32,16,HistGB,KNN,25.54446516039962,23.889956814327707,1.654508346071914,0
clean,0.025,0.32,17,HistGB,KNN,26.4958612951784,24.784073695291784,1.711787599886616,0
clean,0.025,0.32,18,HistGB,KNN,24.88464519023908,23.16494399329765,1.719701196941429,0
clean,0.025,0.32,19,HistGB,KNN,24.573643527987716,22.967426539513063,1.606216988474653,0
clean,0.025,0.32,20,HistGB,KNN,25.04910344930528,23.79135534710681,1.257748102198473,0
clean,0.025,0.32,21,HistGB,KNN,26.31016837981644,24.97102970206068,1.3391386777557592,0
clean,0.025,0.32,22,HistGB,KNN,26.098178562014315,24.39051221352639,1.7076663484879262,0
clean,0.025,0.32,23,HistGB,KNN,25.557866068906574,24.187060837810005,1.3708052310965684,0
clean,0.025,0.32,24,HistGB,KNN,25.003697301266914,24.039705867231064,0.9639914340358509,0
clean,0.025,0.4,0,HistGB,KNN,28.049609361827816,25.10814862318806,2.941460738639755,0
clean,0.025,0.4,1,HistGB,KNN,29.31611875614641,26.672735103263133,2.6433836528832764,0
clean,0.025,0.4,2,HistGB,KNN,28.384727103233185,25.81692397000759,2.5678031332255955,0
clean,0.025,0.4,3,HistGB,KNN,28.010289959071308,25.423661872844157,2.586628086227151,0
clean,0.025,0.4,4,HistGB,KNN,28.31516006865912,25.844904882373577,2.470255186285545,0
clean,0.025,0.4,5,HistGB,KNN,29.138612727054603,26.34733170986748,2.7912810171871243,0
clean,0.025,0.4,6,HistGB,KNN,31.47206094214324,27.471419439501894,4.000641502641347,0
clean,0.025,0.4,7,HistGB,KNN,27.888774713460062,24.65403390525961,3.2347408082004527,0
clean,0.025,0.4,8,HistGB,KNN,28.11039177616971,25.132597624958056,2.977794151211654,0
clean,0.025,0.4,9,HistGB,KNN,29.266611766794703,26.551948517294797,2.714663249499907,0
clean,0.025,0.4,10,HistGB,KNN,27.891574895247988,25.81186367292943,2.079711222318558,0
clean,0.025,0.4,11,HistGB,KNN,27.79176127114822,25.676760069446004,2.115001201702217,0
clean,0.025,0.4,12,HistGB,KNN,28.33763090957668,25.233865931244623,3.103764978332059,0
clean,0.025,0.4,13,HistGB,KNN,28.798902297381467,26.54460857267338,2.254293724708088,0
clean,0.025,0.4,14,HistGB,KNN,29.211910296743884,26.522075989221285,2.6898343075225988,0
clean,0.025,0.4,15,HistGB,KNN,28.65193876540236,25.34232298472043,3.3096157806819306,0
clean,0.025,0.4,16,HistGB,KNN,30.078513900930812,26.84998999315152,3.228523907779291,0
clean,0.025,0.4,17,HistGB,KNN,30.5095007137395,27.506923656523504,3.002577057215994,0
clean,0.025,0.4,18,HistGB,KNN,28.915144639978127,25.751301404565957,3.1638432354121697,0
clean,0.025,0.4,19,HistGB,KNN,28.586058710871352,25.36051788480377,3.225540826067583,0
clean,0.025,0.4,20,HistGB,KNN,28.90296152191095,26.323880275010467,2.5790812469004827,0
clean,0.025,0.4,21,HistGB,KNN,30.33042188933338,27.56509882832943,2.7653230610039508,0
clean,0.025,0.4,22,HistGB,KNN,30.205591444939312,26.97384541341878,3.231746031520533,0
clean,0.025,0.4,23,HistGB,KNN,29.56692175934774,26.81887054429276,2.7480512150549785,0
clean,0.025,0.4,24,HistGB,KNN,29.05916420698302,26.826243061722764,2.2329211452602564,0
clean,0.025,0.5,0,HistGB,KNN,34.3356818953042,29.36104864314475,4.97463325215945,0
clean,0.025,0.5,1,HistGB,KNN,35.45798108963929,30.78564658343057,4.6723345062087205,0
clean,0.025,0.5,2,HistGB,KNN,34.576328258809134,30.042510211973912,4.533818046835222,0
clean,0.025,0.5,3,HistGB,KNN,34.792656147750726,29.873883258001964,4.918772889748762,0
clean,0.025,0.5,4,HistGB,KNN,34.238497999689834,29.807820739177387,4.4306772605124465,0
clean,0.025,0.5,5,HistGB,KNN,35.27559090791475,30.71450700402392,4.561083903890829,0
clean,0.025,0.5,6,HistGB,KNN,37.69306887075829,31.49381187242601,6.199256998332277,0
clean,0.025,0.5,7,HistGB,KNN,33.714303799759946,28.83981311651348,4.874490683246467,0
clean,0.025,0.5,8,HistGB,KNN,34.41627098104753,29.623591813472316,4.792679167575216,0
clean,0.025,0.5,9,HistGB,KNN,34.73783599713518,30.300257701423387,4.437578295711791,0
clean,0.025,0.5,10,HistGB,KNN,33.910208514081305,29.824404136662483,4.085804377418821,0
clean,0.025,0.5,11,HistGB,KNN,33.62775139723734,29.60491639036404,4.022835006873301,0
clean,0.025,0.5,12,HistGB,KNN,34.021207929695294,29.14937495424439,4.8718329754509035,0
clean,0.025,0.5,13,HistGB,KNN,34.977502260566304,30.73761449320112,4.2398877673651825,0
clean,0.025,0.5,14,HistGB,KNN,34.802166158897485,30.22898594801385,4.573180210883635,0
clean,0.025,0.5,15,HistGB,KNN,34.57634793205066,29.482012823758883,5.0943351082917765,0
clean,0.025,0.5,16,HistGB,KNN,35.87939472326243,31.00229592672065,4.87709879654178,0
clean,0.025,0.5,17,HistGB,KNN,36.963845356749495,32.00073805865598,4.963107298093512,0
clean,0.025,0.5,18,HistGB,KNN,34.50305373795179,29.334123989500338,5.1689297484514505,0
clean,0.025,0.5,19,HistGB,KNN,34.60327848170751,29.727904717251747,4.875373764455766,0
clean,0.025,0.5,20,HistGB,KNN,34.325370645190155,30.386612943510592,3.938757701679563,0
clean,0.025,0.5,21,HistGB,KNN,36.63164043905123,32.05521614959351,4.576424289457719,0
clean,0.025,0.5,22,HistGB,KNN,36.0951832132667,30.834582638855917,5.260600574410784,0
clean,0.025,0.5,23,HistGB,KNN,35.70825739251677,31.138388285827343,4.569869106689428,0
clean,0.025,0.5,24,HistGB,KNN,34.82354914689996,30.66380562129224,4.159743525607716,0
clean,0.05,0.0,0,HistGB,HistGB,11.76015510447522,11.76015510447522,0.0,1
clean,0.05,0.0,1,HistGB,HistGB,13.73168860179165,13.73168860179165,0.0,1
clean,0.05,0.0,2,HistGB,HistGB,12.03246102203424,12.03246102203424,0.0,1
clean,0.05,0.0,3,HistGB,HistGB,12.507296971676508,12.507296971676508,0.0,1
clean,0.05,0.0,4,HistGB,HistGB,11.663767967150225,11.663767967150225,0.0,1
clean,0.05,0.0,5,HistGB,HistGB,12.788000461342667,12.788000461342667,0.0,1
clean,0.05,0.0,6,HistGB,HistGB,15.137088661400586,15.137088661400586,0.0,1
clean,0.05,0.0,7,HistGB,HistGB,11.832086758523523,11.832086758523523,0.0,1
clean,0.05,0.0,8,HistGB,HistGB,11.80698803744633,11.80698803744633,0.0,1
clean,0.05,0.0,9,HistGB,HistGB,12.556532991757797,12.556532991757797,0.0,1
clean,0.05,0.0,10,HistGB,HistGB,12.006766732493656,12.006766732493656,0.0,1
clean,0.05,0.0,11,HistGB,HistGB,11.346172695771273,11.346172695771273,0.0,1
clean,0.05,0.0,12,HistGB,HistGB,11.53607012306929,11.53607012306929,0.0,1
clean,0.05,0.0,13,HistGB,HistGB,12.501230435307573,12.501230435307573,0.0,1
clean,0.05,0.0,14,HistGB,HistGB,12.374390426143172,12.374390426143172,0.0,1
clean,0.05,0.0,15,HistGB,HistGB,12.425630433445932,12.425630433445932,0.0,1
clean,0.05,0.0,16,HistGB,HistGB,13.0920493003693,13.0920493003693,0.0,1
clean,0.05,0.0,17,HistGB,HistGB,14.474854688524555,14.474854688524555,0.0,1
clean,0.05,0.0,18,HistGB,HistGB,12.72431903276434,12.72431903276434,0.0,1
clean,0.05,0.0,19,HistGB,HistGB,12.38932481964971,12.38932481964971,0.0,1
clean,0.05,0.0,20,HistGB,HistGB,13.18137194824744,13.18137194824744,0.0,1
clean,0.05,0.0,21,HistGB,HistGB,13.996657000066351,13.996657000066351,0.0,1
clean,0.05,0.0,22,HistGB,HistGB,13.811627922541728,13.811627922541728,0.0,1
clean,0.05,0.0,23,HistGB,HistGB,13.32873782866024,13.32873782866024,0.0,1
clean,0.05,0.0,24,HistGB,HistGB,13.136467261751262,13.136467261751262,0.0,1
clean,0.05,0.025,0,HistGB,HistGB,13.790624657970188,13.790624657970188,0.0,1
clean,0.05,0.025,1,HistGB,HistGB,15.569190624933023,15.569190624933023,0.0,1
clean,0.05,0.025,2,HistGB,HistGB,14.088427543524208,14.088427543524208,0.0,1
clean,0.05,0.025,3,HistGB,HistGB,14.466111791412365,14.466111791412365,0.0,1
clean,0.05,0.025,4,HistGB,HistGB,13.735054816062018,13.735054816062018,0.0,1
clean,0.05,0.025,5,HistGB,HistGB,14.867893327492942,14.867893327492942,0.0,1
clean,0.05,0.025,6,HistGB,HistGB,17.17176789089314,17.17176789089314,0.0,1
clean,0.05,0.025,7,HistGB,HistGB,13.928703035242147,13.928703035242147,0.0,1
clean,0.05,0.025,8,HistGB,HistGB,14.035703406909802,14.035703406909802,0.0,1
clean,0.05,0.025,9,HistGB,HistGB,14.77125823960297,14.77125823960297,0.0,1
clean,0.05,0.025,10,HistGB,HistGB,14.180458644223837,14.180458644223837,0.0,1
clean,0.05,0.025,11,HistGB,HistGB,13.50742579877159,13.50742579877159,0.0,1
clean,0.05,0.025,12,HistGB,HistGB,13.758001907403685,13.758001907403685,0.0,1
clean,0.05,0.025,13,HistGB,HistGB,14.626656518553975,14.626656518553975,0.0,1
clean,0.05,0.025,14,HistGB,HistGB,14.533640708116964,14.533640708116964,0.0,1
clean,0.05,0.025,15,HistGB,HistGB,14.46272762558578,14.46272762558578,0.0,1
clean,0.05,0.025,16,HistGB,HistGB,15.171306018649071,15.171306018649071,0.0,1
clean,0.05,0.025,17,HistGB,HistGB,16.52161216946523,16.52161216946523,0.0,1
clean,0.05,0.025,18,HistGB,HistGB,14.780199693916028,14.780199693916028,0.0,1
clean,0.05,0.025,19,HistGB,HistGB,14.493836285631524,14.493836285631524,0.0,1
clean,0.05,0.025,20,HistGB,HistGB,15.368108126940594,15.368108126940594,0.0,1
clean,0.05,0.025,21,HistGB,HistGB,16.055770073743247,16.055770073743247,0.0,1
clean,0.05,0.025,22,HistGB,HistGB,15.713546741354476,15.713546741354476,0.0,1
clean,0.05,0.025,23,HistGB,HistGB,15.55503612142687,15.55503612142687,0.0,1
clean,0.05,0.025,24,HistGB,HistGB,15.081413399945886,15.081413399945886,0.0,1
clean,0.05,0.1,0,HistGB,HistGB,16.06918849714951,16.06918849714951,0.0,1
clean,0.05,0.1,1,HistGB,HistGB,17.715227486371926,17.715227486371926,0.0,1
clean,0.05,0.1,2,HistGB,HistGB,16.59812152428756,16.59812152428756,0.0,1
clean,0.05,0.1,3,HistGB,HistGB,16.681998568610286,16.681998568610286,0.0,1
clean,0.05,0.1,4,HistGB,HistGB,16.108514635915505,16.108514635915505,0.0,1
clean,0.05,0.1,5,HistGB,HistGB,17.268672823209283,17.268672823209283,0.0,1
clean,0.05,0.1,6,HistGB,HistGB,19.40432003734352,19.40432003734352,0.0,1
clean,0.05,0.1,7,HistGB,HistGB,16.082236395832705,16.082236395832705,0.0,1
clean,0.05,0.1,8,HistGB,HistGB,16.407129732211875,16.407129732211875,0.0,1
clean,0.05,0.1,9,HistGB,HistGB,17.16320210267766,17.16320210267766,0.0,1
clean,0.05,0.1,10,HistGB,HistGB,16.50268958110556,16.50268958110556,0.0,1
clean,0.05,0.1,11,HistGB,HistGB,15.964533676765804,15.964533676765804,0.0,1
clean,0.05,0.1,12,HistGB,HistGB,15.955340858425544,15.955340858425544,0.0,1
clean,0.05,0.1,13,HistGB,HistGB,16.931967619416174,16.931967619416174,0.0,1
clean,0.05,0.1,14,HistGB,HistGB,16.92890955586985,16.92890955586985,0.0,1
clean,0.05,0.1,15,HistGB,HistGB,16.861669366598026,16.861669366598026,0.0,1
clean,0.05,0.1,16,HistGB,HistGB,17.657517204616237,17.657517204616237,0.0,1
clean,0.05,0.1,17,HistGB,HistGB,18.682009768699448,18.682009768699448,0.0,1
clean,0.05,0.1,18,HistGB,HistGB,17.15936754113902,17.15936754113902,0.0,1
clean,0.05,0.1,19,HistGB,HistGB,16.832397587873736,16.832397587873736,0.0,1
clean,0.05,0.1,20,HistGB,HistGB,17.57369629098549,17.57369629098549,0.0,1
clean,0.05,0.1,21,HistGB,HistGB,18.21056570240688,18.21056570240688,0.0,1
clean,0.05,0.1,22,HistGB,HistGB,17.918651632655692,17.918651632655692,0.0,1
clean,0.05,0.1,23,HistGB,HistGB,17.87434674116678,17.87434674116678,0.0,1
clean,0.05,0.1,24,HistGB,HistGB,17.41484728033265,17.41484728033265,0.0,1
clean,0.05,0.15,0,HistGB,HistGB,17.541973445772758,17.541973445772758,0.0,1
clean,0.05,0.15,1,HistGB,HistGB,19.010878031887327,19.010878031887327,0.0,1
clean,0.05,0.15,2,HistGB,HistGB,17.80100779364431,17.80100779364431,0.0,1
clean,0.05,0.15,3,HistGB,HistGB,18.01452453786513,18.01452453786513,0.0,1
clean,0.05,0.15,4,HistGB,HistGB,17.437948123990314,17.437948123990314,0.0,1
clean,0.05,0.15,5,HistGB,HistGB,18.58285094234233,18.58285094234233,0.0,1
clean,0.05,0.15,6,HistGB,KNN,20.66574103016756,20.55617663708099,0.1095643930865684,0
clean,0.05,0.15,7,HistGB,HistGB,17.529586892481948,17.529586892481948,0.0,1
clean,0.05,0.15,8,HistGB,HistGB,17.8122895281797,17.8122895281797,0.0,1
clean,0.05,0.15,9,HistGB,HistGB,18.495670339370204,18.495670339370204,0.0,1
clean,0.05,0.15,10,HistGB,RandomForest,17.97117283362848,17.920692448422127,0.05048038520635245,0
clean,0.05,0.15,11,HistGB,RandomForest,17.484846230170547,17.41666006093395,0.06818616923659704,0
clean,0.05,0.15,12,HistGB,HistGB,17.466672392177024,17.466672392177024,0.0,1
clean,0.05,0.15,13,HistGB,HistGB,18.257215445819707,18.257215445819707,0.0,1
clean,0.05,0.15,14,HistGB,HistGB,18.137408455216548,18.137408455216548,0.0,1
clean,0.05,0.15,15,HistGB,HistGB,18.107544438260927,18.107544438260927,0.0,1
clean,0.05,0.15,16,HistGB,HistGB,18.78614046980045,18.78614046980045,0.0,1
clean,0.05,0.15,17,HistGB,HistGB,20.041240568377912,20.041240568377912,0.0,1
clean,0.05,0.15,18,HistGB,HistGB,18.367784803289087,18.367784803289087,0.0,1
clean,0.05,0.15,19,HistGB,HistGB,18.104123699192264,18.104123699192264,0.0,1
clean,0.05,0.15,20,HistGB,HistGB,18.801855062804623,18.801855062804623,0.0,1
clean,0.05,0.15,21,HistGB,HistGB,19.59619733176809,19.59619733176809,0.0,1
clean,0.05,0.15,22,HistGB,HistGB,19.298586066791096,19.298586066791096,0.0,1
clean,0.05,0.15,23,HistGB,HistGB,19.173574821481136,19.173574821481136,0.0,1
clean,0.05,0.15,24,HistGB,HistGB,18.65781447093841,18.65781447093841,0.0,1
clean,0.05,0.19,0,HistGB,HistGB,18.928739010266547,18.928739010266547,0.0,1
clean,0.05,0.19,1,HistGB,HistGB,20.143835873105846,20.143835873105846,0.0,1
clean,0.05,0.19,2,HistGB,RandomForest,19.26838422455713,19.25223313590072,0.016151088656410906,0
clean,0.05,0.19,3,HistGB,HistGB,19.443279896968026,19.443279896968026,0.0,1
clean,0.05,0.19,4,HistGB,HistGB,18.91392220590144,18.91392220590144,0.0,1
clean,0.05,0.19,5,HistGB,HistGB,19.95917516081851,19.95917516081851,0.0,1
clean,0.05,0.19,6,HistGB,KNN,21.81613605324205,21.221317844771534,0.5948182084705174,0
clean,0.05,0.19,7,HistGB,HistGB,18.7343657051764,18.7343657051764,0.0,1
clean,0.05,0.19,8,HistGB,HistGB,19.090144255140743,19.090144255140743,0.0,1
clean,0.05,0.19,9,HistGB,HistGB,19.75986807523372,19.75986807523372,0.0,1
clean,0.05,0.19,10,HistGB,RandomForest,19.228897842651488,19.11294703331267,0.11595080933881974,0
clean,0.05,0.19,11,HistGB,HistGB,18.667847445401883,18.667847445401883,0.0,1
clean,0.05,0.19,12,HistGB,HistGB,18.74800249831791,18.74800249831791,0.0,1
clean,0.05,0.19,13,HistGB,HistGB,19.487413662156857,19.487413662156857,0.0,1
clean,0.05,0.19,14,HistGB,HistGB,19.805729525276647,19.805729525276647,0.0,1
clean,0.05,0.19,15,HistGB,HistGB,19.53354628711148,19.53354628711148,0.0,1
clean,0.05,0.19,16,HistGB,HistGB,20.42138389973512,20.42138389973512,0.0,1
clean,0.05,0.19,17,HistGB,HistGB,21.336585653266862,21.336585653266862,0.0,1
clean,0.05,0.19,18,HistGB,HistGB,19.63875503262111,19.63875503262111,0.0,1
clean,0.05,0.19,19,HistGB,HistGB,19.237587544515986,19.237587544515986,0.0,1
clean,0.05,0.19,20,HistGB,HistGB,19.92591817042073,19.92591817042073,0.0,1
clean,0.05,0.19,21,HistGB,HistGB,21.007827210990577,21.007827210990577,0.0,1
clean,0.05,0.19,22,HistGB,HistGB,20.67660900892144,20.67660900892144,0.0,1
clean,0.05,0.19,23,HistGB,RandomForest,20.6083352155968,20.554130699292205,0.05420451630459411,0
clean,0.05,0.19,24,HistGB,HistGB,19.83663934120755,19.83663934120755,0.0,1
clean,0.05,0.2,0,HistGB,HistGB,19.31695977824297,19.31695977824297,0.0,1
clean,0.05,0.2,1,HistGB,HistGB,20.633704058890523,20.633704058890523,0.0,1
clean,0.05,0.2,2,HistGB,RandomForest,19.60198171985055,19.530966200000307,0.07101551985024201,0
clean,0.05,0.2,3,HistGB,HistGB,19.40246723251745,19.40246723251745,0.0,1
clean,0.05,0.2,4,HistGB,HistGB,19.19879919002628,19.19879919002628,0.0,1
clean,0.05,0.2,5,HistGB,HistGB,20.309646525902178,20.309646525902178,0.0,1
clean,0.05,0.2,6,HistGB,KNN,22.22715469741236,21.45106211319845,0.7760925842139095,0
clean,0.05,0.2,7,HistGB,KNN,19.087134768957217,18.91466158420148,0.17247318475573792,0
clean,0.05,0.2,8,HistGB,HistGB,19.353522301384245,19.353522301384245,0.0,1
clean,0.05,0.2,9,HistGB,HistGB,20.244280483753503,20.244280483753503,0.0,1
clean,0.05,0.2,10,HistGB,RandomForest,19.482679894775195,19.397262692891125,0.08541720188406998,0
clean,0.05,0.2,11,HistGB,HistGB,18.81764877008533,18.81764877008533,0.0,1
clean,0.05,0.2,12,HistGB,HistGB,19.156116543683805,19.156116543683805,0.0,1
clean,0.05,0.2,13,HistGB,HistGB,20.01349433745357,20.01349433745357,0.0,1
clean,0.05,0.2,14,HistGB,HistGB,20.033455238923583,20.033455238923583,0.0,1
clean,0.05,0.2,15,HistGB,KNN,19.86983031134916,19.770319702527317,0.09951060882184137,0
clean,0.05,0.2,16,HistGB,HistGB,20.56981023209017,20.56981023209017,0.0,1
clean,0.05,0.2,17,HistGB,KNN,21.90020836235615,21.8467341910282,0.05347417132794874,0
clean,0.05,0.2,18,HistGB,KNN,20.13102128441388,20.099350238418523,0.031671045995356195,0
clean,0.05,0.2,19,HistGB,HistGB,19.59435135708357,19.59435135708357,0.0,1
clean,0.05,0.2,20,HistGB,HistGB,20.38206963513907,20.38206963513907,0.0,1
clean,0.05,0.2,21,HistGB,HistGB,21.186528023649814,21.186528023649814,0.0,1
clean,0.05,0.2,22,HistGB,HistGB,20.970762127732502,20.970762127732502,0.0,1
clean,0.05,0.2,23,HistGB,HistGB,20.731601966614555,20.731601966614555,0.0,1
clean,0.05,0.2,24,HistGB,HistGB,20.04810559903347,20.04810559903347,0.0,1
clean,0.05,0.21,0,HistGB,KNN,19.712347729890087,19.62070076050922,0.09164696938086792,0
clean,0.05,0.21,1,HistGB,HistGB,20.883479751389164,20.883479751389164,0.0,1
clean,0.05,0.21,2,HistGB,RandomForest,19.80436562213185,19.776411638303763,0.02795398382808756,0
clean,0.05,0.21,3,HistGB,HistGB,19.79962845112105,19.79962845112105,0.0,1
clean,0.05,0.21,4,HistGB,HistGB,19.524084711512717,19.524084711512717,0.0,1
clean,0.05,0.21,5,HistGB,HistGB,20.691741037075957,20.691741037075957,0.0,1
clean,0.05,0.21,6,HistGB,KNN,22.638128623682924,21.735449205266427,0.902679418416497,0
clean,0.05,0.21,7,HistGB,KNN,19.563223774521383,19.129134412148225,0.43408936237315743,0
clean,0.05,0.21,8,HistGB,KNN,19.949149133827166,19.754159286311616,0.1949898475155507,0
clean,0.05,0.21,9,HistGB,HistGB,20.53946391412387,20.53946391412387,0.0,1
clean,0.05,0.21,10,HistGB,RandomForest,19.791512389893278,19.766638000384397,0.024874389508880768,0
clean,0.05,0.21,11,HistGB,HistGB,19.12476153385831,19.12476153385831,0.0,1
clean,0.05,0.21,12,HistGB,HistGB,19.62285011346803,19.62285011346803,0.0,1
clean,0.05,0.21,13,HistGB,HistGB,20.1912750022628,20.1912750022628,0.0,1
clean,0.05,0.21,14,HistGB,HistGB,20.17871752830445,20.17871752830445,0.0,1
clean,0.05,0.21,15,HistGB,KNN,20.35635435076348,20.008689836811453,0.3476645139520258,0
clean,0.05,0.21,16,HistGB,RandomForest,20.844016484607646,20.833181161887754,0.010835322719891849,0
clean,0.05,0.21,17,HistGB,KNN,22.20143236502758,21.9739723674224,0.22745999760517677,0
clean,0.05,0.21,18,HistGB,KNN,20.435337004508213,20.18731917985644,0.2480178246517717,0
clean,0.05,0.21,19,HistGB,HistGB,19.97509701714303,19.97509701714303,0.0,1
clean,0.05,0.21,20,HistGB,HistGB,20.63839378129152,20.63839378129152,0.0,1
clean,0.05,0.21,21,HistGB,HistGB,21.40956894525845,21.40956894525845,0.0,1
clean,0.05,0.21,22,HistGB,KNN,21.279054027647227,21.24068021908822,0.03837380855900818,0
clean,0.05,0.21,23,HistGB,HistGB,21.073886705689358,21.073886705689358,0.0,1
clean,0.05,0.21,24,HistGB,HistGB,20.58508699071329,20.58508699071329,0.0,1
clean,0.05,0.24,0,HistGB,KNN,20.982521657856744,20.33664056590208,0.6458810919546636,0
clean,0.05,0.24,1,HistGB,KNN,22.064357590263988,21.92280236504782,0.1415552252161696,0
clean,0.05,0.24,2,HistGB,KNN,20.79592375371037,20.741214770005676,0.05470898370469257,0
clean,0.05,0.24,3,HistGB,KNN,20.84463885093164,20.4321294687124,0.41250938221924116,0
clean,0.05,0.24,4,HistGB,HistGB,20.575640835804094,20.575640835804094,0.0,1
clean,0.05,0.24,5,HistGB,KNN,21.85542178703425,21.582918404859733,0.2725033821745164,0
clean,0.05,0.24,6,HistGB,KNN,24.16724330250814,22.650935540068332,1.5163077624398085,0
clean,0.05,0.24,7,HistGB,KNN,20.526325030059937,19.87952199459999,0.6468030354599463,0
clean,0.05,0.24,8,HistGB,KNN,21.085049356636727,20.522281621260348,0.5627677353763794,0
clean,0.05,0.24,9,HistGB,HistGB,21.50120439198769,21.50120439198769,0.0,1
clean,0.05,0.24,10,HistGB,HistGB,20.799187355071187,20.799187355071187,0.0,1
clean,0.05,0.24,11,HistGB,RandomForest,20.46050823698773,20.371659546986443,0.08884869000128859,0
clean,0.05,0.24,12,HistGB,KNN,20.42873796577705,20.153818096825816,0.2749198689512333,0
clean,0.05,0.24,13,HistGB,HistGB,21.2669017233842,21.2669017233842,0.0,1
clean,0.05,0.24,14,HistGB,KNN,21.462084175510437,21.3226337532928,0.1394504222176387,0
clean,0.05,0.24,15,HistGB,KNN,21.109553749660595,20.52767563958444,0.5818781100761541,0
clean,0.05,0.24,16,HistGB,KNN,22.00953698747326,21.60327312063129,0.4062638668419716,0
clean,0.05,0.24,17,HistGB,KNN,23.25946017164457,22.6236646265378,0.6357955451067703,0
clean,0.05,0.24,18,HistGB,KNN,21.322163342513168,20.865332927318907,0.45683041519426126,0
clean,0.05,0.24,19,HistGB,KNN,20.93072529938225,20.611027408455104,0.31969789092714507,0
clean,0.05,0.24,20,HistGB,KNN,21.74925183304476,21.538000917902348,0.21125091514241134,0
clean,0.05,0.24,21,HistGB,KNN,22.651067969927944,22.618736893558317,0.03233107636962629,0
clean,0.05,0.24,22,HistGB,KNN,22.46146878945244,22.050215114306518,0.4112536751459217,0
clean,0.05,0.24,23,HistGB,KNN,22.339223359037533,22.08033187991192,0.2588914791256123,0
clean,0.05,0.24,24,HistGB,HistGB,21.588328318789458,21.588328318789458,0.0,1
clean,0.05,0.32,0,HistGB,KNN,24.12467046999476,22.3410975641612,1.7835729058335623,0
clean,0.05,0.32,1,HistGB,KNN,25.77070627354392,24.167646892408506,1.603059381135413,0
clean,0.05,0.32,2,HistGB,KNN,24.59572377329288,23.22830694722482,1.3674168260680624,0
clean,0.05,0.32,3,HistGB,KNN,24.09274391415105,22.651724084282822,1.4410198298682282,0
clean,0.05,0.32,4,HistGB,KNN,23.90705141032773,22.899209031890777,1.0078423784369512,0
clean,0.05,0.32,5,HistGB,KNN,25.212724593070813,23.74077037955543,1.4719542135153851,0
clean,0.05,0.32,6,HistGB,KNN,27.269805798524292,24.58426841601279,2.6855373825115016,0
clean,0.05,0.32,7,HistGB,KNN,23.968635975943368,21.897619039501325,2.0710169364420423,0
clean,0.05,0.32,8,HistGB,KNN,24.47320734454739,22.56198727539633,1.9112200691510601,0
clean,0.05,0.32,9,HistGB,KNN,24.803594090704078,23.726477980773108,1.0771161099309694,0
clean,0.05,0.32,10,HistGB,KNN,24.47934381390138,23.392268978535643,1.087074835365737,0
clean,0.05,0.32,11,HistGB,KNN,23.72661797910468,22.911206803547127,0.8154111755575535,0
clean,0.05,0.32,12,HistGB,KNN,24.111346473464494,22.468416540666528,1.6429299327979656,0
clean,0.05,0.32,13,HistGB,KNN,24.99542252363374,23.978926219057577,1.0164963045761617,0
clean,0.05,0.32,14,HistGB,KNN,24.742605611228107,23.408361493293267,1.3342441179348405,0
clean,0.05,0.32,15,HistGB,KNN,24.416176662644283,22.5382140343824,1.8779626282618835,0
clean,0.05,0.32,16,HistGB,KNN,25.54446516039962,23.889956814327707,1.654508346071914,0
clean,0.05,0.32,17,HistGB,KNN,26.4958612951784,24.784073695291784,1.711787599886616,0
clean,0.05,0.32,18,HistGB,KNN,24.88464519023908,23.16494399329765,1.719701196941429,0
clean,0.05,0.32,19,HistGB,KNN,24.573643527987716,22.967426539513063,1.606216988474653,0
clean,0.05,0.32,20,HistGB,KNN,25.04910344930528,23.79135534710681,1.257748102198473,0
clean,0.05,0.32,21,HistGB,KNN,26.31016837981644,24.97102970206068,1.3391386777557592,0
clean,0.05,0.32,22,HistGB,KNN,26.098178562014315,24.39051221352639,1.7076663484879262,0
clean,0.05,0.32,23,HistGB,KNN,25.557866068906574,24.187060837810005,1.3708052310965684,0
clean,0.05,0.32,24,HistGB,KNN,25.003697301266914,24.039705867231064,0.9639914340358509,0
clean,0.05,0.4,0,HistGB,KNN,28.049609361827816,25.10814862318806,2.941460738639755,0
clean,0.05,0.4,1,HistGB,KNN,29.31611875614641,26.672735103263133,2.6433836528832764,0
clean,0.05,0.4,2,HistGB,KNN,28.384727103233185,25.81692397000759,2.5678031332255955,0
clean,0.05,0.4,3,HistGB,KNN,28.010289959071308,25.423661872844157,2.586628086227151,0
clean,0.05,0.4,4,HistGB,KNN,28.31516006865912,25.844904882373577,2.470255186285545,0
clean,0.05,0.4,5,HistGB,KNN,29.138612727054603,26.34733170986748,2.7912810171871243,0
clean,0.05,0.4,6,HistGB,KNN,31.47206094214324,27.471419439501894,4.000641502641347,0
clean,0.05,0.4,7,HistGB,KNN,27.888774713460062,24.65403390525961,3.2347408082004527,0
clean,0.05,0.4,8,HistGB,KNN,28.11039177616971,25.132597624958056,2.977794151211654,0
clean,0.05,0.4,9,HistGB,KNN,29.266611766794703,26.551948517294797,2.714663249499907,0
clean,0.05,0.4,10,HistGB,KNN,27.891574895247988,25.81186367292943,2.079711222318558,0
clean,0.05,0.4,11,HistGB,KNN,27.79176127114822,25.676760069446004,2.115001201702217,0
clean,0.05,0.4,12,HistGB,KNN,28.33763090957668,25.233865931244623,3.103764978332059,0
clean,0.05,0.4,13,HistGB,KNN,28.798902297381467,26.54460857267338,2.254293724708088,0
clean,0.05,0.4,14,HistGB,KNN,29.211910296743884,26.522075989221285,2.6898343075225988,0
clean,0.05,0.4,15,HistGB,KNN,28.65193876540236,25.34232298472043,3.3096157806819306,0
clean,0.05,0.4,16,HistGB,KNN,30.078513900930812,26.84998999315152,3.228523907779291,0
clean,0.05,0.4,17,HistGB,KNN,30.5095007137395,27.506923656523504,3.002577057215994,0
clean,0.05,0.4,18,HistGB,KNN,28.915144639978127,25.751301404565957,3.1638432354121697,0
clean,0.05,0.4,19,HistGB,KNN,28.586058710871352,25.36051788480377,3.225540826067583,0
clean,0.05,0.4,20,HistGB,KNN,28.90296152191095,26.323880275010467,2.5790812469004827,0
clean,0.05,0.4,21,HistGB,KNN,30.33042188933338,27.56509882832943,2.7653230610039508,0
clean,0.05,0.4,22,HistGB,KNN,30.205591444939312,26.97384541341878,3.231746031520533,0
clean,0.05,0.4,23,HistGB,KNN,29.56692175934774,26.81887054429276,2.7480512150549785,0
clean,0.05,0.4,24,HistGB,KNN,29.05916420698302,26.826243061722764,2.2329211452602564,0
clean,0.05,0.5,0,HistGB,KNN,34.3356818953042,29.36104864314475,4.97463325215945,0
clean,0.05,0.5,1,HistGB,KNN,35.45798108963929,30.78564658343057,4.6723345062087205,0
clean,0.05,0.5,2,HistGB,KNN,34.576328258809134,30.042510211973912,4.533818046835222,0
clean,0.05,0.5,3,HistGB,KNN,34.792656147750726,29.873883258001964,4.918772889748762,0
clean,0.05,0.5,4,HistGB,KNN,34.238497999689834,29.807820739177387,4.4306772605124465,0
clean,0.05,0.5,5,HistGB,KNN,35.27559090791475,30.71450700402392,4.561083903890829,0
clean,0.05,0.5,6,HistGB,KNN,37.69306887075829,31.49381187242601,6.199256998332277,0
clean,0.05,0.5,7,HistGB,KNN,33.714303799759946,28.83981311651348,4.874490683246467,0
clean,0.05,0.5,8,HistGB,KNN,34.41627098104753,29.623591813472316,4.792679167575216,0
clean,0.05,0.5,9,HistGB,KNN,34.73783599713518,30.300257701423387,4.437578295711791,0
clean,0.05,0.5,10,HistGB,KNN,33.910208514081305,29.824404136662483,4.085804377418821,0
clean,0.05,0.5,11,HistGB,KNN,33.62775139723734,29.60491639036404,4.022835006873301,0
clean,0.05,0.5,12,HistGB,KNN,34.021207929695294,29.14937495424439,4.8718329754509035,0
clean,0.05,0.5,13,HistGB,KNN,34.977502260566304,30.73761449320112,4.2398877673651825,0
clean,0.05,0.5,14,HistGB,KNN,34.802166158897485,30.22898594801385,4.573180210883635,0
clean,0.05,0.5,15,HistGB,KNN,34.57634793205066,29.482012823758883,5.0943351082917765,0
clean,0.05,0.5,16,HistGB,KNN,35.87939472326243,31.00229592672065,4.87709879654178,0
clean,0.05,0.5,17,HistGB,KNN,36.963845356749495,32.00073805865598,4.963107298093512,0
clean,0.05,0.5,18,HistGB,KNN,34.50305373795179,29.334123989500338,5.1689297484514505,0
clean,0.05,0.5,19,HistGB,KNN,34.60327848170751,29.727904717251747,4.875373764455766,0
clean,0.05,0.5,20,HistGB,KNN,34.325370645190155,30.386612943510592,3.938757701679563,0
clean,0.05,0.5,21,HistGB,KNN,36.63164043905123,32.05521614959351,4.576424289457719,0
clean,0.05,0.5,22,HistGB,KNN,36.0951832132667,30.834582638855917,5.260600574410784,0
clean,0.05,0.5,23,HistGB,KNN,35.70825739251677,31.138388285827343,4.569869106689428,0
clean,0.05,0.5,24,HistGB,KNN,34.82354914689996,30.66380562129224,4.159743525607716,0
clean,0.075,0.0,0,HistGB,HistGB,11.76015510447522,11.76015510447522,0.0,1
clean,0.075,0.0,1,HistGB,HistGB,13.73168860179165,13.73168860179165,0.0,1
clean,0.075,0.0,2,HistGB,HistGB,12.03246102203424,12.03246102203424,0.0,1
clean,0.075,0.0,3,HistGB,HistGB,12.507296971676508,12.507296971676508,0.0,1
clean,0.075,0.0,4,HistGB,HistGB,11.663767967150225,11.663767967150225,0.0,1
clean,0.075,0.0,5,HistGB,HistGB,12.788000461342667,12.788000461342667,0.0,1
clean,0.075,0.0,6,HistGB,HistGB,15.137088661400586,15.137088661400586,0.0,1
clean,0.075,0.0,7,HistGB,HistGB,11.832086758523523,11.832086758523523,0.0,1
clean,0.075,0.0,8,HistGB,HistGB,11.80698803744633,11.80698803744633,0.0,1
clean,0.075,0.0,9,HistGB,HistGB,12.556532991757797,12.556532991757797,0.0,1
clean,0.075,0.0,10,HistGB,HistGB,12.006766732493656,12.006766732493656,0.0,1
clean,0.075,0.0,11,HistGB,HistGB,11.346172695771273,11.346172695771273,0.0,1
clean,0.075,0.0,12,HistGB,HistGB,11.53607012306929,11.53607012306929,0.0,1
clean,0.075,0.0,13,HistGB,HistGB,12.501230435307573,12.501230435307573,0.0,1
clean,0.075,0.0,14,HistGB,HistGB,12.374390426143172,12.374390426143172,0.0,1
clean,0.075,0.0,15,HistGB,HistGB,12.425630433445932,12.425630433445932,0.0,1
clean,0.075,0.0,16,HistGB,HistGB,13.0920493003693,13.0920493003693,0.0,1
clean,0.075,0.0,17,HistGB,HistGB,14.474854688524555,14.474854688524555,0.0,1
clean,0.075,0.0,18,HistGB,HistGB,12.72431903276434,12.72431903276434,0.0,1
clean,0.075,0.0,19,HistGB,HistGB,12.38932481964971,12.38932481964971,0.0,1
clean,0.075,0.0,20,HistGB,HistGB,13.18137194824744,13.18137194824744,0.0,1
clean,0.075,0.0,21,HistGB,HistGB,13.996657000066351,13.996657000066351,0.0,1
clean,0.075,0.0,22,HistGB,HistGB,13.811627922541728,13.811627922541728,0.0,1
clean,0.075,0.0,23,HistGB,HistGB,13.32873782866024,13.32873782866024,0.0,1
clean,0.075,0.0,24,HistGB,HistGB,13.136467261751262,13.136467261751262,0.0,1
clean,0.075,0.025,0,HistGB,HistGB,13.790624657970188,13.790624657970188,0.0,1
clean,0.075,0.025,1,HistGB,HistGB,15.569190624933023,15.569190624933023,0.0,1
clean,0.075,0.025,2,HistGB,HistGB,14.088427543524208,14.088427543524208,0.0,1
clean,0.075,0.025,3,HistGB,HistGB,14.466111791412365,14.466111791412365,0.0,1
clean,0.075,0.025,4,HistGB,HistGB,13.735054816062018,13.735054816062018,0.0,1
clean,0.075,0.025,5,HistGB,HistGB,14.867893327492942,14.867893327492942,0.0,1
clean,0.075,0.025,6,HistGB,HistGB,17.17176789089314,17.17176789089314,0.0,1
clean,0.075,0.025,7,HistGB,HistGB,13.928703035242147,13.928703035242147,0.0,1
clean,0.075,0.025,8,HistGB,HistGB,14.035703406909802,14.035703406909802,0.0,1
clean,0.075,0.025,9,HistGB,HistGB,14.77125823960297,14.77125823960297,0.0,1
clean,0.075,0.025,10,HistGB,HistGB,14.180458644223837,14.180458644223837,0.0,1
clean,0.075,0.025,11,HistGB,HistGB,13.50742579877159,13.50742579877159,0.0,1
clean,0.075,0.025,12,HistGB,HistGB,13.758001907403685,13.758001907403685,0.0,1
clean,0.075,0.025,13,HistGB,HistGB,14.626656518553975,14.626656518553975,0.0,1
clean,0.075,0.025,14,HistGB,HistGB,14.533640708116964,14.533640708116964,0.0,1
clean,0.075,0.025,15,HistGB,HistGB,14.46272762558578,14.46272762558578,0.0,1
clean,0.075,0.025,16,HistGB,HistGB,15.171306018649071,15.171306018649071,0.0,1
clean,0.075,0.025,17,HistGB,HistGB,16.52161216946523,16.52161216946523,0.0,1
clean,0.075,0.025,18,HistGB,HistGB,14.780199693916028,14.780199693916028,0.0,1
clean,0.075,0.025,19,HistGB,HistGB,14.493836285631524,14.493836285631524,0.0,1
clean,0.075,0.025,20,HistGB,HistGB,15.368108126940594,15.368108126940594,0.0,1
clean,0.075,0.025,21,HistGB,HistGB,16.055770073743247,16.055770073743247,0.0,1
clean,0.075,0.025,22,HistGB,HistGB,15.713546741354476,15.713546741354476,0.0,1
clean,0.075,0.025,23,HistGB,HistGB,15.55503612142687,15.55503612142687,0.0,1
clean,0.075,0.025,24,HistGB,HistGB,15.081413399945886,15.081413399945886,0.0,1
clean,0.075,0.1,0,HistGB,HistGB,16.06918849714951,16.06918849714951,0.0,1
clean,0.075,0.1,1,HistGB,HistGB,17.715227486371926,17.715227486371926,0.0,1
clean,0.075,0.1,2,HistGB,HistGB,16.59812152428756,16.59812152428756,0.0,1
clean,0.075,0.1,3,HistGB,HistGB,16.681998568610286,16.681998568610286,0.0,1
clean,0.075,0.1,4,HistGB,HistGB,16.108514635915505,16.108514635915505,0.0,1
clean,0.075,0.1,5,HistGB,HistGB,17.268672823209283,17.268672823209283,0.0,1
clean,0.075,0.1,6,HistGB,HistGB,19.40432003734352,19.40432003734352,0.0,1
clean,0.075,0.1,7,HistGB,HistGB,16.082236395832705,16.082236395832705,0.0,1
clean,0.075,0.1,8,HistGB,HistGB,16.407129732211875,16.407129732211875,0.0,1
clean,0.075,0.1,9,HistGB,HistGB,17.16320210267766,17.16320210267766,0.0,1
clean,0.075,0.1,10,HistGB,HistGB,16.50268958110556,16.50268958110556,0.0,1
clean,0.075,0.1,11,HistGB,HistGB,15.964533676765804,15.964533676765804,0.0,1
clean,0.075,0.1,12,HistGB,HistGB,15.955340858425544,15.955340858425544,0.0,1
clean,0.075,0.1,13,HistGB,HistGB,16.931967619416174,16.931967619416174,0.0,1
clean,0.075,0.1,14,HistGB,HistGB,16.92890955586985,16.92890955586985,0.0,1
clean,0.075,0.1,15,HistGB,HistGB,16.861669366598026,16.861669366598026,0.0,1
clean,0.075,0.1,16,HistGB,HistGB,17.657517204616237,17.657517204616237,0.0,1
clean,0.075,0.1,17,HistGB,HistGB,18.682009768699448,18.682009768699448,0.0,1
clean,0.075,0.1,18,HistGB,HistGB,17.15936754113902,17.15936754113902,0.0,1
clean,0.075,0.1,19,HistGB,HistGB,16.832397587873736,16.832397587873736,0.0,1
clean,0.075,0.1,20,HistGB,HistGB,17.57369629098549,17.57369629098549,0.0,1
clean,0.075,0.1,21,HistGB,HistGB,18.21056570240688,18.21056570240688,0.0,1
clean,0.075,0.1,22,HistGB,HistGB,17.918651632655692,17.918651632655692,0.0,1
clean,0.075,0.1,23,HistGB,HistGB,17.87434674116678,17.87434674116678,0.0,1
clean,0.075,0.1,24,HistGB,HistGB,17.41484728033265,17.41484728033265,0.0,1
clean,0.075,0.15,0,HistGB,HistGB,17.541973445772758,17.541973445772758,0.0,1
clean,0.075,0.15,1,HistGB,HistGB,19.010878031887327,19.010878031887327,0.0,1
clean,0.075,0.15,2,HistGB,HistGB,17.80100779364431,17.80100779364431,0.0,1
clean,0.075,0.15,3,HistGB,HistGB,18.01452453786513,18.01452453786513,0.0,1
clean,0.075,0.15,4,HistGB,HistGB,17.437948123990314,17.437948123990314,0.0,1
clean,0.075,0.15,5,HistGB,HistGB,18.58285094234233,18.58285094234233,0.0,1
clean,0.075,0.15,6,HistGB,KNN,20.66574103016756,20.55617663708099,0.1095643930865684,0
clean,0.075,0.15,7,HistGB,HistGB,17.529586892481948,17.529586892481948,0.0,1
clean,0.075,0.15,8,HistGB,HistGB,17.8122895281797,17.8122895281797,0.0,1
clean,0.075,0.15,9,HistGB,HistGB,18.495670339370204,18.495670339370204,0.0,1
clean,0.075,0.15,10,HistGB,RandomForest,17.97117283362848,17.920692448422127,0.05048038520635245,0
clean,0.075,0.15,11,HistGB,RandomForest,17.484846230170547,17.41666006093395,0.06818616923659704,0
clean,0.075,0.15,12,HistGB,HistGB,17.466672392177024,17.466672392177024,0.0,1
clean,0.075,0.15,13,HistGB,HistGB,18.257215445819707,18.257215445819707,0.0,1
clean,0.075,0.15,14,HistGB,HistGB,18.137408455216548,18.137408455216548,0.0,1
clean,0.075,0.15,15,HistGB,HistGB,18.107544438260927,18.107544438260927,0.0,1
clean,0.075,0.15,16,HistGB,HistGB,18.78614046980045,18.78614046980045,0.0,1
clean,0.075,0.15,17,HistGB,HistGB,20.041240568377912,20.041240568377912,0.0,1
clean,0.075,0.15,18,HistGB,HistGB,18.367784803289087,18.367784803289087,0.0,1
clean,0.075,0.15,19,HistGB,HistGB,18.104123699192264,18.104123699192264,0.0,1
clean,0.075,0.15,20,HistGB,HistGB,18.801855062804623,18.801855062804623,0.0,1
clean,0.075,0.15,21,HistGB,HistGB,19.59619733176809,19.59619733176809,0.0,1
clean,0.075,0.15,22,HistGB,HistGB,19.298586066791096,19.298586066791096,0.0,1
clean,0.075,0.15,23,HistGB,HistGB,19.173574821481136,19.173574821481136,0.0,1
clean,0.075,0.15,24,HistGB,HistGB,18.65781447093841,18.65781447093841,0.0,1
clean,0.075,0.19,0,HistGB,HistGB,18.928739010266547,18.928739010266547,0.0,1
clean,0.075,0.19,1,HistGB,HistGB,20.143835873105846,20.143835873105846,0.0,1
clean,0.075,0.19,2,HistGB,RandomForest,19.26838422455713,19.25223313590072,0.016151088656410906,0
clean,0.075,0.19,3,HistGB,HistGB,19.443279896968026,19.443279896968026,0.0,1
clean,0.075,0.19,4,HistGB,HistGB,18.91392220590144,18.91392220590144,0.0,1
clean,0.075,0.19,5,HistGB,HistGB,19.95917516081851,19.95917516081851,0.0,1
clean,0.075,0.19,6,HistGB,KNN,21.81613605324205,21.221317844771534,0.5948182084705174,0
clean,0.075,0.19,7,HistGB,HistGB,18.7343657051764,18.7343657051764,0.0,1
clean,0.075,0.19,8,HistGB,HistGB,19.090144255140743,19.090144255140743,0.0,1
clean,0.075,0.19,9,HistGB,HistGB,19.75986807523372,19.75986807523372,0.0,1
clean,0.075,0.19,10,HistGB,RandomForest,19.228897842651488,19.11294703331267,0.11595080933881974,0
clean,0.075,0.19,11,HistGB,HistGB,18.667847445401883,18.667847445401883,0.0,1
clean,0.075,0.19,12,HistGB,HistGB,18.74800249831791,18.74800249831791,0.0,1
clean,0.075,0.19,13,HistGB,HistGB,19.487413662156857,19.487413662156857,0.0,1
clean,0.075,0.19,14,HistGB,HistGB,19.805729525276647,19.805729525276647,0.0,1
clean,0.075,0.19,15,HistGB,HistGB,19.53354628711148,19.53354628711148,0.0,1
clean,0.075,0.19,16,HistGB,HistGB,20.42138389973512,20.42138389973512,0.0,1
clean,0.075,0.19,17,HistGB,HistGB,21.336585653266862,21.336585653266862,0.0,1
clean,0.075,0.19,18,HistGB,HistGB,19.63875503262111,19.63875503262111,0.0,1
clean,0.075,0.19,19,HistGB,HistGB,19.237587544515986,19.237587544515986,0.0,1
clean,0.075,0.19,20,HistGB,HistGB,19.92591817042073,19.92591817042073,0.0,1
clean,0.075,0.19,21,HistGB,HistGB,21.007827210990577,21.007827210990577,0.0,1
clean,0.075,0.19,22,HistGB,HistGB,20.67660900892144,20.67660900892144,0.0,1
clean,0.075,0.19,23,HistGB,RandomForest,20.6083352155968,20.554130699292205,0.05420451630459411,0
clean,0.075,0.19,24,HistGB,HistGB,19.83663934120755,19.83663934120755,0.0,1
clean,0.075,0.2,0,HistGB,HistGB,19.31695977824297,19.31695977824297,0.0,1
clean,0.075,0.2,1,HistGB,HistGB,20.633704058890523,20.633704058890523,0.0,1
clean,0.075,0.2,2,HistGB,RandomForest,19.60198171985055,19.530966200000307,0.07101551985024201,0
clean,0.075,0.2,3,HistGB,HistGB,19.40246723251745,19.40246723251745,0.0,1
clean,0.075,0.2,4,HistGB,HistGB,19.19879919002628,19.19879919002628,0.0,1
clean,0.075,0.2,5,HistGB,HistGB,20.309646525902178,20.309646525902178,0.0,1
clean,0.075,0.2,6,HistGB,KNN,22.22715469741236,21.45106211319845,0.7760925842139095,0
clean,0.075,0.2,7,HistGB,KNN,19.087134768957217,18.91466158420148,0.17247318475573792,0
clean,0.075,0.2,8,HistGB,HistGB,19.353522301384245,19.353522301384245,0.0,1
clean,0.075,0.2,9,HistGB,HistGB,20.244280483753503,20.244280483753503,0.0,1
clean,0.075,0.2,10,HistGB,RandomForest,19.482679894775195,19.397262692891125,0.08541720188406998,0
clean,0.075,0.2,11,HistGB,HistGB,18.81764877008533,18.81764877008533,0.0,1
clean,0.075,0.2,12,HistGB,HistGB,19.156116543683805,19.156116543683805,0.0,1
clean,0.075,0.2,13,HistGB,HistGB,20.01349433745357,20.01349433745357,0.0,1
clean,0.075,0.2,14,HistGB,HistGB,20.033455238923583,20.033455238923583,0.0,1
clean,0.075,0.2,15,HistGB,KNN,19.86983031134916,19.770319702527317,0.09951060882184137,0
clean,0.075,0.2,16,HistGB,HistGB,20.56981023209017,20.56981023209017,0.0,1
clean,0.075,0.2,17,HistGB,KNN,21.90020836235615,21.8467341910282,0.05347417132794874,0
clean,0.075,0.2,18,HistGB,KNN,20.13102128441388,20.099350238418523,0.031671045995356195,0
clean,0.075,0.2,19,HistGB,HistGB,19.59435135708357,19.59435135708357,0.0,1
clean,0.075,0.2,20,HistGB,HistGB,20.38206963513907,20.38206963513907,0.0,1
clean,0.075,0.2,21,HistGB,HistGB,21.186528023649814,21.186528023649814,0.0,1
clean,0.075,0.2,22,HistGB,HistGB,20.970762127732502,20.970762127732502,0.0,1
clean,0.075,0.2,23,HistGB,HistGB,20.731601966614555,20.731601966614555,0.0,1
clean,0.075,0.2,24,HistGB,HistGB,20.04810559903347,20.04810559903347,0.0,1
clean,0.075,0.21,0,HistGB,KNN,19.712347729890087,19.62070076050922,0.09164696938086792,0
clean,0.075,0.21,1,HistGB,HistGB,20.883479751389164,20.883479751389164,0.0,1
clean,0.075,0.21,2,HistGB,RandomForest,19.80436562213185,19.776411638303763,0.02795398382808756,0
clean,0.075,0.21,3,HistGB,HistGB,19.79962845112105,19.79962845112105,0.0,1
clean,0.075,0.21,4,HistGB,HistGB,19.524084711512717,19.524084711512717,0.0,1
clean,0.075,0.21,5,HistGB,HistGB,20.691741037075957,20.691741037075957,0.0,1
clean,0.075,0.21,6,HistGB,KNN,22.638128623682924,21.735449205266427,0.902679418416497,0
clean,0.075,0.21,7,HistGB,KNN,19.563223774521383,19.129134412148225,0.43408936237315743,0
clean,0.075,0.21,8,HistGB,KNN,19.949149133827166,19.754159286311616,0.1949898475155507,0
clean,0.075,0.21,9,HistGB,HistGB,20.53946391412387,20.53946391412387,0.0,1
clean,0.075,0.21,10,HistGB,RandomForest,19.791512389893278,19.766638000384397,0.024874389508880768,0
clean,0.075,0.21,11,HistGB,HistGB,19.12476153385831,19.12476153385831,0.0,1
clean,0.075,0.21,12,HistGB,HistGB,19.62285011346803,19.62285011346803,0.0,1
clean,0.075,0.21,13,HistGB,HistGB,20.1912750022628,20.1912750022628,0.0,1
clean,0.075,0.21,14,HistGB,HistGB,20.17871752830445,20.17871752830445,0.0,1
clean,0.075,0.21,15,HistGB,KNN,20.35635435076348,20.008689836811453,0.3476645139520258,0
clean,0.075,0.21,16,HistGB,RandomForest,20.844016484607646,20.833181161887754,0.010835322719891849,0
clean,0.075,0.21,17,HistGB,KNN,22.20143236502758,21.9739723674224,0.22745999760517677,0
clean,0.075,0.21,18,HistGB,KNN,20.435337004508213,20.18731917985644,0.2480178246517717,0
clean,0.075,0.21,19,HistGB,HistGB,19.97509701714303,19.97509701714303,0.0,1
clean,0.075,0.21,20,HistGB,HistGB,20.63839378129152,20.63839378129152,0.0,1
clean,0.075,0.21,21,HistGB,HistGB,21.40956894525845,21.40956894525845,0.0,1
clean,0.075,0.21,22,HistGB,KNN,21.279054027647227,21.24068021908822,0.03837380855900818,0
clean,0.075,0.21,23,HistGB,HistGB,21.073886705689358,21.073886705689358,0.0,1
clean,0.075,0.21,24,HistGB,HistGB,20.58508699071329,20.58508699071329,0.0,1
clean,0.075,0.24,0,HistGB,KNN,20.982521657856744,20.33664056590208,0.6458810919546636,0
clean,0.075,0.24,1,HistGB,KNN,22.064357590263988,21.92280236504782,0.1415552252161696,0
clean,0.075,0.24,2,HistGB,KNN,20.79592375371037,20.741214770005676,0.05470898370469257,0
clean,0.075,0.24,3,HistGB,KNN,20.84463885093164,20.4321294687124,0.41250938221924116,0
clean,0.075,0.24,4,HistGB,HistGB,20.575640835804094,20.575640835804094,0.0,1
clean,0.075,0.24,5,HistGB,KNN,21.85542178703425,21.582918404859733,0.2725033821745164,0
clean,0.075,0.24,6,HistGB,KNN,24.16724330250814,22.650935540068332,1.5163077624398085,0
clean,0.075,0.24,7,HistGB,KNN,20.526325030059937,19.87952199459999,0.6468030354599463,0
clean,0.075,0.24,8,HistGB,KNN,21.085049356636727,20.522281621260348,0.5627677353763794,0
clean,0.075,0.24,9,HistGB,HistGB,21.50120439198769,21.50120439198769,0.0,1
clean,0.075,0.24,10,HistGB,HistGB,20.799187355071187,20.799187355071187,0.0,1
clean,0.075,0.24,11,HistGB,RandomForest,20.46050823698773,20.371659546986443,0.08884869000128859,0
clean,0.075,0.24,12,HistGB,KNN,20.42873796577705,20.153818096825816,0.2749198689512333,0
clean,0.075,0.24,13,HistGB,HistGB,21.2669017233842,21.2669017233842,0.0,1
clean,0.075,0.24,14,HistGB,KNN,21.462084175510437,21.3226337532928,0.1394504222176387,0
clean,0.075,0.24,15,HistGB,KNN,21.109553749660595,20.52767563958444,0.5818781100761541,0
clean,0.075,0.24,16,HistGB,KNN,22.00953698747326,21.60327312063129,0.4062638668419716,0
clean,0.075,0.24,17,HistGB,KNN,23.25946017164457,22.6236646265378,0.6357955451067703,0
clean,0.075,0.24,18,HistGB,KNN,21.322163342513168,20.865332927318907,0.45683041519426126,0
clean,0.075,0.24,19,HistGB,KNN,20.93072529938225,20.611027408455104,0.31969789092714507,0
clean,0.075,0.24,20,HistGB,KNN,21.74925183304476,21.538000917902348,0.21125091514241134,0
clean,0.075,0.24,21,HistGB,KNN,22.651067969927944,22.618736893558317,0.03233107636962629,0
clean,0.075,0.24,22,HistGB,KNN,22.46146878945244,22.050215114306518,0.4112536751459217,0
clean,0.075,0.24,23,HistGB,KNN,22.339223359037533,22.08033187991192,0.2588914791256123,0
clean,0.075,0.24,24,HistGB,HistGB,21.588328318789458,21.588328318789458,0.0,1
clean,0.075,0.32,0,HistGB,KNN,24.12467046999476,22.3410975641612,1.7835729058335623,0
clean,0.075,0.32,1,HistGB,KNN,25.77070627354392,24.167646892408506,1.603059381135413,0
clean,0.075,0.32,2,HistGB,KNN,24.59572377329288,23.22830694722482,1.3674168260680624,0
clean,0.075,0.32,3,HistGB,KNN,24.09274391415105,22.651724084282822,1.4410198298682282,0
clean,0.075,0.32,4,HistGB,KNN,23.90705141032773,22.899209031890777,1.0078423784369512,0
clean,0.075,0.32,5,HistGB,KNN,25.212724593070813,23.74077037955543,1.4719542135153851,0
clean,0.075,0.32,6,HistGB,KNN,27.269805798524292,24.58426841601279,2.6855373825115016,0
clean,0.075,0.32,7,HistGB,KNN,23.968635975943368,21.897619039501325,2.0710169364420423,0
clean,0.075,0.32,8,HistGB,KNN,24.47320734454739,22.56198727539633,1.9112200691510601,0
clean,0.075,0.32,9,HistGB,KNN,24.803594090704078,23.726477980773108,1.0771161099309694,0
clean,0.075,0.32,10,HistGB,KNN,24.47934381390138,23.392268978535643,1.087074835365737,0
clean,0.075,0.32,11,HistGB,KNN,23.72661797910468,22.911206803547127,0.8154111755575535,0
clean,0.075,0.32,12,HistGB,KNN,24.111346473464494,22.468416540666528,1.6429299327979656,0
clean,0.075,0.32,13,HistGB,KNN,24.99542252363374,23.978926219057577,1.0164963045761617,0
clean,0.075,0.32,14,HistGB,KNN,24.742605611228107,23.408361493293267,1.3342441179348405,0
clean,0.075,0.32,15,HistGB,KNN,24.416176662644283,22.5382140343824,1.8779626282618835,0
clean,0.075,0.32,16,HistGB,KNN,25.54446516039962,23.889956814327707,1.654508346071914,0
clean,0.075,0.32,17,HistGB,KNN,26.4958612951784,24.784073695291784,1.711787599886616,0
clean,0.075,0.32,18,HistGB,KNN,24.88464519023908,23.16494399329765,1.719701196941429,0
clean,0.075,0.32,19,HistGB,KNN,24.573643527987716,22.967426539513063,1.606216988474653,0
clean,0.075,0.32,20,HistGB,KNN,25.04910344930528,23.79135534710681,1.257748102198473,0
clean,0.075,0.32,21,HistGB,KNN,26.31016837981644,24.97102970206068,1.3391386777557592,0
clean,0.075,0.32,22,HistGB,KNN,26.098178562014315,24.39051221352639,1.7076663484879262,0
clean,0.075,0.32,23,HistGB,KNN,25.557866068906574,24.187060837810005,1.3708052310965684,0
clean,0.075,0.32,24,HistGB,KNN,25.003697301266914,24.039705867231064,0.9639914340358509,0
clean,0.075,0.4,0,HistGB,KNN,28.049609361827816,25.10814862318806,2.941460738639755,0
clean,0.075,0.4,1,HistGB,KNN,29.31611875614641,26.672735103263133,2.6433836528832764,0
clean,0.075,0.4,2,HistGB,KNN,28.384727103233185,25.81692397000759,2.5678031332255955,0
clean,0.075,0.4,3,HistGB,KNN,28.010289959071308,25.423661872844157,2.586628086227151,0
clean,0.075,0.4,4,HistGB,KNN,28.31516006865912,25.844904882373577,2.470255186285545,0
clean,0.075,0.4,5,HistGB,KNN,29.138612727054603,26.34733170986748,2.7912810171871243,0
clean,0.075,0.4,6,HistGB,KNN,31.47206094214324,27.471419439501894,4.000641502641347,0
clean,0.075,0.4,7,HistGB,KNN,27.888774713460062,24.65403390525961,3.2347408082004527,0
clean,0.075,0.4,8,HistGB,KNN,28.11039177616971,25.132597624958056,2.977794151211654,0
clean,0.075,0.4,9,HistGB,KNN,29.266611766794703,26.551948517294797,2.714663249499907,0
clean,0.075,0.4,10,HistGB,KNN,27.891574895247988,25.81186367292943,2.079711222318558,0
clean,0.075,0.4,11,HistGB,KNN,27.79176127114822,25.676760069446004,2.115001201702217,0
clean,0.075,0.4,12,HistGB,KNN,28.33763090957668,25.233865931244623,3.103764978332059,0
clean,0.075,0.4,13,HistGB,KNN,28.798902297381467,26.54460857267338,2.254293724708088,0
clean,0.075,0.4,14,HistGB,KNN,29.211910296743884,26.522075989221285,2.6898343075225988,0
clean,0.075,0.4,15,HistGB,KNN,28.65193876540236,25.34232298472043,3.3096157806819306,0
clean,0.075,0.4,16,HistGB,KNN,30.078513900930812,26.84998999315152,3.228523907779291,0
clean,0.075,0.4,17,HistGB,KNN,30.5095007137395,27.506923656523504,3.002577057215994,0
clean,0.075,0.4,18,HistGB,KNN,28.915144639978127,25.751301404565957,3.1638432354121697,0
clean,0.075,0.4,19,HistGB,KNN,28.586058710871352,25.36051788480377,3.225540826067583,0
clean,0.075,0.4,20,HistGB,KNN,28.90296152191095,26.323880275010467,2.5790812469004827,0
clean,0.075,0.4,21,HistGB,KNN,30.33042188933338,27.56509882832943,2.7653230610039508,0
clean,0.075,0.4,22,HistGB,KNN,30.205591444939312,26.97384541341878,3.231746031520533,0
clean,0.075,0.4,23,HistGB,KNN,29.56692175934774,26.81887054429276,2.7480512150549785,0
clean,0.075,0.4,24,HistGB,KNN,29.05916420698302,26.826243061722764,2.2329211452602564,0
clean,0.075,0.5,0,HistGB,KNN,34.3356818953042,29.36104864314475,4.97463325215945,0
clean,0.075,0.5,1,HistGB,KNN,35.45798108963929,30.78564658343057,4.6723345062087205,0
clean,0.075,0.5,2,HistGB,KNN,34.576328258809134,30.042510211973912,4.533818046835222,0
clean,0.075,0.5,3,HistGB,KNN,34.792656147750726,29.873883258001964,4.918772889748762,0
clean,0.075,0.5,4,HistGB,KNN,34.238497999689834,29.807820739177387,4.4306772605124465,0
clean,0.075,0.5,5,HistGB,KNN,35.27559090791475,30.71450700402392,4.561083903890829,0
clean,0.075,0.5,6,HistGB,KNN,37.69306887075829,31.49381187242601,6.199256998332277,0
clean,0.075,0.5,7,HistGB,KNN,33.714303799759946,28.83981311651348,4.874490683246467,0
clean,0.075,0.5,8,HistGB,KNN,34.41627098104753,29.623591813472316,4.792679167575216,0
clean,0.075,0.5,9,HistGB,KNN,34.73783599713518,30.300257701423387,4.437578295711791,0
clean,0.075,0.5,10,HistGB,KNN,33.910208514081305,29.824404136662483,4.085804377418821,0
clean,0.075,0.5,11,HistGB,KNN,33.62775139723734,29.60491639036404,4.022835006873301,0
clean,0.075,0.5,12,HistGB,KNN,34.021207929695294,29.14937495424439,4.8718329754509035,0
clean,0.075,0.5,13,HistGB,KNN,34.977502260566304,30.73761449320112,4.2398877673651825,0
clean,0.075,0.5,14,HistGB,KNN,34.802166158897485,30.22898594801385,4.573180210883635,0
clean,0.075,0.5,15,HistGB,KNN,34.57634793205066,29.482012823758883,5.0943351082917765,0
clean,0.075,0.5,16,HistGB,KNN,35.87939472326243,31.00229592672065,4.87709879654178,0
clean,0.075,0.5,17,HistGB,KNN,36.963845356749495,32.00073805865598,4.963107298093512,0
clean,0.075,0.5,18,HistGB,KNN,34.50305373795179,29.334123989500338,5.1689297484514505,0
clean,0.075,0.5,19,HistGB,KNN,34.60327848170751,29.727904717251747,4.875373764455766,0
clean,0.075,0.5,20,HistGB,KNN,34.325370645190155,30.386612943510592,3.938757701679563,0
clean,0.075,0.5,21,HistGB,KNN,36.63164043905123,32.05521614959351,4.576424289457719,0
clean,0.075,0.5,22,HistGB,KNN,36.0951832132667,30.834582638855917,5.260600574410784,0
clean,0.075,0.5,23,HistGB,KNN,35.70825739251677,31.138388285827343,4.569869106689428,0
clean,0.075,0.5,24,HistGB,KNN,34.82354914689996,30.66380562129224,4.159743525607716,0
clean,0.1,0.0,0,HistGB,HistGB,11.76015510447522,11.76015510447522,0.0,1
clean,0.1,0.0,1,HistGB,HistGB,13.73168860179165,13.73168860179165,0.0,1
clean,0.1,0.0,2,HistGB,HistGB,12.03246102203424,12.03246102203424,0.0,1
clean,0.1,0.0,3,HistGB,HistGB,12.507296971676508,12.507296971676508,0.0,1
clean,0.1,0.0,4,HistGB,HistGB,11.663767967150225,11.663767967150225,0.0,1
clean,0.1,0.0,5,HistGB,HistGB,12.788000461342667,12.788000461342667,0.0,1
clean,0.1,0.0,6,HistGB,HistGB,15.137088661400586,15.137088661400586,0.0,1
clean,0.1,0.0,7,HistGB,HistGB,11.832086758523523,11.832086758523523,0.0,1
clean,0.1,0.0,8,HistGB,HistGB,11.80698803744633,11.80698803744633,0.0,1
clean,0.1,0.0,9,HistGB,HistGB,12.556532991757797,12.556532991757797,0.0,1
clean,0.1,0.0,10,HistGB,HistGB,12.006766732493656,12.006766732493656,0.0,1
clean,0.1,0.0,11,HistGB,HistGB,11.346172695771273,11.346172695771273,0.0,1
clean,0.1,0.0,12,HistGB,HistGB,11.53607012306929,11.53607012306929,0.0,1
clean,0.1,0.0,13,HistGB,HistGB,12.501230435307573,12.501230435307573,0.0,1
clean,0.1,0.0,14,HistGB,HistGB,12.374390426143172,12.374390426143172,0.0,1
clean,0.1,0.0,15,HistGB,HistGB,12.425630433445932,12.425630433445932,0.0,1
clean,0.1,0.0,16,HistGB,HistGB,13.0920493003693,13.0920493003693,0.0,1
clean,0.1,0.0,17,HistGB,HistGB,14.474854688524555,14.474854688524555,0.0,1
clean,0.1,0.0,18,HistGB,HistGB,12.72431903276434,12.72431903276434,0.0,1
clean,0.1,0.0,19,HistGB,HistGB,12.38932481964971,12.38932481964971,0.0,1
clean,0.1,0.0,20,HistGB,HistGB,13.18137194824744,13.18137194824744,0.0,1
clean,0.1,0.0,21,HistGB,HistGB,13.996657000066351,13.996657000066351,0.0,1
clean,0.1,0.0,22,HistGB,HistGB,13.811627922541728,13.811627922541728,0.0,1
clean,0.1,0.0,23,HistGB,HistGB,13.32873782866024,13.32873782866024,0.0,1
clean,0.1,0.0,24,HistGB,HistGB,13.136467261751262,13.136467261751262,0.0,1
clean,0.1,0.025,0,HistGB,HistGB,13.790624657970188,13.790624657970188,0.0,1
clean,0.1,0.025,1,HistGB,HistGB,15.569190624933023,15.569190624933023,0.0,1
clean,0.1,0.025,2,HistGB,HistGB,14.088427543524208,14.088427543524208,0.0,1
clean,0.1,0.025,3,HistGB,HistGB,14.466111791412365,14.466111791412365,0.0,1
clean,0.1,0.025,4,HistGB,HistGB,13.735054816062018,13.735054816062018,0.0,1
clean,0.1,0.025,5,HistGB,HistGB,14.867893327492942,14.867893327492942,0.0,1
clean,0.1,0.025,6,HistGB,HistGB,17.17176789089314,17.17176789089314,0.0,1
clean,0.1,0.025,7,HistGB,HistGB,13.928703035242147,13.928703035242147,0.0,1
clean,0.1,0.025,8,HistGB,HistGB,14.035703406909802,14.035703406909802,0.0,1
clean,0.1,0.025,9,HistGB,HistGB,14.77125823960297,14.77125823960297,0.0,1
clean,0.1,0.025,10,HistGB,HistGB,14.180458644223837,14.180458644223837,0.0,1
clean,0.1,0.025,11,HistGB,HistGB,13.50742579877159,13.50742579877159,0.0,1
clean,0.1,0.025,12,HistGB,HistGB,13.758001907403685,13.758001907403685,0.0,1
clean,0.1,0.025,13,HistGB,HistGB,14.626656518553975,14.626656518553975,0.0,1
clean,0.1,0.025,14,HistGB,HistGB,14.533640708116964,14.533640708116964,0.0,1
clean,0.1,0.025,15,HistGB,HistGB,14.46272762558578,14.46272762558578,0.0,1
clean,0.1,0.025,16,HistGB,HistGB,15.171306018649071,15.171306018649071,0.0,1
clean,0.1,0.025,17,HistGB,HistGB,16.52161216946523,16.52161216946523,0.0,1
clean,0.1,0.025,18,HistGB,HistGB,14.780199693916028,14.780199693916028,0.0,1
clean,0.1,0.025,19,HistGB,HistGB,14.493836285631524,14.493836285631524,0.0,1
clean,0.1,0.025,20,HistGB,HistGB,15.368108126940594,15.368108126940594,0.0,1
clean,0.1,0.025,21,HistGB,HistGB,16.055770073743247,16.055770073743247,0.0,1
clean,0.1,0.025,22,HistGB,HistGB,15.713546741354476,15.713546741354476,0.0,1
clean,0.1,0.025,23,HistGB,HistGB,15.55503612142687,15.55503612142687,0.0,1
clean,0.1,0.025,24,HistGB,HistGB,15.081413399945886,15.081413399945886,0.0,1
clean,0.1,0.1,0,HistGB,HistGB,16.06918849714951,16.06918849714951,0.0,1
clean,0.1,0.1,1,HistGB,HistGB,17.715227486371926,17.715227486371926,0.0,1
clean,0.1,0.1,2,HistGB,HistGB,16.59812152428756,16.59812152428756,0.0,1
clean,0.1,0.1,3,HistGB,HistGB,16.681998568610286,16.681998568610286,0.0,1
clean,0.1,0.1,4,HistGB,HistGB,16.108514635915505,16.108514635915505,0.0,1
clean,0.1,0.1,5,HistGB,HistGB,17.268672823209283,17.268672823209283,0.0,1
clean,0.1,0.1,6,HistGB,HistGB,19.40432003734352,19.40432003734352,0.0,1
clean,0.1,0.1,7,HistGB,HistGB,16.082236395832705,16.082236395832705,0.0,1
clean,0.1,0.1,8,HistGB,HistGB,16.407129732211875,16.407129732211875,0.0,1
clean,0.1,0.1,9,HistGB,HistGB,17.16320210267766,17.16320210267766,0.0,1
clean,0.1,0.1,10,HistGB,HistGB,16.50268958110556,16.50268958110556,0.0,1
clean,0.1,0.1,11,HistGB,HistGB,15.964533676765804,15.964533676765804,0.0,1
clean,0.1,0.1,12,HistGB,HistGB,15.955340858425544,15.955340858425544,0.0,1
clean,0.1,0.1,13,HistGB,HistGB,16.931967619416174,16.931967619416174,0.0,1
clean,0.1,0.1,14,HistGB,HistGB,16.92890955586985,16.92890955586985,0.0,1
clean,0.1,0.1,15,HistGB,HistGB,16.861669366598026,16.861669366598026,0.0,1
clean,0.1,0.1,16,HistGB,HistGB,17.657517204616237,17.657517204616237,0.0,1
clean,0.1,0.1,17,HistGB,HistGB,18.682009768699448,18.682009768699448,0.0,1
clean,0.1,0.1,18,HistGB,HistGB,17.15936754113902,17.15936754113902,0.0,1
clean,0.1,0.1,19,HistGB,HistGB,16.832397587873736,16.832397587873736,0.0,1
clean,0.1,0.1,20,HistGB,HistGB,17.57369629098549,17.57369629098549,0.0,1
clean,0.1,0.1,21,HistGB,HistGB,18.21056570240688,18.21056570240688,0.0,1
clean,0.1,0.1,22,HistGB,HistGB,17.918651632655692,17.918651632655692,0.0,1
clean,0.1,0.1,23,HistGB,HistGB,17.87434674116678,17.87434674116678,0.0,1
clean,0.1,0.1,24,HistGB,HistGB,17.41484728033265,17.41484728033265,0.0,1
clean,0.1,0.15,0,HistGB,HistGB,17.541973445772758,17.541973445772758,0.0,1
clean,0.1,0.15,1,HistGB,HistGB,19.010878031887327,19.010878031887327,0.0,1
clean,0.1,0.15,2,HistGB,HistGB,17.80100779364431,17.80100779364431,0.0,1
clean,0.1,0.15,3,HistGB,HistGB,18.01452453786513,18.01452453786513,0.0,1
clean,0.1,0.15,4,HistGB,HistGB,17.437948123990314,17.437948123990314,0.0,1
clean,0.1,0.15,5,HistGB,HistGB,18.58285094234233,18.58285094234233,0.0,1
clean,0.1,0.15,6,HistGB,KNN,20.66574103016756,20.55617663708099,0.1095643930865684,0
clean,0.1,0.15,7,HistGB,HistGB,17.529586892481948,17.529586892481948,0.0,1
clean,0.1,0.15,8,HistGB,HistGB,17.8122895281797,17.8122895281797,0.0,1
clean,0.1,0.15,9,HistGB,HistGB,18.495670339370204,18.495670339370204,0.0,1
clean,0.1,0.15,10,HistGB,RandomForest,17.97117283362848,17.920692448422127,0.05048038520635245,0
clean,0.1,0.15,11,HistGB,RandomForest,17.484846230170547,17.41666006093395,0.06818616923659704,0
clean,0.1,0.15,12,HistGB,HistGB,17.466672392177024,17.466672392177024,0.0,1
clean,0.1,0.15,13,HistGB,HistGB,18.257215445819707,18.257215445819707,0.0,1
clean,0.1,0.15,14,HistGB,HistGB,18.137408455216548,18.137408455216548,0.0,1
clean,0.1,0.15,15,HistGB,HistGB,18.107544438260927,18.107544438260927,0.0,1
clean,0.1,0.15,16,HistGB,HistGB,18.78614046980045,18.78614046980045,0.0,1
clean,0.1,0.15,17,HistGB,HistGB,20.041240568377912,20.041240568377912,0.0,1
clean,0.1,0.15,18,HistGB,HistGB,18.367784803289087,18.367784803289087,0.0,1
clean,0.1,0.15,19,HistGB,HistGB,18.104123699192264,18.104123699192264,0.0,1
clean,0.1,0.15,20,HistGB,HistGB,18.801855062804623,18.801855062804623,0.0,1
clean,0.1,0.15,21,HistGB,HistGB,19.59619733176809,19.59619733176809,0.0,1
clean,0.1,0.15,22,HistGB,HistGB,19.298586066791096,19.298586066791096,0.0,1
clean,0.1,0.15,23,HistGB,HistGB,19.173574821481136,19.173574821481136,0.0,1
clean,0.1,0.15,24,HistGB,HistGB,18.65781447093841,18.65781447093841,0.0,1
clean,0.1,0.19,0,HistGB,HistGB,18.928739010266547,18.928739010266547,0.0,1
clean,0.1,0.19,1,HistGB,HistGB,20.143835873105846,20.143835873105846,0.0,1
clean,0.1,0.19,2,HistGB,RandomForest,19.26838422455713,19.25223313590072,0.016151088656410906,0
clean,0.1,0.19,3,HistGB,HistGB,19.443279896968026,19.443279896968026,0.0,1
clean,0.1,0.19,4,HistGB,HistGB,18.91392220590144,18.91392220590144,0.0,1
clean,0.1,0.19,5,HistGB,HistGB,19.95917516081851,19.95917516081851,0.0,1
clean,0.1,0.19,6,HistGB,KNN,21.81613605324205,21.221317844771534,0.5948182084705174,0
clean,0.1,0.19,7,HistGB,HistGB,18.7343657051764,18.7343657051764,0.0,1
clean,0.1,0.19,8,HistGB,HistGB,19.090144255140743,19.090144255140743,0.0,1
clean,0.1,0.19,9,HistGB,HistGB,19.75986807523372,19.75986807523372,0.0,1
clean,0.1,0.19,10,HistGB,RandomForest,19.228897842651488,19.11294703331267,0.11595080933881974,0
clean,0.1,0.19,11,HistGB,HistGB,18.667847445401883,18.667847445401883,0.0,1
clean,0.1,0.19,12,HistGB,HistGB,18.74800249831791,18.74800249831791,0.0,1
clean,0.1,0.19,13,HistGB,HistGB,19.487413662156857,19.487413662156857,0.0,1
clean,0.1,0.19,14,HistGB,HistGB,19.805729525276647,19.805729525276647,0.0,1
clean,0.1,0.19,15,HistGB,HistGB,19.53354628711148,19.53354628711148,0.0,1
clean,0.1,0.19,16,HistGB,HistGB,20.42138389973512,20.42138389973512,0.0,1
clean,0.1,0.19,17,HistGB,HistGB,21.336585653266862,21.336585653266862,0.0,1
clean,0.1,0.19,18,HistGB,HistGB,19.63875503262111,19.63875503262111,0.0,1
clean,0.1,0.19,19,HistGB,HistGB,19.237587544515986,19.237587544515986,0.0,1
clean,0.1,0.19,20,HistGB,HistGB,19.92591817042073,19.92591817042073,0.0,1
clean,0.1,0.19,21,HistGB,HistGB,21.007827210990577,21.007827210990577,0.0,1
clean,0.1,0.19,22,HistGB,HistGB,20.67660900892144,20.67660900892144,0.0,1
clean,0.1,0.19,23,HistGB,RandomForest,20.6083352155968,20.554130699292205,0.05420451630459411,0
clean,0.1,0.19,24,HistGB,HistGB,19.83663934120755,19.83663934120755,0.0,1
clean,0.1,0.2,0,HistGB,HistGB,19.31695977824297,19.31695977824297,0.0,1
clean,0.1,0.2,1,HistGB,HistGB,20.633704058890523,20.633704058890523,0.0,1
clean,0.1,0.2,2,HistGB,RandomForest,19.60198171985055,19.530966200000307,0.07101551985024201,0
clean,0.1,0.2,3,HistGB,HistGB,19.40246723251745,19.40246723251745,0.0,1
clean,0.1,0.2,4,HistGB,HistGB,19.19879919002628,19.19879919002628,0.0,1
clean,0.1,0.2,5,HistGB,HistGB,20.309646525902178,20.309646525902178,0.0,1
clean,0.1,0.2,6,HistGB,KNN,22.22715469741236,21.45106211319845,0.7760925842139095,0
clean,0.1,0.2,7,HistGB,KNN,19.087134768957217,18.91466158420148,0.17247318475573792,0
clean,0.1,0.2,8,HistGB,HistGB,19.353522301384245,19.353522301384245,0.0,1
clean,0.1,0.2,9,HistGB,HistGB,20.244280483753503,20.244280483753503,0.0,1
clean,0.1,0.2,10,HistGB,RandomForest,19.482679894775195,19.397262692891125,0.08541720188406998,0
clean,0.1,0.2,11,HistGB,HistGB,18.81764877008533,18.81764877008533,0.0,1
clean,0.1,0.2,12,HistGB,HistGB,19.156116543683805,19.156116543683805,0.0,1
clean,0.1,0.2,13,HistGB,HistGB,20.01349433745357,20.01349433745357,0.0,1
clean,0.1,0.2,14,HistGB,HistGB,20.033455238923583,20.033455238923583,0.0,1
clean,0.1,0.2,15,HistGB,KNN,19.86983031134916,19.770319702527317,0.09951060882184137,0
clean,0.1,0.2,16,HistGB,HistGB,20.56981023209017,20.56981023209017,0.0,1
clean,0.1,0.2,17,HistGB,KNN,21.90020836235615,21.8467341910282,0.05347417132794874,0
clean,0.1,0.2,18,HistGB,KNN,20.13102128441388,20.099350238418523,0.031671045995356195,0
clean,0.1,0.2,19,HistGB,HistGB,19.59435135708357,19.59435135708357,0.0,1
clean,0.1,0.2,20,HistGB,HistGB,20.38206963513907,20.38206963513907,0.0,1
clean,0.1,0.2,21,HistGB,HistGB,21.186528023649814,21.186528023649814,0.0,1
clean,0.1,0.2,22,HistGB,HistGB,20.970762127732502,20.970762127732502,0.0,1
clean,0.1,0.2,23,HistGB,HistGB,20.731601966614555,20.731601966614555,0.0,1
clean,0.1,0.2,24,HistGB,HistGB,20.04810559903347,20.04810559903347,0.0,1
clean,0.1,0.21,0,HistGB,KNN,19.712347729890087,19.62070076050922,0.09164696938086792,0
clean,0.1,0.21,1,HistGB,HistGB,20.883479751389164,20.883479751389164,0.0,1
clean,0.1,0.21,2,HistGB,RandomForest,19.80436562213185,19.776411638303763,0.02795398382808756,0
clean,0.1,0.21,3,HistGB,HistGB,19.79962845112105,19.79962845112105,0.0,1
clean,0.1,0.21,4,HistGB,HistGB,19.524084711512717,19.524084711512717,0.0,1
clean,0.1,0.21,5,HistGB,HistGB,20.691741037075957,20.691741037075957,0.0,1
clean,0.1,0.21,6,HistGB,KNN,22.638128623682924,21.735449205266427,0.902679418416497,0
clean,0.1,0.21,7,HistGB,KNN,19.563223774521383,19.129134412148225,0.43408936237315743,0
clean,0.1,0.21,8,HistGB,KNN,19.949149133827166,19.754159286311616,0.1949898475155507,0
clean,0.1,0.21,9,HistGB,HistGB,20.53946391412387,20.53946391412387,0.0,1
clean,0.1,0.21,10,HistGB,RandomForest,19.791512389893278,19.766638000384397,0.024874389508880768,0
clean,0.1,0.21,11,HistGB,HistGB,19.12476153385831,19.12476153385831,0.0,1
clean,0.1,0.21,12,HistGB,HistGB,19.62285011346803,19.62285011346803,0.0,1
clean,0.1,0.21,13,HistGB,HistGB,20.1912750022628,20.1912750022628,0.0,1
clean,0.1,0.21,14,HistGB,HistGB,20.17871752830445,20.17871752830445,0.0,1
clean,0.1,0.21,15,HistGB,KNN,20.35635435076348,20.008689836811453,0.3476645139520258,0
clean,0.1,0.21,16,HistGB,RandomForest,20.844016484607646,20.833181161887754,0.010835322719891849,0
clean,0.1,0.21,17,HistGB,KNN,22.20143236502758,21.9739723674224,0.22745999760517677,0
clean,0.1,0.21,18,HistGB,KNN,20.435337004508213,20.18731917985644,0.2480178246517717,0
clean,0.1,0.21,19,HistGB,HistGB,19.97509701714303,19.97509701714303,0.0,1
clean,0.1,0.21,20,HistGB,HistGB,20.63839378129152,20.63839378129152,0.0,1
clean,0.1,0.21,21,HistGB,HistGB,21.40956894525845,21.40956894525845,0.0,1
clean,0.1,0.21,22,HistGB,KNN,21.279054027647227,21.24068021908822,0.03837380855900818,0
clean,0.1,0.21,23,HistGB,HistGB,21.073886705689358,21.073886705689358,0.0,1
clean,0.1,0.21,24,HistGB,HistGB,20.58508699071329,20.58508699071329,0.0,1
clean,0.1,0.24,0,HistGB,KNN,20.982521657856744,20.33664056590208,0.6458810919546636,0
clean,0.1,0.24,1,HistGB,KNN,22.064357590263988,21.92280236504782,0.1415552252161696,0
clean,0.1,0.24,2,HistGB,KNN,20.79592375371037,20.741214770005676,0.05470898370469257,0
clean,0.1,0.24,3,HistGB,KNN,20.84463885093164,20.4321294687124,0.41250938221924116,0
clean,0.1,0.24,4,HistGB,HistGB,20.575640835804094,20.575640835804094,0.0,1
clean,0.1,0.24,5,HistGB,KNN,21.85542178703425,21.582918404859733,0.2725033821745164,0
clean,0.1,0.24,6,HistGB,KNN,24.16724330250814,22.650935540068332,1.5163077624398085,0
clean,0.1,0.24,7,HistGB,KNN,20.526325030059937,19.87952199459999,0.6468030354599463,0
clean,0.1,0.24,8,HistGB,KNN,21.085049356636727,20.522281621260348,0.5627677353763794,0
clean,0.1,0.24,9,HistGB,HistGB,21.50120439198769,21.50120439198769,0.0,1
clean,0.1,0.24,10,HistGB,HistGB,20.799187355071187,20.799187355071187,0.0,1
clean,0.1,0.24,11,HistGB,RandomForest,20.46050823698773,20.371659546986443,0.08884869000128859,0
clean,0.1,0.24,12,HistGB,KNN,20.42873796577705,20.153818096825816,0.2749198689512333,0
clean,0.1,0.24,13,HistGB,HistGB,21.2669017233842,21.2669017233842,0.0,1
clean,0.1,0.24,14,HistGB,KNN,21.462084175510437,21.3226337532928,0.1394504222176387,0
clean,0.1,0.24,15,HistGB,KNN,21.109553749660595,20.52767563958444,0.5818781100761541,0
clean,0.1,0.24,16,HistGB,KNN,22.00953698747326,21.60327312063129,0.4062638668419716,0
clean,0.1,0.24,17,HistGB,KNN,23.25946017164457,22.6236646265378,0.6357955451067703,0
clean,0.1,0.24,18,HistGB,KNN,21.322163342513168,20.865332927318907,0.45683041519426126,0
clean,0.1,0.24,19,HistGB,KNN,20.93072529938225,20.611027408455104,0.31969789092714507,0
clean,0.1,0.24,20,HistGB,KNN,21.74925183304476,21.538000917902348,0.21125091514241134,0
clean,0.1,0.24,21,HistGB,KNN,22.651067969927944,22.618736893558317,0.03233107636962629,0
clean,0.1,0.24,22,HistGB,KNN,22.46146878945244,22.050215114306518,0.4112536751459217,0
clean,0.1,0.24,23,HistGB,KNN,22.339223359037533,22.08033187991192,0.2588914791256123,0
clean,0.1,0.24,24,HistGB,HistGB,21.588328318789458,21.588328318789458,0.0,1
clean,0.1,0.32,0,HistGB,KNN,24.12467046999476,22.3410975641612,1.7835729058335623,0
clean,0.1,0.32,1,HistGB,KNN,25.77070627354392,24.167646892408506,1.603059381135413,0
clean,0.1,0.32,2,HistGB,KNN,24.59572377329288,23.22830694722482,1.3674168260680624,0
clean,0.1,0.32,3,HistGB,KNN,24.09274391415105,22.651724084282822,1.4410198298682282,0
clean,0.1,0.32,4,HistGB,KNN,23.90705141032773,22.899209031890777,1.0078423784369512,0
clean,0.1,0.32,5,HistGB,KNN,25.212724593070813,23.74077037955543,1.4719542135153851,0
clean,0.1,0.32,6,HistGB,KNN,27.269805798524292,24.58426841601279,2.6855373825115016,0
clean,0.1,0.32,7,HistGB,KNN,23.968635975943368,21.897619039501325,2.0710169364420423,0
clean,0.1,0.32,8,HistGB,KNN,24.47320734454739,22.56198727539633,1.9112200691510601,0
clean,0.1,0.32,9,HistGB,KNN,24.803594090704078,23.726477980773108,1.0771161099309694,0
clean,0.1,0.32,10,HistGB,KNN,24.47934381390138,23.392268978535643,1.087074835365737,0
clean,0.1,0.32,11,HistGB,KNN,23.72661797910468,22.911206803547127,0.8154111755575535,0
clean,0.1,0.32,12,HistGB,KNN,24.111346473464494,22.468416540666528,1.6429299327979656,0
clean,0.1,0.32,13,HistGB,KNN,24.99542252363374,23.978926219057577,1.0164963045761617,0
clean,0.1,0.32,14,HistGB,KNN,24.742605611228107,23.408361493293267,1.3342441179348405,0
clean,0.1,0.32,15,HistGB,KNN,24.416176662644283,22.5382140343824,1.8779626282618835,0
clean,0.1,0.32,16,HistGB,KNN,25.54446516039962,23.889956814327707,1.654508346071914,0
clean,0.1,0.32,17,HistGB,KNN,26.4958612951784,24.784073695291784,1.711787599886616,0
clean,0.1,0.32,18,HistGB,KNN,24.88464519023908,23.16494399329765,1.719701196941429,0
clean,0.1,0.32,19,HistGB,KNN,24.573643527987716,22.967426539513063,1.606216988474653,0
clean,0.1,0.32,20,HistGB,KNN,25.04910344930528,23.79135534710681,1.257748102198473,0
clean,0.1,0.32,21,HistGB,KNN,26.31016837981644,24.97102970206068,1.3391386777557592,0
clean,0.1,0.32,22,HistGB,KNN,26.098178562014315,24.39051221352639,1.7076663484879262,0
clean,0.1,0.32,23,HistGB,KNN,25.557866068906574,24.187060837810005,1.3708052310965684,0
clean,0.1,0.32,24,HistGB,KNN,25.003697301266914,24.039705867231064,0.9639914340358509,0
clean,0.1,0.4,0,HistGB,KNN,28.049609361827816,25.10814862318806,2.941460738639755,0
clean,0.1,0.4,1,HistGB,KNN,29.31611875614641,26.672735103263133,2.6433836528832764,0
clean,0.1,0.4,2,HistGB,KNN,28.384727103233185,25.81692397000759,2.5678031332255955,0
clean,0.1,0.4,3,HistGB,KNN,28.010289959071308,25.423661872844157,2.586628086227151,0
clean,0.1,0.4,4,HistGB,KNN,28.31516006865912,25.844904882373577,2.470255186285545,0
clean,0.1,0.4,5,HistGB,KNN,29.138612727054603,26.34733170986748,2.7912810171871243,0
clean,0.1,0.4,6,HistGB,KNN,31.47206094214324,27.471419439501894,4.000641502641347,0
clean,0.1,0.4,7,HistGB,KNN,27.888774713460062,24.65403390525961,3.2347408082004527,0
clean,0.1,0.4,8,HistGB,KNN,28.11039177616971,25.132597624958056,2.977794151211654,0
clean,0.1,0.4,9,HistGB,KNN,29.266611766794703,26.551948517294797,2.714663249499907,0
clean,0.1,0.4,10,HistGB,KNN,27.891574895247988,25.81186367292943,2.079711222318558,0
clean,0.1,0.4,11,HistGB,KNN,27.79176127114822,25.676760069446004,2.115001201702217,0
clean,0.1,0.4,12,HistGB,KNN,28.33763090957668,25.233865931244623,3.103764978332059,0
clean,0.1,0.4,13,HistGB,KNN,28.798902297381467,26.54460857267338,2.254293724708088,0
clean,0.1,0.4,14,HistGB,KNN,29.211910296743884,26.522075989221285,2.6898343075225988,0
clean,0.1,0.4,15,HistGB,KNN,28.65193876540236,25.34232298472043,3.3096157806819306,0
clean,0.1,0.4,16,HistGB,KNN,30.078513900930812,26.84998999315152,3.228523907779291,0
clean,0.1,0.4,17,HistGB,KNN,30.5095007137395,27.506923656523504,3.002577057215994,0
clean,0.1,0.4,18,HistGB,KNN,28.915144639978127,25.751301404565957,3.1638432354121697,0
clean,0.1,0.4,19,HistGB,KNN,28.586058710871352,25.36051788480377,3.225540826067583,0
clean,0.1,0.4,20,HistGB,KNN,28.90296152191095,26.323880275010467,2.5790812469004827,0
clean,0.1,0.4,21,HistGB,KNN,30.33042188933338,27.56509882832943,2.7653230610039508,0
clean,0.1,0.4,22,HistGB,KNN,30.205591444939312,26.97384541341878,3.231746031520533,0
clean,0.1,0.4,23,HistGB,KNN,29.56692175934774,26.81887054429276,2.7480512150549785,0
clean,0.1,0.4,24,HistGB,KNN,29.05916420698302,26.826243061722764,2.2329211452602564,0
clean,0.1,0.5,0,HistGB,KNN,34.3356818953042,29.36104864314475,4.97463325215945,0
clean,0.1,0.5,1,HistGB,KNN,35.45798108963929,30.78564658343057,4.6723345062087205,0
clean,0.1,0.5,2,HistGB,KNN,34.576328258809134,30.042510211973912,4.533818046835222,0
clean,0.1,0.5,3,HistGB,KNN,34.792656147750726,29.873883258001964,4.918772889748762,0
clean,0.1,0.5,4,HistGB,KNN,34.238497999689834,29.807820739177387,4.4306772605124465,0
clean,0.1,0.5,5,HistGB,KNN,35.27559090791475,30.71450700402392,4.561083903890829,0
clean,0.1,0.5,6,HistGB,KNN,37.69306887075829,31.49381187242601,6.199256998332277,0
clean,0.1,0.5,7,HistGB,KNN,33.714303799759946,28.83981311651348,4.874490683246467,0
clean,0.1,0.5,8,HistGB,KNN,34.41627098104753,29.623591813472316,4.792679167575216,0
clean,0.1,0.5,9,HistGB,KNN,34.73783599713518,30.300257701423387,4.437578295711791,0
clean,0.1,0.5,10,HistGB,KNN,33.910208514081305,29.824404136662483,4.085804377418821,0
clean,0.1,0.5,11,HistGB,KNN,33.62775139723734,29.60491639036404,4.022835006873301,0
clean,0.1,0.5,12,HistGB,KNN,34.021207929695294,29.14937495424439,4.8718329754509035,0
clean,0.1,0.5,13,HistGB,KNN,34.977502260566304,30.73761449320112,4.2398877673651825,0
clean,0.1,0.5,14,HistGB,KNN,34.802166158897485,30.22898594801385,4.573180210883635,0
clean,0.1,0.5,15,HistGB,KNN,34.57634793205066,29.482012823758883,5.0943351082917765,0
clean,0.1,0.5,16,HistGB,KNN,35.87939472326243,31.00229592672065,4.87709879654178,0
clean,0.1,0.5,17,HistGB,KNN,36.963845356749495,32.00073805865598,4.963107298093512,0
clean,0.1,0.5,18,HistGB,KNN,34.50305373795179,29.334123989500338,5.1689297484514505,0
clean,0.1,0.5,19,HistGB,KNN,34.60327848170751,29.727904717251747,4.875373764455766,0
clean,0.1,0.5,20,HistGB,KNN,34.325370645190155,30.386612943510592,3.938757701679563,0
clean,0.1,0.5,21,HistGB,KNN,36.63164043905123,32.05521614959351,4.576424289457719,0
clean,0.1,0.5,22,HistGB,KNN,36.0951832132667,30.834582638855917,5.260600574410784,0
clean,0.1,0.5,23,HistGB,KNN,35.70825739251677,31.138388285827343,4.569869106689428,0
clean,0.1,0.5,24,HistGB,KNN,34.82354914689996,30.66380562129224,4.159743525607716,0
clean,0.125,0.0,0,HistGB,HistGB,11.76015510447522,11.76015510447522,0.0,1
clean,0.125,0.0,1,HistGB,HistGB,13.73168860179165,13.73168860179165,0.0,1
clean,0.125,0.0,2,HistGB,HistGB,12.03246102203424,12.03246102203424,0.0,1
clean,0.125,0.0,3,HistGB,HistGB,12.507296971676508,12.507296971676508,0.0,1
clean,0.125,0.0,4,HistGB,HistGB,11.663767967150225,11.663767967150225,0.0,1
clean,0.125,0.0,5,HistGB,HistGB,12.788000461342667,12.788000461342667,0.0,1
clean,0.125,0.0,6,HistGB,HistGB,15.137088661400586,15.137088661400586,0.0,1
clean,0.125,0.0,7,HistGB,HistGB,11.832086758523523,11.832086758523523,0.0,1
clean,0.125,0.0,8,HistGB,HistGB,11.80698803744633,11.80698803744633,0.0,1
clean,0.125,0.0,9,HistGB,HistGB,12.556532991757797,12.556532991757797,0.0,1
clean,0.125,0.0,10,HistGB,HistGB,12.006766732493656,12.006766732493656,0.0,1
clean,0.125,0.0,11,HistGB,HistGB,11.346172695771273,11.346172695771273,0.0,1
clean,0.125,0.0,12,HistGB,HistGB,11.53607012306929,11.53607012306929,0.0,1
clean,0.125,0.0,13,HistGB,HistGB,12.501230435307573,12.501230435307573,0.0,1
clean,0.125,0.0,14,HistGB,HistGB,12.374390426143172,12.374390426143172,0.0,1
clean,0.125,0.0,15,HistGB,HistGB,12.425630433445932,12.425630433445932,0.0,1
clean,0.125,0.0,16,HistGB,HistGB,13.0920493003693,13.0920493003693,0.0,1
clean,0.125,0.0,17,HistGB,HistGB,14.474854688524555,14.474854688524555,0.0,1
clean,0.125,0.0,18,HistGB,HistGB,12.72431903276434,12.72431903276434,0.0,1
clean,0.125,0.0,19,HistGB,HistGB,12.38932481964971,12.38932481964971,0.0,1
clean,0.125,0.0,20,HistGB,HistGB,13.18137194824744,13.18137194824744,0.0,1
clean,0.125,0.0,21,HistGB,HistGB,13.996657000066351,13.996657000066351,0.0,1
clean,0.125,0.0,22,HistGB,HistGB,13.811627922541728,13.811627922541728,0.0,1
clean,0.125,0.0,23,HistGB,HistGB,13.32873782866024,13.32873782866024,0.0,1
clean,0.125,0.0,24,HistGB,HistGB,13.136467261751262,13.136467261751262,0.0,1
clean,0.125,0.025,0,HistGB,HistGB,13.790624657970188,13.790624657970188,0.0,1
clean,0.125,0.025,1,HistGB,HistGB,15.569190624933023,15.569190624933023,0.0,1
clean,0.125,0.025,2,HistGB,HistGB,14.088427543524208,14.088427543524208,0.0,1
clean,0.125,0.025,3,HistGB,HistGB,14.466111791412365,14.466111791412365,0.0,1
clean,0.125,0.025,4,HistGB,HistGB,13.735054816062018,13.735054816062018,0.0,1
clean,0.125,0.025,5,HistGB,HistGB,14.867893327492942,14.867893327492942,0.0,1
clean,0.125,0.025,6,HistGB,HistGB,17.17176789089314,17.17176789089314,0.0,1
clean,0.125,0.025,7,HistGB,HistGB,13.928703035242147,13.928703035242147,0.0,1
clean,0.125,0.025,8,HistGB,HistGB,14.035703406909802,14.035703406909802,0.0,1
clean,0.125,0.025,9,HistGB,HistGB,14.77125823960297,14.77125823960297,0.0,1
clean,0.125,0.025,10,HistGB,HistGB,14.180458644223837,14.180458644223837,0.0,1
clean,0.125,0.025,11,HistGB,HistGB,13.50742579877159,13.50742579877159,0.0,1
clean,0.125,0.025,12,HistGB,HistGB,13.758001907403685,13.758001907403685,0.0,1
clean,0.125,0.025,13,HistGB,HistGB,14.626656518553975,14.626656518553975,0.0,1
clean,0.125,0.025,14,HistGB,HistGB,14.533640708116964,14.533640708116964,0.0,1
clean,0.125,0.025,15,HistGB,HistGB,14.46272762558578,14.46272762558578,0.0,1
clean,0.125,0.025,16,HistGB,HistGB,15.171306018649071,15.171306018649071,0.0,1
clean,0.125,0.025,17,HistGB,HistGB,16.52161216946523,16.52161216946523,0.0,1
clean,0.125,0.025,18,HistGB,HistGB,14.780199693916028,14.780199693916028,0.0,1
clean,0.125,0.025,19,HistGB,HistGB,14.493836285631524,14.493836285631524,0.0,1
clean,0.125,0.025,20,HistGB,HistGB,15.368108126940594,15.368108126940594,0.0,1
clean,0.125,0.025,21,HistGB,HistGB,16.055770073743247,16.055770073743247,0.0,1
clean,0.125,0.025,22,HistGB,HistGB,15.713546741354476,15.713546741354476,0.0,1
clean,0.125,0.025,23,HistGB,HistGB,15.55503612142687,15.55503612142687,0.0,1
clean,0.125,0.025,24,HistGB,HistGB,15.081413399945886,15.081413399945886,0.0,1
clean,0.125,0.1,0,HistGB,HistGB,16.06918849714951,16.06918849714951,0.0,1
clean,0.125,0.1,1,HistGB,HistGB,17.715227486371926,17.715227486371926,0.0,1
clean,0.125,0.1,2,HistGB,HistGB,16.59812152428756,16.59812152428756,0.0,1
clean,0.125,0.1,3,HistGB,HistGB,16.681998568610286,16.681998568610286,0.0,1
clean,0.125,0.1,4,HistGB,HistGB,16.108514635915505,16.108514635915505,0.0,1
clean,0.125,0.1,5,HistGB,HistGB,17.268672823209283,17.268672823209283,0.0,1
clean,0.125,0.1,6,HistGB,HistGB,19.40432003734352,19.40432003734352,0.0,1
clean,0.125,0.1,7,HistGB,HistGB,16.082236395832705,16.082236395832705,0.0,1
clean,0.125,0.1,8,HistGB,HistGB,16.407129732211875,16.407129732211875,0.0,1
clean,0.125,0.1,9,HistGB,HistGB,17.16320210267766,17.16320210267766,0.0,1
clean,0.125,0.1,10,HistGB,HistGB,16.50268958110556,16.50268958110556,0.0,1
clean,0.125,0.1,11,HistGB,HistGB,15.964533676765804,15.964533676765804,0.0,1
clean,0.125,0.1,12,HistGB,HistGB,15.955340858425544,15.955340858425544,0.0,1
clean,0.125,0.1,13,HistGB,HistGB,16.931967619416174,16.931967619416174,0.0,1
clean,0.125,0.1,14,HistGB,HistGB,16.92890955586985,16.92890955586985,0.0,1
clean,0.125,0.1,15,HistGB,HistGB,16.861669366598026,16.861669366598026,0.0,1
clean,0.125,0.1,16,HistGB,HistGB,17.657517204616237,17.657517204616237,0.0,1
clean,0.125,0.1,17,HistGB,HistGB,18.682009768699448,18.682009768699448,0.0,1
clean,0.125,0.1,18,HistGB,HistGB,17.15936754113902,17.15936754113902,0.0,1
clean,0.125,0.1,19,HistGB,HistGB,16.832397587873736,16.832397587873736,0.0,1
clean,0.125,0.1,20,HistGB,HistGB,17.57369629098549,17.57369629098549,0.0,1
clean,0.125,0.1,21,HistGB,HistGB,18.21056570240688,18.21056570240688,0.0,1
clean,0.125,0.1,22,HistGB,HistGB,17.918651632655692,17.918651632655692,0.0,1
clean,0.125,0.1,23,HistGB,HistGB,17.87434674116678,17.87434674116678,0.0,1
clean,0.125,0.1,24,HistGB,HistGB,17.41484728033265,17.41484728033265,0.0,1
clean,0.125,0.15,0,HistGB,HistGB,17.541973445772758,17.541973445772758,0.0,1
clean,0.125,0.15,1,HistGB,HistGB,19.010878031887327,19.010878031887327,0.0,1
clean,0.125,0.15,2,HistGB,HistGB,17.80100779364431,17.80100779364431,0.0,1
clean,0.125,0.15,3,HistGB,HistGB,18.01452453786513,18.01452453786513,0.0,1
clean,0.125,0.15,4,HistGB,HistGB,17.437948123990314,17.437948123990314,0.0,1
clean,0.125,0.15,5,HistGB,HistGB,18.58285094234233,18.58285094234233,0.0,1
clean,0.125,0.15,6,HistGB,KNN,20.66574103016756,20.55617663708099,0.1095643930865684,0
clean,0.125,0.15,7,HistGB,HistGB,17.529586892481948,17.529586892481948,0.0,1
clean,0.125,0.15,8,HistGB,HistGB,17.8122895281797,17.8122895281797,0.0,1
clean,0.125,0.15,9,HistGB,HistGB,18.495670339370204,18.495670339370204,0.0,1
clean,0.125,0.15,10,HistGB,RandomForest,17.97117283362848,17.920692448422127,0.05048038520635245,0
clean,0.125,0.15,11,HistGB,RandomForest,17.484846230170547,17.41666006093395,0.06818616923659704,0
clean,0.125,0.15,12,HistGB,HistGB,17.466672392177024,17.466672392177024,0.0,1
clean,0.125,0.15,13,HistGB,HistGB,18.257215445819707,18.257215445819707,0.0,1
clean,0.125,0.15,14,HistGB,HistGB,18.137408455216548,18.137408455216548,0.0,1
clean,0.125,0.15,15,HistGB,HistGB,18.107544438260927,18.107544438260927,0.0,1
clean,0.125,0.15,16,HistGB,HistGB,18.78614046980045,18.78614046980045,0.0,1
clean,0.125,0.15,17,HistGB,HistGB,20.041240568377912,20.041240568377912,0.0,1
clean,0.125,0.15,18,HistGB,HistGB,18.367784803289087,18.367784803289087,0.0,1
clean,0.125,0.15,19,HistGB,HistGB,18.104123699192264,18.104123699192264,0.0,1
clean,0.125,0.15,20,HistGB,HistGB,18.801855062804623,18.801855062804623,0.0,1
clean,0.125,0.15,21,HistGB,HistGB,19.59619733176809,19.59619733176809,0.0,1
clean,0.125,0.15,22,HistGB,HistGB,19.298586066791096,19.298586066791096,0.0,1
clean,0.125,0.15,23,HistGB,HistGB,19.173574821481136,19.173574821481136,0.0,1
clean,0.125,0.15,24,HistGB,HistGB,18.65781447093841,18.65781447093841,0.0,1
clean,0.125,0.19,0,HistGB,HistGB,18.928739010266547,18.928739010266547,0.0,1
clean,0.125,0.19,1,HistGB,HistGB,20.143835873105846,20.143835873105846,0.0,1
clean,0.125,0.19,2,HistGB,RandomForest,19.26838422455713,19.25223313590072,0.016151088656410906,0
clean,0.125,0.19,3,HistGB,HistGB,19.443279896968026,19.443279896968026,0.0,1
clean,0.125,0.19,4,HistGB,HistGB,18.91392220590144,18.91392220590144,0.0,1
clean,0.125,0.19,5,HistGB,HistGB,19.95917516081851,19.95917516081851,0.0,1
clean,0.125,0.19,6,HistGB,KNN,21.81613605324205,21.221317844771534,0.5948182084705174,0
clean,0.125,0.19,7,HistGB,HistGB,18.7343657051764,18.7343657051764,0.0,1
clean,0.125,0.19,8,HistGB,HistGB,19.090144255140743,19.090144255140743,0.0,1
clean,0.125,0.19,9,HistGB,HistGB,19.75986807523372,19.75986807523372,0.0,1
clean,0.125,0.19,10,HistGB,RandomForest,19.228897842651488,19.11294703331267,0.11595080933881974,0
clean,0.125,0.19,11,HistGB,HistGB,18.667847445401883,18.667847445401883,0.0,1
clean,0.125,0.19,12,HistGB,HistGB,18.74800249831791,18.74800249831791,0.0,1
clean,0.125,0.19,13,HistGB,HistGB,19.487413662156857,19.487413662156857,0.0,1
clean,0.125,0.19,14,HistGB,HistGB,19.805729525276647,19.805729525276647,0.0,1
clean,0.125,0.19,15,HistGB,HistGB,19.53354628711148,19.53354628711148,0.0,1
clean,0.125,0.19,16,HistGB,HistGB,20.42138389973512,20.42138389973512,0.0,1
clean,0.125,0.19,17,HistGB,HistGB,21.336585653266862,21.336585653266862,0.0,1
clean,0.125,0.19,18,HistGB,HistGB,19.63875503262111,19.63875503262111,0.0,1
clean,0.125,0.19,19,HistGB,HistGB,19.237587544515986,19.237587544515986,0.0,1
clean,0.125,0.19,20,HistGB,HistGB,19.92591817042073,19.92591817042073,0.0,1
clean,0.125,0.19,21,HistGB,HistGB,21.007827210990577,21.007827210990577,0.0,1
clean,0.125,0.19,22,HistGB,HistGB,20.67660900892144,20.67660900892144,0.0,1
clean,0.125,0.19,23,HistGB,RandomForest,20.6083352155968,20.554130699292205,0.05420451630459411,0
clean,0.125,0.19,24,HistGB,HistGB,19.83663934120755,19.83663934120755,0.0,1
clean,0.125,0.2,0,HistGB,HistGB,19.31695977824297,19.31695977824297,0.0,1
clean,0.125,0.2,1,HistGB,HistGB,20.633704058890523,20.633704058890523,0.0,1
clean,0.125,0.2,2,HistGB,RandomForest,19.60198171985055,19.530966200000307,0.07101551985024201,0
clean,0.125,0.2,3,HistGB,HistGB,19.40246723251745,19.40246723251745,0.0,1
clean,0.125,0.2,4,HistGB,HistGB,19.19879919002628,19.19879919002628,0.0,1
clean,0.125,0.2,5,HistGB,HistGB,20.309646525902178,20.309646525902178,0.0,1
clean,0.125,0.2,6,HistGB,KNN,22.22715469741236,21.45106211319845,0.7760925842139095,0
clean,0.125,0.2,7,HistGB,KNN,19.087134768957217,18.91466158420148,0.17247318475573792,0
clean,0.125,0.2,8,HistGB,HistGB,19.353522301384245,19.353522301384245,0.0,1
clean,0.125,0.2,9,HistGB,HistGB,20.244280483753503,20.244280483753503,0.0,1
clean,0.125,0.2,10,HistGB,RandomForest,19.482679894775195,19.397262692891125,0.08541720188406998,0
clean,0.125,0.2,11,HistGB,HistGB,18.81764877008533,18.81764877008533,0.0,1
clean,0.125,0.2,12,HistGB,HistGB,19.156116543683805,19.156116543683805,0.0,1
clean,0.125,0.2,13,HistGB,HistGB,20.01349433745357,20.01349433745357,0.0,1
clean,0.125,0.2,14,HistGB,HistGB,20.033455238923583,20.033455238923583,0.0,1
clean,0.125,0.2,15,HistGB,KNN,19.86983031134916,19.770319702527317,0.09951060882184137,0
clean,0.125,0.2,16,HistGB,HistGB,20.56981023209017,20.56981023209017,0.0,1
clean,0.125,0.2,17,HistGB,KNN,21.90020836235615,21.8467341910282,0.05347417132794874,0
clean,0.125,0.2,18,HistGB,KNN,20.13102128441388,20.099350238418523,0.031671045995356195,0
clean,0.125,0.2,19,HistGB,HistGB,19.59435135708357,19.59435135708357,0.0,1
clean,0.125,0.2,20,HistGB,HistGB,20.38206963513907,20.38206963513907,0.0,1
clean,0.125,0.2,21,HistGB,HistGB,21.186528023649814,21.186528023649814,0.0,1
clean,0.125,0.2,22,HistGB,HistGB,20.970762127732502,20.970762127732502,0.0,1
clean,0.125,0.2,23,HistGB,HistGB,20.731601966614555,20.731601966614555,0.0,1
clean,0.125,0.2,24,HistGB,HistGB,20.04810559903347,20.04810559903347,0.0,1
clean,0.125,0.21,0,HistGB,KNN,19.712347729890087,19.62070076050922,0.09164696938086792,0
clean,0.125,0.21,1,HistGB,HistGB,20.883479751389164,20.883479751389164,0.0,1
clean,0.125,0.21,2,HistGB,RandomForest,19.80436562213185,19.776411638303763,0.02795398382808756,0
clean,0.125,0.21,3,HistGB,HistGB,19.79962845112105,19.79962845112105,0.0,1
clean,0.125,0.21,4,HistGB,HistGB,19.524084711512717,19.524084711512717,0.0,1
clean,0.125,0.21,5,HistGB,HistGB,20.691741037075957,20.691741037075957,0.0,1
clean,0.125,0.21,6,HistGB,KNN,22.638128623682924,21.735449205266427,0.902679418416497,0
clean,0.125,0.21,7,HistGB,KNN,19.563223774521383,19.129134412148225,0.43408936237315743,0
clean,0.125,0.21,8,HistGB,KNN,19.949149133827166,19.754159286311616,0.1949898475155507,0
clean,0.125,0.21,9,HistGB,HistGB,20.53946391412387,20.53946391412387,0.0,1
clean,0.125,0.21,10,HistGB,RandomForest,19.791512389893278,19.766638000384397,0.024874389508880768,0
clean,0.125,0.21,11,HistGB,HistGB,19.12476153385831,19.12476153385831,0.0,1
clean,0.125,0.21,12,HistGB,HistGB,19.62285011346803,19.62285011346803,0.0,1
clean,0.125,0.21,13,HistGB,HistGB,20.1912750022628,20.1912750022628,0.0,1
clean,0.125,0.21,14,HistGB,HistGB,20.17871752830445,20.17871752830445,0.0,1
clean,0.125,0.21,15,HistGB,KNN,20.35635435076348,20.008689836811453,0.3476645139520258,0
clean,0.125,0.21,16,HistGB,RandomForest,20.844016484607646,20.833181161887754,0.010835322719891849,0
clean,0.125,0.21,17,HistGB,KNN,22.20143236502758,21.9739723674224,0.22745999760517677,0
clean,0.125,0.21,18,HistGB,KNN,20.435337004508213,20.18731917985644,0.2480178246517717,0
clean,0.125,0.21,19,HistGB,HistGB,19.97509701714303,19.97509701714303,0.0,1
clean,0.125,0.21,20,HistGB,HistGB,20.63839378129152,20.63839378129152,0.0,1
clean,0.125,0.21,21,HistGB,HistGB,21.40956894525845,21.40956894525845,0.0,1
clean,0.125,0.21,22,HistGB,KNN,21.279054027647227,21.24068021908822,0.03837380855900818,0
clean,0.125,0.21,23,HistGB,HistGB,21.073886705689358,21.073886705689358,0.0,1
clean,0.125,0.21,24,HistGB,HistGB,20.58508699071329,20.58508699071329,0.0,1
clean,0.125,0.24,0,HistGB,KNN,20.982521657856744,20.33664056590208,0.6458810919546636,0
clean,0.125,0.24,1,HistGB,KNN,22.064357590263988,21.92280236504782,0.1415552252161696,0
clean,0.125,0.24,2,HistGB,KNN,20.79592375371037,20.741214770005676,0.05470898370469257,0
clean,0.125,0.24,3,HistGB,KNN,20.84463885093164,20.4321294687124,0.41250938221924116,0
clean,0.125,0.24,4,HistGB,HistGB,20.575640835804094,20.575640835804094,0.0,1
clean,0.125,0.24,5,HistGB,KNN,21.85542178703425,21.582918404859733,0.2725033821745164,0
clean,0.125,0.24,6,HistGB,KNN,24.16724330250814,22.650935540068332,1.5163077624398085,0
clean,0.125,0.24,7,HistGB,KNN,20.526325030059937,19.87952199459999,0.6468030354599463,0
clean,0.125,0.24,8,HistGB,KNN,21.085049356636727,20.522281621260348,0.5627677353763794,0
clean,0.125,0.24,9,HistGB,HistGB,21.50120439198769,21.50120439198769,0.0,1
clean,0.125,0.24,10,HistGB,HistGB,20.799187355071187,20.799187355071187,0.0,1
clean,0.125,0.24,11,HistGB,RandomForest,20.46050823698773,20.371659546986443,0.08884869000128859,0
clean,0.125,0.24,12,HistGB,KNN,20.42873796577705,20.153818096825816,0.2749198689512333,0
clean,0.125,0.24,13,HistGB,HistGB,21.2669017233842,21.2669017233842,0.0,1
clean,0.125,0.24,14,HistGB,KNN,21.462084175510437,21.3226337532928,0.1394504222176387,0
clean,0.125,0.24,15,HistGB,KNN,21.109553749660595,20.52767563958444,0.5818781100761541,0
clean,0.125,0.24,16,HistGB,KNN,22.00953698747326,21.60327312063129,0.4062638668419716,0
clean,0.125,0.24,17,HistGB,KNN,23.25946017164457,22.6236646265378,0.6357955451067703,0
clean,0.125,0.24,18,HistGB,KNN,21.322163342513168,20.865332927318907,0.45683041519426126,0
clean,0.125,0.24,19,HistGB,KNN,20.93072529938225,20.611027408455104,0.31969789092714507,0
clean,0.125,0.24,20,HistGB,KNN,21.74925183304476,21.538000917902348,0.21125091514241134,0
clean,0.125,0.24,21,HistGB,KNN,22.651067969927944,22.618736893558317,0.03233107636962629,0
clean,0.125,0.24,22,HistGB,KNN,22.46146878945244,22.050215114306518,0.4112536751459217,0
clean,0.125,0.24,23,HistGB,KNN,22.339223359037533,22.08033187991192,0.2588914791256123,0
clean,0.125,0.24,24,HistGB,HistGB,21.588328318789458,21.588328318789458,0.0,1
clean,0.125,0.32,0,HistGB,KNN,24.12467046999476,22.3410975641612,1.7835729058335623,0
clean,0.125,0.32,1,HistGB,KNN,25.77070627354392,24.167646892408506,1.603059381135413,0
clean,0.125,0.32,2,HistGB,KNN,24.59572377329288,23.22830694722482,1.3674168260680624,0
clean,0.125,0.32,3,HistGB,KNN,24.09274391415105,22.651724084282822,1.4410198298682282,0
clean,0.125,0.32,4,HistGB,KNN,23.90705141032773,22.899209031890777,1.0078423784369512,0
clean,0.125,0.32,5,HistGB,KNN,25.212724593070813,23.74077037955543,1.4719542135153851,0
clean,0.125,0.32,6,HistGB,KNN,27.269805798524292,24.58426841601279,2.6855373825115016,0
clean,0.125,0.32,7,HistGB,KNN,23.968635975943368,21.897619039501325,2.0710169364420423,0
clean,0.125,0.32,8,HistGB,KNN,24.47320734454739,22.56198727539633,1.9112200691510601,0
clean,0.125,0.32,9,HistGB,KNN,24.803594090704078,23.726477980773108,1.0771161099309694,0
clean,0.125,0.32,10,HistGB,KNN,24.47934381390138,23.392268978535643,1.087074835365737,0
clean,0.125,0.32,11,HistGB,KNN,23.72661797910468,22.911206803547127,0.8154111755575535,0
clean,0.125,0.32,12,HistGB,KNN,24.111346473464494,22.468416540666528,1.6429299327979656,0
clean,0.125,0.32,13,HistGB,KNN,24.99542252363374,23.978926219057577,1.0164963045761617,0
clean,0.125,0.32,14,HistGB,KNN,24.742605611228107,23.408361493293267,1.3342441179348405,0
clean,0.125,0.32,15,HistGB,KNN,24.416176662644283,22.5382140343824,1.8779626282618835,0
clean,0.125,0.32,16,HistGB,KNN,25.54446516039962,23.889956814327707,1.654508346071914,0
clean,0.125,0.32,17,HistGB,KNN,26.4958612951784,24.784073695291784,1.711787599886616,0
clean,0.125,0.32,18,HistGB,KNN,24.88464519023908,23.16494399329765,1.719701196941429,0
clean,0.125,0.32,19,HistGB,KNN,24.573643527987716,22.967426539513063,1.606216988474653,0
clean,0.125,0.32,20,HistGB,KNN,25.04910344930528,23.79135534710681,1.257748102198473,0
clean,0.125,0.32,21,HistGB,KNN,26.31016837981644,24.97102970206068,1.3391386777557592,0
clean,0.125,0.32,22,HistGB,KNN,26.098178562014315,24.39051221352639,1.7076663484879262,0
clean,0.125,0.32,23,HistGB,KNN,25.557866068906574,24.187060837810005,1.3708052310965684,0
clean,0.125,0.32,24,HistGB,KNN,25.003697301266914,24.039705867231064,0.9639914340358509,0
clean,0.125,0.4,0,HistGB,KNN,28.049609361827816,25.10814862318806,2.941460738639755,0
clean,0.125,0.4,1,HistGB,KNN,29.31611875614641,26.672735103263133,2.6433836528832764,0
clean,0.125,0.4,2,HistGB,KNN,28.384727103233185,25.81692397000759,2.5678031332255955,0
clean,0.125,0.4,3,HistGB,KNN,28.010289959071308,25.423661872844157,2.586628086227151,0
clean,0.125,0.4,4,HistGB,KNN,28.31516006865912,25.844904882373577,2.470255186285545,0
clean,0.125,0.4,5,HistGB,KNN,29.138612727054603,26.34733170986748,2.7912810171871243,0
clean,0.125,0.4,6,HistGB,KNN,31.47206094214324,27.471419439501894,4.000641502641347,0
clean,0.125,0.4,7,HistGB,KNN,27.888774713460062,24.65403390525961,3.2347408082004527,0
clean,0.125,0.4,8,HistGB,KNN,28.11039177616971,25.132597624958056,2.977794151211654,0
clean,0.125,0.4,9,HistGB,KNN,29.266611766794703,26.551948517294797,2.714663249499907,0
clean,0.125,0.4,10,HistGB,KNN,27.891574895247988,25.81186367292943,2.079711222318558,0
clean,0.125,0.4,11,HistGB,KNN,27.79176127114822,25.676760069446004,2.115001201702217,0
clean,0.125,0.4,12,HistGB,KNN,28.33763090957668,25.233865931244623,3.103764978332059,0
clean,0.125,0.4,13,HistGB,KNN,28.798902297381467,26.54460857267338,2.254293724708088,0
clean,0.125,0.4,14,HistGB,KNN,29.211910296743884,26.522075989221285,2.6898343075225988,0
clean,0.125,0.4,15,HistGB,KNN,28.65193876540236,25.34232298472043,3.3096157806819306,0
clean,0.125,0.4,16,HistGB,KNN,30.078513900930812,26.84998999315152,3.228523907779291,0
clean,0.125,0.4,17,HistGB,KNN,30.5095007137395,27.506923656523504,3.002577057215994,0
clean,0.125,0.4,18,HistGB,KNN,28.915144639978127,25.751301404565957,3.1638432354121697,0
clean,0.125,0.4,19,HistGB,KNN,28.586058710871352,25.36051788480377,3.225540826067583,0
clean,0.125,0.4,20,HistGB,KNN,28.90296152191095,26.323880275010467,2.5790812469004827,0
clean,0.125,0.4,21,HistGB,KNN,30.33042188933338,27.56509882832943,2.7653230610039508,0
clean,0.125,0.4,22,HistGB,KNN,30.205591444939312,26.97384541341878,3.231746031520533,0
clean,0.125,0.4,23,HistGB,KNN,29.56692175934774,26.81887054429276,2.7480512150549785,0
clean,0.125,0.4,24,HistGB,KNN,29.05916420698302,26.826243061722764,2.2329211452602564,0
clean,0.125,0.5,0,HistGB,KNN,34.3356818953042,29.36104864314475,4.97463325215945,0
clean,0.125,0.5,1,HistGB,KNN,35.45798108963929,30.78564658343057,4.6723345062087205,0
clean,0.125,0.5,2,HistGB,KNN,34.576328258809134,30.042510211973912,4.533818046835222,0
clean,0.125,0.5,3,HistGB,KNN,34.792656147750726,29.873883258001964,4.918772889748762,0
clean,0.125,0.5,4,HistGB,KNN,34.238497999689834,29.807820739177387,4.4306772605124465,0
clean,0.125,0.5,5,HistGB,KNN,35.27559090791475,30.71450700402392,4.561083903890829,0
clean,0.125,0.5,6,HistGB,KNN,37.69306887075829,31.49381187242601,6.199256998332277,0
clean,0.125,0.5,7,HistGB,KNN,33.714303799759946,28.83981311651348,4.874490683246467,0
clean,0.125,0.5,8,HistGB,KNN,34.41627098104753,29.623591813472316,4.792679167575216,0
clean,0.125,0.5,9,HistGB,KNN,34.73783599713518,30.300257701423387,4.437578295711791,0
clean,0.125,0.5,10,HistGB,KNN,33.910208514081305,29.824404136662483,4.085804377418821,0
clean,0.125,0.5,11,HistGB,KNN,33.62775139723734,29.60491639036404,4.022835006873301,0
clean,0.125,0.5,12,HistGB,KNN,34.021207929695294,29.14937495424439,4.8718329754509035,0
clean,0.125,0.5,13,HistGB,KNN,34.977502260566304,30.73761449320112,4.2398877673651825,0
clean,0.125,0.5,14,HistGB,KNN,34.802166158897485,30.22898594801385,4.573180210883635,0
clean,0.125,0.5,15,HistGB,KNN,34.57634793205066,29.482012823758883,5.0943351082917765,0
clean,0.125,0.5,16,HistGB,KNN,35.87939472326243,31.00229592672065,4.87709879654178,0
clean,0.125,0.5,17,HistGB,KNN,36.963845356749495,32.00073805865598,4.963107298093512,0
clean,0.125,0.5,18,HistGB,KNN,34.50305373795179,29.334123989500338,5.1689297484514505,0
clean,0.125,0.5,19,HistGB,KNN,34.60327848170751,29.727904717251747,4.875373764455766,0
clean,0.125,0.5,20,HistGB,KNN,34.325370645190155,30.386612943510592,3.938757701679563,0
clean,0.125,0.5,21,HistGB,KNN,36.63164043905123,32.05521614959351,4.576424289457719,0
clean,0.125,0.5,22,HistGB,KNN,36.0951832132667,30.834582638855917,5.260600574410784,0
clean,0.125,0.5,23,HistGB,KNN,35.70825739251677,31.138388285827343,4.569869106689428,0
clean,0.125,0.5,24,HistGB,KNN,34.82354914689996,30.66380562129224,4.159743525607716,0
clean,0.15,0.0,0,HistGB,HistGB,11.76015510447522,11.76015510447522,0.0,1
clean,0.15,0.0,1,HistGB,HistGB,13.73168860179165,13.73168860179165,0.0,1
clean,0.15,0.0,2,HistGB,HistGB,12.03246102203424,12.03246102203424,0.0,1
clean,0.15,0.0,3,HistGB,HistGB,12.507296971676508,12.507296971676508,0.0,1
clean,0.15,0.0,4,HistGB,HistGB,11.663767967150225,11.663767967150225,0.0,1
clean,0.15,0.0,5,HistGB,HistGB,12.788000461342667,12.788000461342667,0.0,1
clean,0.15,0.0,6,HistGB,HistGB,15.137088661400586,15.137088661400586,0.0,1
clean,0.15,0.0,7,HistGB,HistGB,11.832086758523523,11.832086758523523,0.0,1
clean,0.15,0.0,8,HistGB,HistGB,11.80698803744633,11.80698803744633,0.0,1
clean,0.15,0.0,9,HistGB,HistGB,12.556532991757797,12.556532991757797,0.0,1
clean,0.15,0.0,10,HistGB,HistGB,12.006766732493656,12.006766732493656,0.0,1
clean,0.15,0.0,11,HistGB,HistGB,11.346172695771273,11.346172695771273,0.0,1
clean,0.15,0.0,12,HistGB,HistGB,11.53607012306929,11.53607012306929,0.0,1
clean,0.15,0.0,13,HistGB,HistGB,12.501230435307573,12.501230435307573,0.0,1
clean,0.15,0.0,14,HistGB,HistGB,12.374390426143172,12.374390426143172,0.0,1
clean,0.15,0.0,15,HistGB,HistGB,12.425630433445932,12.425630433445932,0.0,1
clean,0.15,0.0,16,HistGB,HistGB,13.0920493003693,13.0920493003693,0.0,1
clean,0.15,0.0,17,HistGB,HistGB,14.474854688524555,14.474854688524555,0.0,1
clean,0.15,0.0,18,HistGB,HistGB,12.72431903276434,12.72431903276434,0.0,1
clean,0.15,0.0,19,HistGB,HistGB,12.38932481964971,12.38932481964971,0.0,1
clean,0.15,0.0,20,HistGB,HistGB,13.18137194824744,13.18137194824744,0.0,1
clean,0.15,0.0,21,HistGB,HistGB,13.996657000066351,13.996657000066351,0.0,1
clean,0.15,0.0,22,HistGB,HistGB,13.811627922541728,13.811627922541728,0.0,1
clean,0.15,0.0,23,HistGB,HistGB,13.32873782866024,13.32873782866024,0.0,1
clean,0.15,0.0,24,HistGB,HistGB,13.136467261751262,13.136467261751262,0.0,1
clean,0.15,0.025,0,HistGB,HistGB,13.790624657970188,13.790624657970188,0.0,1
clean,0.15,0.025,1,HistGB,HistGB,15.569190624933023,15.569190624933023,0.0,1
clean,0.15,0.025,2,HistGB,HistGB,14.088427543524208,14.088427543524208,0.0,1
clean,0.15,0.025,3,HistGB,HistGB,14.466111791412365,14.466111791412365,0.0,1
clean,0.15,0.025,4,HistGB,HistGB,13.735054816062018,13.735054816062018,0.0,1
clean,0.15,0.025,5,HistGB,HistGB,14.867893327492942,14.867893327492942,0.0,1
clean,0.15,0.025,6,HistGB,HistGB,17.17176789089314,17.17176789089314,0.0,1
clean,0.15,0.025,7,HistGB,HistGB,13.928703035242147,13.928703035242147,0.0,1
clean,0.15,0.025,8,HistGB,HistGB,14.035703406909802,14.035703406909802,0.0,1
clean,0.15,0.025,9,HistGB,HistGB,14.77125823960297,14.77125823960297,0.0,1
clean,0.15,0.025,10,HistGB,HistGB,14.180458644223837,14.180458644223837,0.0,1
clean,0.15,0.025,11,HistGB,HistGB,13.50742579877159,13.50742579877159,0.0,1
clean,0.15,0.025,12,HistGB,HistGB,13.758001907403685,13.758001907403685,0.0,1
clean,0.15,0.025,13,HistGB,HistGB,14.626656518553975,14.626656518553975,0.0,1
clean,0.15,0.025,14,HistGB,HistGB,14.533640708116964,14.533640708116964,0.0,1
clean,0.15,0.025,15,HistGB,HistGB,14.46272762558578,14.46272762558578,0.0,1
clean,0.15,0.025,16,HistGB,HistGB,15.171306018649071,15.171306018649071,0.0,1
clean,0.15,0.025,17,HistGB,HistGB,16.52161216946523,16.52161216946523,0.0,1
clean,0.15,0.025,18,HistGB,HistGB,14.780199693916028,14.780199693916028,0.0,1
clean,0.15,0.025,19,HistGB,HistGB,14.493836285631524,14.493836285631524,0.0,1
clean,0.15,0.025,20,HistGB,HistGB,15.368108126940594,15.368108126940594,0.0,1
clean,0.15,0.025,21,HistGB,HistGB,16.055770073743247,16.055770073743247,0.0,1
clean,0.15,0.025,22,HistGB,HistGB,15.713546741354476,15.713546741354476,0.0,1
clean,0.15,0.025,23,HistGB,HistGB,15.55503612142687,15.55503612142687,0.0,1
clean,0.15,0.025,24,HistGB,HistGB,15.081413399945886,15.081413399945886,0.0,1
clean,0.15,0.1,0,HistGB,HistGB,16.06918849714951,16.06918849714951,0.0,1
clean,0.15,0.1,1,HistGB,HistGB,17.715227486371926,17.715227486371926,0.0,1
clean,0.15,0.1,2,HistGB,HistGB,16.59812152428756,16.59812152428756,0.0,1
clean,0.15,0.1,3,HistGB,HistGB,16.681998568610286,16.681998568610286,0.0,1
clean,0.15,0.1,4,HistGB,HistGB,16.108514635915505,16.108514635915505,0.0,1
clean,0.15,0.1,5,HistGB,HistGB,17.268672823209283,17.268672823209283,0.0,1
clean,0.15,0.1,6,HistGB,HistGB,19.40432003734352,19.40432003734352,0.0,1
clean,0.15,0.1,7,HistGB,HistGB,16.082236395832705,16.082236395832705,0.0,1
clean,0.15,0.1,8,HistGB,HistGB,16.407129732211875,16.407129732211875,0.0,1
clean,0.15,0.1,9,HistGB,HistGB,17.16320210267766,17.16320210267766,0.0,1
clean,0.15,0.1,10,HistGB,HistGB,16.50268958110556,16.50268958110556,0.0,1
clean,0.15,0.1,11,HistGB,HistGB,15.964533676765804,15.964533676765804,0.0,1
clean,0.15,0.1,12,HistGB,HistGB,15.955340858425544,15.955340858425544,0.0,1
clean,0.15,0.1,13,HistGB,HistGB,16.931967619416174,16.931967619416174,0.0,1
clean,0.15,0.1,14,HistGB,HistGB,16.92890955586985,16.92890955586985,0.0,1
clean,0.15,0.1,15,HistGB,HistGB,16.861669366598026,16.861669366598026,0.0,1
clean,0.15,0.1,16,HistGB,HistGB,17.657517204616237,17.657517204616237,0.0,1
clean,0.15,0.1,17,HistGB,HistGB,18.682009768699448,18.682009768699448,0.0,1
clean,0.15,0.1,18,HistGB,HistGB,17.15936754113902,17.15936754113902,0.0,1
clean,0.15,0.1,19,HistGB,HistGB,16.832397587873736,16.832397587873736,0.0,1
clean,0.15,0.1,20,HistGB,HistGB,17.57369629098549,17.57369629098549,0.0,1
clean,0.15,0.1,21,HistGB,HistGB,18.21056570240688,18.21056570240688,0.0,1
clean,0.15,0.1,22,HistGB,HistGB,17.918651632655692,17.918651632655692,0.0,1
clean,0.15,0.1,23,HistGB,HistGB,17.87434674116678,17.87434674116678,0.0,1
clean,0.15,0.1,24,HistGB,HistGB,17.41484728033265,17.41484728033265,0.0,1
clean,0.15,0.15,0,HistGB,HistGB,17.541973445772758,17.541973445772758,0.0,1
clean,0.15,0.15,1,HistGB,HistGB,19.010878031887327,19.010878031887327,0.0,1
clean,0.15,0.15,2,HistGB,HistGB,17.80100779364431,17.80100779364431,0.0,1
clean,0.15,0.15,3,HistGB,HistGB,18.01452453786513,18.01452453786513,0.0,1
clean,0.15,0.15,4,HistGB,HistGB,17.437948123990314,17.437948123990314,0.0,1
clean,0.15,0.15,5,HistGB,HistGB,18.58285094234233,18.58285094234233,0.0,1
clean,0.15,0.15,6,HistGB,KNN,20.66574103016756,20.55617663708099,0.1095643930865684,0
clean,0.15,0.15,7,HistGB,HistGB,17.529586892481948,17.529586892481948,0.0,1
clean,0.15,0.15,8,HistGB,HistGB,17.8122895281797,17.8122895281797,0.0,1
clean,0.15,0.15,9,HistGB,HistGB,18.495670339370204,18.495670339370204,0.0,1
clean,0.15,0.15,10,HistGB,RandomForest,17.97117283362848,17.920692448422127,0.05048038520635245,0
clean,0.15,0.15,11,HistGB,RandomForest,17.484846230170547,17.41666006093395,0.06818616923659704,0
clean,0.15,0.15,12,HistGB,HistGB,17.466672392177024,17.466672392177024,0.0,1
clean,0.15,0.15,13,HistGB,HistGB,18.257215445819707,18.257215445819707,0.0,1
clean,0.15,0.15,14,HistGB,HistGB,18.137408455216548,18.137408455216548,0.0,1
clean,0.15,0.15,15,HistGB,HistGB,18.107544438260927,18.107544438260927,0.0,1
clean,0.15,0.15,16,HistGB,HistGB,18.78614046980045,18.78614046980045,0.0,1
clean,0.15,0.15,17,HistGB,HistGB,20.041240568377912,20.041240568377912,0.0,1
clean,0.15,0.15,18,HistGB,HistGB,18.367784803289087,18.367784803289087,0.0,1
clean,0.15,0.15,19,HistGB,HistGB,18.104123699192264,18.104123699192264,0.0,1
clean,0.15,0.15,20,HistGB,HistGB,18.801855062804623,18.801855062804623,0.0,1
clean,0.15,0.15,21,HistGB,HistGB,19.59619733176809,19.59619733176809,0.0,1
clean,0.15,0.15,22,HistGB,HistGB,19.298586066791096,19.298586066791096,0.0,1
clean,0.15,0.15,23,HistGB,HistGB,19.173574821481136,19.173574821481136,0.0,1
clean,0.15,0.15,24,HistGB,HistGB,18.65781447093841,18.65781447093841,0.0,1
clean,0.15,0.19,0,HistGB,HistGB,18.928739010266547,18.928739010266547,0.0,1
clean,0.15,0.19,1,HistGB,HistGB,20.143835873105846,20.143835873105846,0.0,1
clean,0.15,0.19,2,HistGB,RandomForest,19.26838422455713,19.25223313590072,0.016151088656410906,0
clean,0.15,0.19,3,HistGB,HistGB,19.443279896968026,19.443279896968026,0.0,1
clean,0.15,0.19,4,HistGB,HistGB,18.91392220590144,18.91392220590144,0.0,1
clean,0.15,0.19,5,HistGB,HistGB,19.95917516081851,19.95917516081851,0.0,1
clean,0.15,0.19,6,HistGB,KNN,21.81613605324205,21.221317844771534,0.5948182084705174,0
clean,0.15,0.19,7,HistGB,HistGB,18.7343657051764,18.7343657051764,0.0,1
clean,0.15,0.19,8,HistGB,HistGB,19.090144255140743,19.090144255140743,0.0,1
clean,0.15,0.19,9,HistGB,HistGB,19.75986807523372,19.75986807523372,0.0,1
clean,0.15,0.19,10,HistGB,RandomForest,19.228897842651488,19.11294703331267,0.11595080933881974,0
clean,0.15,0.19,11,HistGB,HistGB,18.667847445401883,18.667847445401883,0.0,1
clean,0.15,0.19,12,HistGB,HistGB,18.74800249831791,18.74800249831791,0.0,1
clean,0.15,0.19,13,HistGB,HistGB,19.487413662156857,19.487413662156857,0.0,1
clean,0.15,0.19,14,HistGB,HistGB,19.805729525276647,19.805729525276647,0.0,1
clean,0.15,0.19,15,HistGB,HistGB,19.53354628711148,19.53354628711148,0.0,1
clean,0.15,0.19,16,HistGB,HistGB,20.42138389973512,20.42138389973512,0.0,1
clean,0.15,0.19,17,HistGB,HistGB,21.336585653266862,21.336585653266862,0.0,1
clean,0.15,0.19,18,HistGB,HistGB,19.63875503262111,19.63875503262111,0.0,1
clean,0.15,0.19,19,HistGB,HistGB,19.237587544515986,19.237587544515986,0.0,1
clean,0.15,0.19,20,HistGB,HistGB,19.92591817042073,19.92591817042073,0.0,1
clean,0.15,0.19,21,HistGB,HistGB,21.007827210990577,21.007827210990577,0.0,1
clean,0.15,0.19,22,HistGB,HistGB,20.67660900892144,20.67660900892144,0.0,1
clean,0.15,0.19,23,HistGB,RandomForest,20.6083352155968,20.554130699292205,0.05420451630459411,0
clean,0.15,0.19,24,HistGB,HistGB,19.83663934120755,19.83663934120755,0.0,1
clean,0.15,0.2,0,HistGB,HistGB,19.31695977824297,19.31695977824297,0.0,1
clean,0.15,0.2,1,HistGB,HistGB,20.633704058890523,20.633704058890523,0.0,1
clean,0.15,0.2,2,HistGB,RandomForest,19.60198171985055,19.530966200000307,0.07101551985024201,0
clean,0.15,0.2,3,HistGB,HistGB,19.40246723251745,19.40246723251745,0.0,1
clean,0.15,0.2,4,HistGB,HistGB,19.19879919002628,19.19879919002628,0.0,1
clean,0.15,0.2,5,HistGB,HistGB,20.309646525902178,20.309646525902178,0.0,1
clean,0.15,0.2,6,HistGB,KNN,22.22715469741236,21.45106211319845,0.7760925842139095,0
clean,0.15,0.2,7,HistGB,KNN,19.087134768957217,18.91466158420148,0.17247318475573792,0
clean,0.15,0.2,8,HistGB,HistGB,19.353522301384245,19.353522301384245,0.0,1
clean,0.15,0.2,9,HistGB,HistGB,20.244280483753503,20.244280483753503,0.0,1
clean,0.15,0.2,10,HistGB,RandomForest,19.482679894775195,19.397262692891125,0.08541720188406998,0
clean,0.15,0.2,11,HistGB,HistGB,18.81764877008533,18.81764877008533,0.0,1
clean,0.15,0.2,12,HistGB,HistGB,19.156116543683805,19.156116543683805,0.0,1
clean,0.15,0.2,13,HistGB,HistGB,20.01349433745357,20.01349433745357,0.0,1
clean,0.15,0.2,14,HistGB,HistGB,20.033455238923583,20.033455238923583,0.0,1
clean,0.15,0.2,15,HistGB,KNN,19.86983031134916,19.770319702527317,0.09951060882184137,0
clean,0.15,0.2,16,HistGB,HistGB,20.56981023209017,20.56981023209017,0.0,1
clean,0.15,0.2,17,HistGB,KNN,21.90020836235615,21.8467341910282,0.05347417132794874,0
clean,0.15,0.2,18,HistGB,KNN,20.13102128441388,20.099350238418523,0.031671045995356195,0
clean,0.15,0.2,19,HistGB,HistGB,19.59435135708357,19.59435135708357,0.0,1
clean,0.15,0.2,20,HistGB,HistGB,20.38206963513907,20.38206963513907,0.0,1
clean,0.15,0.2,21,HistGB,HistGB,21.186528023649814,21.186528023649814,0.0,1
clean,0.15,0.2,22,HistGB,HistGB,20.970762127732502,20.970762127732502,0.0,1
clean,0.15,0.2,23,HistGB,HistGB,20.731601966614555,20.731601966614555,0.0,1
clean,0.15,0.2,24,HistGB,HistGB,20.04810559903347,20.04810559903347,0.0,1
clean,0.15,0.21,0,HistGB,KNN,19.712347729890087,19.62070076050922,0.09164696938086792,0
clean,0.15,0.21,1,HistGB,HistGB,20.883479751389164,20.883479751389164,0.0,1
clean,0.15,0.21,2,HistGB,RandomForest,19.80436562213185,19.776411638303763,0.02795398382808756,0
clean,0.15,0.21,3,HistGB,HistGB,19.79962845112105,19.79962845112105,0.0,1
clean,0.15,0.21,4,HistGB,HistGB,19.524084711512717,19.524084711512717,0.0,1
clean,0.15,0.21,5,HistGB,HistGB,20.691741037075957,20.691741037075957,0.0,1
clean,0.15,0.21,6,HistGB,KNN,22.638128623682924,21.735449205266427,0.902679418416497,0
clean,0.15,0.21,7,HistGB,KNN,19.563223774521383,19.129134412148225,0.43408936237315743,0
clean,0.15,0.21,8,HistGB,KNN,19.949149133827166,19.754159286311616,0.1949898475155507,0
clean,0.15,0.21,9,HistGB,HistGB,20.53946391412387,20.53946391412387,0.0,1
clean,0.15,0.21,10,HistGB,RandomForest,19.791512389893278,19.766638000384397,0.024874389508880768,0
clean,0.15,0.21,11,HistGB,HistGB,19.12476153385831,19.12476153385831,0.0,1
clean,0.15,0.21,12,HistGB,HistGB,19.62285011346803,19.62285011346803,0.0,1
clean,0.15,0.21,13,HistGB,HistGB,20.1912750022628,20.1912750022628,0.0,1
clean,0.15,0.21,14,HistGB,HistGB,20.17871752830445,20.17871752830445,0.0,1
clean,0.15,0.21,15,HistGB,KNN,20.35635435076348,20.008689836811453,0.3476645139520258,0
clean,0.15,0.21,16,HistGB,RandomForest,20.844016484607646,20.833181161887754,0.010835322719891849,0
clean,0.15,0.21,17,HistGB,KNN,22.20143236502758,21.9739723674224,0.22745999760517677,0
clean,0.15,0.21,18,HistGB,KNN,20.435337004508213,20.18731917985644,0.2480178246517717,0
clean,0.15,0.21,19,HistGB,HistGB,19.97509701714303,19.97509701714303,0.0,1
clean,0.15,0.21,20,HistGB,HistGB,20.63839378129152,20.63839378129152,0.0,1
clean,0.15,0.21,21,HistGB,HistGB,21.40956894525845,21.40956894525845,0.0,1
clean,0.15,0.21,22,HistGB,KNN,21.279054027647227,21.24068021908822,0.03837380855900818,0
clean,0.15,0.21,23,HistGB,HistGB,21.073886705689358,21.073886705689358,0.0,1
clean,0.15,0.21,24,HistGB,HistGB,20.58508699071329,20.58508699071329,0.0,1
clean,0.15,0.24,0,HistGB,KNN,20.982521657856744,20.33664056590208,0.6458810919546636,0
clean,0.15,0.24,1,HistGB,KNN,22.064357590263988,21.92280236504782,0.1415552252161696,0
clean,0.15,0.24,2,HistGB,KNN,20.79592375371037,20.741214770005676,0.05470898370469257,0
clean,0.15,0.24,3,HistGB,KNN,20.84463885093164,20.4321294687124,0.41250938221924116,0
clean,0.15,0.24,4,HistGB,HistGB,20.575640835804094,20.575640835804094,0.0,1
clean,0.15,0.24,5,HistGB,KNN,21.85542178703425,21.582918404859733,0.2725033821745164,0
clean,0.15,0.24,6,HistGB,KNN,24.16724330250814,22.650935540068332,1.5163077624398085,0
clean,0.15,0.24,7,HistGB,KNN,20.526325030059937,19.87952199459999,0.6468030354599463,0
clean,0.15,0.24,8,HistGB,KNN,21.085049356636727,20.522281621260348,0.5627677353763794,0
clean,0.15,0.24,9,HistGB,HistGB,21.50120439198769,21.50120439198769,0.0,1
clean,0.15,0.24,10,HistGB,HistGB,20.799187355071187,20.799187355071187,0.0,1
clean,0.15,0.24,11,HistGB,RandomForest,20.46050823698773,20.371659546986443,0.08884869000128859,0
clean,0.15,0.24,12,HistGB,KNN,20.42873796577705,20.153818096825816,0.2749198689512333,0
clean,0.15,0.24,13,HistGB,HistGB,21.2669017233842,21.2669017233842,0.0,1
clean,0.15,0.24,14,HistGB,KNN,21.462084175510437,21.3226337532928,0.1394504222176387,0
clean,0.15,0.24,15,HistGB,KNN,21.109553749660595,20.52767563958444,0.5818781100761541,0
clean,0.15,0.24,16,HistGB,KNN,22.00953698747326,21.60327312063129,0.4062638668419716,0
clean,0.15,0.24,17,HistGB,KNN,23.25946017164457,22.6236646265378,0.6357955451067703,0
clean,0.15,0.24,18,HistGB,KNN,21.322163342513168,20.865332927318907,0.45683041519426126,0
clean,0.15,0.24,19,HistGB,KNN,20.93072529938225,20.611027408455104,0.31969789092714507,0
clean,0.15,0.24,20,HistGB,KNN,21.74925183304476,21.538000917902348,0.21125091514241134,0
clean,0.15,0.24,21,HistGB,KNN,22.651067969927944,22.618736893558317,0.03233107636962629,0
clean,0.15,0.24,22,HistGB,KNN,22.46146878945244,22.050215114306518,0.4112536751459217,0
clean,0.15,0.24,23,HistGB,KNN,22.339223359037533,22.08033187991192,0.2588914791256123,0
clean,0.15,0.24,24,HistGB,HistGB,21.588328318789458,21.588328318789458,0.0,1
clean,0.15,0.32,0,HistGB,KNN,24.12467046999476,22.3410975641612,1.7835729058335623,0
clean,0.15,0.32,1,HistGB,KNN,25.77070627354392,24.167646892408506,1.603059381135413,0
clean,0.15,0.32,2,HistGB,KNN,24.59572377329288,23.22830694722482,1.3674168260680624,0
clean,0.15,0.32,3,HistGB,KNN,24.09274391415105,22.651724084282822,1.4410198298682282,0
clean,0.15,0.32,4,HistGB,KNN,23.90705141032773,22.899209031890777,1.0078423784369512,0
clean,0.15,0.32,5,HistGB,KNN,25.212724593070813,23.74077037955543,1.4719542135153851,0
clean,0.15,0.32,6,HistGB,KNN,27.269805798524292,24.58426841601279,2.6855373825115016,0
clean,0.15,0.32,7,HistGB,KNN,23.968635975943368,21.897619039501325,2.0710169364420423,0
clean,0.15,0.32,8,HistGB,KNN,24.47320734454739,22.56198727539633,1.9112200691510601,0
clean,0.15,0.32,9,HistGB,KNN,24.803594090704078,23.726477980773108,1.0771161099309694,0
clean,0.15,0.32,10,HistGB,KNN,24.47934381390138,23.392268978535643,1.087074835365737,0
clean,0.15,0.32,11,HistGB,KNN,23.72661797910468,22.911206803547127,0.8154111755575535,0
clean,0.15,0.32,12,HistGB,KNN,24.111346473464494,22.468416540666528,1.6429299327979656,0
clean,0.15,0.32,13,HistGB,KNN,24.99542252363374,23.978926219057577,1.0164963045761617,0
clean,0.15,0.32,14,HistGB,KNN,24.742605611228107,23.408361493293267,1.3342441179348405,0
clean,0.15,0.32,15,HistGB,KNN,24.416176662644283,22.5382140343824,1.8779626282618835,0
clean,0.15,0.32,16,HistGB,KNN,25.54446516039962,23.889956814327707,1.654508346071914,0
clean,0.15,0.32,17,HistGB,KNN,26.4958612951784,24.784073695291784,1.711787599886616,0
clean,0.15,0.32,18,HistGB,KNN,24.88464519023908,23.16494399329765,1.719701196941429,0
clean,0.15,0.32,19,HistGB,KNN,24.573643527987716,22.967426539513063,1.606216988474653,0
clean,0.15,0.32,20,HistGB,KNN,25.04910344930528,23.79135534710681,1.257748102198473,0
clean,0.15,0.32,21,HistGB,KNN,26.31016837981644,24.97102970206068,1.3391386777557592,0
clean,0.15,0.32,22,HistGB,KNN,26.098178562014315,24.39051221352639,1.7076663484879262,0
clean,0.15,0.32,23,HistGB,KNN,25.557866068906574,24.187060837810005,1.3708052310965684,0
clean,0.15,0.32,24,HistGB,KNN,25.003697301266914,24.039705867231064,0.9639914340358509,0
clean,0.15,0.4,0,HistGB,KNN,28.049609361827816,25.10814862318806,2.941460738639755,0
clean,0.15,0.4,1,HistGB,KNN,29.31611875614641,26.672735103263133,2.6433836528832764,0
clean,0.15,0.4,2,HistGB,KNN,28.384727103233185,25.81692397000759,2.5678031332255955,0
clean,0.15,0.4,3,HistGB,KNN,28.010289959071308,25.423661872844157,2.586628086227151,0
clean,0.15,0.4,4,HistGB,KNN,28.31516006865912,25.844904882373577,2.470255186285545,0
clean,0.15,0.4,5,HistGB,KNN,29.138612727054603,26.34733170986748,2.7912810171871243,0
clean,0.15,0.4,6,HistGB,KNN,31.47206094214324,27.471419439501894,4.000641502641347,0
clean,0.15,0.4,7,HistGB,KNN,27.888774713460062,24.65403390525961,3.2347408082004527,0
clean,0.15,0.4,8,HistGB,KNN,28.11039177616971,25.132597624958056,2.977794151211654,0
clean,0.15,0.4,9,HistGB,KNN,29.266611766794703,26.551948517294797,2.714663249499907,0
clean,0.15,0.4,10,HistGB,KNN,27.891574895247988,25.81186367292943,2.079711222318558,0
clean,0.15,0.4,11,HistGB,KNN,27.79176127114822,25.676760069446004,2.115001201702217,0
clean,0.15,0.4,12,HistGB,KNN,28.33763090957668,25.233865931244623,3.103764978332059,0
clean,0.15,0.4,13,HistGB,KNN,28.798902297381467,26.54460857267338,2.254293724708088,0
clean,0.15,0.4,14,HistGB,KNN,29.211910296743884,26.522075989221285,2.6898343075225988,0
clean,0.15,0.4,15,HistGB,KNN,28.65193876540236,25.34232298472043,3.3096157806819306,0
clean,0.15,0.4,16,HistGB,KNN,30.078513900930812,26.84998999315152,3.228523907779291,0
clean,0.15,0.4,17,HistGB,KNN,30.5095007137395,27.506923656523504,3.002577057215994,0
clean,0.15,0.4,18,HistGB,KNN,28.915144639978127,25.751301404565957,3.1638432354121697,0
clean,0.15,0.4,19,HistGB,KNN,28.586058710871352,25.36051788480377,3.225540826067583,0
clean,0.15,0.4,20,HistGB,KNN,28.90296152191095,26.323880275010467,2.5790812469004827,0
clean,0.15,0.4,21,HistGB,KNN,30.33042188933338,27.56509882832943,2.7653230610039508,0
clean,0.15,0.4,22,HistGB,KNN,30.205591444939312,26.97384541341878,3.231746031520533,0
clean,0.15,0.4,23,HistGB,KNN,29.56692175934774,26.81887054429276,2.7480512150549785,0
clean,0.15,0.4,24,HistGB,KNN,29.05916420698302,26.826243061722764,2.2329211452602564,0
clean,0.15,0.5,0,HistGB,KNN,34.3356818953042,29.36104864314475,4.97463325215945,0
clean,0.15,0.5,1,HistGB,KNN,35.45798108963929,30.78564658343057,4.6723345062087205,0
clean,0.15,0.5,2,HistGB,KNN,34.576328258809134,30.042510211973912,4.533818046835222,0
clean,0.15,0.5,3,HistGB,KNN,34.792656147750726,29.873883258001964,4.918772889748762,0
clean,0.15,0.5,4,HistGB,KNN,34.238497999689834,29.807820739177387,4.4306772605124465,0
clean,0.15,0.5,5,HistGB,KNN,35.27559090791475,30.71450700402392,4.561083903890829,0
clean,0.15,0.5,6,HistGB,KNN,37.69306887075829,31.49381187242601,6.199256998332277,0
clean,0.15,0.5,7,HistGB,KNN,33.714303799759946,28.83981311651348,4.874490683246467,0
clean,0.15,0.5,8,HistGB,KNN,34.41627098104753,29.623591813472316,4.792679167575216,0
clean,0.15,0.5,9,HistGB,KNN,34.73783599713518,30.300257701423387,4.437578295711791,0
clean,0.15,0.5,10,HistGB,KNN,33.910208514081305,29.824404136662483,4.085804377418821,0
clean,0.15,0.5,11,HistGB,KNN,33.62775139723734,29.60491639036404,4.022835006873301,0
clean,0.15,0.5,12,HistGB,KNN,34.021207929695294,29.14937495424439,4.8718329754509035,0
clean,0.15,0.5,13,HistGB,KNN,34.977502260566304,30.73761449320112,4.2398877673651825,0
clean,0.15,0.5,14,HistGB,KNN,34.802166158897485,30.22898594801385,4.573180210883635,0
clean,0.15,0.5,15,HistGB,KNN,34.57634793205066,29.482012823758883,5.0943351082917765,0
clean,0.15,0.5,16,HistGB,KNN,35.87939472326243,31.00229592672065,4.87709879654178,0
clean,0.15,0.5,17,HistGB,KNN,36.963845356749495,32.00073805865598,4.963107298093512,0
clean,0.15,0.5,18,HistGB,KNN,34.50305373795179,29.334123989500338,5.1689297484514505,0
clean,0.15,0.5,19,HistGB,KNN,34.60327848170751,29.727904717251747,4.875373764455766,0
clean,0.15,0.5,20,HistGB,KNN,34.325370645190155,30.386612943510592,3.938757701679563,0
clean,0.15,0.5,21,HistGB,KNN,36.63164043905123,32.05521614959351,4.576424289457719,0
clean,0.15,0.5,22,HistGB,KNN,36.0951832132667,30.834582638855917,5.260600574410784,0
clean,0.15,0.5,23,HistGB,KNN,35.70825739251677,31.138388285827343,4.569869106689428,0
clean,0.15,0.5,24,HistGB,KNN,34.82354914689996,30.66380562129224,4.159743525607716,0
clean,0.17,0.0,0,HistGB,HistGB,11.76015510447522,11.76015510447522,0.0,1
clean,0.17,0.0,1,HistGB,HistGB,13.73168860179165,13.73168860179165,0.0,1
clean,0.17,0.0,2,HistGB,HistGB,12.03246102203424,12.03246102203424,0.0,1
clean,0.17,0.0,3,HistGB,HistGB,12.507296971676508,12.507296971676508,0.0,1
clean,0.17,0.0,4,HistGB,HistGB,11.663767967150225,11.663767967150225,0.0,1
clean,0.17,0.0,5,HistGB,HistGB,12.788000461342667,12.788000461342667,0.0,1
clean,0.17,0.0,6,HistGB,HistGB,15.137088661400586,15.137088661400586,0.0,1
clean,0.17,0.0,7,HistGB,HistGB,11.832086758523523,11.832086758523523,0.0,1
clean,0.17,0.0,8,HistGB,HistGB,11.80698803744633,11.80698803744633,0.0,1
clean,0.17,0.0,9,HistGB,HistGB,12.556532991757797,12.556532991757797,0.0,1
clean,0.17,0.0,10,HistGB,HistGB,12.006766732493656,12.006766732493656,0.0,1
clean,0.17,0.0,11,HistGB,HistGB,11.346172695771273,11.346172695771273,0.0,1
clean,0.17,0.0,12,HistGB,HistGB,11.53607012306929,11.53607012306929,0.0,1
clean,0.17,0.0,13,HistGB,HistGB,12.501230435307573,12.501230435307573,0.0,1
clean,0.17,0.0,14,HistGB,HistGB,12.374390426143172,12.374390426143172,0.0,1
clean,0.17,0.0,15,HistGB,HistGB,12.425630433445932,12.425630433445932,0.0,1
clean,0.17,0.0,16,HistGB,HistGB,13.0920493003693,13.0920493003693,0.0,1
clean,0.17,0.0,17,HistGB,HistGB,14.474854688524555,14.474854688524555,0.0,1
clean,0.17,0.0,18,HistGB,HistGB,12.72431903276434,12.72431903276434,0.0,1
clean,0.17,0.0,19,HistGB,HistGB,12.38932481964971,12.38932481964971,0.0,1
clean,0.17,0.0,20,HistGB,HistGB,13.18137194824744,13.18137194824744,0.0,1
clean,0.17,0.0,21,HistGB,HistGB,13.996657000066351,13.996657000066351,0.0,1
clean,0.17,0.0,22,HistGB,HistGB,13.811627922541728,13.811627922541728,0.0,1
clean,0.17,0.0,23,HistGB,HistGB,13.32873782866024,13.32873782866024,0.0,1
clean,0.17,0.0,24,HistGB,HistGB,13.136467261751262,13.136467261751262,0.0,1
clean,0.17,0.025,0,HistGB,HistGB,13.790624657970188,13.790624657970188,0.0,1
clean,0.17,0.025,1,HistGB,HistGB,15.569190624933023,15.569190624933023,0.0,1
clean,0.17,0.025,2,HistGB,HistGB,14.088427543524208,14.088427543524208,0.0,1
clean,0.17,0.025,3,HistGB,HistGB,14.466111791412365,14.466111791412365,0.0,1
clean,0.17,0.025,4,HistGB,HistGB,13.735054816062018,13.735054816062018,0.0,1
clean,0.17,0.025,5,HistGB,HistGB,14.867893327492942,14.867893327492942,0.0,1
clean,0.17,0.025,6,HistGB,HistGB,17.17176789089314,17.17176789089314,0.0,1
clean,0.17,0.025,7,HistGB,HistGB,13.928703035242147,13.928703035242147,0.0,1
clean,0.17,0.025,8,HistGB,HistGB,14.035703406909802,14.035703406909802,0.0,1
clean,0.17,0.025,9,HistGB,HistGB,14.77125823960297,14.77125823960297,0.0,1
clean,0.17,0.025,10,HistGB,HistGB,14.180458644223837,14.180458644223837,0.0,1
clean,0.17,0.025,11,HistGB,HistGB,13.50742579877159,13.50742579877159,0.0,1
clean,0.17,0.025,12,HistGB,HistGB,13.758001907403685,13.758001907403685,0.0,1
clean,0.17,0.025,13,HistGB,HistGB,14.626656518553975,14.626656518553975,0.0,1
clean,0.17,0.025,14,HistGB,HistGB,14.533640708116964,14.533640708116964,0.0,1
clean,0.17,0.025,15,HistGB,HistGB,14.46272762558578,14.46272762558578,0.0,1
clean,0.17,0.025,16,HistGB,HistGB,15.171306018649071,15.171306018649071,0.0,1
clean,0.17,0.025,17,HistGB,HistGB,16.52161216946523,16.52161216946523,0.0,1
clean,0.17,0.025,18,HistGB,HistGB,14.780199693916028,14.780199693916028,0.0,1
clean,0.17,0.025,19,HistGB,HistGB,14.493836285631524,14.493836285631524,0.0,1
clean,0.17,0.025,20,HistGB,HistGB,15.368108126940594,15.368108126940594,0.0,1
clean,0.17,0.025,21,HistGB,HistGB,16.055770073743247,16.055770073743247,0.0,1
clean,0.17,0.025,22,HistGB,HistGB,15.713546741354476,15.713546741354476,0.0,1
clean,0.17,0.025,23,HistGB,HistGB,15.55503612142687,15.55503612142687,0.0,1
clean,0.17,0.025,24,HistGB,HistGB,15.081413399945886,15.081413399945886,0.0,1
clean,0.17,0.1,0,HistGB,HistGB,16.06918849714951,16.06918849714951,0.0,1
clean,0.17,0.1,1,HistGB,HistGB,17.715227486371926,17.715227486371926,0.0,1
clean,0.17,0.1,2,HistGB,HistGB,16.59812152428756,16.59812152428756,0.0,1
clean,0.17,0.1,3,HistGB,HistGB,16.681998568610286,16.681998568610286,0.0,1
clean,0.17,0.1,4,HistGB,HistGB,16.108514635915505,16.108514635915505,0.0,1
clean,0.17,0.1,5,HistGB,HistGB,17.268672823209283,17.268672823209283,0.0,1
clean,0.17,0.1,6,HistGB,HistGB,19.40432003734352,19.40432003734352,0.0,1
clean,0.17,0.1,7,HistGB,HistGB,16.082236395832705,16.082236395832705,0.0,1
clean,0.17,0.1,8,HistGB,HistGB,16.407129732211875,16.407129732211875,0.0,1
clean,0.17,0.1,9,HistGB,HistGB,17.16320210267766,17.16320210267766,0.0,1
clean,0.17,0.1,10,HistGB,HistGB,16.50268958110556,16.50268958110556,0.0,1
clean,0.17,0.1,11,HistGB,HistGB,15.964533676765804,15.964533676765804,0.0,1
clean,0.17,0.1,12,HistGB,HistGB,15.955340858425544,15.955340858425544,0.0,1
clean,0.17,0.1,13,HistGB,HistGB,16.931967619416174,16.931967619416174,0.0,1
clean,0.17,0.1,14,HistGB,HistGB,16.92890955586985,16.92890955586985,0.0,1
clean,0.17,0.1,15,HistGB,HistGB,16.861669366598026,16.861669366598026,0.0,1
clean,0.17,0.1,16,HistGB,HistGB,17.657517204616237,17.657517204616237,0.0,1
clean,0.17,0.1,17,HistGB,HistGB,18.682009768699448,18.682009768699448,0.0,1
clean,0.17,0.1,18,HistGB,HistGB,17.15936754113902,17.15936754113902,0.0,1
clean,0.17,0.1,19,HistGB,HistGB,16.832397587873736,16.832397587873736,0.0,1
clean,0.17,0.1,20,HistGB,HistGB,17.57369629098549,17.57369629098549,0.0,1
clean,0.17,0.1,21,HistGB,HistGB,18.21056570240688,18.21056570240688,0.0,1
clean,0.17,0.1,22,HistGB,HistGB,17.918651632655692,17.918651632655692,0.0,1
clean,0.17,0.1,23,HistGB,HistGB,17.87434674116678,17.87434674116678,0.0,1
clean,0.17,0.1,24,HistGB,HistGB,17.41484728033265,17.41484728033265,0.0,1
clean,0.17,0.15,0,HistGB,HistGB,17.541973445772758,17.541973445772758,0.0,1
clean,0.17,0.15,1,HistGB,HistGB,19.010878031887327,19.010878031887327,0.0,1
clean,0.17,0.15,2,HistGB,HistGB,17.80100779364431,17.80100779364431,0.0,1
clean,0.17,0.15,3,HistGB,HistGB,18.01452453786513,18.01452453786513,0.0,1
clean,0.17,0.15,4,HistGB,HistGB,17.437948123990314,17.437948123990314,0.0,1
clean,0.17,0.15,5,HistGB,HistGB,18.58285094234233,18.58285094234233,0.0,1
clean,0.17,0.15,6,HistGB,KNN,20.66574103016756,20.55617663708099,0.1095643930865684,0
clean,0.17,0.15,7,HistGB,HistGB,17.529586892481948,17.529586892481948,0.0,1
clean,0.17,0.15,8,HistGB,HistGB,17.8122895281797,17.8122895281797,0.0,1
clean,0.17,0.15,9,HistGB,HistGB,18.495670339370204,18.495670339370204,0.0,1
clean,0.17,0.15,10,HistGB,RandomForest,17.97117283362848,17.920692448422127,0.05048038520635245,0
clean,0.17,0.15,11,HistGB,RandomForest,17.484846230170547,17.41666006093395,0.06818616923659704,0
clean,0.17,0.15,12,HistGB,HistGB,17.466672392177024,17.466672392177024,0.0,1
clean,0.17,0.15,13,HistGB,HistGB,18.257215445819707,18.257215445819707,0.0,1
clean,0.17,0.15,14,HistGB,HistGB,18.137408455216548,18.137408455216548,0.0,1
clean,0.17,0.15,15,HistGB,HistGB,18.107544438260927,18.107544438260927,0.0,1
clean,0.17,0.15,16,HistGB,HistGB,18.78614046980045,18.78614046980045,0.0,1
clean,0.17,0.15,17,HistGB,HistGB,20.041240568377912,20.041240568377912,0.0,1
clean,0.17,0.15,18,HistGB,HistGB,18.367784803289087,18.367784803289087,0.0,1
clean,0.17,0.15,19,HistGB,HistGB,18.104123699192264,18.104123699192264,0.0,1
clean,0.17,0.15,20,HistGB,HistGB,18.801855062804623,18.801855062804623,0.0,1
clean,0.17,0.15,21,HistGB,HistGB,19.59619733176809,19.59619733176809,0.0,1
clean,0.17,0.15,22,HistGB,HistGB,19.298586066791096,19.298586066791096,0.0,1
clean,0.17,0.15,23,HistGB,HistGB,19.173574821481136,19.173574821481136,0.0,1
clean,0.17,0.15,24,HistGB,HistGB,18.65781447093841,18.65781447093841,0.0,1
clean,0.17,0.19,0,HistGB,HistGB,18.928739010266547,18.928739010266547,0.0,1
clean,0.17,0.19,1,HistGB,HistGB,20.143835873105846,20.143835873105846,0.0,1
clean,0.17,0.19,2,HistGB,RandomForest,19.26838422455713,19.25223313590072,0.016151088656410906,0
clean,0.17,0.19,3,HistGB,HistGB,19.443279896968026,19.443279896968026,0.0,1
clean,0.17,0.19,4,HistGB,HistGB,18.91392220590144,18.91392220590144,0.0,1
clean,0.17,0.19,5,HistGB,HistGB,19.95917516081851,19.95917516081851,0.0,1
clean,0.17,0.19,6,HistGB,KNN,21.81613605324205,21.221317844771534,0.5948182084705174,0
clean,0.17,0.19,7,HistGB,HistGB,18.7343657051764,18.7343657051764,0.0,1
clean,0.17,0.19,8,HistGB,HistGB,19.090144255140743,19.090144255140743,0.0,1
clean,0.17,0.19,9,HistGB,HistGB,19.75986807523372,19.75986807523372,0.0,1
clean,0.17,0.19,10,HistGB,RandomForest,19.228897842651488,19.11294703331267,0.11595080933881974,0
clean,0.17,0.19,11,HistGB,HistGB,18.667847445401883,18.667847445401883,0.0,1
clean,0.17,0.19,12,HistGB,HistGB,18.74800249831791,18.74800249831791,0.0,1
clean,0.17,0.19,13,HistGB,HistGB,19.487413662156857,19.487413662156857,0.0,1
clean,0.17,0.19,14,HistGB,HistGB,19.805729525276647,19.805729525276647,0.0,1
clean,0.17,0.19,15,HistGB,HistGB,19.53354628711148,19.53354628711148,0.0,1
clean,0.17,0.19,16,HistGB,HistGB,20.42138389973512,20.42138389973512,0.0,1
clean,0.17,0.19,17,HistGB,HistGB,21.336585653266862,21.336585653266862,0.0,1
clean,0.17,0.19,18,HistGB,HistGB,19.63875503262111,19.63875503262111,0.0,1
clean,0.17,0.19,19,HistGB,HistGB,19.237587544515986,19.237587544515986,0.0,1
clean,0.17,0.19,20,HistGB,HistGB,19.92591817042073,19.92591817042073,0.0,1
clean,0.17,0.19,21,HistGB,HistGB,21.007827210990577,21.007827210990577,0.0,1
clean,0.17,0.19,22,HistGB,HistGB,20.67660900892144,20.67660900892144,0.0,1
clean,0.17,0.19,23,HistGB,RandomForest,20.6083352155968,20.554130699292205,0.05420451630459411,0
clean,0.17,0.19,24,HistGB,HistGB,19.83663934120755,19.83663934120755,0.0,1
clean,0.17,0.2,0,HistGB,HistGB,19.31695977824297,19.31695977824297,0.0,1
clean,0.17,0.2,1,HistGB,HistGB,20.633704058890523,20.633704058890523,0.0,1
clean,0.17,0.2,2,HistGB,RandomForest,19.60198171985055,19.530966200000307,0.07101551985024201,0
clean,0.17,0.2,3,HistGB,HistGB,19.40246723251745,19.40246723251745,0.0,1
clean,0.17,0.2,4,HistGB,HistGB,19.19879919002628,19.19879919002628,0.0,1
clean,0.17,0.2,5,HistGB,HistGB,20.309646525902178,20.309646525902178,0.0,1
clean,0.17,0.2,6,HistGB,KNN,22.22715469741236,21.45106211319845,0.7760925842139095,0
clean,0.17,0.2,7,HistGB,KNN,19.087134768957217,18.91466158420148,0.17247318475573792,0
clean,0.17,0.2,8,HistGB,HistGB,19.353522301384245,19.353522301384245,0.0,1
clean,0.17,0.2,9,HistGB,HistGB,20.244280483753503,20.244280483753503,0.0,1
clean,0.17,0.2,10,HistGB,RandomForest,19.482679894775195,19.397262692891125,0.08541720188406998,0
clean,0.17,0.2,11,HistGB,HistGB,18.81764877008533,18.81764877008533,0.0,1
clean,0.17,0.2,12,HistGB,HistGB,19.156116543683805,19.156116543683805,0.0,1
clean,0.17,0.2,13,HistGB,HistGB,20.01349433745357,20.01349433745357,0.0,1
clean,0.17,0.2,14,HistGB,HistGB,20.033455238923583,20.033455238923583,0.0,1
clean,0.17,0.2,15,HistGB,KNN,19.86983031134916,19.770319702527317,0.09951060882184137,0
clean,0.17,0.2,16,HistGB,HistGB,20.56981023209017,20.56981023209017,0.0,1
clean,0.17,0.2,17,HistGB,KNN,21.90020836235615,21.8467341910282,0.05347417132794874,0
clean,0.17,0.2,18,HistGB,KNN,20.13102128441388,20.099350238418523,0.031671045995356195,0
clean,0.17,0.2,19,HistGB,HistGB,19.59435135708357,19.59435135708357,0.0,1
clean,0.17,0.2,20,HistGB,HistGB,20.38206963513907,20.38206963513907,0.0,1
clean,0.17,0.2,21,HistGB,HistGB,21.186528023649814,21.186528023649814,0.0,1
clean,0.17,0.2,22,HistGB,HistGB,20.970762127732502,20.970762127732502,0.0,1
clean,0.17,0.2,23,HistGB,HistGB,20.731601966614555,20.731601966614555,0.0,1
clean,0.17,0.2,24,HistGB,HistGB,20.04810559903347,20.04810559903347,0.0,1
clean,0.17,0.21,0,HistGB,KNN,19.712347729890087,19.62070076050922,0.09164696938086792,0
clean,0.17,0.21,1,HistGB,HistGB,20.883479751389164,20.883479751389164,0.0,1
clean,0.17,0.21,2,HistGB,RandomForest,19.80436562213185,19.776411638303763,0.02795398382808756,0
clean,0.17,0.21,3,HistGB,HistGB,19.79962845112105,19.79962845112105,0.0,1
clean,0.17,0.21,4,HistGB,HistGB,19.524084711512717,19.524084711512717,0.0,1
clean,0.17,0.21,5,HistGB,HistGB,20.691741037075957,20.691741037075957,0.0,1
clean,0.17,0.21,6,HistGB,KNN,22.638128623682924,21.735449205266427,0.902679418416497,0
clean,0.17,0.21,7,HistGB,KNN,19.563223774521383,19.129134412148225,0.43408936237315743,0
clean,0.17,0.21,8,HistGB,KNN,19.949149133827166,19.754159286311616,0.1949898475155507,0
clean,0.17,0.21,9,HistGB,HistGB,20.53946391412387,20.53946391412387,0.0,1
clean,0.17,0.21,10,HistGB,RandomForest,19.791512389893278,19.766638000384397,0.024874389508880768,0
clean,0.17,0.21,11,HistGB,HistGB,19.12476153385831,19.12476153385831,0.0,1
clean,0.17,0.21,12,HistGB,HistGB,19.62285011346803,19.62285011346803,0.0,1
clean,0.17,0.21,13,HistGB,HistGB,20.1912750022628,20.1912750022628,0.0,1
clean,0.17,0.21,14,HistGB,HistGB,20.17871752830445,20.17871752830445,0.0,1
clean,0.17,0.21,15,HistGB,KNN,20.35635435076348,20.008689836811453,0.3476645139520258,0
clean,0.17,0.21,16,HistGB,RandomForest,20.844016484607646,20.833181161887754,0.010835322719891849,0
clean,0.17,0.21,17,HistGB,KNN,22.20143236502758,21.9739723674224,0.22745999760517677,0
clean,0.17,0.21,18,HistGB,KNN,20.435337004508213,20.18731917985644,0.2480178246517717,0
clean,0.17,0.21,19,HistGB,HistGB,19.97509701714303,19.97509701714303,0.0,1
clean,0.17,0.21,20,HistGB,HistGB,20.63839378129152,20.63839378129152,0.0,1
clean,0.17,0.21,21,HistGB,HistGB,21.40956894525845,21.40956894525845,0.0,1
clean,0.17,0.21,22,HistGB,KNN,21.279054027647227,21.24068021908822,0.03837380855900818,0
clean,0.17,0.21,23,HistGB,HistGB,21.073886705689358,21.073886705689358,0.0,1
clean,0.17,0.21,24,HistGB,HistGB,20.58508699071329,20.58508699071329,0.0,1
clean,0.17,0.24,0,HistGB,KNN,20.982521657856744,20.33664056590208,0.6458810919546636,0
clean,0.17,0.24,1,HistGB,KNN,22.064357590263988,21.92280236504782,0.1415552252161696,0
clean,0.17,0.24,2,HistGB,KNN,20.79592375371037,20.741214770005676,0.05470898370469257,0
clean,0.17,0.24,3,HistGB,KNN,20.84463885093164,20.4321294687124,0.41250938221924116,0
clean,0.17,0.24,4,HistGB,HistGB,20.575640835804094,20.575640835804094,0.0,1
clean,0.17,0.24,5,HistGB,KNN,21.85542178703425,21.582918404859733,0.2725033821745164,0
clean,0.17,0.24,6,HistGB,KNN,24.16724330250814,22.650935540068332,1.5163077624398085,0
clean,0.17,0.24,7,HistGB,KNN,20.526325030059937,19.87952199459999,0.6468030354599463,0
clean,0.17,0.24,8,HistGB,KNN,21.085049356636727,20.522281621260348,0.5627677353763794,0
clean,0.17,0.24,9,HistGB,HistGB,21.50120439198769,21.50120439198769,0.0,1
clean,0.17,0.24,10,HistGB,HistGB,20.799187355071187,20.799187355071187,0.0,1
clean,0.17,0.24,11,HistGB,RandomForest,20.46050823698773,20.371659546986443,0.08884869000128859,0
clean,0.17,0.24,12,HistGB,KNN,20.42873796577705,20.153818096825816,0.2749198689512333,0
clean,0.17,0.24,13,HistGB,HistGB,21.2669017233842,21.2669017233842,0.0,1
clean,0.17,0.24,14,HistGB,KNN,21.462084175510437,21.3226337532928,0.1394504222176387,0
clean,0.17,0.24,15,HistGB,KNN,21.109553749660595,20.52767563958444,0.5818781100761541,0
clean,0.17,0.24,16,HistGB,KNN,22.00953698747326,21.60327312063129,0.4062638668419716,0
clean,0.17,0.24,17,HistGB,KNN,23.25946017164457,22.6236646265378,0.6357955451067703,0
clean,0.17,0.24,18,HistGB,KNN,21.322163342513168,20.865332927318907,0.45683041519426126,0
clean,0.17,0.24,19,HistGB,KNN,20.93072529938225,20.611027408455104,0.31969789092714507,0
clean,0.17,0.24,20,HistGB,KNN,21.74925183304476,21.538000917902348,0.21125091514241134,0
clean,0.17,0.24,21,HistGB,KNN,22.651067969927944,22.618736893558317,0.03233107636962629,0
clean,0.17,0.24,22,HistGB,KNN,22.46146878945244,22.050215114306518,0.4112536751459217,0
clean,0.17,0.24,23,HistGB,KNN,22.339223359037533,22.08033187991192,0.2588914791256123,0
clean,0.17,0.24,24,HistGB,HistGB,21.588328318789458,21.588328318789458,0.0,1
clean,0.17,0.32,0,HistGB,KNN,24.12467046999476,22.3410975641612,1.7835729058335623,0
clean,0.17,0.32,1,HistGB,KNN,25.77070627354392,24.167646892408506,1.603059381135413,0
clean,0.17,0.32,2,HistGB,KNN,24.59572377329288,23.22830694722482,1.3674168260680624,0
clean,0.17,0.32,3,HistGB,KNN,24.09274391415105,22.651724084282822,1.4410198298682282,0
clean,0.17,0.32,4,HistGB,KNN,23.90705141032773,22.899209031890777,1.0078423784369512,0
clean,0.17,0.32,5,HistGB,KNN,25.212724593070813,23.74077037955543,1.4719542135153851,0
clean,0.17,0.32,6,HistGB,KNN,27.269805798524292,24.58426841601279,2.6855373825115016,0
clean,0.17,0.32,7,HistGB,KNN,23.968635975943368,21.897619039501325,2.0710169364420423,0
clean,0.17,0.32,8,HistGB,KNN,24.47320734454739,22.56198727539633,1.9112200691510601,0
clean,0.17,0.32,9,HistGB,KNN,24.803594090704078,23.726477980773108,1.0771161099309694,0
clean,0.17,0.32,10,HistGB,KNN,24.47934381390138,23.392268978535643,1.087074835365737,0
clean,0.17,0.32,11,HistGB,KNN,23.72661797910468,22.911206803547127,0.8154111755575535,0
clean,0.17,0.32,12,HistGB,KNN,24.111346473464494,22.468416540666528,1.6429299327979656,0
clean,0.17,0.32,13,HistGB,KNN,24.99542252363374,23.978926219057577,1.0164963045761617,0
clean,0.17,0.32,14,HistGB,KNN,24.742605611228107,23.408361493293267,1.3342441179348405,0
clean,0.17,0.32,15,HistGB,KNN,24.416176662644283,22.5382140343824,1.8779626282618835,0
clean,0.17,0.32,16,HistGB,KNN,25.54446516039962,23.889956814327707,1.654508346071914,0
clean,0.17,0.32,17,HistGB,KNN,26.4958612951784,24.784073695291784,1.711787599886616,0
clean,0.17,0.32,18,HistGB,KNN,24.88464519023908,23.16494399329765,1.719701196941429,0
clean,0.17,0.32,19,HistGB,KNN,24.573643527987716,22.967426539513063,1.606216988474653,0
clean,0.17,0.32,20,HistGB,KNN,25.04910344930528,23.79135534710681,1.257748102198473,0
clean,0.17,0.32,21,HistGB,KNN,26.31016837981644,24.97102970206068,1.3391386777557592,0
clean,0.17,0.32,22,HistGB,KNN,26.098178562014315,24.39051221352639,1.7076663484879262,0
clean,0.17,0.32,23,HistGB,KNN,25.557866068906574,24.187060837810005,1.3708052310965684,0
clean,0.17,0.32,24,HistGB,KNN,25.003697301266914,24.039705867231064,0.9639914340358509,0
clean,0.17,0.4,0,HistGB,KNN,28.049609361827816,25.10814862318806,2.941460738639755,0
clean,0.17,0.4,1,HistGB,KNN,29.31611875614641,26.672735103263133,2.6433836528832764,0
clean,0.17,0.4,2,HistGB,KNN,28.384727103233185,25.81692397000759,2.5678031332255955,0
clean,0.17,0.4,3,HistGB,KNN,28.010289959071308,25.423661872844157,2.586628086227151,0
clean,0.17,0.4,4,HistGB,KNN,28.31516006865912,25.844904882373577,2.470255186285545,0
clean,0.17,0.4,5,HistGB,KNN,29.138612727054603,26.34733170986748,2.7912810171871243,0
clean,0.17,0.4,6,HistGB,KNN,31.47206094214324,27.471419439501894,4.000641502641347,0
clean,0.17,0.4,7,HistGB,KNN,27.888774713460062,24.65403390525961,3.2347408082004527,0
clean,0.17,0.4,8,HistGB,KNN,28.11039177616971,25.132597624958056,2.977794151211654,0
clean,0.17,0.4,9,HistGB,KNN,29.266611766794703,26.551948517294797,2.714663249499907,0
clean,0.17,0.4,10,HistGB,KNN,27.891574895247988,25.81186367292943,2.079711222318558,0
clean,0.17,0.4,11,HistGB,KNN,27.79176127114822,25.676760069446004,2.115001201702217,0
clean,0.17,0.4,12,HistGB,KNN,28.33763090957668,25.233865931244623,3.103764978332059,0
clean,0.17,0.4,13,HistGB,KNN,28.798902297381467,26.54460857267338,2.254293724708088,0
clean,0.17,0.4,14,HistGB,KNN,29.211910296743884,26.522075989221285,2.6898343075225988,0
clean,0.17,0.4,15,HistGB,KNN,28.65193876540236,25.34232298472043,3.3096157806819306,0
clean,0.17,0.4,16,HistGB,KNN,30.078513900930812,26.84998999315152,3.228523907779291,0
clean,0.17,0.4,17,HistGB,KNN,30.5095007137395,27.506923656523504,3.002577057215994,0
clean,0.17,0.4,18,HistGB,KNN,28.915144639978127,25.751301404565957,3.1638432354121697,0
clean,0.17,0.4,19,HistGB,KNN,28.586058710871352,25.36051788480377,3.225540826067583,0
clean,0.17,0.4,20,HistGB,KNN,28.90296152191095,26.323880275010467,2.5790812469004827,0
clean,0.17,0.4,21,HistGB,KNN,30.33042188933338,27.56509882832943,2.7653230610039508,0
clean,0.17,0.4,22,HistGB,KNN,30.205591444939312,26.97384541341878,3.231746031520533,0
clean,0.17,0.4,23,HistGB,KNN,29.56692175934774,26.81887054429276,2.7480512150549785,0
clean,0.17,0.4,24,HistGB,KNN,29.05916420698302,26.826243061722764,2.2329211452602564,0
clean,0.17,0.5,0,HistGB,KNN,34.3356818953042,29.36104864314475,4.97463325215945,0
clean,0.17,0.5,1,HistGB,KNN,35.45798108963929,30.78564658343057,4.6723345062087205,0
clean,0.17,0.5,2,HistGB,KNN,34.576328258809134,30.042510211973912,4.533818046835222,0
clean,0.17,0.5,3,HistGB,KNN,34.792656147750726,29.873883258001964,4.918772889748762,0
clean,0.17,0.5,4,HistGB,KNN,34.238497999689834,29.807820739177387,4.4306772605124465,0
clean,0.17,0.5,5,HistGB,KNN,35.27559090791475,30.71450700402392,4.561083903890829,0
clean,0.17,0.5,6,HistGB,KNN,37.69306887075829,31.49381187242601,6.199256998332277,0
clean,0.17,0.5,7,HistGB,KNN,33.714303799759946,28.83981311651348,4.874490683246467,0
clean,0.17,0.5,8,HistGB,KNN,34.41627098104753,29.623591813472316,4.792679167575216,0
clean,0.17,0.5,9,HistGB,KNN,34.73783599713518,30.300257701423387,4.437578295711791,0
clean,0.17,0.5,10,HistGB,KNN,33.910208514081305,29.824404136662483,4.085804377418821,0
clean,0.17,0.5,11,HistGB,KNN,33.62775139723734,29.60491639036404,4.022835006873301,0
clean,0.17,0.5,12,HistGB,KNN,34.021207929695294,29.14937495424439,4.8718329754509035,0
clean,0.17,0.5,13,HistGB,KNN,34.977502260566304,30.73761449320112,4.2398877673651825,0
clean,0.17,0.5,14,HistGB,KNN,34.802166158897485,30.22898594801385,4.573180210883635,0
clean,0.17,0.5,15,HistGB,KNN,34.57634793205066,29.482012823758883,5.0943351082917765,0
clean,0.17,0.5,16,HistGB,KNN,35.87939472326243,31.00229592672065,4.87709879654178,0
clean,0.17,0.5,17,HistGB,KNN,36.963845356749495,32.00073805865598,4.963107298093512,0
clean,0.17,0.5,18,HistGB,KNN,34.50305373795179,29.334123989500338,5.1689297484514505,0
clean,0.17,0.5,19,HistGB,KNN,34.60327848170751,29.727904717251747,4.875373764455766,0
clean,0.17,0.5,20,HistGB,KNN,34.325370645190155,30.386612943510592,3.938757701679563,0
clean,0.17,0.5,21,HistGB,KNN,36.63164043905123,32.05521614959351,4.576424289457719,0
clean,0.17,0.5,22,HistGB,KNN,36.0951832132667,30.834582638855917,5.260600574410784,0
clean,0.17,0.5,23,HistGB,KNN,35.70825739251677,31.138388285827343,4.569869106689428,0
clean,0.17,0.5,24,HistGB,KNN,34.82354914689996,30.66380562129224,4.159743525607716,0
clean,0.18,0.0,0,HistGB,HistGB,11.76015510447522,11.76015510447522,0.0,1
clean,0.18,0.0,1,HistGB,HistGB,13.73168860179165,13.73168860179165,0.0,1
clean,0.18,0.0,2,HistGB,HistGB,12.03246102203424,12.03246102203424,0.0,1
clean,0.18,0.0,3,HistGB,HistGB,12.507296971676508,12.507296971676508,0.0,1
clean,0.18,0.0,4,HistGB,HistGB,11.663767967150225,11.663767967150225,0.0,1
clean,0.18,0.0,5,HistGB,HistGB,12.788000461342667,12.788000461342667,0.0,1
clean,0.18,0.0,6,HistGB,HistGB,15.137088661400586,15.137088661400586,0.0,1
clean,0.18,0.0,7,HistGB,HistGB,11.832086758523523,11.832086758523523,0.0,1
clean,0.18,0.0,8,HistGB,HistGB,11.80698803744633,11.80698803744633,0.0,1
clean,0.18,0.0,9,HistGB,HistGB,12.556532991757797,12.556532991757797,0.0,1
clean,0.18,0.0,10,HistGB,HistGB,12.006766732493656,12.006766732493656,0.0,1
clean,0.18,0.0,11,HistGB,HistGB,11.346172695771273,11.346172695771273,0.0,1
clean,0.18,0.0,12,HistGB,HistGB,11.53607012306929,11.53607012306929,0.0,1
clean,0.18,0.0,13,HistGB,HistGB,12.501230435307573,12.501230435307573,0.0,1
clean,0.18,0.0,14,HistGB,HistGB,12.374390426143172,12.374390426143172,0.0,1
clean,0.18,0.0,15,HistGB,HistGB,12.425630433445932,12.425630433445932,0.0,1
clean,0.18,0.0,16,HistGB,HistGB,13.0920493003693,13.0920493003693,0.0,1
clean,0.18,0.0,17,HistGB,HistGB,14.474854688524555,14.474854688524555,0.0,1
clean,0.18,0.0,18,HistGB,HistGB,12.72431903276434,12.72431903276434,0.0,1
clean,0.18,0.0,19,HistGB,HistGB,12.38932481964971,12.38932481964971,0.0,1
clean,0.18,0.0,20,HistGB,HistGB,13.18137194824744,13.18137194824744,0.0,1
clean,0.18,0.0,21,HistGB,HistGB,13.996657000066351,13.996657000066351,0.0,1
clean,0.18,0.0,22,HistGB,HistGB,13.811627922541728,13.811627922541728,0.0,1
clean,0.18,0.0,23,HistGB,HistGB,13.32873782866024,13.32873782866024,0.0,1
clean,0.18,0.0,24,HistGB,HistGB,13.136467261751262,13.136467261751262,0.0,1
clean,0.18,0.025,0,HistGB,HistGB,13.790624657970188,13.790624657970188,0.0,1
clean,0.18,0.025,1,HistGB,HistGB,15.569190624933023,15.569190624933023,0.0,1
clean,0.18,0.025,2,HistGB,HistGB,14.088427543524208,14.088427543524208,0.0,1
clean,0.18,0.025,3,HistGB,HistGB,14.466111791412365,14.466111791412365,0.0,1
clean,0.18,0.025,4,HistGB,HistGB,13.735054816062018,13.735054816062018,0.0,1
clean,0.18,0.025,5,HistGB,HistGB,14.867893327492942,14.867893327492942,0.0,1
clean,0.18,0.025,6,HistGB,HistGB,17.17176789089314,17.17176789089314,0.0,1
clean,0.18,0.025,7,HistGB,HistGB,13.928703035242147,13.928703035242147,0.0,1
clean,0.18,0.025,8,HistGB,HistGB,14.035703406909802,14.035703406909802,0.0,1
clean,0.18,0.025,9,HistGB,HistGB,14.77125823960297,14.77125823960297,0.0,1
clean,0.18,0.025,10,HistGB,HistGB,14.180458644223837,14.180458644223837,0.0,1
clean,0.18,0.025,11,HistGB,HistGB,13.50742579877159,13.50742579877159,0.0,1
clean,0.18,0.025,12,HistGB,HistGB,13.758001907403685,13.758001907403685,0.0,1
clean,0.18,0.025,13,HistGB,HistGB,14.626656518553975,14.626656518553975,0.0,1
clean,0.18,0.025,14,HistGB,HistGB,14.533640708116964,14.533640708116964,0.0,1
clean,0.18,0.025,15,HistGB,HistGB,14.46272762558578,14.46272762558578,0.0,1
clean,0.18,0.025,16,HistGB,HistGB,15.171306018649071,15.171306018649071,0.0,1
clean,0.18,0.025,17,HistGB,HistGB,16.52161216946523,16.52161216946523,0.0,1
clean,0.18,0.025,18,HistGB,HistGB,14.780199693916028,14.780199693916028,0.0,1
clean,0.18,0.025,19,HistGB,HistGB,14.493836285631524,14.493836285631524,0.0,1
clean,0.18,0.025,20,HistGB,HistGB,15.368108126940594,15.368108126940594,0.0,1
clean,0.18,0.025,21,HistGB,HistGB,16.055770073743247,16.055770073743247,0.0,1
clean,0.18,0.025,22,HistGB,HistGB,15.713546741354476,15.713546741354476,0.0,1
clean,0.18,0.025,23,HistGB,HistGB,15.55503612142687,15.55503612142687,0.0,1
clean,0.18,0.025,24,HistGB,HistGB,15.081413399945886,15.081413399945886,0.0,1
clean,0.18,0.1,0,HistGB,HistGB,16.06918849714951,16.06918849714951,0.0,1
clean,0.18,0.1,1,HistGB,HistGB,17.715227486371926,17.715227486371926,0.0,1
clean,0.18,0.1,2,HistGB,HistGB,16.59812152428756,16.59812152428756,0.0,1
clean,0.18,0.1,3,HistGB,HistGB,16.681998568610286,16.681998568610286,0.0,1
clean,0.18,0.1,4,HistGB,HistGB,16.108514635915505,16.108514635915505,0.0,1
clean,0.18,0.1,5,HistGB,HistGB,17.268672823209283,17.268672823209283,0.0,1
clean,0.18,0.1,6,HistGB,HistGB,19.40432003734352,19.40432003734352,0.0,1
clean,0.18,0.1,7,HistGB,HistGB,16.082236395832705,16.082236395832705,0.0,1
clean,0.18,0.1,8,HistGB,HistGB,16.407129732211875,16.407129732211875,0.0,1
clean,0.18,0.1,9,HistGB,HistGB,17.16320210267766,17.16320210267766,0.0,1
clean,0.18,0.1,10,HistGB,HistGB,16.50268958110556,16.50268958110556,0.0,1
clean,0.18,0.1,11,HistGB,HistGB,15.964533676765804,15.964533676765804,0.0,1
clean,0.18,0.1,12,HistGB,HistGB,15.955340858425544,15.955340858425544,0.0,1
clean,0.18,0.1,13,HistGB,HistGB,16.931967619416174,16.931967619416174,0.0,1
clean,0.18,0.1,14,HistGB,HistGB,16.92890955586985,16.92890955586985,0.0,1
clean,0.18,0.1,15,HistGB,HistGB,16.861669366598026,16.861669366598026,0.0,1
clean,0.18,0.1,16,HistGB,HistGB,17.657517204616237,17.657517204616237,0.0,1
clean,0.18,0.1,17,HistGB,HistGB,18.682009768699448,18.682009768699448,0.0,1
clean,0.18,0.1,18,HistGB,HistGB,17.15936754113902,17.15936754113902,0.0,1
clean,0.18,0.1,19,HistGB,HistGB,16.832397587873736,16.832397587873736,0.0,1
clean,0.18,0.1,20,HistGB,HistGB,17.57369629098549,17.57369629098549,0.0,1
clean,0.18,0.1,21,HistGB,HistGB,18.21056570240688,18.21056570240688,0.0,1
clean,0.18,0.1,22,HistGB,HistGB,17.918651632655692,17.918651632655692,0.0,1
clean,0.18,0.1,23,HistGB,HistGB,17.87434674116678,17.87434674116678,0.0,1
clean,0.18,0.1,24,HistGB,HistGB,17.41484728033265,17.41484728033265,0.0,1
clean,0.18,0.15,0,HistGB,HistGB,17.541973445772758,17.541973445772758,0.0,1
clean,0.18,0.15,1,HistGB,HistGB,19.010878031887327,19.010878031887327,0.0,1
clean,0.18,0.15,2,HistGB,HistGB,17.80100779364431,17.80100779364431,0.0,1
clean,0.18,0.15,3,HistGB,HistGB,18.01452453786513,18.01452453786513,0.0,1
clean,0.18,0.15,4,HistGB,HistGB,17.437948123990314,17.437948123990314,0.0,1
clean,0.18,0.15,5,HistGB,HistGB,18.58285094234233,18.58285094234233,0.0,1
clean,0.18,0.15,6,HistGB,KNN,20.66574103016756,20.55617663708099,0.1095643930865684,0
clean,0.18,0.15,7,HistGB,HistGB,17.529586892481948,17.529586892481948,0.0,1
clean,0.18,0.15,8,HistGB,HistGB,17.8122895281797,17.8122895281797,0.0,1
clean,0.18,0.15,9,HistGB,HistGB,18.495670339370204,18.495670339370204,0.0,1
clean,0.18,0.15,10,HistGB,RandomForest,17.97117283362848,17.920692448422127,0.05048038520635245,0
clean,0.18,0.15,11,HistGB,RandomForest,17.484846230170547,17.41666006093395,0.06818616923659704,0
clean,0.18,0.15,12,HistGB,HistGB,17.466672392177024,17.466672392177024,0.0,1
clean,0.18,0.15,13,HistGB,HistGB,18.257215445819707,18.257215445819707,0.0,1
clean,0.18,0.15,14,HistGB,HistGB,18.137408455216548,18.137408455216548,0.0,1
clean,0.18,0.15,15,HistGB,HistGB,18.107544438260927,18.107544438260927,0.0,1
clean,0.18,0.15,16,HistGB,HistGB,18.78614046980045,18.78614046980045,0.0,1
clean,0.18,0.15,17,HistGB,HistGB,20.041240568377912,20.041240568377912,0.0,1
clean,0.18,0.15,18,HistGB,HistGB,18.367784803289087,18.367784803289087,0.0,1
clean,0.18,0.15,19,HistGB,HistGB,18.104123699192264,18.104123699192264,0.0,1
clean,0.18,0.15,20,HistGB,HistGB,18.801855062804623,18.801855062804623,0.0,1
clean,0.18,0.15,21,HistGB,HistGB,19.59619733176809,19.59619733176809,0.0,1
clean,0.18,0.15,22,HistGB,HistGB,19.298586066791096,19.298586066791096,0.0,1
clean,0.18,0.15,23,HistGB,HistGB,19.173574821481136,19.173574821481136,0.0,1
clean,0.18,0.15,24,HistGB,HistGB,18.65781447093841,18.65781447093841,0.0,1
clean,0.18,0.19,0,HistGB,HistGB,18.928739010266547,18.928739010266547,0.0,1
clean,0.18,0.19,1,HistGB,HistGB,20.143835873105846,20.143835873105846,0.0,1
clean,0.18,0.19,2,HistGB,RandomForest,19.26838422455713,19.25223313590072,0.016151088656410906,0
clean,0.18,0.19,3,HistGB,HistGB,19.443279896968026,19.443279896968026,0.0,1
clean,0.18,0.19,4,HistGB,HistGB,18.91392220590144,18.91392220590144,0.0,1
clean,0.18,0.19,5,HistGB,HistGB,19.95917516081851,19.95917516081851,0.0,1
clean,0.18,0.19,6,HistGB,KNN,21.81613605324205,21.221317844771534,0.5948182084705174,0
clean,0.18,0.19,7,HistGB,HistGB,18.7343657051764,18.7343657051764,0.0,1
clean,0.18,0.19,8,HistGB,HistGB,19.090144255140743,19.090144255140743,0.0,1
clean,0.18,0.19,9,HistGB,HistGB,19.75986807523372,19.75986807523372,0.0,1
clean,0.18,0.19,10,HistGB,RandomForest,19.228897842651488,19.11294703331267,0.11595080933881974,0
clean,0.18,0.19,11,HistGB,HistGB,18.667847445401883,18.667847445401883,0.0,1
clean,0.18,0.19,12,HistGB,HistGB,18.74800249831791,18.74800249831791,0.0,1
clean,0.18,0.19,13,HistGB,HistGB,19.487413662156857,19.487413662156857,0.0,1
clean,0.18,0.19,14,HistGB,HistGB,19.805729525276647,19.805729525276647,0.0,1
clean,0.18,0.19,15,HistGB,HistGB,19.53354628711148,19.53354628711148,0.0,1
clean,0.18,0.19,16,HistGB,HistGB,20.42138389973512,20.42138389973512,0.0,1
clean,0.18,0.19,17,HistGB,HistGB,21.336585653266862,21.336585653266862,0.0,1
clean,0.18,0.19,18,HistGB,HistGB,19.63875503262111,19.63875503262111,0.0,1
clean,0.18,0.19,19,HistGB,HistGB,19.237587544515986,19.237587544515986,0.0,1
clean,0.18,0.19,20,HistGB,HistGB,19.92591817042073,19.92591817042073,0.0,1
clean,0.18,0.19,21,HistGB,HistGB,21.007827210990577,21.007827210990577,0.0,1
clean,0.18,0.19,22,HistGB,HistGB,20.67660900892144,20.67660900892144,0.0,1
clean,0.18,0.19,23,HistGB,RandomForest,20.6083352155968,20.554130699292205,0.05420451630459411,0
clean,0.18,0.19,24,HistGB,HistGB,19.83663934120755,19.83663934120755,0.0,1
clean,0.18,0.2,0,HistGB,HistGB,19.31695977824297,19.31695977824297,0.0,1
clean,0.18,0.2,1,HistGB,HistGB,20.633704058890523,20.633704058890523,0.0,1
clean,0.18,0.2,2,HistGB,RandomForest,19.60198171985055,19.530966200000307,0.07101551985024201,0
clean,0.18,0.2,3,HistGB,HistGB,19.40246723251745,19.40246723251745,0.0,1
clean,0.18,0.2,4,HistGB,HistGB,19.19879919002628,19.19879919002628,0.0,1
clean,0.18,0.2,5,HistGB,HistGB,20.309646525902178,20.309646525902178,0.0,1
clean,0.18,0.2,6,HistGB,KNN,22.22715469741236,21.45106211319845,0.7760925842139095,0
clean,0.18,0.2,7,HistGB,KNN,19.087134768957217,18.91466158420148,0.17247318475573792,0
clean,0.18,0.2,8,HistGB,HistGB,19.353522301384245,19.353522301384245,0.0,1
clean,0.18,0.2,9,HistGB,HistGB,20.244280483753503,20.244280483753503,0.0,1
clean,0.18,0.2,10,HistGB,RandomForest,19.482679894775195,19.397262692891125,0.08541720188406998,0
clean,0.18,0.2,11,HistGB,HistGB,18.81764877008533,18.81764877008533,0.0,1
clean,0.18,0.2,12,HistGB,HistGB,19.156116543683805,19.156116543683805,0.0,1
clean,0.18,0.2,13,HistGB,HistGB,20.01349433745357,20.01349433745357,0.0,1
clean,0.18,0.2,14,HistGB,HistGB,20.033455238923583,20.033455238923583,0.0,1
clean,0.18,0.2,15,HistGB,KNN,19.86983031134916,19.770319702527317,0.09951060882184137,0
clean,0.18,0.2,16,HistGB,HistGB,20.56981023209017,20.56981023209017,0.0,1
clean,0.18,0.2,17,HistGB,KNN,21.90020836235615,21.8467341910282,0.05347417132794874,0
clean,0.18,0.2,18,HistGB,KNN,20.13102128441388,20.099350238418523,0.031671045995356195,0
clean,0.18,0.2,19,HistGB,HistGB,19.59435135708357,19.59435135708357,0.0,1
clean,0.18,0.2,20,HistGB,HistGB,20.38206963513907,20.38206963513907,0.0,1
clean,0.18,0.2,21,HistGB,HistGB,21.186528023649814,21.186528023649814,0.0,1
clean,0.18,0.2,22,HistGB,HistGB,20.970762127732502,20.970762127732502,0.0,1
clean,0.18,0.2,23,HistGB,HistGB,20.731601966614555,20.731601966614555,0.0,1
clean,0.18,0.2,24,HistGB,HistGB,20.04810559903347,20.04810559903347,0.0,1
clean,0.18,0.21,0,HistGB,KNN,19.712347729890087,19.62070076050922,0.09164696938086792,0
clean,0.18,0.21,1,HistGB,HistGB,20.883479751389164,20.883479751389164,0.0,1
clean,0.18,0.21,2,HistGB,RandomForest,19.80436562213185,19.776411638303763,0.02795398382808756,0
clean,0.18,0.21,3,HistGB,HistGB,19.79962845112105,19.79962845112105,0.0,1
clean,0.18,0.21,4,HistGB,HistGB,19.524084711512717,19.524084711512717,0.0,1
clean,0.18,0.21,5,HistGB,HistGB,20.691741037075957,20.691741037075957,0.0,1
clean,0.18,0.21,6,HistGB,KNN,22.638128623682924,21.735449205266427,0.902679418416497,0
clean,0.18,0.21,7,HistGB,KNN,19.563223774521383,19.129134412148225,0.43408936237315743,0
clean,0.18,0.21,8,HistGB,KNN,19.949149133827166,19.754159286311616,0.1949898475155507,0
clean,0.18,0.21,9,HistGB,HistGB,20.53946391412387,20.53946391412387,0.0,1
clean,0.18,0.21,10,HistGB,RandomForest,19.791512389893278,19.766638000384397,0.024874389508880768,0
clean,0.18,0.21,11,HistGB,HistGB,19.12476153385831,19.12476153385831,0.0,1
clean,0.18,0.21,12,HistGB,HistGB,19.62285011346803,19.62285011346803,0.0,1
clean,0.18,0.21,13,HistGB,HistGB,20.1912750022628,20.1912750022628,0.0,1
clean,0.18,0.21,14,HistGB,HistGB,20.17871752830445,20.17871752830445,0.0,1
clean,0.18,0.21,15,HistGB,KNN,20.35635435076348,20.008689836811453,0.3476645139520258,0
clean,0.18,0.21,16,HistGB,RandomForest,20.844016484607646,20.833181161887754,0.010835322719891849,0
clean,0.18,0.21,17,HistGB,KNN,22.20143236502758,21.9739723674224,0.22745999760517677,0
clean,0.18,0.21,18,HistGB,KNN,20.435337004508213,20.18731917985644,0.2480178246517717,0
clean,0.18,0.21,19,HistGB,HistGB,19.97509701714303,19.97509701714303,0.0,1
clean,0.18,0.21,20,HistGB,HistGB,20.63839378129152,20.63839378129152,0.0,1
clean,0.18,0.21,21,HistGB,HistGB,21.40956894525845,21.40956894525845,0.0,1
clean,0.18,0.21,22,HistGB,KNN,21.279054027647227,21.24068021908822,0.03837380855900818,0
clean,0.18,0.21,23,HistGB,HistGB,21.073886705689358,21.073886705689358,0.0,1
clean,0.18,0.21,24,HistGB,HistGB,20.58508699071329,20.58508699071329,0.0,1
clean,0.18,0.24,0,HistGB,KNN,20.982521657856744,20.33664056590208,0.6458810919546636,0
clean,0.18,0.24,1,HistGB,KNN,22.064357590263988,21.92280236504782,0.1415552252161696,0
clean,0.18,0.24,2,HistGB,KNN,20.79592375371037,20.741214770005676,0.05470898370469257,0
clean,0.18,0.24,3,HistGB,KNN,20.84463885093164,20.4321294687124,0.41250938221924116,0
clean,0.18,0.24,4,HistGB,HistGB,20.575640835804094,20.575640835804094,0.0,1
clean,0.18,0.24,5,HistGB,KNN,21.85542178703425,21.582918404859733,0.2725033821745164,0
clean,0.18,0.24,6,HistGB,KNN,24.16724330250814,22.650935540068332,1.5163077624398085,0
clean,0.18,0.24,7,HistGB,KNN,20.526325030059937,19.87952199459999,0.6468030354599463,0
clean,0.18,0.24,8,HistGB,KNN,21.085049356636727,20.522281621260348,0.5627677353763794,0
clean,0.18,0.24,9,HistGB,HistGB,21.50120439198769,21.50120439198769,0.0,1
clean,0.18,0.24,10,HistGB,HistGB,20.799187355071187,20.799187355071187,0.0,1
clean,0.18,0.24,11,HistGB,RandomForest,20.46050823698773,20.371659546986443,0.08884869000128859,0
clean,0.18,0.24,12,HistGB,KNN,20.42873796577705,20.153818096825816,0.2749198689512333,0
clean,0.18,0.24,13,HistGB,HistGB,21.2669017233842,21.2669017233842,0.0,1
clean,0.18,0.24,14,HistGB,KNN,21.462084175510437,21.3226337532928,0.1394504222176387,0
clean,0.18,0.24,15,HistGB,KNN,21.109553749660595,20.52767563958444,0.5818781100761541,0
clean,0.18,0.24,16,HistGB,KNN,22.00953698747326,21.60327312063129,0.4062638668419716,0
clean,0.18,0.24,17,HistGB,KNN,23.25946017164457,22.6236646265378,0.6357955451067703,0
clean,0.18,0.24,18,HistGB,KNN,21.322163342513168,20.865332927318907,0.45683041519426126,0
clean,0.18,0.24,19,HistGB,KNN,20.93072529938225,20.611027408455104,0.31969789092714507,0
clean,0.18,0.24,20,HistGB,KNN,21.74925183304476,21.538000917902348,0.21125091514241134,0
clean,0.18,0.24,21,HistGB,KNN,22.651067969927944,22.618736893558317,0.03233107636962629,0
clean,0.18,0.24,22,HistGB,KNN,22.46146878945244,22.050215114306518,0.4112536751459217,0
clean,0.18,0.24,23,HistGB,KNN,22.339223359037533,22.08033187991192,0.2588914791256123,0
clean,0.18,0.24,24,HistGB,HistGB,21.588328318789458,21.588328318789458,0.0,1
clean,0.18,0.32,0,HistGB,KNN,24.12467046999476,22.3410975641612,1.7835729058335623,0
clean,0.18,0.32,1,HistGB,KNN,25.77070627354392,24.167646892408506,1.603059381135413,0
clean,0.18,0.32,2,HistGB,KNN,24.59572377329288,23.22830694722482,1.3674168260680624,0
clean,0.18,0.32,3,HistGB,KNN,24.09274391415105,22.651724084282822,1.4410198298682282,0
clean,0.18,0.32,4,HistGB,KNN,23.90705141032773,22.899209031890777,1.0078423784369512,0
clean,0.18,0.32,5,HistGB,KNN,25.212724593070813,23.74077037955543,1.4719542135153851,0
clean,0.18,0.32,6,HistGB,KNN,27.269805798524292,24.58426841601279,2.6855373825115016,0
clean,0.18,0.32,7,HistGB,KNN,23.968635975943368,21.897619039501325,2.0710169364420423,0
clean,0.18,0.32,8,HistGB,KNN,24.47320734454739,22.56198727539633,1.9112200691510601,0
clean,0.18,0.32,9,HistGB,KNN,24.803594090704078,23.726477980773108,1.0771161099309694,0
clean,0.18,0.32,10,HistGB,KNN,24.47934381390138,23.392268978535643,1.087074835365737,0
clean,0.18,0.32,11,HistGB,KNN,23.72661797910468,22.911206803547127,0.8154111755575535,0
clean,0.18,0.32,12,HistGB,KNN,24.111346473464494,22.468416540666528,1.6429299327979656,0
clean,0.18,0.32,13,HistGB,KNN,24.99542252363374,23.978926219057577,1.0164963045761617,0
clean,0.18,0.32,14,HistGB,KNN,24.742605611228107,23.408361493293267,1.3342441179348405,0
clean,0.18,0.32,15,HistGB,KNN,24.416176662644283,22.5382140343824,1.8779626282618835,0
clean,0.18,0.32,16,HistGB,KNN,25.54446516039962,23.889956814327707,1.654508346071914,0
clean,0.18,0.32,17,HistGB,KNN,26.4958612951784,24.784073695291784,1.711787599886616,0
clean,0.18,0.32,18,HistGB,KNN,24.88464519023908,23.16494399329765,1.719701196941429,0
clean,0.18,0.32,19,HistGB,KNN,24.573643527987716,22.967426539513063,1.606216988474653,0
clean,0.18,0.32,20,HistGB,KNN,25.04910344930528,23.79135534710681,1.257748102198473,0
clean,0.18,0.32,21,HistGB,KNN,26.31016837981644,24.97102970206068,1.3391386777557592,0
clean,0.18,0.32,22,HistGB,KNN,26.098178562014315,24.39051221352639,1.7076663484879262,0
clean,0.18,0.32,23,HistGB,KNN,25.557866068906574,24.187060837810005,1.3708052310965684,0
clean,0.18,0.32,24,HistGB,KNN,25.003697301266914,24.039705867231064,0.9639914340358509,0
clean,0.18,0.4,0,HistGB,KNN,28.049609361827816,25.10814862318806,2.941460738639755,0
clean,0.18,0.4,1,HistGB,KNN,29.31611875614641,26.672735103263133,2.6433836528832764,0
clean,0.18,0.4,2,HistGB,KNN,28.384727103233185,25.81692397000759,2.5678031332255955,0
clean,0.18,0.4,3,HistGB,KNN,28.010289959071308,25.423661872844157,2.586628086227151,0
clean,0.18,0.4,4,HistGB,KNN,28.31516006865912,25.844904882373577,2.470255186285545,0
clean,0.18,0.4,5,HistGB,KNN,29.138612727054603,26.34733170986748,2.7912810171871243,0
clean,0.18,0.4,6,HistGB,KNN,31.47206094214324,27.471419439501894,4.000641502641347,0
clean,0.18,0.4,7,HistGB,KNN,27.888774713460062,24.65403390525961,3.2347408082004527,0
clean,0.18,0.4,8,HistGB,KNN,28.11039177616971,25.132597624958056,2.977794151211654,0
clean,0.18,0.4,9,HistGB,KNN,29.266611766794703,26.551948517294797,2.714663249499907,0
clean,0.18,0.4,10,HistGB,KNN,27.891574895247988,25.81186367292943,2.079711222318558,0
clean,0.18,0.4,11,HistGB,KNN,27.79176127114822,25.676760069446004,2.115001201702217,0
clean,0.18,0.4,12,HistGB,KNN,28.33763090957668,25.233865931244623,3.103764978332059,0
clean,0.18,0.4,13,HistGB,KNN,28.798902297381467,26.54460857267338,2.254293724708088,0
clean,0.18,0.4,14,HistGB,KNN,29.211910296743884,26.522075989221285,2.6898343075225988,0
clean,0.18,0.4,15,HistGB,KNN,28.65193876540236,25.34232298472043,3.3096157806819306,0
clean,0.18,0.4,16,HistGB,KNN,30.078513900930812,26.84998999315152,3.228523907779291,0
clean,0.18,0.4,17,HistGB,KNN,30.5095007137395,27.506923656523504,3.002577057215994,0
clean,0.18,0.4,18,HistGB,KNN,28.915144639978127,25.751301404565957,3.1638432354121697,0
clean,0.18,0.4,19,HistGB,KNN,28.586058710871352,25.36051788480377,3.225540826067583,0
clean,0.18,0.4,20,HistGB,KNN,28.90296152191095,26.323880275010467,2.5790812469004827,0
clean,0.18,0.4,21,HistGB,KNN,30.33042188933338,27.56509882832943,2.7653230610039508,0
clean,0.18,0.4,22,HistGB,KNN,30.205591444939312,26.97384541341878,3.231746031520533,0
clean,0.18,0.4,23,HistGB,KNN,29.56692175934774,26.81887054429276,2.7480512150549785,0
clean,0.18,0.4,24,HistGB,KNN,29.05916420698302,26.826243061722764,2.2329211452602564,0
clean,0.18,0.5,0,HistGB,KNN,34.3356818953042,29.36104864314475,4.97463325215945,0
clean,0.18,0.5,1,HistGB,KNN,35.45798108963929,30.78564658343057,4.6723345062087205,0
clean,0.18,0.5,2,HistGB,KNN,34.576328258809134,30.042510211973912,4.533818046835222,0
clean,0.18,0.5,3,HistGB,KNN,34.792656147750726,29.873883258001964,4.918772889748762,0
clean,0.18,0.5,4,HistGB,KNN,34.238497999689834,29.807820739177387,4.4306772605124465,0
clean,0.18,0.5,5,HistGB,KNN,35.27559090791475,30.71450700402392,4.561083903890829,0
clean,0.18,0.5,6,HistGB,KNN,37.69306887075829,31.49381187242601,6.199256998332277,0
clean,0.18,0.5,7,HistGB,KNN,33.714303799759946,28.83981311651348,4.874490683246467,0
clean,0.18,0.5,8,HistGB,KNN,34.41627098104753,29.623591813472316,4.792679167575216,0
clean,0.18,0.5,9,HistGB,KNN,34.73783599713518,30.300257701423387,4.437578295711791,0
clean,0.18,0.5,10,HistGB,KNN,33.910208514081305,29.824404136662483,4.085804377418821,0
clean,0.18,0.5,11,HistGB,KNN,33.62775139723734,29.60491639036404,4.022835006873301,0
clean,0.18,0.5,12,HistGB,KNN,34.021207929695294,29.14937495424439,4.8718329754509035,0
clean,0.18,0.5,13,HistGB,KNN,34.977502260566304,30.73761449320112,4.2398877673651825,0
clean,0.18,0.5,14,HistGB,KNN,34.802166158897485,30.22898594801385,4.573180210883635,0
clean,0.18,0.5,15,HistGB,KNN,34.57634793205066,29.482012823758883,5.0943351082917765,0
clean,0.18,0.5,16,HistGB,KNN,35.87939472326243,31.00229592672065,4.87709879654178,0
clean,0.18,0.5,17,HistGB,KNN,36.963845356749495,32.00073805865598,4.963107298093512,0
clean,0.18,0.5,18,HistGB,KNN,34.50305373795179,29.334123989500338,5.1689297484514505,0
clean,0.18,0.5,19,HistGB,KNN,34.60327848170751,29.727904717251747,4.875373764455766,0
clean,0.18,0.5,20,HistGB,KNN,34.325370645190155,30.386612943510592,3.938757701679563,0
clean,0.18,0.5,21,HistGB,KNN,36.63164043905123,32.05521614959351,4.576424289457719,0
clean,0.18,0.5,22,HistGB,KNN,36.0951832132667,30.834582638855917,5.260600574410784,0
clean,0.18,0.5,23,HistGB,KNN,35.70825739251677,31.138388285827343,4.569869106689428,0
clean,0.18,0.5,24,HistGB,KNN,34.82354914689996,30.66380562129224,4.159743525607716,0
clean,0.19,0.0,0,HistGB,HistGB,11.76015510447522,11.76015510447522,0.0,1
clean,0.19,0.0,1,HistGB,HistGB,13.73168860179165,13.73168860179165,0.0,1
clean,0.19,0.0,2,HistGB,HistGB,12.03246102203424,12.03246102203424,0.0,1
clean,0.19,0.0,3,HistGB,HistGB,12.507296971676508,12.507296971676508,0.0,1
clean,0.19,0.0,4,HistGB,HistGB,11.663767967150225,11.663767967150225,0.0,1
clean,0.19,0.0,5,HistGB,HistGB,12.788000461342667,12.788000461342667,0.0,1
clean,0.19,0.0,6,HistGB,HistGB,15.137088661400586,15.137088661400586,0.0,1
clean,0.19,0.0,7,HistGB,HistGB,11.832086758523523,11.832086758523523,0.0,1
clean,0.19,0.0,8,HistGB,HistGB,11.80698803744633,11.80698803744633,0.0,1
clean,0.19,0.0,9,HistGB,HistGB,12.556532991757797,12.556532991757797,0.0,1
clean,0.19,0.0,10,HistGB,HistGB,12.006766732493656,12.006766732493656,0.0,1
clean,0.19,0.0,11,HistGB,HistGB,11.346172695771273,11.346172695771273,0.0,1
clean,0.19,0.0,12,HistGB,HistGB,11.53607012306929,11.53607012306929,0.0,1
clean,0.19,0.0,13,HistGB,HistGB,12.501230435307573,12.501230435307573,0.0,1
clean,0.19,0.0,14,HistGB,HistGB,12.374390426143172,12.374390426143172,0.0,1
clean,0.19,0.0,15,HistGB,HistGB,12.425630433445932,12.425630433445932,0.0,1
clean,0.19,0.0,16,HistGB,HistGB,13.0920493003693,13.0920493003693,0.0,1
clean,0.19,0.0,17,HistGB,HistGB,14.474854688524555,14.474854688524555,0.0,1
clean,0.19,0.0,18,HistGB,HistGB,12.72431903276434,12.72431903276434,0.0,1
clean,0.19,0.0,19,HistGB,HistGB,12.38932481964971,12.38932481964971,0.0,1
clean,0.19,0.0,20,HistGB,HistGB,13.18137194824744,13.18137194824744,0.0,1
clean,0.19,0.0,21,HistGB,HistGB,13.996657000066351,13.996657000066351,0.0,1
clean,0.19,0.0,22,HistGB,HistGB,13.811627922541728,13.811627922541728,0.0,1
clean,0.19,0.0,23,HistGB,HistGB,13.32873782866024,13.32873782866024,0.0,1
clean,0.19,0.0,24,HistGB,HistGB,13.136467261751262,13.136467261751262,0.0,1
clean,0.19,0.025,0,HistGB,HistGB,13.790624657970188,13.790624657970188,0.0,1
clean,0.19,0.025,1,HistGB,HistGB,15.569190624933023,15.569190624933023,0.0,1
clean,0.19,0.025,2,HistGB,HistGB,14.088427543524208,14.088427543524208,0.0,1
clean,0.19,0.025,3,HistGB,HistGB,14.466111791412365,14.466111791412365,0.0,1
clean,0.19,0.025,4,HistGB,HistGB,13.735054816062018,13.735054816062018,0.0,1
clean,0.19,0.025,5,HistGB,HistGB,14.867893327492942,14.867893327492942,0.0,1
clean,0.19,0.025,6,HistGB,HistGB,17.17176789089314,17.17176789089314,0.0,1
clean,0.19,0.025,7,HistGB,HistGB,13.928703035242147,13.928703035242147,0.0,1
clean,0.19,0.025,8,HistGB,HistGB,14.035703406909802,14.035703406909802,0.0,1
clean,0.19,0.025,9,HistGB,HistGB,14.77125823960297,14.77125823960297,0.0,1
clean,0.19,0.025,10,HistGB,HistGB,14.180458644223837,14.180458644223837,0.0,1
clean,0.19,0.025,11,HistGB,HistGB,13.50742579877159,13.50742579877159,0.0,1
clean,0.19,0.025,12,HistGB,HistGB,13.758001907403685,13.758001907403685,0.0,1
clean,0.19,0.025,13,HistGB,HistGB,14.626656518553975,14.626656518553975,0.0,1
clean,0.19,0.025,14,HistGB,HistGB,14.533640708116964,14.533640708116964,0.0,1
clean,0.19,0.025,15,HistGB,HistGB,14.46272762558578,14.46272762558578,0.0,1
clean,0.19,0.025,16,HistGB,HistGB,15.171306018649071,15.171306018649071,0.0,1
clean,0.19,0.025,17,HistGB,HistGB,16.52161216946523,16.52161216946523,0.0,1
clean,0.19,0.025,18,HistGB,HistGB,14.780199693916028,14.780199693916028,0.0,1
clean,0.19,0.025,19,HistGB,HistGB,14.493836285631524,14.493836285631524,0.0,1
clean,0.19,0.025,20,HistGB,HistGB,15.368108126940594,15.368108126940594,0.0,1
clean,0.19,0.025,21,HistGB,HistGB,16.055770073743247,16.055770073743247,0.0,1
clean,0.19,0.025,22,HistGB,HistGB,15.713546741354476,15.713546741354476,0.0,1
clean,0.19,0.025,23,HistGB,HistGB,15.55503612142687,15.55503612142687,0.0,1
clean,0.19,0.025,24,HistGB,HistGB,15.081413399945886,15.081413399945886,0.0,1
clean,0.19,0.1,0,HistGB,HistGB,16.06918849714951,16.06918849714951,0.0,1
clean,0.19,0.1,1,HistGB,HistGB,17.715227486371926,17.715227486371926,0.0,1
clean,0.19,0.1,2,HistGB,HistGB,16.59812152428756,16.59812152428756,0.0,1
clean,0.19,0.1,3,HistGB,HistGB,16.681998568610286,16.681998568610286,0.0,1
clean,0.19,0.1,4,HistGB,HistGB,16.108514635915505,16.108514635915505,0.0,1
clean,0.19,0.1,5,HistGB,HistGB,17.268672823209283,17.268672823209283,0.0,1
clean,0.19,0.1,6,HistGB,HistGB,19.40432003734352,19.40432003734352,0.0,1
clean,0.19,0.1,7,HistGB,HistGB,16.082236395832705,16.082236395832705,0.0,1
clean,0.19,0.1,8,HistGB,HistGB,16.407129732211875,16.407129732211875,0.0,1
clean,0.19,0.1,9,HistGB,HistGB,17.16320210267766,17.16320210267766,0.0,1
clean,0.19,0.1,10,HistGB,HistGB,16.50268958110556,16.50268958110556,0.0,1
clean,0.19,0.1,11,HistGB,HistGB,15.964533676765804,15.964533676765804,0.0,1
clean,0.19,0.1,12,HistGB,HistGB,15.955340858425544,15.955340858425544,0.0,1
clean,0.19,0.1,13,HistGB,HistGB,16.931967619416174,16.931967619416174,0.0,1
clean,0.19,0.1,14,HistGB,HistGB,16.92890955586985,16.92890955586985,0.0,1
clean,0.19,0.1,15,HistGB,HistGB,16.861669366598026,16.861669366598026,0.0,1
clean,0.19,0.1,16,HistGB,HistGB,17.657517204616237,17.657517204616237,0.0,1
clean,0.19,0.1,17,HistGB,HistGB,18.682009768699448,18.682009768699448,0.0,1
clean,0.19,0.1,18,HistGB,HistGB,17.15936754113902,17.15936754113902,0.0,1
clean,0.19,0.1,19,HistGB,HistGB,16.832397587873736,16.832397587873736,0.0,1
clean,0.19,0.1,20,HistGB,HistGB,17.57369629098549,17.57369629098549,0.0,1
clean,0.19,0.1,21,HistGB,HistGB,18.21056570240688,18.21056570240688,0.0,1
clean,0.19,0.1,22,HistGB,HistGB,17.918651632655692,17.918651632655692,0.0,1
clean,0.19,0.1,23,HistGB,HistGB,17.87434674116678,17.87434674116678,0.0,1
clean,0.19,0.1,24,HistGB,HistGB,17.41484728033265,17.41484728033265,0.0,1
clean,0.19,0.15,0,HistGB,HistGB,17.541973445772758,17.541973445772758,0.0,1
clean,0.19,0.15,1,HistGB,HistGB,19.010878031887327,19.010878031887327,0.0,1
clean,0.19,0.15,2,HistGB,HistGB,17.80100779364431,17.80100779364431,0.0,1
clean,0.19,0.15,3,HistGB,HistGB,18.01452453786513,18.01452453786513,0.0,1
clean,0.19,0.15,4,HistGB,HistGB,17.437948123990314,17.437948123990314,0.0,1
clean,0.19,0.15,5,HistGB,HistGB,18.58285094234233,18.58285094234233,0.0,1
clean,0.19,0.15,6,HistGB,KNN,20.66574103016756,20.55617663708099,0.1095643930865684,0
clean,0.19,0.15,7,HistGB,HistGB,17.529586892481948,17.529586892481948,0.0,1
clean,0.19,0.15,8,HistGB,HistGB,17.8122895281797,17.8122895281797,0.0,1
clean,0.19,0.15,9,HistGB,HistGB,18.495670339370204,18.495670339370204,0.0,1
clean,0.19,0.15,10,HistGB,RandomForest,17.97117283362848,17.920692448422127,0.05048038520635245,0
clean,0.19,0.15,11,HistGB,RandomForest,17.484846230170547,17.41666006093395,0.06818616923659704,0
clean,0.19,0.15,12,HistGB,HistGB,17.466672392177024,17.466672392177024,0.0,1
clean,0.19,0.15,13,HistGB,HistGB,18.257215445819707,18.257215445819707,0.0,1
clean,0.19,0.15,14,HistGB,HistGB,18.137408455216548,18.137408455216548,0.0,1
clean,0.19,0.15,15,HistGB,HistGB,18.107544438260927,18.107544438260927,0.0,1
clean,0.19,0.15,16,HistGB,HistGB,18.78614046980045,18.78614046980045,0.0,1
clean,0.19,0.15,17,HistGB,HistGB,20.041240568377912,20.041240568377912,0.0,1
clean,0.19,0.15,18,HistGB,HistGB,18.367784803289087,18.367784803289087,0.0,1
clean,0.19,0.15,19,HistGB,HistGB,18.104123699192264,18.104123699192264,0.0,1
clean,0.19,0.15,20,HistGB,HistGB,18.801855062804623,18.801855062804623,0.0,1
clean,0.19,0.15,21,HistGB,HistGB,19.59619733176809,19.59619733176809,0.0,1
clean,0.19,0.15,22,HistGB,HistGB,19.298586066791096,19.298586066791096,0.0,1
clean,0.19,0.15,23,HistGB,HistGB,19.173574821481136,19.173574821481136,0.0,1
clean,0.19,0.15,24,HistGB,HistGB,18.65781447093841,18.65781447093841,0.0,1
clean,0.19,0.19,0,HistGB,HistGB,18.928739010266547,18.928739010266547,0.0,1
clean,0.19,0.19,1,HistGB,HistGB,20.143835873105846,20.143835873105846,0.0,1
clean,0.19,0.19,2,HistGB,RandomForest,19.26838422455713,19.25223313590072,0.016151088656410906,0
clean,0.19,0.19,3,HistGB,HistGB,19.443279896968026,19.443279896968026,0.0,1
clean,0.19,0.19,4,HistGB,HistGB,18.91392220590144,18.91392220590144,0.0,1
clean,0.19,0.19,5,HistGB,HistGB,19.95917516081851,19.95917516081851,0.0,1
clean,0.19,0.19,6,HistGB,KNN,21.81613605324205,21.221317844771534,0.5948182084705174,0
clean,0.19,0.19,7,HistGB,HistGB,18.7343657051764,18.7343657051764,0.0,1
clean,0.19,0.19,8,HistGB,HistGB,19.090144255140743,19.090144255140743,0.0,1
clean,0.19,0.19,9,HistGB,HistGB,19.75986807523372,19.75986807523372,0.0,1
clean,0.19,0.19,10,HistGB,RandomForest,19.228897842651488,19.11294703331267,0.11595080933881974,0
clean,0.19,0.19,11,HistGB,HistGB,18.667847445401883,18.667847445401883,0.0,1
clean,0.19,0.19,12,HistGB,HistGB,18.74800249831791,18.74800249831791,0.0,1
clean,0.19,0.19,13,HistGB,HistGB,19.487413662156857,19.487413662156857,0.0,1
clean,0.19,0.19,14,HistGB,HistGB,19.805729525276647,19.805729525276647,0.0,1
clean,0.19,0.19,15,HistGB,HistGB,19.53354628711148,19.53354628711148,0.0,1
clean,0.19,0.19,16,HistGB,HistGB,20.42138389973512,20.42138389973512,0.0,1
clean,0.19,0.19,17,HistGB,HistGB,21.336585653266862,21.336585653266862,0.0,1
clean,0.19,0.19,18,HistGB,HistGB,19.63875503262111,19.63875503262111,0.0,1
clean,0.19,0.19,19,HistGB,HistGB,19.237587544515986,19.237587544515986,0.0,1
clean,0.19,0.19,20,HistGB,HistGB,19.92591817042073,19.92591817042073,0.0,1
clean,0.19,0.19,21,HistGB,HistGB,21.007827210990577,21.007827210990577,0.0,1
clean,0.19,0.19,22,HistGB,HistGB,20.67660900892144,20.67660900892144,0.0,1
clean,0.19,0.19,23,HistGB,RandomForest,20.6083352155968,20.554130699292205,0.05420451630459411,0
clean,0.19,0.19,24,HistGB,HistGB,19.83663934120755,19.83663934120755,0.0,1
clean,0.19,0.2,0,HistGB,HistGB,19.31695977824297,19.31695977824297,0.0,1
clean,0.19,0.2,1,HistGB,HistGB,20.633704058890523,20.633704058890523,0.0,1
clean,0.19,0.2,2,HistGB,RandomForest,19.60198171985055,19.530966200000307,0.07101551985024201,0
clean,0.19,0.2,3,HistGB,HistGB,19.40246723251745,19.40246723251745,0.0,1
clean,0.19,0.2,4,HistGB,HistGB,19.19879919002628,19.19879919002628,0.0,1
clean,0.19,0.2,5,HistGB,HistGB,20.309646525902178,20.309646525902178,0.0,1
clean,0.19,0.2,6,HistGB,KNN,22.22715469741236,21.45106211319845,0.7760925842139095,0
clean,0.19,0.2,7,HistGB,KNN,19.087134768957217,18.91466158420148,0.17247318475573792,0
clean,0.19,0.2,8,HistGB,HistGB,19.353522301384245,19.353522301384245,0.0,1
clean,0.19,0.2,9,HistGB,HistGB,20.244280483753503,20.244280483753503,0.0,1
clean,0.19,0.2,10,HistGB,RandomForest,19.482679894775195,19.397262692891125,0.08541720188406998,0
clean,0.19,0.2,11,HistGB,HistGB,18.81764877008533,18.81764877008533,0.0,1
clean,0.19,0.2,12,HistGB,HistGB,19.156116543683805,19.156116543683805,0.0,1
clean,0.19,0.2,13,HistGB,HistGB,20.01349433745357,20.01349433745357,0.0,1
clean,0.19,0.2,14,HistGB,HistGB,20.033455238923583,20.033455238923583,0.0,1
clean,0.19,0.2,15,HistGB,KNN,19.86983031134916,19.770319702527317,0.09951060882184137,0
clean,0.19,0.2,16,HistGB,HistGB,20.56981023209017,20.56981023209017,0.0,1
clean,0.19,0.2,17,HistGB,KNN,21.90020836235615,21.8467341910282,0.05347417132794874,0
clean,0.19,0.2,18,HistGB,KNN,20.13102128441388,20.099350238418523,0.031671045995356195,0
clean,0.19,0.2,19,HistGB,HistGB,19.59435135708357,19.59435135708357,0.0,1
clean,0.19,0.2,20,HistGB,HistGB,20.38206963513907,20.38206963513907,0.0,1
clean,0.19,0.2,21,HistGB,HistGB,21.186528023649814,21.186528023649814,0.0,1
clean,0.19,0.2,22,HistGB,HistGB,20.970762127732502,20.970762127732502,0.0,1
clean,0.19,0.2,23,HistGB,HistGB,20.731601966614555,20.731601966614555,0.0,1
clean,0.19,0.2,24,HistGB,HistGB,20.04810559903347,20.04810559903347,0.0,1
clean,0.19,0.21,0,HistGB,KNN,19.712347729890087,19.62070076050922,0.09164696938086792,0
clean,0.19,0.21,1,HistGB,HistGB,20.883479751389164,20.883479751389164,0.0,1
clean,0.19,0.21,2,HistGB,RandomForest,19.80436562213185,19.776411638303763,0.02795398382808756,0
clean,0.19,0.21,3,HistGB,HistGB,19.79962845112105,19.79962845112105,0.0,1
clean,0.19,0.21,4,HistGB,HistGB,19.524084711512717,19.524084711512717,0.0,1
clean,0.19,0.21,5,HistGB,HistGB,20.691741037075957,20.691741037075957,0.0,1
clean,0.19,0.21,6,HistGB,KNN,22.638128623682924,21.735449205266427,0.902679418416497,0
clean,0.19,0.21,7,HistGB,KNN,19.563223774521383,19.129134412148225,0.43408936237315743,0
clean,0.19,0.21,8,HistGB,KNN,19.949149133827166,19.754159286311616,0.1949898475155507,0
clean,0.19,0.21,9,HistGB,HistGB,20.53946391412387,20.53946391412387,0.0,1
clean,0.19,0.21,10,HistGB,RandomForest,19.791512389893278,19.766638000384397,0.024874389508880768,0
clean,0.19,0.21,11,HistGB,HistGB,19.12476153385831,19.12476153385831,0.0,1
clean,0.19,0.21,12,HistGB,HistGB,19.62285011346803,19.62285011346803,0.0,1
clean,0.19,0.21,13,HistGB,HistGB,20.1912750022628,20.1912750022628,0.0,1
clean,0.19,0.21,14,HistGB,HistGB,20.17871752830445,20.17871752830445,0.0,1
clean,0.19,0.21,15,HistGB,KNN,20.35635435076348,20.008689836811453,0.3476645139520258,0
clean,0.19,0.21,16,HistGB,RandomForest,20.844016484607646,20.833181161887754,0.010835322719891849,0
clean,0.19,0.21,17,HistGB,KNN,22.20143236502758,21.9739723674224,0.22745999760517677,0
clean,0.19,0.21,18,HistGB,KNN,20.435337004508213,20.18731917985644,0.2480178246517717,0
clean,0.19,0.21,19,HistGB,HistGB,19.97509701714303,19.97509701714303,0.0,1
clean,0.19,0.21,20,HistGB,HistGB,20.63839378129152,20.63839378129152,0.0,1
clean,0.19,0.21,21,HistGB,HistGB,21.40956894525845,21.40956894525845,0.0,1
clean,0.19,0.21,22,HistGB,KNN,21.279054027647227,21.24068021908822,0.03837380855900818,0
clean,0.19,0.21,23,HistGB,HistGB,21.073886705689358,21.073886705689358,0.0,1
clean,0.19,0.21,24,HistGB,HistGB,20.58508699071329,20.58508699071329,0.0,1
clean,0.19,0.24,0,HistGB,KNN,20.982521657856744,20.33664056590208,0.6458810919546636,0
clean,0.19,0.24,1,HistGB,KNN,22.064357590263988,21.92280236504782,0.1415552252161696,0
clean,0.19,0.24,2,HistGB,KNN,20.79592375371037,20.741214770005676,0.05470898370469257,0
clean,0.19,0.24,3,HistGB,KNN,20.84463885093164,20.4321294687124,0.41250938221924116,0
clean,0.19,0.24,4,HistGB,HistGB,20.575640835804094,20.575640835804094,0.0,1
clean,0.19,0.24,5,HistGB,KNN,21.85542178703425,21.582918404859733,0.2725033821745164,0
clean,0.19,0.24,6,HistGB,KNN,24.16724330250814,22.650935540068332,1.5163077624398085,0
clean,0.19,0.24,7,HistGB,KNN,20.526325030059937,19.87952199459999,0.6468030354599463,0
clean,0.19,0.24,8,HistGB,KNN,21.085049356636727,20.522281621260348,0.5627677353763794,0
clean,0.19,0.24,9,HistGB,HistGB,21.50120439198769,21.50120439198769,0.0,1
clean,0.19,0.24,10,HistGB,HistGB,20.799187355071187,20.799187355071187,0.0,1
clean,0.19,0.24,11,HistGB,RandomForest,20.46050823698773,20.371659546986443,0.08884869000128859,0
clean,0.19,0.24,12,HistGB,KNN,20.42873796577705,20.153818096825816,0.2749198689512333,0
clean,0.19,0.24,13,HistGB,HistGB,21.2669017233842,21.2669017233842,0.0,1
clean,0.19,0.24,14,HistGB,KNN,21.462084175510437,21.3226337532928,0.1394504222176387,0
clean,0.19,0.24,15,HistGB,KNN,21.109553749660595,20.52767563958444,0.5818781100761541,0
clean,0.19,0.24,16,HistGB,KNN,22.00953698747326,21.60327312063129,0.4062638668419716,0
clean,0.19,0.24,17,HistGB,KNN,23.25946017164457,22.6236646265378,0.6357955451067703,0
clean,0.19,0.24,18,HistGB,KNN,21.322163342513168,20.865332927318907,0.45683041519426126,0
clean,0.19,0.24,19,HistGB,KNN,20.93072529938225,20.611027408455104,0.31969789092714507,0
clean,0.19,0.24,20,HistGB,KNN,21.74925183304476,21.538000917902348,0.21125091514241134,0
clean,0.19,0.24,21,HistGB,KNN,22.651067969927944,22.618736893558317,0.03233107636962629,0
clean,0.19,0.24,22,HistGB,KNN,22.46146878945244,22.050215114306518,0.4112536751459217,0
clean,0.19,0.24,23,HistGB,KNN,22.339223359037533,22.08033187991192,0.2588914791256123,0
clean,0.19,0.24,24,HistGB,HistGB,21.588328318789458,21.588328318789458,0.0,1
clean,0.19,0.32,0,HistGB,KNN,24.12467046999476,22.3410975641612,1.7835729058335623,0
clean,0.19,0.32,1,HistGB,KNN,25.77070627354392,24.167646892408506,1.603059381135413,0
clean,0.19,0.32,2,HistGB,KNN,24.59572377329288,23.22830694722482,1.3674168260680624,0
clean,0.19,0.32,3,HistGB,KNN,24.09274391415105,22.651724084282822,1.4410198298682282,0
clean,0.19,0.32,4,HistGB,KNN,23.90705141032773,22.899209031890777,1.0078423784369512,0
clean,0.19,0.32,5,HistGB,KNN,25.212724593070813,23.74077037955543,1.4719542135153851,0
clean,0.19,0.32,6,HistGB,KNN,27.269805798524292,24.58426841601279,2.6855373825115016,0
clean,0.19,0.32,7,HistGB,KNN,23.968635975943368,21.897619039501325,2.0710169364420423,0
clean,0.19,0.32,8,HistGB,KNN,24.47320734454739,22.56198727539633,1.9112200691510601,0
clean,0.19,0.32,9,HistGB,KNN,24.803594090704078,23.726477980773108,1.0771161099309694,0
clean,0.19,0.32,10,HistGB,KNN,24.47934381390138,23.392268978535643,1.087074835365737,0
clean,0.19,0.32,11,HistGB,KNN,23.72661797910468,22.911206803547127,0.8154111755575535,0
clean,0.19,0.32,12,HistGB,KNN,24.111346473464494,22.468416540666528,1.6429299327979656,0
clean,0.19,0.32,13,HistGB,KNN,24.99542252363374,23.978926219057577,1.0164963045761617,0
clean,0.19,0.32,14,HistGB,KNN,24.742605611228107,23.408361493293267,1.3342441179348405,0
clean,0.19,0.32,15,HistGB,KNN,24.416176662644283,22.5382140343824,1.8779626282618835,0
clean,0.19,0.32,16,HistGB,KNN,25.54446516039962,23.889956814327707,1.654508346071914,0
clean,0.19,0.32,17,HistGB,KNN,26.4958612951784,24.784073695291784,1.711787599886616,0
clean,0.19,0.32,18,HistGB,KNN,24.88464519023908,23.16494399329765,1.719701196941429,0
clean,0.19,0.32,19,HistGB,KNN,24.573643527987716,22.967426539513063,1.606216988474653,0
clean,0.19,0.32,20,HistGB,KNN,25.04910344930528,23.79135534710681,1.257748102198473,0
clean,0.19,0.32,21,HistGB,KNN,26.31016837981644,24.97102970206068,1.3391386777557592,0
clean,0.19,0.32,22,HistGB,KNN,26.098178562014315,24.39051221352639,1.7076663484879262,0
clean,0.19,0.32,23,HistGB,KNN,25.557866068906574,24.187060837810005,1.3708052310965684,0
clean,0.19,0.32,24,HistGB,KNN,25.003697301266914,24.039705867231064,0.9639914340358509,0
clean,0.19,0.4,0,HistGB,KNN,28.049609361827816,25.10814862318806,2.941460738639755,0
clean,0.19,0.4,1,HistGB,KNN,29.31611875614641,26.672735103263133,2.6433836528832764,0
clean,0.19,0.4,2,HistGB,KNN,28.384727103233185,25.81692397000759,2.5678031332255955,0
clean,0.19,0.4,3,HistGB,KNN,28.010289959071308,25.423661872844157,2.586628086227151,0
clean,0.19,0.4,4,HistGB,KNN,28.31516006865912,25.844904882373577,2.470255186285545,0
clean,0.19,0.4,5,HistGB,KNN,29.138612727054603,26.34733170986748,2.7912810171871243,0
clean,0.19,0.4,6,HistGB,KNN,31.47206094214324,27.471419439501894,4.000641502641347,0
clean,0.19,0.4,7,HistGB,KNN,27.888774713460062,24.65403390525961,3.2347408082004527,0
clean,0.19,0.4,8,HistGB,KNN,28.11039177616971,25.132597624958056,2.977794151211654,0
clean,0.19,0.4,9,HistGB,KNN,29.266611766794703,26.551948517294797,2.714663249499907,0
clean,0.19,0.4,10,HistGB,KNN,27.891574895247988,25.81186367292943,2.079711222318558,0
clean,0.19,0.4,11,HistGB,KNN,27.79176127114822,25.676760069446004,2.115001201702217,0
clean,0.19,0.4,12,HistGB,KNN,28.33763090957668,25.233865931244623,3.103764978332059,0
clean,0.19,0.4,13,HistGB,KNN,28.798902297381467,26.54460857267338,2.254293724708088,0
clean,0.19,0.4,14,HistGB,KNN,29.211910296743884,26.522075989221285,2.6898343075225988,0
clean,0.19,0.4,15,HistGB,KNN,28.65193876540236,25.34232298472043,3.3096157806819306,0
clean,0.19,0.4,16,HistGB,KNN,30.078513900930812,26.84998999315152,3.228523907779291,0
clean,0.19,0.4,17,HistGB,KNN,30.5095007137395,27.506923656523504,3.002577057215994,0
clean,0.19,0.4,18,HistGB,KNN,28.915144639978127,25.751301404565957,3.1638432354121697,0
clean,0.19,0.4,19,HistGB,KNN,28.586058710871352,25.36051788480377,3.225540826067583,0
clean,0.19,0.4,20,HistGB,KNN,28.90296152191095,26.323880275010467,2.5790812469004827,0
clean,0.19,0.4,21,HistGB,KNN,30.33042188933338,27.56509882832943,2.7653230610039508,0
clean,0.19,0.4,22,HistGB,KNN,30.205591444939312,26.97384541341878,3.231746031520533,0
clean,0.19,0.4,23,HistGB,KNN,29.56692175934774,26.81887054429276,2.7480512150549785,0
clean,0.19,0.4,24,HistGB,KNN,29.05916420698302,26.826243061722764,2.2329211452602564,0
clean,0.19,0.5,0,HistGB,KNN,34.3356818953042,29.36104864314475,4.97463325215945,0
clean,0.19,0.5,1,HistGB,KNN,35.45798108963929,30.78564658343057,4.6723345062087205,0
clean,0.19,0.5,2,HistGB,KNN,34.576328258809134,30.042510211973912,4.533818046835222,0
clean,0.19,0.5,3,HistGB,KNN,34.792656147750726,29.873883258001964,4.918772889748762,0
clean,0.19,0.5,4,HistGB,KNN,34.238497999689834,29.807820739177387,4.4306772605124465,0
clean,0.19,0.5,5,HistGB,KNN,35.27559090791475,30.71450700402392,4.561083903890829,0
clean,0.19,0.5,6,HistGB,KNN,37.69306887075829,31.49381187242601,6.199256998332277,0
clean,0.19,0.5,7,HistGB,KNN,33.714303799759946,28.83981311651348,4.874490683246467,0
clean,0.19,0.5,8,HistGB,KNN,34.41627098104753,29.623591813472316,4.792679167575216,0
clean,0.19,0.5,9,HistGB,KNN,34.73783599713518,30.300257701423387,4.437578295711791,0
clean,0.19,0.5,10,HistGB,KNN,33.910208514081305,29.824404136662483,4.085804377418821,0
clean,0.19,0.5,11,HistGB,KNN,33.62775139723734,29.60491639036404,4.022835006873301,0
clean,0.19,0.5,12,HistGB,KNN,34.021207929695294,29.14937495424439,4.8718329754509035,0
clean,0.19,0.5,13,HistGB,KNN,34.977502260566304,30.73761449320112,4.2398877673651825,0
clean,0.19,0.5,14,HistGB,KNN,34.802166158897485,30.22898594801385,4.573180210883635,0
clean,0.19,0.5,15,HistGB,KNN,34.57634793205066,29.482012823758883,5.0943351082917765,0
clean,0.19,0.5,16,HistGB,KNN,35.87939472326243,31.00229592672065,4.87709879654178,0
clean,0.19,0.5,17,HistGB,KNN,36.963845356749495,32.00073805865598,4.963107298093512,0
clean,0.19,0.5,18,HistGB,KNN,34.50305373795179,29.334123989500338,5.1689297484514505,0
clean,0.19,0.5,19,HistGB,KNN,34.60327848170751,29.727904717251747,4.875373764455766,0
clean,0.19,0.5,20,HistGB,KNN,34.325370645190155,30.386612943510592,3.938757701679563,0
clean,0.19,0.5,21,HistGB,KNN,36.63164043905123,32.05521614959351,4.576424289457719,0
clean,0.19,0.5,22,HistGB,KNN,36.0951832132667,30.834582638855917,5.260600574410784,0
clean,0.19,0.5,23,HistGB,KNN,35.70825739251677,31.138388285827343,4.569869106689428,0
clean,0.19,0.5,24,HistGB,KNN,34.82354914689996,30.66380562129224,4.159743525607716,0
clean,0.195,0.0,0,HistGB,HistGB,11.76015510447522,11.76015510447522,0.0,1
clean,0.195,0.0,1,HistGB,HistGB,13.73168860179165,13.73168860179165,0.0,1
clean,0.195,0.0,2,HistGB,HistGB,12.03246102203424,12.03246102203424,0.0,1
clean,0.195,0.0,3,HistGB,HistGB,12.507296971676508,12.507296971676508,0.0,1
clean,0.195,0.0,4,HistGB,HistGB,11.663767967150225,11.663767967150225,0.0,1
clean,0.195,0.0,5,HistGB,HistGB,12.788000461342667,12.788000461342667,0.0,1
clean,0.195,0.0,6,HistGB,HistGB,15.137088661400586,15.137088661400586,0.0,1
clean,0.195,0.0,7,HistGB,HistGB,11.832086758523523,11.832086758523523,0.0,1
clean,0.195,0.0,8,HistGB,HistGB,11.80698803744633,11.80698803744633,0.0,1
clean,0.195,0.0,9,HistGB,HistGB,12.556532991757797,12.556532991757797,0.0,1
clean,0.195,0.0,10,HistGB,HistGB,12.006766732493656,12.006766732493656,0.0,1
clean,0.195,0.0,11,HistGB,HistGB,11.346172695771273,11.346172695771273,0.0,1
clean,0.195,0.0,12,HistGB,HistGB,11.53607012306929,11.53607012306929,0.0,1
clean,0.195,0.0,13,HistGB,HistGB,12.501230435307573,12.501230435307573,0.0,1
clean,0.195,0.0,14,HistGB,HistGB,12.374390426143172,12.374390426143172,0.0,1
clean,0.195,0.0,15,HistGB,HistGB,12.425630433445932,12.425630433445932,0.0,1
clean,0.195,0.0,16,HistGB,HistGB,13.0920493003693,13.0920493003693,0.0,1
clean,0.195,0.0,17,HistGB,HistGB,14.474854688524555,14.474854688524555,0.0,1
clean,0.195,0.0,18,HistGB,HistGB,12.72431903276434,12.72431903276434,0.0,1
clean,0.195,0.0,19,HistGB,HistGB,12.38932481964971,12.38932481964971,0.0,1
clean,0.195,0.0,20,HistGB,HistGB,13.18137194824744,13.18137194824744,0.0,1
clean,0.195,0.0,21,HistGB,HistGB,13.996657000066351,13.996657000066351,0.0,1
clean,0.195,0.0,22,HistGB,HistGB,13.811627922541728,13.811627922541728,0.0,1
clean,0.195,0.0,23,HistGB,HistGB,13.32873782866024,13.32873782866024,0.0,1
clean,0.195,0.0,24,HistGB,HistGB,13.136467261751262,13.136467261751262,0.0,1
clean,0.195,0.025,0,HistGB,HistGB,13.790624657970188,13.790624657970188,0.0,1
clean,0.195,0.025,1,HistGB,HistGB,15.569190624933023,15.569190624933023,0.0,1
clean,0.195,0.025,2,HistGB,HistGB,14.088427543524208,14.088427543524208,0.0,1
clean,0.195,0.025,3,HistGB,HistGB,14.466111791412365,14.466111791412365,0.0,1
clean,0.195,0.025,4,HistGB,HistGB,13.735054816062018,13.735054816062018,0.0,1
clean,0.195,0.025,5,HistGB,HistGB,14.867893327492942,14.867893327492942,0.0,1
clean,0.195,0.025,6,HistGB,HistGB,17.17176789089314,17.17176789089314,0.0,1
clean,0.195,0.025,7,HistGB,HistGB,13.928703035242147,13.928703035242147,0.0,1
clean,0.195,0.025,8,HistGB,HistGB,14.035703406909802,14.035703406909802,0.0,1
clean,0.195,0.025,9,HistGB,HistGB,14.77125823960297,14.77125823960297,0.0,1
clean,0.195,0.025,10,HistGB,HistGB,14.180458644223837,14.180458644223837,0.0,1
clean,0.195,0.025,11,HistGB,HistGB,13.50742579877159,13.50742579877159,0.0,1
clean,0.195,0.025,12,HistGB,HistGB,13.758001907403685,13.758001907403685,0.0,1
clean,0.195,0.025,13,HistGB,HistGB,14.626656518553975,14.626656518553975,0.0,1
clean,0.195,0.025,14,HistGB,HistGB,14.533640708116964,14.533640708116964,0.0,1
clean,0.195,0.025,15,HistGB,HistGB,14.46272762558578,14.46272762558578,0.0,1
clean,0.195,0.025,16,HistGB,HistGB,15.171306018649071,15.171306018649071,0.0,1
clean,0.195,0.025,17,HistGB,HistGB,16.52161216946523,16.52161216946523,0.0,1
clean,0.195,0.025,18,HistGB,HistGB,14.780199693916028,14.780199693916028,0.0,1
clean,0.195,0.025,19,HistGB,HistGB,14.493836285631524,14.493836285631524,0.0,1
clean,0.195,0.025,20,HistGB,HistGB,15.368108126940594,15.368108126940594,0.0,1
clean,0.195,0.025,21,HistGB,HistGB,16.055770073743247,16.055770073743247,0.0,1
clean,0.195,0.025,22,HistGB,HistGB,15.713546741354476,15.713546741354476,0.0,1
clean,0.195,0.025,23,HistGB,HistGB,15.55503612142687,15.55503612142687,0.0,1
clean,0.195,0.025,24,HistGB,HistGB,15.081413399945886,15.081413399945886,0.0,1
clean,0.195,0.1,0,HistGB,HistGB,16.06918849714951,16.06918849714951,0.0,1
clean,0.195,0.1,1,HistGB,HistGB,17.715227486371926,17.715227486371926,0.0,1
clean,0.195,0.1,2,HistGB,HistGB,16.59812152428756,16.59812152428756,0.0,1
clean,0.195,0.1,3,HistGB,HistGB,16.681998568610286,16.681998568610286,0.0,1
clean,0.195,0.1,4,HistGB,HistGB,16.108514635915505,16.108514635915505,0.0,1
clean,0.195,0.1,5,HistGB,HistGB,17.268672823209283,17.268672823209283,0.0,1
clean,0.195,0.1,6,HistGB,HistGB,19.40432003734352,19.40432003734352,0.0,1
clean,0.195,0.1,7,HistGB,HistGB,16.082236395832705,16.082236395832705,0.0,1
clean,0.195,0.1,8,HistGB,HistGB,16.407129732211875,16.407129732211875,0.0,1
clean,0.195,0.1,9,HistGB,HistGB,17.16320210267766,17.16320210267766,0.0,1
clean,0.195,0.1,10,HistGB,HistGB,16.50268958110556,16.50268958110556,0.0,1
clean,0.195,0.1,11,HistGB,HistGB,15.964533676765804,15.964533676765804,0.0,1
clean,0.195,0.1,12,HistGB,HistGB,15.955340858425544,15.955340858425544,0.0,1
clean,0.195,0.1,13,HistGB,HistGB,16.931967619416174,16.931967619416174,0.0,1
clean,0.195,0.1,14,HistGB,HistGB,16.92890955586985,16.92890955586985,0.0,1
clean,0.195,0.1,15,HistGB,HistGB,16.861669366598026,16.861669366598026,0.0,1
clean,0.195,0.1,16,HistGB,HistGB,17.657517204616237,17.657517204616237,0.0,1
clean,0.195,0.1,17,HistGB,HistGB,18.682009768699448,18.682009768699448,0.0,1
clean,0.195,0.1,18,HistGB,HistGB,17.15936754113902,17.15936754113902,0.0,1
clean,0.195,0.1,19,HistGB,HistGB,16.832397587873736,16.832397587873736,0.0,1
clean,0.195,0.1,20,HistGB,HistGB,17.57369629098549,17.57369629098549,0.0,1
clean,0.195,0.1,21,HistGB,HistGB,18.21056570240688,18.21056570240688,0.0,1
clean,0.195,0.1,22,HistGB,HistGB,17.918651632655692,17.918651632655692,0.0,1
clean,0.195,0.1,23,HistGB,HistGB,17.87434674116678,17.87434674116678,0.0,1
clean,0.195,0.1,24,HistGB,HistGB,17.41484728033265,17.41484728033265,0.0,1
clean,0.195,0.15,0,HistGB,HistGB,17.541973445772758,17.541973445772758,0.0,1
clean,0.195,0.15,1,HistGB,HistGB,19.010878031887327,19.010878031887327,0.0,1
clean,0.195,0.15,2,HistGB,HistGB,17.80100779364431,17.80100779364431,0.0,1
clean,0.195,0.15,3,HistGB,HistGB,18.01452453786513,18.01452453786513,0.0,1
clean,0.195,0.15,4,HistGB,HistGB,17.437948123990314,17.437948123990314,0.0,1
clean,0.195,0.15,5,HistGB,HistGB,18.58285094234233,18.58285094234233,0.0,1
clean,0.195,0.15,6,HistGB,KNN,20.66574103016756,20.55617663708099,0.1095643930865684,0
clean,0.195,0.15,7,HistGB,HistGB,17.529586892481948,17.529586892481948,0.0,1
clean,0.195,0.15,8,HistGB,HistGB,17.8122895281797,17.8122895281797,0.0,1
clean,0.195,0.15,9,HistGB,HistGB,18.495670339370204,18.495670339370204,0.0,1
clean,0.195,0.15,10,HistGB,RandomForest,17.97117283362848,17.920692448422127,0.05048038520635245,0
clean,0.195,0.15,11,HistGB,RandomForest,17.484846230170547,17.41666006093395,0.06818616923659704,0
clean,0.195,0.15,12,HistGB,HistGB,17.466672392177024,17.466672392177024,0.0,1
clean,0.195,0.15,13,HistGB,HistGB,18.257215445819707,18.257215445819707,0.0,1
clean,0.195,0.15,14,HistGB,HistGB,18.137408455216548,18.137408455216548,0.0,1
clean,0.195,0.15,15,HistGB,HistGB,18.107544438260927,18.107544438260927,0.0,1
clean,0.195,0.15,16,HistGB,HistGB,18.78614046980045,18.78614046980045,0.0,1
clean,0.195,0.15,17,HistGB,HistGB,20.041240568377912,20.041240568377912,0.0,1
clean,0.195,0.15,18,HistGB,HistGB,18.367784803289087,18.367784803289087,0.0,1
clean,0.195,0.15,19,HistGB,HistGB,18.104123699192264,18.104123699192264,0.0,1
clean,0.195,0.15,20,HistGB,HistGB,18.801855062804623,18.801855062804623,0.0,1
clean,0.195,0.15,21,HistGB,HistGB,19.59619733176809,19.59619733176809,0.0,1
clean,0.195,0.15,22,HistGB,HistGB,19.298586066791096,19.298586066791096,0.0,1
clean,0.195,0.15,23,HistGB,HistGB,19.173574821481136,19.173574821481136,0.0,1
clean,0.195,0.15,24,HistGB,HistGB,18.65781447093841,18.65781447093841,0.0,1
clean,0.195,0.19,0,HistGB,HistGB,18.928739010266547,18.928739010266547,0.0,1
clean,0.195,0.19,1,HistGB,HistGB,20.143835873105846,20.143835873105846,0.0,1
clean,0.195,0.19,2,HistGB,RandomForest,19.26838422455713,19.25223313590072,0.016151088656410906,0
clean,0.195,0.19,3,HistGB,HistGB,19.443279896968026,19.443279896968026,0.0,1
clean,0.195,0.19,4,HistGB,HistGB,18.91392220590144,18.91392220590144,0.0,1
clean,0.195,0.19,5,HistGB,HistGB,19.95917516081851,19.95917516081851,0.0,1
clean,0.195,0.19,6,HistGB,KNN,21.81613605324205,21.221317844771534,0.5948182084705174,0
clean,0.195,0.19,7,HistGB,HistGB,18.7343657051764,18.7343657051764,0.0,1
clean,0.195,0.19,8,HistGB,HistGB,19.090144255140743,19.090144255140743,0.0,1
clean,0.195,0.19,9,HistGB,HistGB,19.75986807523372,19.75986807523372,0.0,1
clean,0.195,0.19,10,HistGB,RandomForest,19.228897842651488,19.11294703331267,0.11595080933881974,0
clean,0.195,0.19,11,HistGB,HistGB,18.667847445401883,18.667847445401883,0.0,1
clean,0.195,0.19,12,HistGB,HistGB,18.74800249831791,18.74800249831791,0.0,1
clean,0.195,0.19,13,HistGB,HistGB,19.487413662156857,19.487413662156857,0.0,1
clean,0.195,0.19,14,HistGB,HistGB,19.805729525276647,19.805729525276647,0.0,1
clean,0.195,0.19,15,HistGB,HistGB,19.53354628711148,19.53354628711148,0.0,1
clean,0.195,0.19,16,HistGB,HistGB,20.42138389973512,20.42138389973512,0.0,1
clean,0.195,0.19,17,HistGB,HistGB,21.336585653266862,21.336585653266862,0.0,1
clean,0.195,0.19,18,HistGB,HistGB,19.63875503262111,19.63875503262111,0.0,1
clean,0.195,0.19,19,HistGB,HistGB,19.237587544515986,19.237587544515986,0.0,1
clean,0.195,0.19,20,HistGB,HistGB,19.92591817042073,19.92591817042073,0.0,1
clean,0.195,0.19,21,HistGB,HistGB,21.007827210990577,21.007827210990577,0.0,1
clean,0.195,0.19,22,HistGB,HistGB,20.67660900892144,20.67660900892144,0.0,1
clean,0.195,0.19,23,HistGB,RandomForest,20.6083352155968,20.554130699292205,0.05420451630459411,0
clean,0.195,0.19,24,HistGB,HistGB,19.83663934120755,19.83663934120755,0.0,1
clean,0.195,0.2,0,HistGB,HistGB,19.31695977824297,19.31695977824297,0.0,1
clean,0.195,0.2,1,HistGB,HistGB,20.633704058890523,20.633704058890523,0.0,1
clean,0.195,0.2,2,HistGB,RandomForest,19.60198171985055,19.530966200000307,0.07101551985024201,0
clean,0.195,0.2,3,HistGB,HistGB,19.40246723251745,19.40246723251745,0.0,1
clean,0.195,0.2,4,HistGB,HistGB,19.19879919002628,19.19879919002628,0.0,1
clean,0.195,0.2,5,HistGB,HistGB,20.309646525902178,20.309646525902178,0.0,1
clean,0.195,0.2,6,HistGB,KNN,22.22715469741236,21.45106211319845,0.7760925842139095,0
clean,0.195,0.2,7,HistGB,KNN,19.087134768957217,18.91466158420148,0.17247318475573792,0
clean,0.195,0.2,8,HistGB,HistGB,19.353522301384245,19.353522301384245,0.0,1
clean,0.195,0.2,9,HistGB,HistGB,20.244280483753503,20.244280483753503,0.0,1
clean,0.195,0.2,10,HistGB,RandomForest,19.482679894775195,19.397262692891125,0.08541720188406998,0
clean,0.195,0.2,11,HistGB,HistGB,18.81764877008533,18.81764877008533,0.0,1
clean,0.195,0.2,12,HistGB,HistGB,19.156116543683805,19.156116543683805,0.0,1
clean,0.195,0.2,13,HistGB,HistGB,20.01349433745357,20.01349433745357,0.0,1
clean,0.195,0.2,14,HistGB,HistGB,20.033455238923583,20.033455238923583,0.0,1
clean,0.195,0.2,15,HistGB,KNN,19.86983031134916,19.770319702527317,0.09951060882184137,0
clean,0.195,0.2,16,HistGB,HistGB,20.56981023209017,20.56981023209017,0.0,1
clean,0.195,0.2,17,HistGB,KNN,21.90020836235615,21.8467341910282,0.05347417132794874,0
clean,0.195,0.2,18,HistGB,KNN,20.13102128441388,20.099350238418523,0.031671045995356195,0
clean,0.195,0.2,19,HistGB,HistGB,19.59435135708357,19.59435135708357,0.0,1
clean,0.195,0.2,20,HistGB,HistGB,20.38206963513907,20.38206963513907,0.0,1
clean,0.195,0.2,21,HistGB,HistGB,21.186528023649814,21.186528023649814,0.0,1
clean,0.195,0.2,22,HistGB,HistGB,20.970762127732502,20.970762127732502,0.0,1
clean,0.195,0.2,23,HistGB,HistGB,20.731601966614555,20.731601966614555,0.0,1
clean,0.195,0.2,24,HistGB,HistGB,20.04810559903347,20.04810559903347,0.0,1
clean,0.195,0.21,0,HistGB,KNN,19.712347729890087,19.62070076050922,0.09164696938086792,0
clean,0.195,0.21,1,HistGB,HistGB,20.883479751389164,20.883479751389164,0.0,1
clean,0.195,0.21,2,HistGB,RandomForest,19.80436562213185,19.776411638303763,0.02795398382808756,0
clean,0.195,0.21,3,HistGB,HistGB,19.79962845112105,19.79962845112105,0.0,1
clean,0.195,0.21,4,HistGB,HistGB,19.524084711512717,19.524084711512717,0.0,1
clean,0.195,0.21,5,HistGB,HistGB,20.691741037075957,20.691741037075957,0.0,1
clean,0.195,0.21,6,HistGB,KNN,22.638128623682924,21.735449205266427,0.902679418416497,0
clean,0.195,0.21,7,HistGB,KNN,19.563223774521383,19.129134412148225,0.43408936237315743,0
clean,0.195,0.21,8,HistGB,KNN,19.949149133827166,19.754159286311616,0.1949898475155507,0
clean,0.195,0.21,9,HistGB,HistGB,20.53946391412387,20.53946391412387,0.0,1
clean,0.195,0.21,10,HistGB,RandomForest,19.791512389893278,19.766638000384397,0.024874389508880768,0
clean,0.195,0.21,11,HistGB,HistGB,19.12476153385831,19.12476153385831,0.0,1
clean,0.195,0.21,12,HistGB,HistGB,19.62285011346803,19.62285011346803,0.0,1
clean,0.195,0.21,13,HistGB,HistGB,20.1912750022628,20.1912750022628,0.0,1
clean,0.195,0.21,14,HistGB,HistGB,20.17871752830445,20.17871752830445,0.0,1
clean,0.195,0.21,15,HistGB,KNN,20.35635435076348,20.008689836811453,0.3476645139520258,0
clean,0.195,0.21,16,HistGB,RandomForest,20.844016484607646,20.833181161887754,0.010835322719891849,0
clean,0.195,0.21,17,HistGB,KNN,22.20143236502758,21.9739723674224,0.22745999760517677,0
clean,0.195,0.21,18,HistGB,KNN,20.435337004508213,20.18731917985644,0.2480178246517717,0
clean,0.195,0.21,19,HistGB,HistGB,19.97509701714303,19.97509701714303,0.0,1
clean,0.195,0.21,20,HistGB,HistGB,20.63839378129152,20.63839378129152,0.0,1
clean,0.195,0.21,21,HistGB,HistGB,21.40956894525845,21.40956894525845,0.0,1
clean,0.195,0.21,22,HistGB,KNN,21.279054027647227,21.24068021908822,0.03837380855900818,0
clean,0.195,0.21,23,HistGB,HistGB,21.073886705689358,21.073886705689358,0.0,1
clean,0.195,0.21,24,HistGB,HistGB,20.58508699071329,20.58508699071329,0.0,1
clean,0.195,0.24,0,HistGB,KNN,20.982521657856744,20.33664056590208,0.6458810919546636,0
clean,0.195,0.24,1,HistGB,KNN,22.064357590263988,21.92280236504782,0.1415552252161696,0
clean,0.195,0.24,2,HistGB,KNN,20.79592375371037,20.741214770005676,0.05470898370469257,0
clean,0.195,0.24,3,HistGB,KNN,20.84463885093164,20.4321294687124,0.41250938221924116,0
clean,0.195,0.24,4,HistGB,HistGB,20.575640835804094,20.575640835804094,0.0,1
clean,0.195,0.24,5,HistGB,KNN,21.85542178703425,21.582918404859733,0.2725033821745164,0
clean,0.195,0.24,6,HistGB,KNN,24.16724330250814,22.650935540068332,1.5163077624398085,0
clean,0.195,0.24,7,HistGB,KNN,20.526325030059937,19.87952199459999,0.6468030354599463,0
clean,0.195,0.24,8,HistGB,KNN,21.085049356636727,20.522281621260348,0.5627677353763794,0
clean,0.195,0.24,9,HistGB,HistGB,21.50120439198769,21.50120439198769,0.0,1
clean,0.195,0.24,10,HistGB,HistGB,20.799187355071187,20.799187355071187,0.0,1
clean,0.195,0.24,11,HistGB,RandomForest,20.46050823698773,20.371659546986443,0.08884869000128859,0
clean,0.195,0.24,12,HistGB,KNN,20.42873796577705,20.153818096825816,0.2749198689512333,0
clean,0.195,0.24,13,HistGB,HistGB,21.2669017233842,21.2669017233842,0.0,1
clean,0.195,0.24,14,HistGB,KNN,21.462084175510437,21.3226337532928,0.1394504222176387,0
clean,0.195,0.24,15,HistGB,KNN,21.109553749660595,20.52767563958444,0.5818781100761541,0
clean,0.195,0.24,16,HistGB,KNN,22.00953698747326,21.60327312063129,0.4062638668419716,0
clean,0.195,0.24,17,HistGB,KNN,23.25946017164457,22.6236646265378,0.6357955451067703,0
clean,0.195,0.24,18,HistGB,KNN,21.322163342513168,20.865332927318907,0.45683041519426126,0
clean,0.195,0.24,19,HistGB,KNN,20.93072529938225,20.611027408455104,0.31969789092714507,0
clean,0.195,0.24,20,HistGB,KNN,21.74925183304476,21.538000917902348,0.21125091514241134,0
clean,0.195,0.24,21,HistGB,KNN,22.651067969927944,22.618736893558317,0.03233107636962629,0
clean,0.195,0.24,22,HistGB,KNN,22.46146878945244,22.050215114306518,0.4112536751459217,0
clean,0.195,0.24,23,HistGB,KNN,22.339223359037533,22.08033187991192,0.2588914791256123,0
clean,0.195,0.24,24,HistGB,HistGB,21.588328318789458,21.588328318789458,0.0,1
clean,0.195,0.32,0,HistGB,KNN,24.12467046999476,22.3410975641612,1.7835729058335623,0
clean,0.195,0.32,1,HistGB,KNN,25.77070627354392,24.167646892408506,1.603059381135413,0
clean,0.195,0.32,2,HistGB,KNN,24.59572377329288,23.22830694722482,1.3674168260680624,0
clean,0.195,0.32,3,HistGB,KNN,24.09274391415105,22.651724084282822,1.4410198298682282,0
clean,0.195,0.32,4,HistGB,KNN,23.90705141032773,22.899209031890777,1.0078423784369512,0
clean,0.195,0.32,5,HistGB,KNN,25.212724593070813,23.74077037955543,1.4719542135153851,0
clean,0.195,0.32,6,HistGB,KNN,27.269805798524292,24.58426841601279,2.6855373825115016,0
clean,0.195,0.32,7,HistGB,KNN,23.968635975943368,21.897619039501325,2.0710169364420423,0
clean,0.195,0.32,8,HistGB,KNN,24.47320734454739,22.56198727539633,1.9112200691510601,0
clean,0.195,0.32,9,HistGB,KNN,24.803594090704078,23.726477980773108,1.0771161099309694,0
clean,0.195,0.32,10,HistGB,KNN,24.47934381390138,23.392268978535643,1.087074835365737,0
clean,0.195,0.32,11,HistGB,KNN,23.72661797910468,22.911206803547127,0.8154111755575535,0
clean,0.195,0.32,12,HistGB,KNN,24.111346473464494,22.468416540666528,1.6429299327979656,0
clean,0.195,0.32,13,HistGB,KNN,24.99542252363374,23.978926219057577,1.0164963045761617,0
clean,0.195,0.32,14,HistGB,KNN,24.742605611228107,23.408361493293267,1.3342441179348405,0
clean,0.195,0.32,15,HistGB,KNN,24.416176662644283,22.5382140343824,1.8779626282618835,0
clean,0.195,0.32,16,HistGB,KNN,25.54446516039962,23.889956814327707,1.654508346071914,0
clean,0.195,0.32,17,HistGB,KNN,26.4958612951784,24.784073695291784,1.711787599886616,0
clean,0.195,0.32,18,HistGB,KNN,24.88464519023908,23.16494399329765,1.719701196941429,0
clean,0.195,0.32,19,HistGB,KNN,24.573643527987716,22.967426539513063,1.606216988474653,0
clean,0.195,0.32,20,HistGB,KNN,25.04910344930528,23.79135534710681,1.257748102198473,0
clean,0.195,0.32,21,HistGB,KNN,26.31016837981644,24.97102970206068,1.3391386777557592,0
clean,0.195,0.32,22,HistGB,KNN,26.098178562014315,24.39051221352639,1.7076663484879262,0
clean,0.195,0.32,23,HistGB,KNN,25.557866068906574,24.187060837810005,1.3708052310965684,0
clean,0.195,0.32,24,HistGB,KNN,25.003697301266914,24.039705867231064,0.9639914340358509,0
clean,0.195,0.4,0,HistGB,KNN,28.049609361827816,25.10814862318806,2.941460738639755,0
clean,0.195,0.4,1,HistGB,KNN,29.31611875614641,26.672735103263133,2.6433836528832764,0
clean,0.195,0.4,2,HistGB,KNN,28.384727103233185,25.81692397000759,2.5678031332255955,0
clean,0.195,0.4,3,HistGB,KNN,28.010289959071308,25.423661872844157,2.586628086227151,0
clean,0.195,0.4,4,HistGB,KNN,28.31516006865912,25.844904882373577,2.470255186285545,0
clean,0.195,0.4,5,HistGB,KNN,29.138612727054603,26.34733170986748,2.7912810171871243,0
clean,0.195,0.4,6,HistGB,KNN,31.47206094214324,27.471419439501894,4.000641502641347,0
clean,0.195,0.4,7,HistGB,KNN,27.888774713460062,24.65403390525961,3.2347408082004527,0
clean,0.195,0.4,8,HistGB,KNN,28.11039177616971,25.132597624958056,2.977794151211654,0
clean,0.195,0.4,9,HistGB,KNN,29.266611766794703,26.551948517294797,2.714663249499907,0
clean,0.195,0.4,10,HistGB,KNN,27.891574895247988,25.81186367292943,2.079711222318558,0
clean,0.195,0.4,11,HistGB,KNN,27.79176127114822,25.676760069446004,2.115001201702217,0
clean,0.195,0.4,12,HistGB,KNN,28.33763090957668,25.233865931244623,3.103764978332059,0
clean,0.195,0.4,13,HistGB,KNN,28.798902297381467,26.54460857267338,2.254293724708088,0
clean,0.195,0.4,14,HistGB,KNN,29.211910296743884,26.522075989221285,2.6898343075225988,0
clean,0.195,0.4,15,HistGB,KNN,28.65193876540236,25.34232298472043,3.3096157806819306,0
clean,0.195,0.4,16,HistGB,KNN,30.078513900930812,26.84998999315152,3.228523907779291,0
clean,0.195,0.4,17,HistGB,KNN,30.5095007137395,27.506923656523504,3.002577057215994,0
clean,0.195,0.4,18,HistGB,KNN,28.915144639978127,25.751301404565957,3.1638432354121697,0
clean,0.195,0.4,19,HistGB,KNN,28.586058710871352,25.36051788480377,3.225540826067583,0
clean,0.195,0.4,20,HistGB,KNN,28.90296152191095,26.323880275010467,2.5790812469004827,0
clean,0.195,0.4,21,HistGB,KNN,30.33042188933338,27.56509882832943,2.7653230610039508,0
clean,0.195,0.4,22,HistGB,KNN,30.205591444939312,26.97384541341878,3.231746031520533,0
clean,0.195,0.4,23,HistGB,KNN,29.56692175934774,26.81887054429276,2.7480512150549785,0
clean,0.195,0.4,24,HistGB,KNN,29.05916420698302,26.826243061722764,2.2329211452602564,0
clean,0.195,0.5,0,HistGB,KNN,34.3356818953042,29.36104864314475,4.97463325215945,0
clean,0.195,0.5,1,HistGB,KNN,35.45798108963929,30.78564658343057,4.6723345062087205,0
clean,0.195,0.5,2,HistGB,KNN,34.576328258809134,30.042510211973912,4.533818046835222,0
clean,0.195,0.5,3,HistGB,KNN,34.792656147750726,29.873883258001964,4.918772889748762,0
clean,0.195,0.5,4,HistGB,KNN,34.238497999689834,29.807820739177387,4.4306772605124465,0
clean,0.195,0.5,5,HistGB,KNN,35.27559090791475,30.71450700402392,4.561083903890829,0
clean,0.195,0.5,6,HistGB,KNN,37.69306887075829,31.49381187242601,6.199256998332277,0
clean,0.195,0.5,7,HistGB,KNN,33.714303799759946,28.83981311651348,4.874490683246467,0
clean,0.195,0.5,8,HistGB,KNN,34.41627098104753,29.623591813472316,4.792679167575216,0
clean,0.195,0.5,9,HistGB,KNN,34.73783599713518,30.300257701423387,4.437578295711791,0
clean,0.195,0.5,10,HistGB,KNN,33.910208514081305,29.824404136662483,4.085804377418821,0
clean,0.195,0.5,11,HistGB,KNN,33.62775139723734,29.60491639036404,4.022835006873301,0
clean,0.195,0.5,12,HistGB,KNN,34.021207929695294,29.14937495424439,4.8718329754509035,0
clean,0.195,0.5,13,HistGB,KNN,34.977502260566304,30.73761449320112,4.2398877673651825,0
clean,0.195,0.5,14,HistGB,KNN,34.802166158897485,30.22898594801385,4.573180210883635,0
clean,0.195,0.5,15,HistGB,KNN,34.57634793205066,29.482012823758883,5.0943351082917765,0
clean,0.195,0.5,16,HistGB,KNN,35.87939472326243,31.00229592672065,4.87709879654178,0
clean,0.195,0.5,17,HistGB,KNN,36.963845356749495,32.00073805865598,4.963107298093512,0
clean,0.195,0.5,18,HistGB,KNN,34.50305373795179,29.334123989500338,5.1689297484514505,0
clean,0.195,0.5,19,HistGB,KNN,34.60327848170751,29.727904717251747,4.875373764455766,0
clean,0.195,0.5,20,HistGB,KNN,34.325370645190155,30.386612943510592,3.938757701679563,0
clean,0.195,0.5,21,HistGB,KNN,36.63164043905123,32.05521614959351,4.576424289457719,0
clean,0.195,0.5,22,HistGB,KNN,36.0951832132667,30.834582638855917,5.260600574410784,0
clean,0.195,0.5,23,HistGB,KNN,35.70825739251677,31.138388285827343,4.569869106689428,0
clean,0.195,0.5,24,HistGB,KNN,34.82354914689996,30.66380562129224,4.159743525607716,0
clean,0.2,0.0,0,HistGB,HistGB,11.76015510447522,11.76015510447522,0.0,1
clean,0.2,0.0,1,HistGB,HistGB,13.73168860179165,13.73168860179165,0.0,1
clean,0.2,0.0,2,HistGB,HistGB,12.03246102203424,12.03246102203424,0.0,1
clean,0.2,0.0,3,HistGB,HistGB,12.507296971676508,12.507296971676508,0.0,1
clean,0.2,0.0,4,HistGB,HistGB,11.663767967150225,11.663767967150225,0.0,1
clean,0.2,0.0,5,HistGB,HistGB,12.788000461342667,12.788000461342667,0.0,1
clean,0.2,0.0,6,HistGB,HistGB,15.137088661400586,15.137088661400586,0.0,1
clean,0.2,0.0,7,HistGB,HistGB,11.832086758523523,11.832086758523523,0.0,1
clean,0.2,0.0,8,HistGB,HistGB,11.80698803744633,11.80698803744633,0.0,1
clean,0.2,0.0,9,HistGB,HistGB,12.556532991757797,12.556532991757797,0.0,1
clean,0.2,0.0,10,HistGB,HistGB,12.006766732493656,12.006766732493656,0.0,1
clean,0.2,0.0,11,HistGB,HistGB,11.346172695771273,11.346172695771273,0.0,1
clean,0.2,0.0,12,HistGB,HistGB,11.53607012306929,11.53607012306929,0.0,1
clean,0.2,0.0,13,HistGB,HistGB,12.501230435307573,12.501230435307573,0.0,1
clean,0.2,0.0,14,HistGB,HistGB,12.374390426143172,12.374390426143172,0.0,1
clean,0.2,0.0,15,HistGB,HistGB,12.425630433445932,12.425630433445932,0.0,1
clean,0.2,0.0,16,HistGB,HistGB,13.0920493003693,13.0920493003693,0.0,1
clean,0.2,0.0,17,HistGB,HistGB,14.474854688524555,14.474854688524555,0.0,1
clean,0.2,0.0,18,HistGB,HistGB,12.72431903276434,12.72431903276434,0.0,1
clean,0.2,0.0,19,HistGB,HistGB,12.38932481964971,12.38932481964971,0.0,1
clean,0.2,0.0,20,HistGB,HistGB,13.18137194824744,13.18137194824744,0.0,1
clean,0.2,0.0,21,HistGB,HistGB,13.996657000066351,13.996657000066351,0.0,1
clean,0.2,0.0,22,HistGB,HistGB,13.811627922541728,13.811627922541728,0.0,1
clean,0.2,0.0,23,HistGB,HistGB,13.32873782866024,13.32873782866024,0.0,1
clean,0.2,0.0,24,HistGB,HistGB,13.136467261751262,13.136467261751262,0.0,1
clean,0.2,0.025,0,HistGB,HistGB,13.790624657970188,13.790624657970188,0.0,1
clean,0.2,0.025,1,HistGB,HistGB,15.569190624933023,15.569190624933023,0.0,1
clean,0.2,0.025,2,HistGB,HistGB,14.088427543524208,14.088427543524208,0.0,1
clean,0.2,0.025,3,HistGB,HistGB,14.466111791412365,14.466111791412365,0.0,1
clean,0.2,0.025,4,HistGB,HistGB,13.735054816062018,13.735054816062018,0.0,1
clean,0.2,0.025,5,HistGB,HistGB,14.867893327492942,14.867893327492942,0.0,1
clean,0.2,0.025,6,HistGB,HistGB,17.17176789089314,17.17176789089314,0.0,1
clean,0.2,0.025,7,HistGB,HistGB,13.928703035242147,13.928703035242147,0.0,1
clean,0.2,0.025,8,HistGB,HistGB,14.035703406909802,14.035703406909802,0.0,1
clean,0.2,0.025,9,HistGB,HistGB,14.77125823960297,14.77125823960297,0.0,1
clean,0.2,0.025,10,HistGB,HistGB,14.180458644223837,14.180458644223837,0.0,1
clean,0.2,0.025,11,HistGB,HistGB,13.50742579877159,13.50742579877159,0.0,1
clean,0.2,0.025,12,HistGB,HistGB,13.758001907403685,13.758001907403685,0.0,1
clean,0.2,0.025,13,HistGB,HistGB,14.626656518553975,14.626656518553975,0.0,1
clean,0.2,0.025,14,HistGB,HistGB,14.533640708116964,14.533640708116964,0.0,1
clean,0.2,0.025,15,HistGB,HistGB,14.46272762558578,14.46272762558578,0.0,1
clean,0.2,0.025,16,HistGB,HistGB,15.171306018649071,15.171306018649071,0.0,1
clean,0.2,0.025,17,HistGB,HistGB,16.52161216946523,16.52161216946523,0.0,1
clean,0.2,0.025,18,HistGB,HistGB,14.780199693916028,14.780199693916028,0.0,1
clean,0.2,0.025,19,HistGB,HistGB,14.493836285631524,14.493836285631524,0.0,1
clean,0.2,0.025,20,HistGB,HistGB,15.368108126940594,15.368108126940594,0.0,1
clean,0.2,0.025,21,HistGB,HistGB,16.055770073743247,16.055770073743247,0.0,1
clean,0.2,0.025,22,HistGB,HistGB,15.713546741354476,15.713546741354476,0.0,1
clean,0.2,0.025,23,HistGB,HistGB,15.55503612142687,15.55503612142687,0.0,1
clean,0.2,0.025,24,HistGB,HistGB,15.081413399945886,15.081413399945886,0.0,1
clean,0.2,0.1,0,HistGB,HistGB,16.06918849714951,16.06918849714951,0.0,1
clean,0.2,0.1,1,HistGB,HistGB,17.715227486371926,17.715227486371926,0.0,1
clean,0.2,0.1,2,HistGB,HistGB,16.59812152428756,16.59812152428756,0.0,1
clean,0.2,0.1,3,HistGB,HistGB,16.681998568610286,16.681998568610286,0.0,1
clean,0.2,0.1,4,HistGB,HistGB,16.108514635915505,16.108514635915505,0.0,1
clean,0.2,0.1,5,HistGB,HistGB,17.268672823209283,17.268672823209283,0.0,1
clean,0.2,0.1,6,HistGB,HistGB,19.40432003734352,19.40432003734352,0.0,1
clean,0.2,0.1,7,HistGB,HistGB,16.082236395832705,16.082236395832705,0.0,1
clean,0.2,0.1,8,HistGB,HistGB,16.407129732211875,16.407129732211875,0.0,1
clean,0.2,0.1,9,HistGB,HistGB,17.16320210267766,17.16320210267766,0.0,1
clean,0.2,0.1,10,HistGB,HistGB,16.50268958110556,16.50268958110556,0.0,1
clean,0.2,0.1,11,HistGB,HistGB,15.964533676765804,15.964533676765804,0.0,1
clean,0.2,0.1,12,HistGB,HistGB,15.955340858425544,15.955340858425544,0.0,1
clean,0.2,0.1,13,HistGB,HistGB,16.931967619416174,16.931967619416174,0.0,1
clean,0.2,0.1,14,HistGB,HistGB,16.92890955586985,16.92890955586985,0.0,1
clean,0.2,0.1,15,HistGB,HistGB,16.861669366598026,16.861669366598026,0.0,1
clean,0.2,0.1,16,HistGB,HistGB,17.657517204616237,17.657517204616237,0.0,1
clean,0.2,0.1,17,HistGB,HistGB,18.682009768699448,18.682009768699448,0.0,1
clean,0.2,0.1,18,HistGB,HistGB,17.15936754113902,17.15936754113902,0.0,1
clean,0.2,0.1,19,HistGB,HistGB,16.832397587873736,16.832397587873736,0.0,1
clean,0.2,0.1,20,HistGB,HistGB,17.57369629098549,17.57369629098549,0.0,1
clean,0.2,0.1,21,HistGB,HistGB,18.21056570240688,18.21056570240688,0.0,1
clean,0.2,0.1,22,HistGB,HistGB,17.918651632655692,17.918651632655692,0.0,1
clean,0.2,0.1,23,HistGB,HistGB,17.87434674116678,17.87434674116678,0.0,1
clean,0.2,0.1,24,HistGB,HistGB,17.41484728033265,17.41484728033265,0.0,1
clean,0.2,0.15,0,HistGB,HistGB,17.541973445772758,17.541973445772758,0.0,1
clean,0.2,0.15,1,HistGB,HistGB,19.010878031887327,19.010878031887327,0.0,1
clean,0.2,0.15,2,HistGB,HistGB,17.80100779364431,17.80100779364431,0.0,1
clean,0.2,0.15,3,HistGB,HistGB,18.01452453786513,18.01452453786513,0.0,1
clean,0.2,0.15,4,HistGB,HistGB,17.437948123990314,17.437948123990314,0.0,1
clean,0.2,0.15,5,HistGB,HistGB,18.58285094234233,18.58285094234233,0.0,1
clean,0.2,0.15,6,HistGB,KNN,20.66574103016756,20.55617663708099,0.1095643930865684,0
clean,0.2,0.15,7,HistGB,HistGB,17.529586892481948,17.529586892481948,0.0,1
clean,0.2,0.15,8,HistGB,HistGB,17.8122895281797,17.8122895281797,0.0,1
clean,0.2,0.15,9,HistGB,HistGB,18.495670339370204,18.495670339370204,0.0,1
clean,0.2,0.15,10,HistGB,RandomForest,17.97117283362848,17.920692448422127,0.05048038520635245,0
clean,0.2,0.15,11,HistGB,RandomForest,17.484846230170547,17.41666006093395,0.06818616923659704,0
clean,0.2,0.15,12,HistGB,HistGB,17.466672392177024,17.466672392177024,0.0,1
clean,0.2,0.15,13,HistGB,HistGB,18.257215445819707,18.257215445819707,0.0,1
clean,0.2,0.15,14,HistGB,HistGB,18.137408455216548,18.137408455216548,0.0,1
clean,0.2,0.15,15,HistGB,HistGB,18.107544438260927,18.107544438260927,0.0,1
clean,0.2,0.15,16,HistGB,HistGB,18.78614046980045,18.78614046980045,0.0,1
clean,0.2,0.15,17,HistGB,HistGB,20.041240568377912,20.041240568377912,0.0,1
clean,0.2,0.15,18,HistGB,HistGB,18.367784803289087,18.367784803289087,0.0,1
clean,0.2,0.15,19,HistGB,HistGB,18.104123699192264,18.104123699192264,0.0,1
clean,0.2,0.15,20,HistGB,HistGB,18.801855062804623,18.801855062804623,0.0,1
clean,0.2,0.15,21,HistGB,HistGB,19.59619733176809,19.59619733176809,0.0,1
clean,0.2,0.15,22,HistGB,HistGB,19.298586066791096,19.298586066791096,0.0,1
clean,0.2,0.15,23,HistGB,HistGB,19.173574821481136,19.173574821481136,0.0,1
clean,0.2,0.15,24,HistGB,HistGB,18.65781447093841,18.65781447093841,0.0,1
clean,0.2,0.19,0,HistGB,HistGB,18.928739010266547,18.928739010266547,0.0,1
clean,0.2,0.19,1,HistGB,HistGB,20.143835873105846,20.143835873105846,0.0,1
clean,0.2,0.19,2,HistGB,RandomForest,19.26838422455713,19.25223313590072,0.016151088656410906,0
clean,0.2,0.19,3,HistGB,HistGB,19.443279896968026,19.443279896968026,0.0,1
clean,0.2,0.19,4,HistGB,HistGB,18.91392220590144,18.91392220590144,0.0,1
clean,0.2,0.19,5,HistGB,HistGB,19.95917516081851,19.95917516081851,0.0,1
clean,0.2,0.19,6,HistGB,KNN,21.81613605324205,21.221317844771534,0.5948182084705174,0
clean,0.2,0.19,7,HistGB,HistGB,18.7343657051764,18.7343657051764,0.0,1
clean,0.2,0.19,8,HistGB,HistGB,19.090144255140743,19.090144255140743,0.0,1
clean,0.2,0.19,9,HistGB,HistGB,19.75986807523372,19.75986807523372,0.0,1
clean,0.2,0.19,10,HistGB,RandomForest,19.228897842651488,19.11294703331267,0.11595080933881974,0
clean,0.2,0.19,11,HistGB,HistGB,18.667847445401883,18.667847445401883,0.0,1
clean,0.2,0.19,12,HistGB,HistGB,18.74800249831791,18.74800249831791,0.0,1
clean,0.2,0.19,13,HistGB,HistGB,19.487413662156857,19.487413662156857,0.0,1
clean,0.2,0.19,14,HistGB,HistGB,19.805729525276647,19.805729525276647,0.0,1
clean,0.2,0.19,15,HistGB,HistGB,19.53354628711148,19.53354628711148,0.0,1
clean,0.2,0.19,16,HistGB,HistGB,20.42138389973512,20.42138389973512,0.0,1
clean,0.2,0.19,17,HistGB,HistGB,21.336585653266862,21.336585653266862,0.0,1
clean,0.2,0.19,18,HistGB,HistGB,19.63875503262111,19.63875503262111,0.0,1
clean,0.2,0.19,19,HistGB,HistGB,19.237587544515986,19.237587544515986,0.0,1
clean,0.2,0.19,20,HistGB,HistGB,19.92591817042073,19.92591817042073,0.0,1
clean,0.2,0.19,21,HistGB,HistGB,21.007827210990577,21.007827210990577,0.0,1
clean,0.2,0.19,22,HistGB,HistGB,20.67660900892144,20.67660900892144,0.0,1
clean,0.2,0.19,23,HistGB,RandomForest,20.6083352155968,20.554130699292205,0.05420451630459411,0
clean,0.2,0.19,24,HistGB,HistGB,19.83663934120755,19.83663934120755,0.0,1
clean,0.2,0.2,0,HistGB,HistGB,19.31695977824297,19.31695977824297,0.0,1
clean,0.2,0.2,1,HistGB,HistGB,20.633704058890523,20.633704058890523,0.0,1
clean,0.2,0.2,2,HistGB,RandomForest,19.60198171985055,19.530966200000307,0.07101551985024201,0
clean,0.2,0.2,3,HistGB,HistGB,19.40246723251745,19.40246723251745,0.0,1
clean,0.2,0.2,4,HistGB,HistGB,19.19879919002628,19.19879919002628,0.0,1
clean,0.2,0.2,5,HistGB,HistGB,20.309646525902178,20.309646525902178,0.0,1
clean,0.2,0.2,6,HistGB,KNN,22.22715469741236,21.45106211319845,0.7760925842139095,0
clean,0.2,0.2,7,HistGB,KNN,19.087134768957217,18.91466158420148,0.17247318475573792,0
clean,0.2,0.2,8,HistGB,HistGB,19.353522301384245,19.353522301384245,0.0,1
clean,0.2,0.2,9,HistGB,HistGB,20.244280483753503,20.244280483753503,0.0,1
clean,0.2,0.2,10,HistGB,RandomForest,19.482679894775195,19.397262692891125,0.08541720188406998,0
clean,0.2,0.2,11,HistGB,HistGB,18.81764877008533,18.81764877008533,0.0,1
clean,0.2,0.2,12,HistGB,HistGB,19.156116543683805,19.156116543683805,0.0,1
clean,0.2,0.2,13,HistGB,HistGB,20.01349433745357,20.01349433745357,0.0,1
clean,0.2,0.2,14,HistGB,HistGB,20.033455238923583,20.033455238923583,0.0,1
clean,0.2,0.2,15,HistGB,KNN,19.86983031134916,19.770319702527317,0.09951060882184137,0
clean,0.2,0.2,16,HistGB,HistGB,20.56981023209017,20.56981023209017,0.0,1
clean,0.2,0.2,17,HistGB,KNN,21.90020836235615,21.8467341910282,0.05347417132794874,0
clean,0.2,0.2,18,HistGB,KNN,20.13102128441388,20.099350238418523,0.031671045995356195,0
clean,0.2,0.2,19,HistGB,HistGB,19.59435135708357,19.59435135708357,0.0,1
clean,0.2,0.2,20,HistGB,HistGB,20.38206963513907,20.38206963513907,0.0,1
clean,0.2,0.2,21,HistGB,HistGB,21.186528023649814,21.186528023649814,0.0,1
clean,0.2,0.2,22,HistGB,HistGB,20.970762127732502,20.970762127732502,0.0,1
clean,0.2,0.2,23,HistGB,HistGB,20.731601966614555,20.731601966614555,0.0,1
clean,0.2,0.2,24,HistGB,HistGB,20.04810559903347,20.04810559903347,0.0,1
clean,0.2,0.21,0,HistGB,KNN,19.712347729890087,19.62070076050922,0.09164696938086792,0
clean,0.2,0.21,1,HistGB,HistGB,20.883479751389164,20.883479751389164,0.0,1
clean,0.2,0.21,2,HistGB,RandomForest,19.80436562213185,19.776411638303763,0.02795398382808756,0
clean,0.2,0.21,3,HistGB,HistGB,19.79962845112105,19.79962845112105,0.0,1
clean,0.2,0.21,4,HistGB,HistGB,19.524084711512717,19.524084711512717,0.0,1
clean,0.2,0.21,5,HistGB,HistGB,20.691741037075957,20.691741037075957,0.0,1
clean,0.2,0.21,6,HistGB,KNN,22.638128623682924,21.735449205266427,0.902679418416497,0
clean,0.2,0.21,7,HistGB,KNN,19.563223774521383,19.129134412148225,0.43408936237315743,0
clean,0.2,0.21,8,HistGB,KNN,19.949149133827166,19.754159286311616,0.1949898475155507,0
clean,0.2,0.21,9,HistGB,HistGB,20.53946391412387,20.53946391412387,0.0,1
clean,0.2,0.21,10,HistGB,RandomForest,19.791512389893278,19.766638000384397,0.024874389508880768,0
clean,0.2,0.21,11,HistGB,HistGB,19.12476153385831,19.12476153385831,0.0,1
clean,0.2,0.21,12,HistGB,HistGB,19.62285011346803,19.62285011346803,0.0,1
clean,0.2,0.21,13,HistGB,HistGB,20.1912750022628,20.1912750022628,0.0,1
clean,0.2,0.21,14,HistGB,HistGB,20.17871752830445,20.17871752830445,0.0,1
clean,0.2,0.21,15,HistGB,KNN,20.35635435076348,20.008689836811453,0.3476645139520258,0
clean,0.2,0.21,16,HistGB,RandomForest,20.844016484607646,20.833181161887754,0.010835322719891849,0
clean,0.2,0.21,17,HistGB,KNN,22.20143236502758,21.9739723674224,0.22745999760517677,0
clean,0.2,0.21,18,HistGB,KNN,20.435337004508213,20.18731917985644,0.2480178246517717,0
clean,0.2,0.21,19,HistGB,HistGB,19.97509701714303,19.97509701714303,0.0,1
clean,0.2,0.21,20,HistGB,HistGB,20.63839378129152,20.63839378129152,0.0,1
clean,0.2,0.21,21,HistGB,HistGB,21.40956894525845,21.40956894525845,0.0,1
clean,0.2,0.21,22,HistGB,KNN,21.279054027647227,21.24068021908822,0.03837380855900818,0
clean,0.2,0.21,23,HistGB,HistGB,21.073886705689358,21.073886705689358,0.0,1
clean,0.2,0.21,24,HistGB,HistGB,20.58508699071329,20.58508699071329,0.0,1
clean,0.2,0.24,0,HistGB,KNN,20.982521657856744,20.33664056590208,0.6458810919546636,0
clean,0.2,0.24,1,HistGB,KNN,22.064357590263988,21.92280236504782,0.1415552252161696,0
clean,0.2,0.24,2,HistGB,KNN,20.79592375371037,20.741214770005676,0.05470898370469257,0
clean,0.2,0.24,3,HistGB,KNN,20.84463885093164,20.4321294687124,0.41250938221924116,0
clean,0.2,0.24,4,HistGB,HistGB,20.575640835804094,20.575640835804094,0.0,1
clean,0.2,0.24,5,HistGB,KNN,21.85542178703425,21.582918404859733,0.2725033821745164,0
clean,0.2,0.24,6,HistGB,KNN,24.16724330250814,22.650935540068332,1.5163077624398085,0
clean,0.2,0.24,7,HistGB,KNN,20.526325030059937,19.87952199459999,0.6468030354599463,0
clean,0.2,0.24,8,HistGB,KNN,21.085049356636727,20.522281621260348,0.5627677353763794,0
clean,0.2,0.24,9,HistGB,HistGB,21.50120439198769,21.50120439198769,0.0,1
clean,0.2,0.24,10,HistGB,HistGB,20.799187355071187,20.799187355071187,0.0,1
clean,0.2,0.24,11,HistGB,RandomForest,20.46050823698773,20.371659546986443,0.08884869000128859,0
clean,0.2,0.24,12,HistGB,KNN,20.42873796577705,20.153818096825816,0.2749198689512333,0
clean,0.2,0.24,13,HistGB,HistGB,21.2669017233842,21.2669017233842,0.0,1
clean,0.2,0.24,14,HistGB,KNN,21.462084175510437,21.3226337532928,0.1394504222176387,0
clean,0.2,0.24,15,HistGB,KNN,21.109553749660595,20.52767563958444,0.5818781100761541,0
clean,0.2,0.24,16,HistGB,KNN,22.00953698747326,21.60327312063129,0.4062638668419716,0
clean,0.2,0.24,17,HistGB,KNN,23.25946017164457,22.6236646265378,0.6357955451067703,0
clean,0.2,0.24,18,HistGB,KNN,21.322163342513168,20.865332927318907,0.45683041519426126,0
clean,0.2,0.24,19,HistGB,KNN,20.93072529938225,20.611027408455104,0.31969789092714507,0
clean,0.2,0.24,20,HistGB,KNN,21.74925183304476,21.538000917902348,0.21125091514241134,0
clean,0.2,0.24,21,HistGB,KNN,22.651067969927944,22.618736893558317,0.03233107636962629,0
clean,0.2,0.24,22,HistGB,KNN,22.46146878945244,22.050215114306518,0.4112536751459217,0
clean,0.2,0.24,23,HistGB,KNN,22.339223359037533,22.08033187991192,0.2588914791256123,0
clean,0.2,0.24,24,HistGB,HistGB,21.588328318789458,21.588328318789458,0.0,1
clean,0.2,0.32,0,HistGB,KNN,24.12467046999476,22.3410975641612,1.7835729058335623,0
clean,0.2,0.32,1,HistGB,KNN,25.77070627354392,24.167646892408506,1.603059381135413,0
clean,0.2,0.32,2,HistGB,KNN,24.59572377329288,23.22830694722482,1.3674168260680624,0
clean,0.2,0.32,3,HistGB,KNN,24.09274391415105,22.651724084282822,1.4410198298682282,0
clean,0.2,0.32,4,HistGB,KNN,23.90705141032773,22.899209031890777,1.0078423784369512,0
clean,0.2,0.32,5,HistGB,KNN,25.212724593070813,23.74077037955543,1.4719542135153851,0
clean,0.2,0.32,6,HistGB,KNN,27.269805798524292,24.58426841601279,2.6855373825115016,0
clean,0.2,0.32,7,HistGB,KNN,23.968635975943368,21.897619039501325,2.0710169364420423,0
clean,0.2,0.32,8,HistGB,KNN,24.47320734454739,22.56198727539633,1.9112200691510601,0
clean,0.2,0.32,9,HistGB,KNN,24.803594090704078,23.726477980773108,1.0771161099309694,0
clean,0.2,0.32,10,HistGB,KNN,24.47934381390138,23.392268978535643,1.087074835365737,0
clean,0.2,0.32,11,HistGB,KNN,23.72661797910468,22.911206803547127,0.8154111755575535,0
clean,0.2,0.32,12,HistGB,KNN,24.111346473464494,22.468416540666528,1.6429299327979656,0
clean,0.2,0.32,13,HistGB,KNN,24.99542252363374,23.978926219057577,1.0164963045761617,0
clean,0.2,0.32,14,HistGB,KNN,24.742605611228107,23.408361493293267,1.3342441179348405,0
clean,0.2,0.32,15,HistGB,KNN,24.416176662644283,22.5382140343824,1.8779626282618835,0
clean,0.2,0.32,16,HistGB,KNN,25.54446516039962,23.889956814327707,1.654508346071914,0
clean,0.2,0.32,17,HistGB,KNN,26.4958612951784,24.784073695291784,1.711787599886616,0
clean,0.2,0.32,18,HistGB,KNN,24.88464519023908,23.16494399329765,1.719701196941429,0
clean,0.2,0.32,19,HistGB,KNN,24.573643527987716,22.967426539513063,1.606216988474653,0
clean,0.2,0.32,20,HistGB,KNN,25.04910344930528,23.79135534710681,1.257748102198473,0
clean,0.2,0.32,21,HistGB,KNN,26.31016837981644,24.97102970206068,1.3391386777557592,0
clean,0.2,0.32,22,HistGB,KNN,26.098178562014315,24.39051221352639,1.7076663484879262,0
clean,0.2,0.32,23,HistGB,KNN,25.557866068906574,24.187060837810005,1.3708052310965684,0
clean,0.2,0.32,24,HistGB,KNN,25.003697301266914,24.039705867231064,0.9639914340358509,0
clean,0.2,0.4,0,HistGB,KNN,28.049609361827816,25.10814862318806,2.941460738639755,0
clean,0.2,0.4,1,HistGB,KNN,29.31611875614641,26.672735103263133,2.6433836528832764,0
clean,0.2,0.4,2,HistGB,KNN,28.384727103233185,25.81692397000759,2.5678031332255955,0
clean,0.2,0.4,3,HistGB,KNN,28.010289959071308,25.423661872844157,2.586628086227151,0
clean,0.2,0.4,4,HistGB,KNN,28.31516006865912,25.844904882373577,2.470255186285545,0
clean,0.2,0.4,5,HistGB,KNN,29.138612727054603,26.34733170986748,2.7912810171871243,0
clean,0.2,0.4,6,HistGB,KNN,31.47206094214324,27.471419439501894,4.000641502641347,0
clean,0.2,0.4,7,HistGB,KNN,27.888774713460062,24.65403390525961,3.2347408082004527,0
clean,0.2,0.4,8,HistGB,KNN,28.11039177616971,25.132597624958056,2.977794151211654,0
clean,0.2,0.4,9,HistGB,KNN,29.266611766794703,26.551948517294797,2.714663249499907,0
clean,0.2,0.4,10,HistGB,KNN,27.891574895247988,25.81186367292943,2.079711222318558,0
clean,0.2,0.4,11,HistGB,KNN,27.79176127114822,25.676760069446004,2.115001201702217,0
clean,0.2,0.4,12,HistGB,KNN,28.33763090957668,25.233865931244623,3.103764978332059,0
clean,0.2,0.4,13,HistGB,KNN,28.798902297381467,26.54460857267338,2.254293724708088,0
clean,0.2,0.4,14,HistGB,KNN,29.211910296743884,26.522075989221285,2.6898343075225988,0
clean,0.2,0.4,15,HistGB,KNN,28.65193876540236,25.34232298472043,3.3096157806819306,0
clean,0.2,0.4,16,HistGB,KNN,30.078513900930812,26.84998999315152,3.228523907779291,0
clean,0.2,0.4,17,HistGB,KNN,30.5095007137395,27.506923656523504,3.002577057215994,0
clean,0.2,0.4,18,HistGB,KNN,28.915144639978127,25.751301404565957,3.1638432354121697,0
clean,0.2,0.4,19,HistGB,KNN,28.586058710871352,25.36051788480377,3.225540826067583,0
clean,0.2,0.4,20,HistGB,KNN,28.90296152191095,26.323880275010467,2.5790812469004827,0
clean,0.2,0.4,21,HistGB,KNN,30.33042188933338,27.56509882832943,2.7653230610039508,0
clean,0.2,0.4,22,HistGB,KNN,30.205591444939312,26.97384541341878,3.231746031520533,0
clean,0.2,0.4,23,HistGB,KNN,29.56692175934774,26.81887054429276,2.7480512150549785,0
clean,0.2,0.4,24,HistGB,KNN,29.05916420698302,26.826243061722764,2.2329211452602564,0
clean,0.2,0.5,0,HistGB,KNN,34.3356818953042,29.36104864314475,4.97463325215945,0
clean,0.2,0.5,1,HistGB,KNN,35.45798108963929,30.78564658343057,4.6723345062087205,0
clean,0.2,0.5,2,HistGB,KNN,34.576328258809134,30.042510211973912,4.533818046835222,0
clean,0.2,0.5,3,HistGB,KNN,34.792656147750726,29.873883258001964,4.918772889748762,0
clean,0.2,0.5,4,HistGB,KNN,34.238497999689834,29.807820739177387,4.4306772605124465,0
clean,0.2,0.5,5,HistGB,KNN,35.27559090791475,30.71450700402392,4.561083903890829,0
clean,0.2,0.5,6,HistGB,KNN,37.69306887075829,31.49381187242601,6.199256998332277,0
clean,0.2,0.5,7,HistGB,KNN,33.714303799759946,28.83981311651348,4.874490683246467,0
clean,0.2,0.5,8,HistGB,KNN,34.41627098104753,29.623591813472316,4.792679167575216,0
clean,0.2,0.5,9,HistGB,KNN,34.73783599713518,30.300257701423387,4.437578295711791,0
clean,0.2,0.5,10,HistGB,KNN,33.910208514081305,29.824404136662483,4.085804377418821,0
clean,0.2,0.5,11,HistGB,KNN,33.62775139723734,29.60491639036404,4.022835006873301,0
clean,0.2,0.5,12,HistGB,KNN,34.021207929695294,29.14937495424439,4.8718329754509035,0
clean,0.2,0.5,13,HistGB,KNN,34.977502260566304,30.73761449320112,4.2398877673651825,0
clean,0.2,0.5,14,HistGB,KNN,34.802166158897485,30.22898594801385,4.573180210883635,0
clean,0.2,0.5,15,HistGB,KNN,34.57634793205066,29.482012823758883,5.0943351082917765,0
clean,0.2,0.5,16,HistGB,KNN,35.87939472326243,31.00229592672065,4.87709879654178,0
clean,0.2,0.5,17,HistGB,KNN,36.963845356749495,32.00073805865598,4.963107298093512,0
clean,0.2,0.5,18,HistGB,KNN,34.50305373795179,29.334123989500338,5.1689297484514505,0
clean,0.2,0.5,19,HistGB,KNN,34.60327848170751,29.727904717251747,4.875373764455766,0
clean,0.2,0.5,20,HistGB,KNN,34.325370645190155,30.386612943510592,3.938757701679563,0
clean,0.2,0.5,21,HistGB,KNN,36.63164043905123,32.05521614959351,4.576424289457719,0
clean,0.2,0.5,22,HistGB,KNN,36.0951832132667,30.834582638855917,5.260600574410784,0
clean,0.2,0.5,23,HistGB,KNN,35.70825739251677,31.138388285827343,4.569869106689428,0
clean,0.2,0.5,24,HistGB,KNN,34.82354914689996,30.66380562129224,4.159743525607716,0
clean,0.205,0.0,0,HistGB,HistGB,11.76015510447522,11.76015510447522,0.0,1
clean,0.205,0.0,1,HistGB,HistGB,13.73168860179165,13.73168860179165,0.0,1
clean,0.205,0.0,2,HistGB,HistGB,12.03246102203424,12.03246102203424,0.0,1
clean,0.205,0.0,3,HistGB,HistGB,12.507296971676508,12.507296971676508,0.0,1
clean,0.205,0.0,4,HistGB,HistGB,11.663767967150225,11.663767967150225,0.0,1
clean,0.205,0.0,5,HistGB,HistGB,12.788000461342667,12.788000461342667,0.0,1
clean,0.205,0.0,6,HistGB,HistGB,15.137088661400586,15.137088661400586,0.0,1
clean,0.205,0.0,7,HistGB,HistGB,11.832086758523523,11.832086758523523,0.0,1
clean,0.205,0.0,8,HistGB,HistGB,11.80698803744633,11.80698803744633,0.0,1
clean,0.205,0.0,9,HistGB,HistGB,12.556532991757797,12.556532991757797,0.0,1
clean,0.205,0.0,10,HistGB,HistGB,12.006766732493656,12.006766732493656,0.0,1
clean,0.205,0.0,11,HistGB,HistGB,11.346172695771273,11.346172695771273,0.0,1
clean,0.205,0.0,12,HistGB,HistGB,11.53607012306929,11.53607012306929,0.0,1
clean,0.205,0.0,13,HistGB,HistGB,12.501230435307573,12.501230435307573,0.0,1
clean,0.205,0.0,14,HistGB,HistGB,12.374390426143172,12.374390426143172,0.0,1
clean,0.205,0.0,15,HistGB,HistGB,12.425630433445932,12.425630433445932,0.0,1
clean,0.205,0.0,16,HistGB,HistGB,13.0920493003693,13.0920493003693,0.0,1
clean,0.205,0.0,17,HistGB,HistGB,14.474854688524555,14.474854688524555,0.0,1
clean,0.205,0.0,18,HistGB,HistGB,12.72431903276434,12.72431903276434,0.0,1
clean,0.205,0.0,19,HistGB,HistGB,12.38932481964971,12.38932481964971,0.0,1
clean,0.205,0.0,20,HistGB,HistGB,13.18137194824744,13.18137194824744,0.0,1
clean,0.205,0.0,21,HistGB,HistGB,13.996657000066351,13.996657000066351,0.0,1
clean,0.205,0.0,22,HistGB,HistGB,13.811627922541728,13.811627922541728,0.0,1
clean,0.205,0.0,23,HistGB,HistGB,13.32873782866024,13.32873782866024,0.0,1
clean,0.205,0.0,24,HistGB,HistGB,13.136467261751262,13.136467261751262,0.0,1
clean,0.205,0.025,0,HistGB,HistGB,13.790624657970188,13.790624657970188,0.0,1
clean,0.205,0.025,1,HistGB,HistGB,15.569190624933023,15.569190624933023,0.0,1
clean,0.205,0.025,2,HistGB,HistGB,14.088427543524208,14.088427543524208,0.0,1
clean,0.205,0.025,3,HistGB,HistGB,14.466111791412365,14.466111791412365,0.0,1
clean,0.205,0.025,4,HistGB,HistGB,13.735054816062018,13.735054816062018,0.0,1
clean,0.205,0.025,5,HistGB,HistGB,14.867893327492942,14.867893327492942,0.0,1
clean,0.205,0.025,6,HistGB,HistGB,17.17176789089314,17.17176789089314,0.0,1
clean,0.205,0.025,7,HistGB,HistGB,13.928703035242147,13.928703035242147,0.0,1
clean,0.205,0.025,8,HistGB,HistGB,14.035703406909802,14.035703406909802,0.0,1
clean,0.205,0.025,9,HistGB,HistGB,14.77125823960297,14.77125823960297,0.0,1
clean,0.205,0.025,10,HistGB,HistGB,14.180458644223837,14.180458644223837,0.0,1
clean,0.205,0.025,11,HistGB,HistGB,13.50742579877159,13.50742579877159,0.0,1
clean,0.205,0.025,12,HistGB,HistGB,13.758001907403685,13.758001907403685,0.0,1
clean,0.205,0.025,13,HistGB,HistGB,14.626656518553975,14.626656518553975,0.0,1
clean,0.205,0.025,14,HistGB,HistGB,14.533640708116964,14.533640708116964,0.0,1
clean,0.205,0.025,15,HistGB,HistGB,14.46272762558578,14.46272762558578,0.0,1
clean,0.205,0.025,16,HistGB,HistGB,15.171306018649071,15.171306018649071,0.0,1
clean,0.205,0.025,17,HistGB,HistGB,16.52161216946523,16.52161216946523,0.0,1
clean,0.205,0.025,18,HistGB,HistGB,14.780199693916028,14.780199693916028,0.0,1
clean,0.205,0.025,19,HistGB,HistGB,14.493836285631524,14.493836285631524,0.0,1
clean,0.205,0.025,20,HistGB,HistGB,15.368108126940594,15.368108126940594,0.0,1
clean,0.205,0.025,21,HistGB,HistGB,16.055770073743247,16.055770073743247,0.0,1
clean,0.205,0.025,22,HistGB,HistGB,15.713546741354476,15.713546741354476,0.0,1
clean,0.205,0.025,23,HistGB,HistGB,15.55503612142687,15.55503612142687,0.0,1
clean,0.205,0.025,24,HistGB,HistGB,15.081413399945886,15.081413399945886,0.0,1
clean,0.205,0.1,0,HistGB,HistGB,16.06918849714951,16.06918849714951,0.0,1
clean,0.205,0.1,1,HistGB,HistGB,17.715227486371926,17.715227486371926,0.0,1
clean,0.205,0.1,2,HistGB,HistGB,16.59812152428756,16.59812152428756,0.0,1
clean,0.205,0.1,3,HistGB,HistGB,16.681998568610286,16.681998568610286,0.0,1
clean,0.205,0.1,4,HistGB,HistGB,16.108514635915505,16.108514635915505,0.0,1
clean,0.205,0.1,5,HistGB,HistGB,17.268672823209283,17.268672823209283,0.0,1
clean,0.205,0.1,6,HistGB,HistGB,19.40432003734352,19.40432003734352,0.0,1
clean,0.205,0.1,7,HistGB,HistGB,16.082236395832705,16.082236395832705,0.0,1
clean,0.205,0.1,8,HistGB,HistGB,16.407129732211875,16.407129732211875,0.0,1
clean,0.205,0.1,9,HistGB,HistGB,17.16320210267766,17.16320210267766,0.0,1
clean,0.205,0.1,10,HistGB,HistGB,16.50268958110556,16.50268958110556,0.0,1
clean,0.205,0.1,11,HistGB,HistGB,15.964533676765804,15.964533676765804,0.0,1
clean,0.205,0.1,12,HistGB,HistGB,15.955340858425544,15.955340858425544,0.0,1
clean,0.205,0.1,13,HistGB,HistGB,16.931967619416174,16.931967619416174,0.0,1
clean,0.205,0.1,14,HistGB,HistGB,16.92890955586985,16.92890955586985,0.0,1
clean,0.205,0.1,15,HistGB,HistGB,16.861669366598026,16.861669366598026,0.0,1
clean,0.205,0.1,16,HistGB,HistGB,17.657517204616237,17.657517204616237,0.0,1
clean,0.205,0.1,17,HistGB,HistGB,18.682009768699448,18.682009768699448,0.0,1
clean,0.205,0.1,18,HistGB,HistGB,17.15936754113902,17.15936754113902,0.0,1
clean,0.205,0.1,19,HistGB,HistGB,16.832397587873736,16.832397587873736,0.0,1
clean,0.205,0.1,20,HistGB,HistGB,17.57369629098549,17.57369629098549,0.0,1
clean,0.205,0.1,21,HistGB,HistGB,18.21056570240688,18.21056570240688,0.0,1
clean,0.205,0.1,22,HistGB,HistGB,17.918651632655692,17.918651632655692,0.0,1
clean,0.205,0.1,23,HistGB,HistGB,17.87434674116678,17.87434674116678,0.0,1
clean,0.205,0.1,24,HistGB,HistGB,17.41484728033265,17.41484728033265,0.0,1
clean,0.205,0.15,0,HistGB,HistGB,17.541973445772758,17.541973445772758,0.0,1
clean,0.205,0.15,1,HistGB,HistGB,19.010878031887327,19.010878031887327,0.0,1
clean,0.205,0.15,2,HistGB,HistGB,17.80100779364431,17.80100779364431,0.0,1
clean,0.205,0.15,3,HistGB,HistGB,18.01452453786513,18.01452453786513,0.0,1
clean,0.205,0.15,4,HistGB,HistGB,17.437948123990314,17.437948123990314,0.0,1
clean,0.205,0.15,5,HistGB,HistGB,18.58285094234233,18.58285094234233,0.0,1
clean,0.205,0.15,6,HistGB,KNN,20.66574103016756,20.55617663708099,0.1095643930865684,0
clean,0.205,0.15,7,HistGB,HistGB,17.529586892481948,17.529586892481948,0.0,1
clean,0.205,0.15,8,HistGB,HistGB,17.8122895281797,17.8122895281797,0.0,1
clean,0.205,0.15,9,HistGB,HistGB,18.495670339370204,18.495670339370204,0.0,1
clean,0.205,0.15,10,HistGB,RandomForest,17.97117283362848,17.920692448422127,0.05048038520635245,0
clean,0.205,0.15,11,HistGB,RandomForest,17.484846230170547,17.41666006093395,0.06818616923659704,0
clean,0.205,0.15,12,HistGB,HistGB,17.466672392177024,17.466672392177024,0.0,1
clean,0.205,0.15,13,HistGB,HistGB,18.257215445819707,18.257215445819707,0.0,1
clean,0.205,0.15,14,HistGB,HistGB,18.137408455216548,18.137408455216548,0.0,1
clean,0.205,0.15,15,HistGB,HistGB,18.107544438260927,18.107544438260927,0.0,1
clean,0.205,0.15,16,HistGB,HistGB,18.78614046980045,18.78614046980045,0.0,1
clean,0.205,0.15,17,HistGB,HistGB,20.041240568377912,20.041240568377912,0.0,1
clean,0.205,0.15,18,HistGB,HistGB,18.367784803289087,18.367784803289087,0.0,1
clean,0.205,0.15,19,HistGB,HistGB,18.104123699192264,18.104123699192264,0.0,1
clean,0.205,0.15,20,HistGB,HistGB,18.801855062804623,18.801855062804623,0.0,1
clean,0.205,0.15,21,HistGB,HistGB,19.59619733176809,19.59619733176809,0.0,1
clean,0.205,0.15,22,HistGB,HistGB,19.298586066791096,19.298586066791096,0.0,1
clean,0.205,0.15,23,HistGB,HistGB,19.173574821481136,19.173574821481136,0.0,1
clean,0.205,0.15,24,HistGB,HistGB,18.65781447093841,18.65781447093841,0.0,1
clean,0.205,0.19,0,HistGB,HistGB,18.928739010266547,18.928739010266547,0.0,1
clean,0.205,0.19,1,HistGB,HistGB,20.143835873105846,20.143835873105846,0.0,1
clean,0.205,0.19,2,HistGB,RandomForest,19.26838422455713,19.25223313590072,0.016151088656410906,0
clean,0.205,0.19,3,HistGB,HistGB,19.443279896968026,19.443279896968026,0.0,1
clean,0.205,0.19,4,HistGB,HistGB,18.91392220590144,18.91392220590144,0.0,1
clean,0.205,0.19,5,HistGB,HistGB,19.95917516081851,19.95917516081851,0.0,1
clean,0.205,0.19,6,HistGB,KNN,21.81613605324205,21.221317844771534,0.5948182084705174,0
clean,0.205,0.19,7,HistGB,HistGB,18.7343657051764,18.7343657051764,0.0,1
clean,0.205,0.19,8,HistGB,HistGB,19.090144255140743,19.090144255140743,0.0,1
clean,0.205,0.19,9,HistGB,HistGB,19.75986807523372,19.75986807523372,0.0,1
clean,0.205,0.19,10,HistGB,RandomForest,19.228897842651488,19.11294703331267,0.11595080933881974,0
clean,0.205,0.19,11,HistGB,HistGB,18.667847445401883,18.667847445401883,0.0,1
clean,0.205,0.19,12,HistGB,HistGB,18.74800249831791,18.74800249831791,0.0,1
clean,0.205,0.19,13,HistGB,HistGB,19.487413662156857,19.487413662156857,0.0,1
clean,0.205,0.19,14,HistGB,HistGB,19.805729525276647,19.805729525276647,0.0,1
clean,0.205,0.19,15,HistGB,HistGB,19.53354628711148,19.53354628711148,0.0,1
clean,0.205,0.19,16,HistGB,HistGB,20.42138389973512,20.42138389973512,0.0,1
clean,0.205,0.19,17,HistGB,HistGB,21.336585653266862,21.336585653266862,0.0,1
clean,0.205,0.19,18,HistGB,HistGB,19.63875503262111,19.63875503262111,0.0,1
clean,0.205,0.19,19,HistGB,HistGB,19.237587544515986,19.237587544515986,0.0,1
clean,0.205,0.19,20,HistGB,HistGB,19.92591817042073,19.92591817042073,0.0,1
clean,0.205,0.19,21,HistGB,HistGB,21.007827210990577,21.007827210990577,0.0,1
clean,0.205,0.19,22,HistGB,HistGB,20.67660900892144,20.67660900892144,0.0,1
clean,0.205,0.19,23,HistGB,RandomForest,20.6083352155968,20.554130699292205,0.05420451630459411,0
clean,0.205,0.19,24,HistGB,HistGB,19.83663934120755,19.83663934120755,0.0,1
clean,0.205,0.2,0,HistGB,HistGB,19.31695977824297,19.31695977824297,0.0,1
clean,0.205,0.2,1,HistGB,HistGB,20.633704058890523,20.633704058890523,0.0,1
clean,0.205,0.2,2,HistGB,RandomForest,19.60198171985055,19.530966200000307,0.07101551985024201,0
clean,0.205,0.2,3,HistGB,HistGB,19.40246723251745,19.40246723251745,0.0,1
clean,0.205,0.2,4,HistGB,HistGB,19.19879919002628,19.19879919002628,0.0,1
clean,0.205,0.2,5,HistGB,HistGB,20.309646525902178,20.309646525902178,0.0,1
clean,0.205,0.2,6,HistGB,KNN,22.22715469741236,21.45106211319845,0.7760925842139095,0
clean,0.205,0.2,7,HistGB,KNN,19.087134768957217,18.91466158420148,0.17247318475573792,0
clean,0.205,0.2,8,HistGB,HistGB,19.353522301384245,19.353522301384245,0.0,1
clean,0.205,0.2,9,HistGB,HistGB,20.244280483753503,20.244280483753503,0.0,1
clean,0.205,0.2,10,HistGB,RandomForest,19.482679894775195,19.397262692891125,0.08541720188406998,0
clean,0.205,0.2,11,HistGB,HistGB,18.81764877008533,18.81764877008533,0.0,1
clean,0.205,0.2,12,HistGB,HistGB,19.156116543683805,19.156116543683805,0.0,1
clean,0.205,0.2,13,HistGB,HistGB,20.01349433745357,20.01349433745357,0.0,1
clean,0.205,0.2,14,HistGB,HistGB,20.033455238923583,20.033455238923583,0.0,1
clean,0.205,0.2,15,HistGB,KNN,19.86983031134916,19.770319702527317,0.09951060882184137,0
clean,0.205,0.2,16,HistGB,HistGB,20.56981023209017,20.56981023209017,0.0,1
clean,0.205,0.2,17,HistGB,KNN,21.90020836235615,21.8467341910282,0.05347417132794874,0
clean,0.205,0.2,18,HistGB,KNN,20.13102128441388,20.099350238418523,0.031671045995356195,0
clean,0.205,0.2,19,HistGB,HistGB,19.59435135708357,19.59435135708357,0.0,1
clean,0.205,0.2,20,HistGB,HistGB,20.38206963513907,20.38206963513907,0.0,1
clean,0.205,0.2,21,HistGB,HistGB,21.186528023649814,21.186528023649814,0.0,1
clean,0.205,0.2,22,HistGB,HistGB,20.970762127732502,20.970762127732502,0.0,1
clean,0.205,0.2,23,HistGB,HistGB,20.731601966614555,20.731601966614555,0.0,1
clean,0.205,0.2,24,HistGB,HistGB,20.04810559903347,20.04810559903347,0.0,1
clean,0.205,0.21,0,HistGB,KNN,19.712347729890087,19.62070076050922,0.09164696938086792,0
clean,0.205,0.21,1,HistGB,HistGB,20.883479751389164,20.883479751389164,0.0,1
clean,0.205,0.21,2,HistGB,RandomForest,19.80436562213185,19.776411638303763,0.02795398382808756,0
clean,0.205,0.21,3,HistGB,HistGB,19.79962845112105,19.79962845112105,0.0,1
clean,0.205,0.21,4,HistGB,HistGB,19.524084711512717,19.524084711512717,0.0,1
clean,0.205,0.21,5,HistGB,HistGB,20.691741037075957,20.691741037075957,0.0,1
clean,0.205,0.21,6,HistGB,KNN,22.638128623682924,21.735449205266427,0.902679418416497,0
clean,0.205,0.21,7,HistGB,KNN,19.563223774521383,19.129134412148225,0.43408936237315743,0
clean,0.205,0.21,8,HistGB,KNN,19.949149133827166,19.754159286311616,0.1949898475155507,0
clean,0.205,0.21,9,HistGB,HistGB,20.53946391412387,20.53946391412387,0.0,1
clean,0.205,0.21,10,HistGB,RandomForest,19.791512389893278,19.766638000384397,0.024874389508880768,0
clean,0.205,0.21,11,HistGB,HistGB,19.12476153385831,19.12476153385831,0.0,1
clean,0.205,0.21,12,HistGB,HistGB,19.62285011346803,19.62285011346803,0.0,1
clean,0.205,0.21,13,HistGB,HistGB,20.1912750022628,20.1912750022628,0.0,1
clean,0.205,0.21,14,HistGB,HistGB,20.17871752830445,20.17871752830445,0.0,1
clean,0.205,0.21,15,HistGB,KNN,20.35635435076348,20.008689836811453,0.3476645139520258,0
clean,0.205,0.21,16,HistGB,RandomForest,20.844016484607646,20.833181161887754,0.010835322719891849,0
clean,0.205,0.21,17,HistGB,KNN,22.20143236502758,21.9739723674224,0.22745999760517677,0
clean,0.205,0.21,18,HistGB,KNN,20.435337004508213,20.18731917985644,0.2480178246517717,0
clean,0.205,0.21,19,HistGB,HistGB,19.97509701714303,19.97509701714303,0.0,1
clean,0.205,0.21,20,HistGB,HistGB,20.63839378129152,20.63839378129152,0.0,1
clean,0.205,0.21,21,HistGB,HistGB,21.40956894525845,21.40956894525845,0.0,1
clean,0.205,0.21,22,HistGB,KNN,21.279054027647227,21.24068021908822,0.03837380855900818,0
clean,0.205,0.21,23,HistGB,HistGB,21.073886705689358,21.073886705689358,0.0,1
clean,0.205,0.21,24,HistGB,HistGB,20.58508699071329,20.58508699071329,0.0,1
clean,0.205,0.24,0,HistGB,KNN,20.982521657856744,20.33664056590208,0.6458810919546636,0
clean,0.205,0.24,1,HistGB,KNN,22.064357590263988,21.92280236504782,0.1415552252161696,0
clean,0.205,0.24,2,HistGB,KNN,20.79592375371037,20.741214770005676,0.05470898370469257,0
clean,0.205,0.24,3,HistGB,KNN,20.84463885093164,20.4321294687124,0.41250938221924116,0
clean,0.205,0.24,4,HistGB,HistGB,20.575640835804094,20.575640835804094,0.0,1
clean,0.205,0.24,5,HistGB,KNN,21.85542178703425,21.582918404859733,0.2725033821745164,0
clean,0.205,0.24,6,HistGB,KNN,24.16724330250814,22.650935540068332,1.5163077624398085,0
clean,0.205,0.24,7,HistGB,KNN,20.526325030059937,19.87952199459999,0.6468030354599463,0
clean,0.205,0.24,8,HistGB,KNN,21.085049356636727,20.522281621260348,0.5627677353763794,0
clean,0.205,0.24,9,HistGB,HistGB,21.50120439198769,21.50120439198769,0.0,1
clean,0.205,0.24,10,HistGB,HistGB,20.799187355071187,20.799187355071187,0.0,1
clean,0.205,0.24,11,HistGB,RandomForest,20.46050823698773,20.371659546986443,0.08884869000128859,0
clean,0.205,0.24,12,HistGB,KNN,20.42873796577705,20.153818096825816,0.2749198689512333,0
clean,0.205,0.24,13,HistGB,HistGB,21.2669017233842,21.2669017233842,0.0,1
clean,0.205,0.24,14,HistGB,KNN,21.462084175510437,21.3226337532928,0.1394504222176387,0
clean,0.205,0.24,15,HistGB,KNN,21.109553749660595,20.52767563958444,0.5818781100761541,0
clean,0.205,0.24,16,HistGB,KNN,22.00953698747326,21.60327312063129,0.4062638668419716,0
clean,0.205,0.24,17,HistGB,KNN,23.25946017164457,22.6236646265378,0.6357955451067703,0
clean,0.205,0.24,18,HistGB,KNN,21.322163342513168,20.865332927318907,0.45683041519426126,0
clean,0.205,0.24,19,HistGB,KNN,20.93072529938225,20.611027408455104,0.31969789092714507,0
clean,0.205,0.24,20,HistGB,KNN,21.74925183304476,21.538000917902348,0.21125091514241134,0
clean,0.205,0.24,21,HistGB,KNN,22.651067969927944,22.618736893558317,0.03233107636962629,0
clean,0.205,0.24,22,HistGB,KNN,22.46146878945244,22.050215114306518,0.4112536751459217,0
clean,0.205,0.24,23,HistGB,KNN,22.339223359037533,22.08033187991192,0.2588914791256123,0
clean,0.205,0.24,24,HistGB,HistGB,21.588328318789458,21.588328318789458,0.0,1
clean,0.205,0.32,0,HistGB,KNN,24.12467046999476,22.3410975641612,1.7835729058335623,0
clean,0.205,0.32,1,HistGB,KNN,25.77070627354392,24.167646892408506,1.603059381135413,0
clean,0.205,0.32,2,HistGB,KNN,24.59572377329288,23.22830694722482,1.3674168260680624,0
clean,0.205,0.32,3,HistGB,KNN,24.09274391415105,22.651724084282822,1.4410198298682282,0
clean,0.205,0.32,4,HistGB,KNN,23.90705141032773,22.899209031890777,1.0078423784369512,0
clean,0.205,0.32,5,HistGB,KNN,25.212724593070813,23.74077037955543,1.4719542135153851,0
clean,0.205,0.32,6,HistGB,KNN,27.269805798524292,24.58426841601279,2.6855373825115016,0
clean,0.205,0.32,7,HistGB,KNN,23.968635975943368,21.897619039501325,2.0710169364420423,0
clean,0.205,0.32,8,HistGB,KNN,24.47320734454739,22.56198727539633,1.9112200691510601,0
clean,0.205,0.32,9,HistGB,KNN,24.803594090704078,23.726477980773108,1.0771161099309694,0
clean,0.205,0.32,10,HistGB,KNN,24.47934381390138,23.392268978535643,1.087074835365737,0
clean,0.205,0.32,11,HistGB,KNN,23.72661797910468,22.911206803547127,0.8154111755575535,0
clean,0.205,0.32,12,HistGB,KNN,24.111346473464494,22.468416540666528,1.6429299327979656,0
clean,0.205,0.32,13,HistGB,KNN,24.99542252363374,23.978926219057577,1.0164963045761617,0
clean,0.205,0.32,14,HistGB,KNN,24.742605611228107,23.408361493293267,1.3342441179348405,0
clean,0.205,0.32,15,HistGB,KNN,24.416176662644283,22.5382140343824,1.8779626282618835,0
clean,0.205,0.32,16,HistGB,KNN,25.54446516039962,23.889956814327707,1.654508346071914,0
clean,0.205,0.32,17,HistGB,KNN,26.4958612951784,24.784073695291784,1.711787599886616,0
clean,0.205,0.32,18,HistGB,KNN,24.88464519023908,23.16494399329765,1.719701196941429,0
clean,0.205,0.32,19,HistGB,KNN,24.573643527987716,22.967426539513063,1.606216988474653,0
clean,0.205,0.32,20,HistGB,KNN,25.04910344930528,23.79135534710681,1.257748102198473,0
clean,0.205,0.32,21,HistGB,KNN,26.31016837981644,24.97102970206068,1.3391386777557592,0
clean,0.205,0.32,22,HistGB,KNN,26.098178562014315,24.39051221352639,1.7076663484879262,0
clean,0.205,0.32,23,HistGB,KNN,25.557866068906574,24.187060837810005,1.3708052310965684,0
clean,0.205,0.32,24,HistGB,KNN,25.003697301266914,24.039705867231064,0.9639914340358509,0
clean,0.205,0.4,0,HistGB,KNN,28.049609361827816,25.10814862318806,2.941460738639755,0
clean,0.205,0.4,1,HistGB,KNN,29.31611875614641,26.672735103263133,2.6433836528832764,0
clean,0.205,0.4,2,HistGB,KNN,28.384727103233185,25.81692397000759,2.5678031332255955,0
clean,0.205,0.4,3,HistGB,KNN,28.010289959071308,25.423661872844157,2.586628086227151,0
clean,0.205,0.4,4,HistGB,KNN,28.31516006865912,25.844904882373577,2.470255186285545,0
clean,0.205,0.4,5,HistGB,KNN,29.138612727054603,26.34733170986748,2.7912810171871243,0
clean,0.205,0.4,6,HistGB,KNN,31.47206094214324,27.471419439501894,4.000641502641347,0
clean,0.205,0.4,7,HistGB,KNN,27.888774713460062,24.65403390525961,3.2347408082004527,0
clean,0.205,0.4,8,HistGB,KNN,28.11039177616971,25.132597624958056,2.977794151211654,0
clean,0.205,0.4,9,HistGB,KNN,29.266611766794703,26.551948517294797,2.714663249499907,0
clean,0.205,0.4,10,HistGB,KNN,27.891574895247988,25.81186367292943,2.079711222318558,0
clean,0.205,0.4,11,HistGB,KNN,27.79176127114822,25.676760069446004,2.115001201702217,0
clean,0.205,0.4,12,HistGB,KNN,28.33763090957668,25.233865931244623,3.103764978332059,0
clean,0.205,0.4,13,HistGB,KNN,28.798902297381467,26.54460857267338,2.254293724708088,0
clean,0.205,0.4,14,HistGB,KNN,29.211910296743884,26.522075989221285,2.6898343075225988,0
clean,0.205,0.4,15,HistGB,KNN,28.65193876540236,25.34232298472043,3.3096157806819306,0
clean,0.205,0.4,16,HistGB,KNN,30.078513900930812,26.84998999315152,3.228523907779291,0
clean,0.205,0.4,17,HistGB,KNN,30.5095007137395,27.506923656523504,3.002577057215994,0
clean,0.205,0.4,18,HistGB,KNN,28.915144639978127,25.751301404565957,3.1638432354121697,0
clean,0.205,0.4,19,HistGB,KNN,28.586058710871352,25.36051788480377,3.225540826067583,0
clean,0.205,0.4,20,HistGB,KNN,28.90296152191095,26.323880275010467,2.5790812469004827,0
clean,0.205,0.4,21,HistGB,KNN,30.33042188933338,27.56509882832943,2.7653230610039508,0
clean,0.205,0.4,22,HistGB,KNN,30.205591444939312,26.97384541341878,3.231746031520533,0
clean,0.205,0.4,23,HistGB,KNN,29.56692175934774,26.81887054429276,2.7480512150549785,0
clean,0.205,0.4,24,HistGB,KNN,29.05916420698302,26.826243061722764,2.2329211452602564,0
clean,0.205,0.5,0,HistGB,KNN,34.3356818953042,29.36104864314475,4.97463325215945,0
clean,0.205,0.5,1,HistGB,KNN,35.45798108963929,30.78564658343057,4.6723345062087205,0
clean,0.205,0.5,2,HistGB,KNN,34.576328258809134,30.042510211973912,4.533818046835222,0
clean,0.205,0.5,3,HistGB,KNN,34.792656147750726,29.873883258001964,4.918772889748762,0
clean,0.205,0.5,4,HistGB,KNN,34.238497999689834,29.807820739177387,4.4306772605124465,0
clean,0.205,0.5,5,HistGB,KNN,35.27559090791475,30.71450700402392,4.561083903890829,0
clean,0.205,0.5,6,HistGB,KNN,37.69306887075829,31.49381187242601,6.199256998332277,0
clean,0.205,0.5,7,HistGB,KNN,33.714303799759946,28.83981311651348,4.874490683246467,0
clean,0.205,0.5,8,HistGB,KNN,34.41627098104753,29.623591813472316,4.792679167575216,0
clean,0.205,0.5,9,HistGB,KNN,34.73783599713518,30.300257701423387,4.437578295711791,0
clean,0.205,0.5,10,HistGB,KNN,33.910208514081305,29.824404136662483,4.085804377418821,0
clean,0.205,0.5,11,HistGB,KNN,33.62775139723734,29.60491639036404,4.022835006873301,0
clean,0.205,0.5,12,HistGB,KNN,34.021207929695294,29.14937495424439,4.8718329754509035,0
clean,0.205,0.5,13,HistGB,KNN,34.977502260566304,30.73761449320112,4.2398877673651825,0
clean,0.205,0.5,14,HistGB,KNN,34.802166158897485,30.22898594801385,4.573180210883635,0
clean,0.205,0.5,15,HistGB,KNN,34.57634793205066,29.482012823758883,5.0943351082917765,0
clean,0.205,0.5,16,HistGB,KNN,35.87939472326243,31.00229592672065,4.87709879654178,0
clean,0.205,0.5,17,HistGB,KNN,36.963845356749495,32.00073805865598,4.963107298093512,0
clean,0.205,0.5,18,HistGB,KNN,34.50305373795179,29.334123989500338,5.1689297484514505,0
clean,0.205,0.5,19,HistGB,KNN,34.60327848170751,29.727904717251747,4.875373764455766,0
clean,0.205,0.5,20,HistGB,KNN,34.325370645190155,30.386612943510592,3.938757701679563,0
clean,0.205,0.5,21,HistGB,KNN,36.63164043905123,32.05521614959351,4.576424289457719,0
clean,0.205,0.5,22,HistGB,KNN,36.0951832132667,30.834582638855917,5.260600574410784,0
clean,0.205,0.5,23,HistGB,KNN,35.70825739251677,31.138388285827343,4.569869106689428,0
clean,0.205,0.5,24,HistGB,KNN,34.82354914689996,30.66380562129224,4.159743525607716,0
clean,0.21,0.0,0,HistGB,HistGB,11.76015510447522,11.76015510447522,0.0,1
clean,0.21,0.0,1,HistGB,HistGB,13.73168860179165,13.73168860179165,0.0,1
clean,0.21,0.0,2,HistGB,HistGB,12.03246102203424,12.03246102203424,0.0,1
clean,0.21,0.0,3,HistGB,HistGB,12.507296971676508,12.507296971676508,0.0,1
clean,0.21,0.0,4,HistGB,HistGB,11.663767967150225,11.663767967150225,0.0,1
clean,0.21,0.0,5,HistGB,HistGB,12.788000461342667,12.788000461342667,0.0,1
clean,0.21,0.0,6,HistGB,HistGB,15.137088661400586,15.137088661400586,0.0,1
clean,0.21,0.0,7,HistGB,HistGB,11.832086758523523,11.832086758523523,0.0,1
clean,0.21,0.0,8,HistGB,HistGB,11.80698803744633,11.80698803744633,0.0,1
clean,0.21,0.0,9,HistGB,HistGB,12.556532991757797,12.556532991757797,0.0,1
clean,0.21,0.0,10,HistGB,HistGB,12.006766732493656,12.006766732493656,0.0,1
clean,0.21,0.0,11,HistGB,HistGB,11.346172695771273,11.346172695771273,0.0,1
clean,0.21,0.0,12,HistGB,HistGB,11.53607012306929,11.53607012306929,0.0,1
clean,0.21,0.0,13,HistGB,HistGB,12.501230435307573,12.501230435307573,0.0,1
clean,0.21,0.0,14,HistGB,HistGB,12.374390426143172,12.374390426143172,0.0,1
clean,0.21,0.0,15,HistGB,HistGB,12.425630433445932,12.425630433445932,0.0,1
clean,0.21,0.0,16,HistGB,HistGB,13.0920493003693,13.0920493003693,0.0,1
clean,0.21,0.0,17,HistGB,HistGB,14.474854688524555,14.474854688524555,0.0,1
clean,0.21,0.0,18,HistGB,HistGB,12.72431903276434,12.72431903276434,0.0,1
clean,0.21,0.0,19,HistGB,HistGB,12.38932481964971,12.38932481964971,0.0,1
clean,0.21,0.0,20,HistGB,HistGB,13.18137194824744,13.18137194824744,0.0,1
clean,0.21,0.0,21,HistGB,HistGB,13.996657000066351,13.996657000066351,0.0,1
clean,0.21,0.0,22,HistGB,HistGB,13.811627922541728,13.811627922541728,0.0,1
clean,0.21,0.0,23,HistGB,HistGB,13.32873782866024,13.32873782866024,0.0,1
clean,0.21,0.0,24,HistGB,HistGB,13.136467261751262,13.136467261751262,0.0,1
clean,0.21,0.025,0,HistGB,HistGB,13.790624657970188,13.790624657970188,0.0,1
clean,0.21,0.025,1,HistGB,HistGB,15.569190624933023,15.569190624933023,0.0,1
clean,0.21,0.025,2,HistGB,HistGB,14.088427543524208,14.088427543524208,0.0,1
clean,0.21,0.025,3,HistGB,HistGB,14.466111791412365,14.466111791412365,0.0,1
clean,0.21,0.025,4,HistGB,HistGB,13.735054816062018,13.735054816062018,0.0,1
clean,0.21,0.025,5,HistGB,HistGB,14.867893327492942,14.867893327492942,0.0,1
clean,0.21,0.025,6,HistGB,HistGB,17.17176789089314,17.17176789089314,0.0,1
clean,0.21,0.025,7,HistGB,HistGB,13.928703035242147,13.928703035242147,0.0,1
clean,0.21,0.025,8,HistGB,HistGB,14.035703406909802,14.035703406909802,0.0,1
clean,0.21,0.025,9,HistGB,HistGB,14.77125823960297,14.77125823960297,0.0,1
clean,0.21,0.025,10,HistGB,HistGB,14.180458644223837,14.180458644223837,0.0,1
clean,0.21,0.025,11,HistGB,HistGB,13.50742579877159,13.50742579877159,0.0,1
clean,0.21,0.025,12,HistGB,HistGB,13.758001907403685,13.758001907403685,0.0,1
clean,0.21,0.025,13,HistGB,HistGB,14.626656518553975,14.626656518553975,0.0,1
clean,0.21,0.025,14,HistGB,HistGB,14.533640708116964,14.533640708116964,0.0,1
clean,0.21,0.025,15,HistGB,HistGB,14.46272762558578,14.46272762558578,0.0,1
clean,0.21,0.025,16,HistGB,HistGB,15.171306018649071,15.171306018649071,0.0,1
clean,0.21,0.025,17,HistGB,HistGB,16.52161216946523,16.52161216946523,0.0,1
clean,0.21,0.025,18,HistGB,HistGB,14.780199693916028,14.780199693916028,0.0,1
clean,0.21,0.025,19,HistGB,HistGB,14.493836285631524,14.493836285631524,0.0,1
clean,0.21,0.025,20,HistGB,HistGB,15.368108126940594,15.368108126940594,0.0,1
clean,0.21,0.025,21,HistGB,HistGB,16.055770073743247,16.055770073743247,0.0,1
clean,0.21,0.025,22,HistGB,HistGB,15.713546741354476,15.713546741354476,0.0,1
clean,0.21,0.025,23,HistGB,HistGB,15.55503612142687,15.55503612142687,0.0,1
clean,0.21,0.025,24,HistGB,HistGB,15.081413399945886,15.081413399945886,0.0,1
clean,0.21,0.1,0,HistGB,HistGB,16.06918849714951,16.06918849714951,0.0,1
clean,0.21,0.1,1,HistGB,HistGB,17.715227486371926,17.715227486371926,0.0,1
clean,0.21,0.1,2,HistGB,HistGB,16.59812152428756,16.59812152428756,0.0,1
clean,0.21,0.1,3,HistGB,HistGB,16.681998568610286,16.681998568610286,0.0,1
clean,0.21,0.1,4,HistGB,HistGB,16.108514635915505,16.108514635915505,0.0,1
clean,0.21,0.1,5,HistGB,HistGB,17.268672823209283,17.268672823209283,0.0,1
clean,0.21,0.1,6,HistGB,HistGB,19.40432003734352,19.40432003734352,0.0,1
clean,0.21,0.1,7,HistGB,HistGB,16.082236395832705,16.082236395832705,0.0,1
clean,0.21,0.1,8,HistGB,HistGB,16.407129732211875,16.407129732211875,0.0,1
clean,0.21,0.1,9,HistGB,HistGB,17.16320210267766,17.16320210267766,0.0,1
clean,0.21,0.1,10,HistGB,HistGB,16.50268958110556,16.50268958110556,0.0,1
clean,0.21,0.1,11,HistGB,HistGB,15.964533676765804,15.964533676765804,0.0,1
clean,0.21,0.1,12,HistGB,HistGB,15.955340858425544,15.955340858425544,0.0,1
clean,0.21,0.1,13,HistGB,HistGB,16.931967619416174,16.931967619416174,0.0,1
clean,0.21,0.1,14,HistGB,HistGB,16.92890955586985,16.92890955586985,0.0,1
clean,0.21,0.1,15,HistGB,HistGB,16.861669366598026,16.861669366598026,0.0,1
clean,0.21,0.1,16,HistGB,HistGB,17.657517204616237,17.657517204616237,0.0,1
clean,0.21,0.1,17,HistGB,HistGB,18.682009768699448,18.682009768699448,0.0,1
clean,0.21,0.1,18,HistGB,HistGB,17.15936754113902,17.15936754113902,0.0,1
clean,0.21,0.1,19,HistGB,HistGB,16.832397587873736,16.832397587873736,0.0,1
clean,0.21,0.1,20,HistGB,HistGB,17.57369629098549,17.57369629098549,0.0,1
clean,0.21,0.1,21,HistGB,HistGB,18.21056570240688,18.21056570240688,0.0,1
clean,0.21,0.1,22,HistGB,HistGB,17.918651632655692,17.918651632655692,0.0,1
clean,0.21,0.1,23,HistGB,HistGB,17.87434674116678,17.87434674116678,0.0,1
clean,0.21,0.1,24,HistGB,HistGB,17.41484728033265,17.41484728033265,0.0,1
clean,0.21,0.15,0,HistGB,HistGB,17.541973445772758,17.541973445772758,0.0,1
clean,0.21,0.15,1,HistGB,HistGB,19.010878031887327,19.010878031887327,0.0,1
clean,0.21,0.15,2,HistGB,HistGB,17.80100779364431,17.80100779364431,0.0,1
clean,0.21,0.15,3,HistGB,HistGB,18.01452453786513,18.01452453786513,0.0,1
clean,0.21,0.15,4,HistGB,HistGB,17.437948123990314,17.437948123990314,0.0,1
clean,0.21,0.15,5,HistGB,HistGB,18.58285094234233,18.58285094234233,0.0,1
clean,0.21,0.15,6,HistGB,KNN,20.66574103016756,20.55617663708099,0.1095643930865684,0
clean,0.21,0.15,7,HistGB,HistGB,17.529586892481948,17.529586892481948,0.0,1
clean,0.21,0.15,8,HistGB,HistGB,17.8122895281797,17.8122895281797,0.0,1
clean,0.21,0.15,9,HistGB,HistGB,18.495670339370204,18.495670339370204,0.0,1
clean,0.21,0.15,10,HistGB,RandomForest,17.97117283362848,17.920692448422127,0.05048038520635245,0
clean,0.21,0.15,11,HistGB,RandomForest,17.484846230170547,17.41666006093395,0.06818616923659704,0
clean,0.21,0.15,12,HistGB,HistGB,17.466672392177024,17.466672392177024,0.0,1
clean,0.21,0.15,13,HistGB,HistGB,18.257215445819707,18.257215445819707,0.0,1
clean,0.21,0.15,14,HistGB,HistGB,18.137408455216548,18.137408455216548,0.0,1
clean,0.21,0.15,15,HistGB,HistGB,18.107544438260927,18.107544438260927,0.0,1
clean,0.21,0.15,16,HistGB,HistGB,18.78614046980045,18.78614046980045,0.0,1
clean,0.21,0.15,17,HistGB,HistGB,20.041240568377912,20.041240568377912,0.0,1
clean,0.21,0.15,18,HistGB,HistGB,18.367784803289087,18.367784803289087,0.0,1
clean,0.21,0.15,19,HistGB,HistGB,18.104123699192264,18.104123699192264,0.0,1
clean,0.21,0.15,20,HistGB,HistGB,18.801855062804623,18.801855062804623,0.0,1
clean,0.21,0.15,21,HistGB,HistGB,19.59619733176809,19.59619733176809,0.0,1
clean,0.21,0.15,22,HistGB,HistGB,19.298586066791096,19.298586066791096,0.0,1
clean,0.21,0.15,23,HistGB,HistGB,19.173574821481136,19.173574821481136,0.0,1
clean,0.21,0.15,24,HistGB,HistGB,18.65781447093841,18.65781447093841,0.0,1
clean,0.21,0.19,0,HistGB,HistGB,18.928739010266547,18.928739010266547,0.0,1
clean,0.21,0.19,1,HistGB,HistGB,20.143835873105846,20.143835873105846,0.0,1
clean,0.21,0.19,2,HistGB,RandomForest,19.26838422455713,19.25223313590072,0.016151088656410906,0
clean,0.21,0.19,3,HistGB,HistGB,19.443279896968026,19.443279896968026,0.0,1
clean,0.21,0.19,4,HistGB,HistGB,18.91392220590144,18.91392220590144,0.0,1
clean,0.21,0.19,5,HistGB,HistGB,19.95917516081851,19.95917516081851,0.0,1
clean,0.21,0.19,6,HistGB,KNN,21.81613605324205,21.221317844771534,0.5948182084705174,0
clean,0.21,0.19,7,HistGB,HistGB,18.7343657051764,18.7343657051764,0.0,1
clean,0.21,0.19,8,HistGB,HistGB,19.090144255140743,19.090144255140743,0.0,1
clean,0.21,0.19,9,HistGB,HistGB,19.75986807523372,19.75986807523372,0.0,1
clean,0.21,0.19,10,HistGB,RandomForest,19.228897842651488,19.11294703331267,0.11595080933881974,0
clean,0.21,0.19,11,HistGB,HistGB,18.667847445401883,18.667847445401883,0.0,1
clean,0.21,0.19,12,HistGB,HistGB,18.74800249831791,18.74800249831791,0.0,1
clean,0.21,0.19,13,HistGB,HistGB,19.487413662156857,19.487413662156857,0.0,1
clean,0.21,0.19,14,HistGB,HistGB,19.805729525276647,19.805729525276647,0.0,1
clean,0.21,0.19,15,HistGB,HistGB,19.53354628711148,19.53354628711148,0.0,1
clean,0.21,0.19,16,HistGB,HistGB,20.42138389973512,20.42138389973512,0.0,1
clean,0.21,0.19,17,HistGB,HistGB,21.336585653266862,21.336585653266862,0.0,1
clean,0.21,0.19,18,HistGB,HistGB,19.63875503262111,19.63875503262111,0.0,1
clean,0.21,0.19,19,HistGB,HistGB,19.237587544515986,19.237587544515986,0.0,1
clean,0.21,0.19,20,HistGB,HistGB,19.92591817042073,19.92591817042073,0.0,1
clean,0.21,0.19,21,HistGB,HistGB,21.007827210990577,21.007827210990577,0.0,1
clean,0.21,0.19,22,HistGB,HistGB,20.67660900892144,20.67660900892144,0.0,1
clean,0.21,0.19,23,HistGB,RandomForest,20.6083352155968,20.554130699292205,0.05420451630459411,0
clean,0.21,0.19,24,HistGB,HistGB,19.83663934120755,19.83663934120755,0.0,1
clean,0.21,0.2,0,HistGB,HistGB,19.31695977824297,19.31695977824297,0.0,1
clean,0.21,0.2,1,HistGB,HistGB,20.633704058890523,20.633704058890523,0.0,1
clean,0.21,0.2,2,HistGB,RandomForest,19.60198171985055,19.530966200000307,0.07101551985024201,0
clean,0.21,0.2,3,HistGB,HistGB,19.40246723251745,19.40246723251745,0.0,1
clean,0.21,0.2,4,HistGB,HistGB,19.19879919002628,19.19879919002628,0.0,1
clean,0.21,0.2,5,HistGB,HistGB,20.309646525902178,20.309646525902178,0.0,1
clean,0.21,0.2,6,HistGB,KNN,22.22715469741236,21.45106211319845,0.7760925842139095,0
clean,0.21,0.2,7,HistGB,KNN,19.087134768957217,18.91466158420148,0.17247318475573792,0
clean,0.21,0.2,8,HistGB,HistGB,19.353522301384245,19.353522301384245,0.0,1
clean,0.21,0.2,9,HistGB,HistGB,20.244280483753503,20.244280483753503,0.0,1
clean,0.21,0.2,10,HistGB,RandomForest,19.482679894775195,19.397262692891125,0.08541720188406998,0
clean,0.21,0.2,11,HistGB,HistGB,18.81764877008533,18.81764877008533,0.0,1
clean,0.21,0.2,12,HistGB,HistGB,19.156116543683805,19.156116543683805,0.0,1
clean,0.21,0.2,13,HistGB,HistGB,20.01349433745357,20.01349433745357,0.0,1
clean,0.21,0.2,14,HistGB,HistGB,20.033455238923583,20.033455238923583,0.0,1
clean,0.21,0.2,15,HistGB,KNN,19.86983031134916,19.770319702527317,0.09951060882184137,0
clean,0.21,0.2,16,HistGB,HistGB,20.56981023209017,20.56981023209017,0.0,1
clean,0.21,0.2,17,HistGB,KNN,21.90020836235615,21.8467341910282,0.05347417132794874,0
clean,0.21,0.2,18,HistGB,KNN,20.13102128441388,20.099350238418523,0.031671045995356195,0
clean,0.21,0.2,19,HistGB,HistGB,19.59435135708357,19.59435135708357,0.0,1
clean,0.21,0.2,20,HistGB,HistGB,20.38206963513907,20.38206963513907,0.0,1
clean,0.21,0.2,21,HistGB,HistGB,21.186528023649814,21.186528023649814,0.0,1
clean,0.21,0.2,22,HistGB,HistGB,20.970762127732502,20.970762127732502,0.0,1
clean,0.21,0.2,23,HistGB,HistGB,20.731601966614555,20.731601966614555,0.0,1
clean,0.21,0.2,24,HistGB,HistGB,20.04810559903347,20.04810559903347,0.0,1
clean,0.21,0.21,0,HistGB,KNN,19.712347729890087,19.62070076050922,0.09164696938086792,0
clean,0.21,0.21,1,HistGB,HistGB,20.883479751389164,20.883479751389164,0.0,1
clean,0.21,0.21,2,HistGB,RandomForest,19.80436562213185,19.776411638303763,0.02795398382808756,0
clean,0.21,0.21,3,HistGB,HistGB,19.79962845112105,19.79962845112105,0.0,1
clean,0.21,0.21,4,HistGB,HistGB,19.524084711512717,19.524084711512717,0.0,1
clean,0.21,0.21,5,HistGB,HistGB,20.691741037075957,20.691741037075957,0.0,1
clean,0.21,0.21,6,HistGB,KNN,22.638128623682924,21.735449205266427,0.902679418416497,0
clean,0.21,0.21,7,HistGB,KNN,19.563223774521383,19.129134412148225,0.43408936237315743,0
clean,0.21,0.21,8,HistGB,KNN,19.949149133827166,19.754159286311616,0.1949898475155507,0
clean,0.21,0.21,9,HistGB,HistGB,20.53946391412387,20.53946391412387,0.0,1
clean,0.21,0.21,10,HistGB,RandomForest,19.791512389893278,19.766638000384397,0.024874389508880768,0
clean,0.21,0.21,11,HistGB,HistGB,19.12476153385831,19.12476153385831,0.0,1
clean,0.21,0.21,12,HistGB,HistGB,19.62285011346803,19.62285011346803,0.0,1
clean,0.21,0.21,13,HistGB,HistGB,20.1912750022628,20.1912750022628,0.0,1
clean,0.21,0.21,14,HistGB,HistGB,20.17871752830445,20.17871752830445,0.0,1
clean,0.21,0.21,15,HistGB,KNN,20.35635435076348,20.008689836811453,0.3476645139520258,0
clean,0.21,0.21,16,HistGB,RandomForest,20.844016484607646,20.833181161887754,0.010835322719891849,0
clean,0.21,0.21,17,HistGB,KNN,22.20143236502758,21.9739723674224,0.22745999760517677,0
clean,0.21,0.21,18,HistGB,KNN,20.435337004508213,20.18731917985644,0.2480178246517717,0
clean,0.21,0.21,19,HistGB,HistGB,19.97509701714303,19.97509701714303,0.0,1
clean,0.21,0.21,20,HistGB,HistGB,20.63839378129152,20.63839378129152,0.0,1
clean,0.21,0.21,21,HistGB,HistGB,21.40956894525845,21.40956894525845,0.0,1
clean,0.21,0.21,22,HistGB,KNN,21.279054027647227,21.24068021908822,0.03837380855900818,0
clean,0.21,0.21,23,HistGB,HistGB,21.073886705689358,21.073886705689358,0.0,1
clean,0.21,0.21,24,HistGB,HistGB,20.58508699071329,20.58508699071329,0.0,1
clean,0.21,0.24,0,HistGB,KNN,20.982521657856744,20.33664056590208,0.6458810919546636,0
clean,0.21,0.24,1,HistGB,KNN,22.064357590263988,21.92280236504782,0.1415552252161696,0
clean,0.21,0.24,2,HistGB,KNN,20.79592375371037,20.741214770005676,0.05470898370469257,0
clean,0.21,0.24,3,HistGB,KNN,20.84463885093164,20.4321294687124,0.41250938221924116,0
clean,0.21,0.24,4,HistGB,HistGB,20.575640835804094,20.575640835804094,0.0,1
clean,0.21,0.24,5,HistGB,KNN,21.85542178703425,21.582918404859733,0.2725033821745164,0
clean,0.21,0.24,6,HistGB,KNN,24.16724330250814,22.650935540068332,1.5163077624398085,0
clean,0.21,0.24,7,HistGB,KNN,20.526325030059937,19.87952199459999,0.6468030354599463,0
clean,0.21,0.24,8,HistGB,KNN,21.085049356636727,20.522281621260348,0.5627677353763794,0
clean,0.21,0.24,9,HistGB,HistGB,21.50120439198769,21.50120439198769,0.0,1
clean,0.21,0.24,10,HistGB,HistGB,20.799187355071187,20.799187355071187,0.0,1
clean,0.21,0.24,11,HistGB,RandomForest,20.46050823698773,20.371659546986443,0.08884869000128859,0
clean,0.21,0.24,12,HistGB,KNN,20.42873796577705,20.153818096825816,0.2749198689512333,0
clean,0.21,0.24,13,HistGB,HistGB,21.2669017233842,21.2669017233842,0.0,1
clean,0.21,0.24,14,HistGB,KNN,21.462084175510437,21.3226337532928,0.1394504222176387,0
clean,0.21,0.24,15,HistGB,KNN,21.109553749660595,20.52767563958444,0.5818781100761541,0
clean,0.21,0.24,16,HistGB,KNN,22.00953698747326,21.60327312063129,0.4062638668419716,0
clean,0.21,0.24,17,HistGB,KNN,23.25946017164457,22.6236646265378,0.6357955451067703,0
clean,0.21,0.24,18,HistGB,KNN,21.322163342513168,20.865332927318907,0.45683041519426126,0
clean,0.21,0.24,19,HistGB,KNN,20.93072529938225,20.611027408455104,0.31969789092714507,0
clean,0.21,0.24,20,HistGB,KNN,21.74925183304476,21.538000917902348,0.21125091514241134,0
clean,0.21,0.24,21,HistGB,KNN,22.651067969927944,22.618736893558317,0.03233107636962629,0
clean,0.21,0.24,22,HistGB,KNN,22.46146878945244,22.050215114306518,0.4112536751459217,0
clean,0.21,0.24,23,HistGB,KNN,22.339223359037533,22.08033187991192,0.2588914791256123,0
clean,0.21,0.24,24,HistGB,HistGB,21.588328318789458,21.588328318789458,0.0,1
clean,0.21,0.32,0,HistGB,KNN,24.12467046999476,22.3410975641612,1.7835729058335623,0
clean,0.21,0.32,1,HistGB,KNN,25.77070627354392,24.167646892408506,1.603059381135413,0
clean,0.21,0.32,2,HistGB,KNN,24.59572377329288,23.22830694722482,1.3674168260680624,0
clean,0.21,0.32,3,HistGB,KNN,24.09274391415105,22.651724084282822,1.4410198298682282,0
clean,0.21,0.32,4,HistGB,KNN,23.90705141032773,22.899209031890777,1.0078423784369512,0
clean,0.21,0.32,5,HistGB,KNN,25.212724593070813,23.74077037955543,1.4719542135153851,0
clean,0.21,0.32,6,HistGB,KNN,27.269805798524292,24.58426841601279,2.6855373825115016,0
clean,0.21,0.32,7,HistGB,KNN,23.968635975943368,21.897619039501325,2.0710169364420423,0
clean,0.21,0.32,8,HistGB,KNN,24.47320734454739,22.56198727539633,1.9112200691510601,0
clean,0.21,0.32,9,HistGB,KNN,24.803594090704078,23.726477980773108,1.0771161099309694,0
clean,0.21,0.32,10,HistGB,KNN,24.47934381390138,23.392268978535643,1.087074835365737,0
clean,0.21,0.32,11,HistGB,KNN,23.72661797910468,22.911206803547127,0.8154111755575535,0
clean,0.21,0.32,12,HistGB,KNN,24.111346473464494,22.468416540666528,1.6429299327979656,0
clean,0.21,0.32,13,HistGB,KNN,24.99542252363374,23.978926219057577,1.0164963045761617,0
clean,0.21,0.32,14,HistGB,KNN,24.742605611228107,23.408361493293267,1.3342441179348405,0
clean,0.21,0.32,15,HistGB,KNN,24.416176662644283,22.5382140343824,1.8779626282618835,0
clean,0.21,0.32,16,HistGB,KNN,25.54446516039962,23.889956814327707,1.654508346071914,0
clean,0.21,0.32,17,HistGB,KNN,26.4958612951784,24.784073695291784,1.711787599886616,0
clean,0.21,0.32,18,HistGB,KNN,24.88464519023908,23.16494399329765,1.719701196941429,0
clean,0.21,0.32,19,HistGB,KNN,24.573643527987716,22.967426539513063,1.606216988474653,0
clean,0.21,0.32,20,HistGB,KNN,25.04910344930528,23.79135534710681,1.257748102198473,0
clean,0.21,0.32,21,HistGB,KNN,26.31016837981644,24.97102970206068,1.3391386777557592,0
clean,0.21,0.32,22,HistGB,KNN,26.098178562014315,24.39051221352639,1.7076663484879262,0
clean,0.21,0.32,23,HistGB,KNN,25.557866068906574,24.187060837810005,1.3708052310965684,0
clean,0.21,0.32,24,HistGB,KNN,25.003697301266914,24.039705867231064,0.9639914340358509,0
clean,0.21,0.4,0,HistGB,KNN,28.049609361827816,25.10814862318806,2.941460738639755,0
clean,0.21,0.4,1,HistGB,KNN,29.31611875614641,26.672735103263133,2.6433836528832764,0
clean,0.21,0.4,2,HistGB,KNN,28.384727103233185,25.81692397000759,2.5678031332255955,0
clean,0.21,0.4,3,HistGB,KNN,28.010289959071308,25.423661872844157,2.586628086227151,0
clean,0.21,0.4,4,HistGB,KNN,28.31516006865912,25.844904882373577,2.470255186285545,0
clean,0.21,0.4,5,HistGB,KNN,29.138612727054603,26.34733170986748,2.7912810171871243,0
clean,0.21,0.4,6,HistGB,KNN,31.47206094214324,27.471419439501894,4.000641502641347,0
clean,0.21,0.4,7,HistGB,KNN,27.888774713460062,24.65403390525961,3.2347408082004527,0
clean,0.21,0.4,8,HistGB,KNN,28.11039177616971,25.132597624958056,2.977794151211654,0
clean,0.21,0.4,9,HistGB,KNN,29.266611766794703,26.551948517294797,2.714663249499907,0
clean,0.21,0.4,10,HistGB,KNN,27.891574895247988,25.81186367292943,2.079711222318558,0
clean,0.21,0.4,11,HistGB,KNN,27.79176127114822,25.676760069446004,2.115001201702217,0
clean,0.21,0.4,12,HistGB,KNN,28.33763090957668,25.233865931244623,3.103764978332059,0
clean,0.21,0.4,13,HistGB,KNN,28.798902297381467,26.54460857267338,2.254293724708088,0
clean,0.21,0.4,14,HistGB,KNN,29.211910296743884,26.522075989221285,2.6898343075225988,0
clean,0.21,0.4,15,HistGB,KNN,28.65193876540236,25.34232298472043,3.3096157806819306,0
clean,0.21,0.4,16,HistGB,KNN,30.078513900930812,26.84998999315152,3.228523907779291,0
clean,0.21,0.4,17,HistGB,KNN,30.5095007137395,27.506923656523504,3.002577057215994,0
clean,0.21,0.4,18,HistGB,KNN,28.915144639978127,25.751301404565957,3.1638432354121697,0
clean,0.21,0.4,19,HistGB,KNN,28.586058710871352,25.36051788480377,3.225540826067583,0
clean,0.21,0.4,20,HistGB,KNN,28.90296152191095,26.323880275010467,2.5790812469004827,0
clean,0.21,0.4,21,HistGB,KNN,30.33042188933338,27.56509882832943,2.7653230610039508,0
clean,0.21,0.4,22,HistGB,KNN,30.205591444939312,26.97384541341878,3.231746031520533,0
clean,0.21,0.4,23,HistGB,KNN,29.56692175934774,26.81887054429276,2.7480512150549785,0
clean,0.21,0.4,24,HistGB,KNN,29.05916420698302,26.826243061722764,2.2329211452602564,0
clean,0.21,0.5,0,HistGB,KNN,34.3356818953042,29.36104864314475,4.97463325215945,0
clean,0.21,0.5,1,HistGB,KNN,35.45798108963929,30.78564658343057,4.6723345062087205,0
clean,0.21,0.5,2,HistGB,KNN,34.576328258809134,30.042510211973912,4.533818046835222,0
clean,0.21,0.5,3,HistGB,KNN,34.792656147750726,29.873883258001964,4.918772889748762,0
clean,0.21,0.5,4,HistGB,KNN,34.238497999689834,29.807820739177387,4.4306772605124465,0
clean,0.21,0.5,5,HistGB,KNN,35.27559090791475,30.71450700402392,4.561083903890829,0
clean,0.21,0.5,6,HistGB,KNN,37.69306887075829,31.49381187242601,6.199256998332277,0
clean,0.21,0.5,7,HistGB,KNN,33.714303799759946,28.83981311651348,4.874490683246467,0
clean,0.21,0.5,8,HistGB,KNN,34.41627098104753,29.623591813472316,4.792679167575216,0
clean,0.21,0.5,9,HistGB,KNN,34.73783599713518,30.300257701423387,4.437578295711791,0
clean,0.21,0.5,10,HistGB,KNN,33.910208514081305,29.824404136662483,4.085804377418821,0
clean,0.21,0.5,11,HistGB,KNN,33.62775139723734,29.60491639036404,4.022835006873301,0
clean,0.21,0.5,12,HistGB,KNN,34.021207929695294,29.14937495424439,4.8718329754509035,0
clean,0.21,0.5,13,HistGB,KNN,34.977502260566304,30.73761449320112,4.2398877673651825,0
clean,0.21,0.5,14,HistGB,KNN,34.802166158897485,30.22898594801385,4.573180210883635,0
clean,0.21,0.5,15,HistGB,KNN,34.57634793205066,29.482012823758883,5.0943351082917765,0
clean,0.21,0.5,16,HistGB,KNN,35.87939472326243,31.00229592672065,4.87709879654178,0
clean,0.21,0.5,17,HistGB,KNN,36.963845356749495,32.00073805865598,4.963107298093512,0
clean,0.21,0.5,18,HistGB,KNN,34.50305373795179,29.334123989500338,5.1689297484514505,0
clean,0.21,0.5,19,HistGB,KNN,34.60327848170751,29.727904717251747,4.875373764455766,0
clean,0.21,0.5,20,HistGB,KNN,34.325370645190155,30.386612943510592,3.938757701679563,0
clean,0.21,0.5,21,HistGB,KNN,36.63164043905123,32.05521614959351,4.576424289457719,0
clean,0.21,0.5,22,HistGB,KNN,36.0951832132667,30.834582638855917,5.260600574410784,0
clean,0.21,0.5,23,HistGB,KNN,35.70825739251677,31.138388285827343,4.569869106689428,0
clean,0.21,0.5,24,HistGB,KNN,34.82354914689996,30.66380562129224,4.159743525607716,0
clean,0.22,0.0,0,HistGB,HistGB,11.76015510447522,11.76015510447522,0.0,1
clean,0.22,0.0,1,HistGB,HistGB,13.73168860179165,13.73168860179165,0.0,1
clean,0.22,0.0,2,HistGB,HistGB,12.03246102203424,12.03246102203424,0.0,1
clean,0.22,0.0,3,HistGB,HistGB,12.507296971676508,12.507296971676508,0.0,1
clean,0.22,0.0,4,HistGB,HistGB,11.663767967150225,11.663767967150225,0.0,1
clean,0.22,0.0,5,HistGB,HistGB,12.788000461342667,12.788000461342667,0.0,1
clean,0.22,0.0,6,HistGB,HistGB,15.137088661400586,15.137088661400586,0.0,1
clean,0.22,0.0,7,HistGB,HistGB,11.832086758523523,11.832086758523523,0.0,1
clean,0.22,0.0,8,HistGB,HistGB,11.80698803744633,11.80698803744633,0.0,1
clean,0.22,0.0,9,HistGB,HistGB,12.556532991757797,12.556532991757797,0.0,1
clean,0.22,0.0,10,HistGB,HistGB,12.006766732493656,12.006766732493656,0.0,1
clean,0.22,0.0,11,HistGB,HistGB,11.346172695771273,11.346172695771273,0.0,1
clean,0.22,0.0,12,HistGB,HistGB,11.53607012306929,11.53607012306929,0.0,1
clean,0.22,0.0,13,HistGB,HistGB,12.501230435307573,12.501230435307573,0.0,1
clean,0.22,0.0,14,HistGB,HistGB,12.374390426143172,12.374390426143172,0.0,1
clean,0.22,0.0,15,HistGB,HistGB,12.425630433445932,12.425630433445932,0.0,1
clean,0.22,0.0,16,HistGB,HistGB,13.0920493003693,13.0920493003693,0.0,1
clean,0.22,0.0,17,HistGB,HistGB,14.474854688524555,14.474854688524555,0.0,1
clean,0.22,0.0,18,HistGB,HistGB,12.72431903276434,12.72431903276434,0.0,1
clean,0.22,0.0,19,HistGB,HistGB,12.38932481964971,12.38932481964971,0.0,1
clean,0.22,0.0,20,HistGB,HistGB,13.18137194824744,13.18137194824744,0.0,1
clean,0.22,0.0,21,HistGB,HistGB,13.996657000066351,13.996657000066351,0.0,1
clean,0.22,0.0,22,HistGB,HistGB,13.811627922541728,13.811627922541728,0.0,1
clean,0.22,0.0,23,HistGB,HistGB,13.32873782866024,13.32873782866024,0.0,1
clean,0.22,0.0,24,HistGB,HistGB,13.136467261751262,13.136467261751262,0.0,1
clean,0.22,0.025,0,HistGB,HistGB,13.790624657970188,13.790624657970188,0.0,1
clean,0.22,0.025,1,HistGB,HistGB,15.569190624933023,15.569190624933023,0.0,1
clean,0.22,0.025,2,HistGB,HistGB,14.088427543524208,14.088427543524208,0.0,1
clean,0.22,0.025,3,HistGB,HistGB,14.466111791412365,14.466111791412365,0.0,1
clean,0.22,0.025,4,HistGB,HistGB,13.735054816062018,13.735054816062018,0.0,1
clean,0.22,0.025,5,HistGB,HistGB,14.867893327492942,14.867893327492942,0.0,1
clean,0.22,0.025,6,HistGB,HistGB,17.17176789089314,17.17176789089314,0.0,1
clean,0.22,0.025,7,HistGB,HistGB,13.928703035242147,13.928703035242147,0.0,1
clean,0.22,0.025,8,HistGB,HistGB,14.035703406909802,14.035703406909802,0.0,1
clean,0.22,0.025,9,HistGB,HistGB,14.77125823960297,14.77125823960297,0.0,1
clean,0.22,0.025,10,HistGB,HistGB,14.180458644223837,14.180458644223837,0.0,1
clean,0.22,0.025,11,HistGB,HistGB,13.50742579877159,13.50742579877159,0.0,1
clean,0.22,0.025,12,HistGB,HistGB,13.758001907403685,13.758001907403685,0.0,1
clean,0.22,0.025,13,HistGB,HistGB,14.626656518553975,14.626656518553975,0.0,1
clean,0.22,0.025,14,HistGB,HistGB,14.533640708116964,14.533640708116964,0.0,1
clean,0.22,0.025,15,HistGB,HistGB,14.46272762558578,14.46272762558578,0.0,1
clean,0.22,0.025,16,HistGB,HistGB,15.171306018649071,15.171306018649071,0.0,1
clean,0.22,0.025,17,HistGB,HistGB,16.52161216946523,16.52161216946523,0.0,1
clean,0.22,0.025,18,HistGB,HistGB,14.780199693916028,14.780199693916028,0.0,1
clean,0.22,0.025,19,HistGB,HistGB,14.493836285631524,14.493836285631524,0.0,1
clean,0.22,0.025,20,HistGB,HistGB,15.368108126940594,15.368108126940594,0.0,1
clean,0.22,0.025,21,HistGB,HistGB,16.055770073743247,16.055770073743247,0.0,1
clean,0.22,0.025,22,HistGB,HistGB,15.713546741354476,15.713546741354476,0.0,1
clean,0.22,0.025,23,HistGB,HistGB,15.55503612142687,15.55503612142687,0.0,1
clean,0.22,0.025,24,HistGB,HistGB,15.081413399945886,15.081413399945886,0.0,1
clean,0.22,0.1,0,HistGB,HistGB,16.06918849714951,16.06918849714951,0.0,1
clean,0.22,0.1,1,HistGB,HistGB,17.715227486371926,17.715227486371926,0.0,1
clean,0.22,0.1,2,HistGB,HistGB,16.59812152428756,16.59812152428756,0.0,1
clean,0.22,0.1,3,HistGB,HistGB,16.681998568610286,16.681998568610286,0.0,1
clean,0.22,0.1,4,HistGB,HistGB,16.108514635915505,16.108514635915505,0.0,1
clean,0.22,0.1,5,HistGB,HistGB,17.268672823209283,17.268672823209283,0.0,1
clean,0.22,0.1,6,HistGB,HistGB,19.40432003734352,19.40432003734352,0.0,1
clean,0.22,0.1,7,HistGB,HistGB,16.082236395832705,16.082236395832705,0.0,1
clean,0.22,0.1,8,HistGB,HistGB,16.407129732211875,16.407129732211875,0.0,1
clean,0.22,0.1,9,HistGB,HistGB,17.16320210267766,17.16320210267766,0.0,1
clean,0.22,0.1,10,HistGB,HistGB,16.50268958110556,16.50268958110556,0.0,1
clean,0.22,0.1,11,HistGB,HistGB,15.964533676765804,15.964533676765804,0.0,1
clean,0.22,0.1,12,HistGB,HistGB,15.955340858425544,15.955340858425544,0.0,1
clean,0.22,0.1,13,HistGB,HistGB,16.931967619416174,16.931967619416174,0.0,1
clean,0.22,0.1,14,HistGB,HistGB,16.92890955586985,16.92890955586985,0.0,1
clean,0.22,0.1,15,HistGB,HistGB,16.861669366598026,16.861669366598026,0.0,1
clean,0.22,0.1,16,HistGB,HistGB,17.657517204616237,17.657517204616237,0.0,1
clean,0.22,0.1,17,HistGB,HistGB,18.682009768699448,18.682009768699448,0.0,1
clean,0.22,0.1,18,HistGB,HistGB,17.15936754113902,17.15936754113902,0.0,1
clean,0.22,0.1,19,HistGB,HistGB,16.832397587873736,16.832397587873736,0.0,1
clean,0.22,0.1,20,HistGB,HistGB,17.57369629098549,17.57369629098549,0.0,1
clean,0.22,0.1,21,HistGB,HistGB,18.21056570240688,18.21056570240688,0.0,1
clean,0.22,0.1,22,HistGB,HistGB,17.918651632655692,17.918651632655692,0.0,1
clean,0.22,0.1,23,HistGB,HistGB,17.87434674116678,17.87434674116678,0.0,1
clean,0.22,0.1,24,HistGB,HistGB,17.41484728033265,17.41484728033265,0.0,1
clean,0.22,0.15,0,HistGB,HistGB,17.541973445772758,17.541973445772758,0.0,1
clean,0.22,0.15,1,HistGB,HistGB,19.010878031887327,19.010878031887327,0.0,1
clean,0.22,0.15,2,HistGB,HistGB,17.80100779364431,17.80100779364431,0.0,1
clean,0.22,0.15,3,HistGB,HistGB,18.01452453786513,18.01452453786513,0.0,1
clean,0.22,0.15,4,HistGB,HistGB,17.437948123990314,17.437948123990314,0.0,1
clean,0.22,0.15,5,HistGB,HistGB,18.58285094234233,18.58285094234233,0.0,1
clean,0.22,0.15,6,HistGB,KNN,20.66574103016756,20.55617663708099,0.1095643930865684,0
clean,0.22,0.15,7,HistGB,HistGB,17.529586892481948,17.529586892481948,0.0,1
clean,0.22,0.15,8,HistGB,HistGB,17.8122895281797,17.8122895281797,0.0,1
clean,0.22,0.15,9,HistGB,HistGB,18.495670339370204,18.495670339370204,0.0,1
clean,0.22,0.15,10,HistGB,RandomForest,17.97117283362848,17.920692448422127,0.05048038520635245,0
clean,0.22,0.15,11,HistGB,RandomForest,17.484846230170547,17.41666006093395,0.06818616923659704,0
clean,0.22,0.15,12,HistGB,HistGB,17.466672392177024,17.466672392177024,0.0,1
clean,0.22,0.15,13,HistGB,HistGB,18.257215445819707,18.257215445819707,0.0,1
clean,0.22,0.15,14,HistGB,HistGB,18.137408455216548,18.137408455216548,0.0,1
clean,0.22,0.15,15,HistGB,HistGB,18.107544438260927,18.107544438260927,0.0,1
clean,0.22,0.15,16,HistGB,HistGB,18.78614046980045,18.78614046980045,0.0,1
clean,0.22,0.15,17,HistGB,HistGB,20.041240568377912,20.041240568377912,0.0,1
clean,0.22,0.15,18,HistGB,HistGB,18.367784803289087,18.367784803289087,0.0,1
clean,0.22,0.15,19,HistGB,HistGB,18.104123699192264,18.104123699192264,0.0,1
clean,0.22,0.15,20,HistGB,HistGB,18.801855062804623,18.801855062804623,0.0,1
clean,0.22,0.15,21,HistGB,HistGB,19.59619733176809,19.59619733176809,0.0,1
clean,0.22,0.15,22,HistGB,HistGB,19.298586066791096,19.298586066791096,0.0,1
clean,0.22,0.15,23,HistGB,HistGB,19.173574821481136,19.173574821481136,0.0,1
clean,0.22,0.15,24,HistGB,HistGB,18.65781447093841,18.65781447093841,0.0,1
clean,0.22,0.19,0,HistGB,HistGB,18.928739010266547,18.928739010266547,0.0,1
clean,0.22,0.19,1,HistGB,HistGB,20.143835873105846,20.143835873105846,0.0,1
clean,0.22,0.19,2,HistGB,RandomForest,19.26838422455713,19.25223313590072,0.016151088656410906,0
clean,0.22,0.19,3,HistGB,HistGB,19.443279896968026,19.443279896968026,0.0,1
clean,0.22,0.19,4,HistGB,HistGB,18.91392220590144,18.91392220590144,0.0,1
clean,0.22,0.19,5,HistGB,HistGB,19.95917516081851,19.95917516081851,0.0,1
clean,0.22,0.19,6,HistGB,KNN,21.81613605324205,21.221317844771534,0.5948182084705174,0
clean,0.22,0.19,7,HistGB,HistGB,18.7343657051764,18.7343657051764,0.0,1
clean,0.22,0.19,8,HistGB,HistGB,19.090144255140743,19.090144255140743,0.0,1
clean,0.22,0.19,9,HistGB,HistGB,19.75986807523372,19.75986807523372,0.0,1
clean,0.22,0.19,10,HistGB,RandomForest,19.228897842651488,19.11294703331267,0.11595080933881974,0
clean,0.22,0.19,11,HistGB,HistGB,18.667847445401883,18.667847445401883,0.0,1
clean,0.22,0.19,12,HistGB,HistGB,18.74800249831791,18.74800249831791,0.0,1
clean,0.22,0.19,13,HistGB,HistGB,19.487413662156857,19.487413662156857,0.0,1
clean,0.22,0.19,14,HistGB,HistGB,19.805729525276647,19.805729525276647,0.0,1
clean,0.22,0.19,15,HistGB,HistGB,19.53354628711148,19.53354628711148,0.0,1
clean,0.22,0.19,16,HistGB,HistGB,20.42138389973512,20.42138389973512,0.0,1
clean,0.22,0.19,17,HistGB,HistGB,21.336585653266862,21.336585653266862,0.0,1
clean,0.22,0.19,18,HistGB,HistGB,19.63875503262111,19.63875503262111,0.0,1
clean,0.22,0.19,19,HistGB,HistGB,19.237587544515986,19.237587544515986,0.0,1
clean,0.22,0.19,20,HistGB,HistGB,19.92591817042073,19.92591817042073,0.0,1
clean,0.22,0.19,21,HistGB,HistGB,21.007827210990577,21.007827210990577,0.0,1
clean,0.22,0.19,22,HistGB,HistGB,20.67660900892144,20.67660900892144,0.0,1
clean,0.22,0.19,23,HistGB,RandomForest,20.6083352155968,20.554130699292205,0.05420451630459411,0
clean,0.22,0.19,24,HistGB,HistGB,19.83663934120755,19.83663934120755,0.0,1
clean,0.22,0.2,0,HistGB,HistGB,19.31695977824297,19.31695977824297,0.0,1
clean,0.22,0.2,1,HistGB,HistGB,20.633704058890523,20.633704058890523,0.0,1
clean,0.22,0.2,2,HistGB,RandomForest,19.60198171985055,19.530966200000307,0.07101551985024201,0
clean,0.22,0.2,3,HistGB,HistGB,19.40246723251745,19.40246723251745,0.0,1
clean,0.22,0.2,4,HistGB,HistGB,19.19879919002628,19.19879919002628,0.0,1
clean,0.22,0.2,5,HistGB,HistGB,20.309646525902178,20.309646525902178,0.0,1
clean,0.22,0.2,6,HistGB,KNN,22.22715469741236,21.45106211319845,0.7760925842139095,0
clean,0.22,0.2,7,HistGB,KNN,19.087134768957217,18.91466158420148,0.17247318475573792,0
clean,0.22,0.2,8,HistGB,HistGB,19.353522301384245,19.353522301384245,0.0,1
clean,0.22,0.2,9,HistGB,HistGB,20.244280483753503,20.244280483753503,0.0,1
clean,0.22,0.2,10,HistGB,RandomForest,19.482679894775195,19.397262692891125,0.08541720188406998,0
clean,0.22,0.2,11,HistGB,HistGB,18.81764877008533,18.81764877008533,0.0,1
clean,0.22,0.2,12,HistGB,HistGB,19.156116543683805,19.156116543683805,0.0,1
clean,0.22,0.2,13,HistGB,HistGB,20.01349433745357,20.01349433745357,0.0,1
clean,0.22,0.2,14,HistGB,HistGB,20.033455238923583,20.033455238923583,0.0,1
clean,0.22,0.2,15,HistGB,KNN,19.86983031134916,19.770319702527317,0.09951060882184137,0
clean,0.22,0.2,16,HistGB,HistGB,20.56981023209017,20.56981023209017,0.0,1
clean,0.22,0.2,17,HistGB,KNN,21.90020836235615,21.8467341910282,0.05347417132794874,0
clean,0.22,0.2,18,HistGB,KNN,20.13102128441388,20.099350238418523,0.031671045995356195,0
clean,0.22,0.2,19,HistGB,HistGB,19.59435135708357,19.59435135708357,0.0,1
clean,0.22,0.2,20,HistGB,HistGB,20.38206963513907,20.38206963513907,0.0,1
clean,0.22,0.2,21,HistGB,HistGB,21.186528023649814,21.186528023649814,0.0,1
clean,0.22,0.2,22,HistGB,HistGB,20.970762127732502,20.970762127732502,0.0,1
clean,0.22,0.2,23,HistGB,HistGB,20.731601966614555,20.731601966614555,0.0,1
clean,0.22,0.2,24,HistGB,HistGB,20.04810559903347,20.04810559903347,0.0,1
clean,0.22,0.21,0,HistGB,KNN,19.712347729890087,19.62070076050922,0.09164696938086792,0
clean,0.22,0.21,1,HistGB,HistGB,20.883479751389164,20.883479751389164,0.0,1
clean,0.22,0.21,2,HistGB,RandomForest,19.80436562213185,19.776411638303763,0.02795398382808756,0
clean,0.22,0.21,3,HistGB,HistGB,19.79962845112105,19.79962845112105,0.0,1
clean,0.22,0.21,4,HistGB,HistGB,19.524084711512717,19.524084711512717,0.0,1
clean,0.22,0.21,5,HistGB,HistGB,20.691741037075957,20.691741037075957,0.0,1
clean,0.22,0.21,6,HistGB,KNN,22.638128623682924,21.735449205266427,0.902679418416497,0
clean,0.22,0.21,7,HistGB,KNN,19.563223774521383,19.129134412148225,0.43408936237315743,0
clean,0.22,0.21,8,HistGB,KNN,19.949149133827166,19.754159286311616,0.1949898475155507,0
clean,0.22,0.21,9,HistGB,HistGB,20.53946391412387,20.53946391412387,0.0,1
clean,0.22,0.21,10,HistGB,RandomForest,19.791512389893278,19.766638000384397,0.024874389508880768,0
clean,0.22,0.21,11,HistGB,HistGB,19.12476153385831,19.12476153385831,0.0,1
clean,0.22,0.21,12,HistGB,HistGB,19.62285011346803,19.62285011346803,0.0,1
clean,0.22,0.21,13,HistGB,HistGB,20.1912750022628,20.1912750022628,0.0,1
clean,0.22,0.21,14,HistGB,HistGB,20.17871752830445,20.17871752830445,0.0,1
clean,0.22,0.21,15,HistGB,KNN,20.35635435076348,20.008689836811453,0.3476645139520258,0
clean,0.22,0.21,16,HistGB,RandomForest,20.844016484607646,20.833181161887754,0.010835322719891849,0
clean,0.22,0.21,17,HistGB,KNN,22.20143236502758,21.9739723674224,0.22745999760517677,0
clean,0.22,0.21,18,HistGB,KNN,20.435337004508213,20.18731917985644,0.2480178246517717,0
clean,0.22,0.21,19,HistGB,HistGB,19.97509701714303,19.97509701714303,0.0,1
clean,0.22,0.21,20,HistGB,HistGB,20.63839378129152,20.63839378129152,0.0,1
clean,0.22,0.21,21,HistGB,HistGB,21.40956894525845,21.40956894525845,0.0,1
clean,0.22,0.21,22,HistGB,KNN,21.279054027647227,21.24068021908822,0.03837380855900818,0
clean,0.22,0.21,23,HistGB,HistGB,21.073886705689358,21.073886705689358,0.0,1
clean,0.22,0.21,24,HistGB,HistGB,20.58508699071329,20.58508699071329,0.0,1
clean,0.22,0.24,0,HistGB,KNN,20.982521657856744,20.33664056590208,0.6458810919546636,0
clean,0.22,0.24,1,HistGB,KNN,22.064357590263988,21.92280236504782,0.1415552252161696,0
clean,0.22,0.24,2,HistGB,KNN,20.79592375371037,20.741214770005676,0.05470898370469257,0
clean,0.22,0.24,3,HistGB,KNN,20.84463885093164,20.4321294687124,0.41250938221924116,0
clean,0.22,0.24,4,HistGB,HistGB,20.575640835804094,20.575640835804094,0.0,1
clean,0.22,0.24,5,HistGB,KNN,21.85542178703425,21.582918404859733,0.2725033821745164,0
clean,0.22,0.24,6,HistGB,KNN,24.16724330250814,22.650935540068332,1.5163077624398085,0
clean,0.22,0.24,7,HistGB,KNN,20.526325030059937,19.87952199459999,0.6468030354599463,0
clean,0.22,0.24,8,HistGB,KNN,21.085049356636727,20.522281621260348,0.5627677353763794,0
clean,0.22,0.24,9,HistGB,HistGB,21.50120439198769,21.50120439198769,0.0,1
clean,0.22,0.24,10,HistGB,HistGB,20.799187355071187,20.799187355071187,0.0,1
clean,0.22,0.24,11,HistGB,RandomForest,20.46050823698773,20.371659546986443,0.08884869000128859,0
clean,0.22,0.24,12,HistGB,KNN,20.42873796577705,20.153818096825816,0.2749198689512333,0
clean,0.22,0.24,13,HistGB,HistGB,21.2669017233842,21.2669017233842,0.0,1
clean,0.22,0.24,14,HistGB,KNN,21.462084175510437,21.3226337532928,0.1394504222176387,0
clean,0.22,0.24,15,HistGB,KNN,21.109553749660595,20.52767563958444,0.5818781100761541,0
clean,0.22,0.24,16,HistGB,KNN,22.00953698747326,21.60327312063129,0.4062638668419716,0
clean,0.22,0.24,17,HistGB,KNN,23.25946017164457,22.6236646265378,0.6357955451067703,0
clean,0.22,0.24,18,HistGB,KNN,21.322163342513168,20.865332927318907,0.45683041519426126,0
clean,0.22,0.24,19,HistGB,KNN,20.93072529938225,20.611027408455104,0.31969789092714507,0
clean,0.22,0.24,20,HistGB,KNN,21.74925183304476,21.538000917902348,0.21125091514241134,0
clean,0.22,0.24,21,HistGB,KNN,22.651067969927944,22.618736893558317,0.03233107636962629,0
clean,0.22,0.24,22,HistGB,KNN,22.46146878945244,22.050215114306518,0.4112536751459217,0
clean,0.22,0.24,23,HistGB,KNN,22.339223359037533,22.08033187991192,0.2588914791256123,0
clean,0.22,0.24,24,HistGB,HistGB,21.588328318789458,21.588328318789458,0.0,1
clean,0.22,0.32,0,HistGB,KNN,24.12467046999476,22.3410975641612,1.7835729058335623,0
clean,0.22,0.32,1,HistGB,KNN,25.77070627354392,24.167646892408506,1.603059381135413,0
clean,0.22,0.32,2,HistGB,KNN,24.59572377329288,23.22830694722482,1.3674168260680624,0
clean,0.22,0.32,3,HistGB,KNN,24.09274391415105,22.651724084282822,1.4410198298682282,0
clean,0.22,0.32,4,HistGB,KNN,23.90705141032773,22.899209031890777,1.0078423784369512,0
clean,0.22,0.32,5,HistGB,KNN,25.212724593070813,23.74077037955543,1.4719542135153851,0
clean,0.22,0.32,6,HistGB,KNN,27.269805798524292,24.58426841601279,2.6855373825115016,0
clean,0.22,0.32,7,HistGB,KNN,23.968635975943368,21.897619039501325,2.0710169364420423,0
clean,0.22,0.32,8,HistGB,KNN,24.47320734454739,22.56198727539633,1.9112200691510601,0
clean,0.22,0.32,9,HistGB,KNN,24.803594090704078,23.726477980773108,1.0771161099309694,0
clean,0.22,0.32,10,HistGB,KNN,24.47934381390138,23.392268978535643,1.087074835365737,0
clean,0.22,0.32,11,HistGB,KNN,23.72661797910468,22.911206803547127,0.8154111755575535,0
clean,0.22,0.32,12,HistGB,KNN,24.111346473464494,22.468416540666528,1.6429299327979656,0
clean,0.22,0.32,13,HistGB,KNN,24.99542252363374,23.978926219057577,1.0164963045761617,0
clean,0.22,0.32,14,HistGB,KNN,24.742605611228107,23.408361493293267,1.3342441179348405,0
clean,0.22,0.32,15,HistGB,KNN,24.416176662644283,22.5382140343824,1.8779626282618835,0
clean,0.22,0.32,16,HistGB,KNN,25.54446516039962,23.889956814327707,1.654508346071914,0
clean,0.22,0.32,17,HistGB,KNN,26.4958612951784,24.784073695291784,1.711787599886616,0
clean,0.22,0.32,18,HistGB,KNN,24.88464519023908,23.16494399329765,1.719701196941429,0
clean,0.22,0.32,19,HistGB,KNN,24.573643527987716,22.967426539513063,1.606216988474653,0
clean,0.22,0.32,20,HistGB,KNN,25.04910344930528,23.79135534710681,1.257748102198473,0
clean,0.22,0.32,21,HistGB,KNN,26.31016837981644,24.97102970206068,1.3391386777557592,0
clean,0.22,0.32,22,HistGB,KNN,26.098178562014315,24.39051221352639,1.7076663484879262,0
clean,0.22,0.32,23,HistGB,KNN,25.557866068906574,24.187060837810005,1.3708052310965684,0
clean,0.22,0.32,24,HistGB,KNN,25.003697301266914,24.039705867231064,0.9639914340358509,0
clean,0.22,0.4,0,HistGB,KNN,28.049609361827816,25.10814862318806,2.941460738639755,0
clean,0.22,0.4,1,HistGB,KNN,29.31611875614641,26.672735103263133,2.6433836528832764,0
clean,0.22,0.4,2,HistGB,KNN,28.384727103233185,25.81692397000759,2.5678031332255955,0
clean,0.22,0.4,3,HistGB,KNN,28.010289959071308,25.423661872844157,2.586628086227151,0
clean,0.22,0.4,4,HistGB,KNN,28.31516006865912,25.844904882373577,2.470255186285545,0
clean,0.22,0.4,5,HistGB,KNN,29.138612727054603,26.34733170986748,2.7912810171871243,0
clean,0.22,0.4,6,HistGB,KNN,31.47206094214324,27.471419439501894,4.000641502641347,0
clean,0.22,0.4,7,HistGB,KNN,27.888774713460062,24.65403390525961,3.2347408082004527,0
clean,0.22,0.4,8,HistGB,KNN,28.11039177616971,25.132597624958056,2.977794151211654,0
clean,0.22,0.4,9,HistGB,KNN,29.266611766794703,26.551948517294797,2.714663249499907,0
clean,0.22,0.4,10,HistGB,KNN,27.891574895247988,25.81186367292943,2.079711222318558,0
clean,0.22,0.4,11,HistGB,KNN,27.79176127114822,25.676760069446004,2.115001201702217,0
clean,0.22,0.4,12,HistGB,KNN,28.33763090957668,25.233865931244623,3.103764978332059,0
clean,0.22,0.4,13,HistGB,KNN,28.798902297381467,26.54460857267338,2.254293724708088,0
clean,0.22,0.4,14,HistGB,KNN,29.211910296743884,26.522075989221285,2.6898343075225988,0
clean,0.22,0.4,15,HistGB,KNN,28.65193876540236,25.34232298472043,3.3096157806819306,0
clean,0.22,0.4,16,HistGB,KNN,30.078513900930812,26.84998999315152,3.228523907779291,0
clean,0.22,0.4,17,HistGB,KNN,30.5095007137395,27.506923656523504,3.002577057215994,0
clean,0.22,0.4,18,HistGB,KNN,28.915144639978127,25.751301404565957,3.1638432354121697,0
clean,0.22,0.4,19,HistGB,KNN,28.586058710871352,25.36051788480377,3.225540826067583,0
clean,0.22,0.4,20,HistGB,KNN,28.90296152191095,26.323880275010467,2.5790812469004827,0
clean,0.22,0.4,21,HistGB,KNN,30.33042188933338,27.56509882832943,2.7653230610039508,0
clean,0.22,0.4,22,HistGB,KNN,30.205591444939312,26.97384541341878,3.231746031520533,0
clean,0.22,0.4,23,HistGB,KNN,29.56692175934774,26.81887054429276,2.7480512150549785,0
clean,0.22,0.4,24,HistGB,KNN,29.05916420698302,26.826243061722764,2.2329211452602564,0
clean,0.22,0.5,0,HistGB,KNN,34.3356818953042,29.36104864314475,4.97463325215945,0
clean,0.22,0.5,1,HistGB,KNN,35.45798108963929,30.78564658343057,4.6723345062087205,0
clean,0.22,0.5,2,HistGB,KNN,34.576328258809134,30.042510211973912,4.533818046835222,0
clean,0.22,0.5,3,HistGB,KNN,34.792656147750726,29.873883258001964,4.918772889748762,0
clean,0.22,0.5,4,HistGB,KNN,34.238497999689834,29.807820739177387,4.4306772605124465,0
clean,0.22,0.5,5,HistGB,KNN,35.27559090791475,30.71450700402392,4.561083903890829,0
clean,0.22,0.5,6,HistGB,KNN,37.69306887075829,31.49381187242601,6.199256998332277,0
clean,0.22,0.5,7,HistGB,KNN,33.714303799759946,28.83981311651348,4.874490683246467,0
clean,0.22,0.5,8,HistGB,KNN,34.41627098104753,29.623591813472316,4.792679167575216,0
clean,0.22,0.5,9,HistGB,KNN,34.73783599713518,30.300257701423387,4.437578295711791,0
clean,0.22,0.5,10,HistGB,KNN,33.910208514081305,29.824404136662483,4.085804377418821,0
clean,0.22,0.5,11,HistGB,KNN,33.62775139723734,29.60491639036404,4.022835006873301,0
clean,0.22,0.5,12,HistGB,KNN,34.021207929695294,29.14937495424439,4.8718329754509035,0
clean,0.22,0.5,13,HistGB,KNN,34.977502260566304,30.73761449320112,4.2398877673651825,0
clean,0.22,0.5,14,HistGB,KNN,34.802166158897485,30.22898594801385,4.573180210883635,0
clean,0.22,0.5,15,HistGB,KNN,34.57634793205066,29.482012823758883,5.0943351082917765,0
clean,0.22,0.5,16,HistGB,KNN,35.87939472326243,31.00229592672065,4.87709879654178,0
clean,0.22,0.5,17,HistGB,KNN,36.963845356749495,32.00073805865598,4.963107298093512,0
clean,0.22,0.5,18,HistGB,KNN,34.50305373795179,29.334123989500338,5.1689297484514505,0
clean,0.22,0.5,19,HistGB,KNN,34.60327848170751,29.727904717251747,4.875373764455766,0
clean,0.22,0.5,20,HistGB,KNN,34.325370645190155,30.386612943510592,3.938757701679563,0
clean,0.22,0.5,21,HistGB,KNN,36.63164043905123,32.05521614959351,4.576424289457719,0
clean,0.22,0.5,22,HistGB,KNN,36.0951832132667,30.834582638855917,5.260600574410784,0
clean,0.22,0.5,23,HistGB,KNN,35.70825739251677,31.138388285827343,4.569869106689428,0
clean,0.22,0.5,24,HistGB,KNN,34.82354914689996,30.66380562129224,4.159743525607716,0
clean,0.24,0.0,0,HistGB,HistGB,11.76015510447522,11.76015510447522,0.0,1
clean,0.24,0.0,1,HistGB,HistGB,13.73168860179165,13.73168860179165,0.0,1
clean,0.24,0.0,2,HistGB,HistGB,12.03246102203424,12.03246102203424,0.0,1
clean,0.24,0.0,3,HistGB,HistGB,12.507296971676508,12.507296971676508,0.0,1
clean,0.24,0.0,4,HistGB,HistGB,11.663767967150225,11.663767967150225,0.0,1
clean,0.24,0.0,5,HistGB,HistGB,12.788000461342667,12.788000461342667,0.0,1
clean,0.24,0.0,6,HistGB,HistGB,15.137088661400586,15.137088661400586,0.0,1
clean,0.24,0.0,7,HistGB,HistGB,11.832086758523523,11.832086758523523,0.0,1
clean,0.24,0.0,8,HistGB,HistGB,11.80698803744633,11.80698803744633,0.0,1
clean,0.24,0.0,9,HistGB,HistGB,12.556532991757797,12.556532991757797,0.0,1
clean,0.24,0.0,10,HistGB,HistGB,12.006766732493656,12.006766732493656,0.0,1
clean,0.24,0.0,11,HistGB,HistGB,11.346172695771273,11.346172695771273,0.0,1
clean,0.24,0.0,12,HistGB,HistGB,11.53607012306929,11.53607012306929,0.0,1
clean,0.24,0.0,13,HistGB,HistGB,12.501230435307573,12.501230435307573,0.0,1
clean,0.24,0.0,14,HistGB,HistGB,12.374390426143172,12.374390426143172,0.0,1
clean,0.24,0.0,15,HistGB,HistGB,12.425630433445932,12.425630433445932,0.0,1
clean,0.24,0.0,16,HistGB,HistGB,13.0920493003693,13.0920493003693,0.0,1
clean,0.24,0.0,17,HistGB,HistGB,14.474854688524555,14.474854688524555,0.0,1
clean,0.24,0.0,18,HistGB,HistGB,12.72431903276434,12.72431903276434,0.0,1
clean,0.24,0.0,19,HistGB,HistGB,12.38932481964971,12.38932481964971,0.0,1
clean,0.24,0.0,20,HistGB,HistGB,13.18137194824744,13.18137194824744,0.0,1
clean,0.24,0.0,21,HistGB,HistGB,13.996657000066351,13.996657000066351,0.0,1
clean,0.24,0.0,22,HistGB,HistGB,13.811627922541728,13.811627922541728,0.0,1
clean,0.24,0.0,23,HistGB,HistGB,13.32873782866024,13.32873782866024,0.0,1
clean,0.24,0.0,24,HistGB,HistGB,13.136467261751262,13.136467261751262,0.0,1
clean,0.24,0.025,0,HistGB,HistGB,13.790624657970188,13.790624657970188,0.0,1
clean,0.24,0.025,1,HistGB,HistGB,15.569190624933023,15.569190624933023,0.0,1
clean,0.24,0.025,2,HistGB,HistGB,14.088427543524208,14.088427543524208,0.0,1
clean,0.24,0.025,3,HistGB,HistGB,14.466111791412365,14.466111791412365,0.0,1
clean,0.24,0.025,4,HistGB,HistGB,13.735054816062018,13.735054816062018,0.0,1
clean,0.24,0.025,5,HistGB,HistGB,14.867893327492942,14.867893327492942,0.0,1
clean,0.24,0.025,6,HistGB,HistGB,17.17176789089314,17.17176789089314,0.0,1
clean,0.24,0.025,7,HistGB,HistGB,13.928703035242147,13.928703035242147,0.0,1
clean,0.24,0.025,8,HistGB,HistGB,14.035703406909802,14.035703406909802,0.0,1
clean,0.24,0.025,9,HistGB,HistGB,14.77125823960297,14.77125823960297,0.0,1
clean,0.24,0.025,10,HistGB,HistGB,14.180458644223837,14.180458644223837,0.0,1
clean,0.24,0.025,11,HistGB,HistGB,13.50742579877159,13.50742579877159,0.0,1
clean,0.24,0.025,12,HistGB,HistGB,13.758001907403685,13.758001907403685,0.0,1
clean,0.24,0.025,13,HistGB,HistGB,14.626656518553975,14.626656518553975,0.0,1
clean,0.24,0.025,14,HistGB,HistGB,14.533640708116964,14.533640708116964,0.0,1
clean,0.24,0.025,15,HistGB,HistGB,14.46272762558578,14.46272762558578,0.0,1
clean,0.24,0.025,16,HistGB,HistGB,15.171306018649071,15.171306018649071,0.0,1
clean,0.24,0.025,17,HistGB,HistGB,16.52161216946523,16.52161216946523,0.0,1
clean,0.24,0.025,18,HistGB,HistGB,14.780199693916028,14.780199693916028,0.0,1
clean,0.24,0.025,19,HistGB,HistGB,14.493836285631524,14.493836285631524,0.0,1
clean,0.24,0.025,20,HistGB,HistGB,15.368108126940594,15.368108126940594,0.0,1
clean,0.24,0.025,21,HistGB,HistGB,16.055770073743247,16.055770073743247,0.0,1
clean,0.24,0.025,22,HistGB,HistGB,15.713546741354476,15.713546741354476,0.0,1
clean,0.24,0.025,23,HistGB,HistGB,15.55503612142687,15.55503612142687,0.0,1
clean,0.24,0.025,24,HistGB,HistGB,15.081413399945886,15.081413399945886,0.0,1
clean,0.24,0.1,0,HistGB,HistGB,16.06918849714951,16.06918849714951,0.0,1
clean,0.24,0.1,1,HistGB,HistGB,17.715227486371926,17.715227486371926,0.0,1
clean,0.24,0.1,2,HistGB,HistGB,16.59812152428756,16.59812152428756,0.0,1
clean,0.24,0.1,3,HistGB,HistGB,16.681998568610286,16.681998568610286,0.0,1
clean,0.24,0.1,4,HistGB,HistGB,16.108514635915505,16.108514635915505,0.0,1
clean,0.24,0.1,5,HistGB,HistGB,17.268672823209283,17.268672823209283,0.0,1
clean,0.24,0.1,6,HistGB,HistGB,19.40432003734352,19.40432003734352,0.0,1
clean,0.24,0.1,7,HistGB,HistGB,16.082236395832705,16.082236395832705,0.0,1
clean,0.24,0.1,8,HistGB,HistGB,16.407129732211875,16.407129732211875,0.0,1
clean,0.24,0.1,9,HistGB,HistGB,17.16320210267766,17.16320210267766,0.0,1
clean,0.24,0.1,10,HistGB,HistGB,16.50268958110556,16.50268958110556,0.0,1
clean,0.24,0.1,11,HistGB,HistGB,15.964533676765804,15.964533676765804,0.0,1
clean,0.24,0.1,12,HistGB,HistGB,15.955340858425544,15.955340858425544,0.0,1
clean,0.24,0.1,13,HistGB,HistGB,16.931967619416174,16.931967619416174,0.0,1
clean,0.24,0.1,14,HistGB,HistGB,16.92890955586985,16.92890955586985,0.0,1
clean,0.24,0.1,15,HistGB,HistGB,16.861669366598026,16.861669366598026,0.0,1
clean,0.24,0.1,16,HistGB,HistGB,17.657517204616237,17.657517204616237,0.0,1
clean,0.24,0.1,17,HistGB,HistGB,18.682009768699448,18.682009768699448,0.0,1
clean,0.24,0.1,18,HistGB,HistGB,17.15936754113902,17.15936754113902,0.0,1
clean,0.24,0.1,19,HistGB,HistGB,16.832397587873736,16.832397587873736,0.0,1
clean,0.24,0.1,20,HistGB,HistGB,17.57369629098549,17.57369629098549,0.0,1
clean,0.24,0.1,21,HistGB,HistGB,18.21056570240688,18.21056570240688,0.0,1
clean,0.24,0.1,22,HistGB,HistGB,17.918651632655692,17.918651632655692,0.0,1
clean,0.24,0.1,23,HistGB,HistGB,17.87434674116678,17.87434674116678,0.0,1
clean,0.24,0.1,24,HistGB,HistGB,17.41484728033265,17.41484728033265,0.0,1
clean,0.24,0.15,0,HistGB,HistGB,17.541973445772758,17.541973445772758,0.0,1
clean,0.24,0.15,1,HistGB,HistGB,19.010878031887327,19.010878031887327,0.0,1
clean,0.24,0.15,2,HistGB,HistGB,17.80100779364431,17.80100779364431,0.0,1
clean,0.24,0.15,3,HistGB,HistGB,18.01452453786513,18.01452453786513,0.0,1
clean,0.24,0.15,4,HistGB,HistGB,17.437948123990314,17.437948123990314,0.0,1
clean,0.24,0.15,5,HistGB,HistGB,18.58285094234233,18.58285094234233,0.0,1
clean,0.24,0.15,6,HistGB,KNN,20.66574103016756,20.55617663708099,0.1095643930865684,0
clean,0.24,0.15,7,HistGB,HistGB,17.529586892481948,17.529586892481948,0.0,1
clean,0.24,0.15,8,HistGB,HistGB,17.8122895281797,17.8122895281797,0.0,1
clean,0.24,0.15,9,HistGB,HistGB,18.495670339370204,18.495670339370204,0.0,1
clean,0.24,0.15,10,HistGB,RandomForest,17.97117283362848,17.920692448422127,0.05048038520635245,0
clean,0.24,0.15,11,HistGB,RandomForest,17.484846230170547,17.41666006093395,0.06818616923659704,0
clean,0.24,0.15,12,HistGB,HistGB,17.466672392177024,17.466672392177024,0.0,1
clean,0.24,0.15,13,HistGB,HistGB,18.257215445819707,18.257215445819707,0.0,1
clean,0.24,0.15,14,HistGB,HistGB,18.137408455216548,18.137408455216548,0.0,1
clean,0.24,0.15,15,HistGB,HistGB,18.107544438260927,18.107544438260927,0.0,1
clean,0.24,0.15,16,HistGB,HistGB,18.78614046980045,18.78614046980045,0.0,1
clean,0.24,0.15,17,HistGB,HistGB,20.041240568377912,20.041240568377912,0.0,1
clean,0.24,0.15,18,HistGB,HistGB,18.367784803289087,18.367784803289087,0.0,1
clean,0.24,0.15,19,HistGB,HistGB,18.104123699192264,18.104123699192264,0.0,1
clean,0.24,0.15,20,HistGB,HistGB,18.801855062804623,18.801855062804623,0.0,1
clean,0.24,0.15,21,HistGB,HistGB,19.59619733176809,19.59619733176809,0.0,1
clean,0.24,0.15,22,HistGB,HistGB,19.298586066791096,19.298586066791096,0.0,1
clean,0.24,0.15,23,HistGB,HistGB,19.173574821481136,19.173574821481136,0.0,1
clean,0.24,0.15,24,HistGB,HistGB,18.65781447093841,18.65781447093841,0.0,1
clean,0.24,0.19,0,HistGB,HistGB,18.928739010266547,18.928739010266547,0.0,1
clean,0.24,0.19,1,HistGB,HistGB,20.143835873105846,20.143835873105846,0.0,1
clean,0.24,0.19,2,HistGB,RandomForest,19.26838422455713,19.25223313590072,0.016151088656410906,0
clean,0.24,0.19,3,HistGB,HistGB,19.443279896968026,19.443279896968026,0.0,1
clean,0.24,0.19,4,HistGB,HistGB,18.91392220590144,18.91392220590144,0.0,1
clean,0.24,0.19,5,HistGB,HistGB,19.95917516081851,19.95917516081851,0.0,1
clean,0.24,0.19,6,HistGB,KNN,21.81613605324205,21.221317844771534,0.5948182084705174,0
clean,0.24,0.19,7,HistGB,HistGB,18.7343657051764,18.7343657051764,0.0,1
clean,0.24,0.19,8,HistGB,HistGB,19.090144255140743,19.090144255140743,0.0,1
clean,0.24,0.19,9,HistGB,HistGB,19.75986807523372,19.75986807523372,0.0,1
clean,0.24,0.19,10,HistGB,RandomForest,19.228897842651488,19.11294703331267,0.11595080933881974,0
clean,0.24,0.19,11,HistGB,HistGB,18.667847445401883,18.667847445401883,0.0,1
clean,0.24,0.19,12,HistGB,HistGB,18.74800249831791,18.74800249831791,0.0,1
clean,0.24,0.19,13,HistGB,HistGB,19.487413662156857,19.487413662156857,0.0,1
clean,0.24,0.19,14,HistGB,HistGB,19.805729525276647,19.805729525276647,0.0,1
clean,0.24,0.19,15,HistGB,HistGB,19.53354628711148,19.53354628711148,0.0,1
clean,0.24,0.19,16,HistGB,HistGB,20.42138389973512,20.42138389973512,0.0,1
clean,0.24,0.19,17,HistGB,HistGB,21.336585653266862,21.336585653266862,0.0,1
clean,0.24,0.19,18,HistGB,HistGB,19.63875503262111,19.63875503262111,0.0,1
clean,0.24,0.19,19,HistGB,HistGB,19.237587544515986,19.237587544515986,0.0,1
clean,0.24,0.19,20,HistGB,HistGB,19.92591817042073,19.92591817042073,0.0,1
clean,0.24,0.19,21,HistGB,HistGB,21.007827210990577,21.007827210990577,0.0,1
clean,0.24,0.19,22,HistGB,HistGB,20.67660900892144,20.67660900892144,0.0,1
clean,0.24,0.19,23,HistGB,RandomForest,20.6083352155968,20.554130699292205,0.05420451630459411,0
clean,0.24,0.19,24,HistGB,HistGB,19.83663934120755,19.83663934120755,0.0,1
clean,0.24,0.2,0,HistGB,HistGB,19.31695977824297,19.31695977824297,0.0,1
clean,0.24,0.2,1,HistGB,HistGB,20.633704058890523,20.633704058890523,0.0,1
clean,0.24,0.2,2,HistGB,RandomForest,19.60198171985055,19.530966200000307,0.07101551985024201,0
clean,0.24,0.2,3,HistGB,HistGB,19.40246723251745,19.40246723251745,0.0,1
clean,0.24,0.2,4,HistGB,HistGB,19.19879919002628,19.19879919002628,0.0,1
clean,0.24,0.2,5,HistGB,HistGB,20.309646525902178,20.309646525902178,0.0,1
clean,0.24,0.2,6,HistGB,KNN,22.22715469741236,21.45106211319845,0.7760925842139095,0
clean,0.24,0.2,7,HistGB,KNN,19.087134768957217,18.91466158420148,0.17247318475573792,0
clean,0.24,0.2,8,HistGB,HistGB,19.353522301384245,19.353522301384245,0.0,1
clean,0.24,0.2,9,HistGB,HistGB,20.244280483753503,20.244280483753503,0.0,1
clean,0.24,0.2,10,HistGB,RandomForest,19.482679894775195,19.397262692891125,0.08541720188406998,0
clean,0.24,0.2,11,HistGB,HistGB,18.81764877008533,18.81764877008533,0.0,1
clean,0.24,0.2,12,HistGB,HistGB,19.156116543683805,19.156116543683805,0.0,1
clean,0.24,0.2,13,HistGB,HistGB,20.01349433745357,20.01349433745357,0.0,1
clean,0.24,0.2,14,HistGB,HistGB,20.033455238923583,20.033455238923583,0.0,1
clean,0.24,0.2,15,HistGB,KNN,19.86983031134916,19.770319702527317,0.09951060882184137,0
clean,0.24,0.2,16,HistGB,HistGB,20.56981023209017,20.56981023209017,0.0,1
clean,0.24,0.2,17,HistGB,KNN,21.90020836235615,21.8467341910282,0.05347417132794874,0
clean,0.24,0.2,18,HistGB,KNN,20.13102128441388,20.099350238418523,0.031671045995356195,0
clean,0.24,0.2,19,HistGB,HistGB,19.59435135708357,19.59435135708357,0.0,1
clean,0.24,0.2,20,HistGB,HistGB,20.38206963513907,20.38206963513907,0.0,1
clean,0.24,0.2,21,HistGB,HistGB,21.186528023649814,21.186528023649814,0.0,1
clean,0.24,0.2,22,HistGB,HistGB,20.970762127732502,20.970762127732502,0.0,1
clean,0.24,0.2,23,HistGB,HistGB,20.731601966614555,20.731601966614555,0.0,1
clean,0.24,0.2,24,HistGB,HistGB,20.04810559903347,20.04810559903347,0.0,1
clean,0.24,0.21,0,HistGB,KNN,19.712347729890087,19.62070076050922,0.09164696938086792,0
clean,0.24,0.21,1,HistGB,HistGB,20.883479751389164,20.883479751389164,0.0,1
clean,0.24,0.21,2,HistGB,RandomForest,19.80436562213185,19.776411638303763,0.02795398382808756,0
clean,0.24,0.21,3,HistGB,HistGB,19.79962845112105,19.79962845112105,0.0,1
clean,0.24,0.21,4,HistGB,HistGB,19.524084711512717,19.524084711512717,0.0,1
clean,0.24,0.21,5,HistGB,HistGB,20.691741037075957,20.691741037075957,0.0,1
clean,0.24,0.21,6,HistGB,KNN,22.638128623682924,21.735449205266427,0.902679418416497,0
clean,0.24,0.21,7,HistGB,KNN,19.563223774521383,19.129134412148225,0.43408936237315743,0
clean,0.24,0.21,8,HistGB,KNN,19.949149133827166,19.754159286311616,0.1949898475155507,0
clean,0.24,0.21,9,HistGB,HistGB,20.53946391412387,20.53946391412387,0.0,1
clean,0.24,0.21,10,HistGB,RandomForest,19.791512389893278,19.766638000384397,0.024874389508880768,0
clean,0.24,0.21,11,HistGB,HistGB,19.12476153385831,19.12476153385831,0.0,1
clean,0.24,0.21,12,HistGB,HistGB,19.62285011346803,19.62285011346803,0.0,1
clean,0.24,0.21,13,HistGB,HistGB,20.1912750022628,20.1912750022628,0.0,1
clean,0.24,0.21,14,HistGB,HistGB,20.17871752830445,20.17871752830445,0.0,1
clean,0.24,0.21,15,HistGB,KNN,20.35635435076348,20.008689836811453,0.3476645139520258,0
clean,0.24,0.21,16,HistGB,RandomForest,20.844016484607646,20.833181161887754,0.010835322719891849,0
clean,0.24,0.21,17,HistGB,KNN,22.20143236502758,21.9739723674224,0.22745999760517677,0
clean,0.24,0.21,18,HistGB,KNN,20.435337004508213,20.18731917985644,0.2480178246517717,0
clean,0.24,0.21,19,HistGB,HistGB,19.97509701714303,19.97509701714303,0.0,1
clean,0.24,0.21,20,HistGB,HistGB,20.63839378129152,20.63839378129152,0.0,1
clean,0.24,0.21,21,HistGB,HistGB,21.40956894525845,21.40956894525845,0.0,1
clean,0.24,0.21,22,HistGB,KNN,21.279054027647227,21.24068021908822,0.03837380855900818,0
clean,0.24,0.21,23,HistGB,HistGB,21.073886705689358,21.073886705689358,0.0,1
clean,0.24,0.21,24,HistGB,HistGB,20.58508699071329,20.58508699071329,0.0,1
clean,0.24,0.24,0,HistGB,KNN,20.982521657856744,20.33664056590208,0.6458810919546636,0
clean,0.24,0.24,1,HistGB,KNN,22.064357590263988,21.92280236504782,0.1415552252161696,0
clean,0.24,0.24,2,HistGB,KNN,20.79592375371037,20.741214770005676,0.05470898370469257,0
clean,0.24,0.24,3,HistGB,KNN,20.84463885093164,20.4321294687124,0.41250938221924116,0
clean,0.24,0.24,4,HistGB,HistGB,20.575640835804094,20.575640835804094,0.0,1
clean,0.24,0.24,5,HistGB,KNN,21.85542178703425,21.582918404859733,0.2725033821745164,0
clean,0.24,0.24,6,HistGB,KNN,24.16724330250814,22.650935540068332,1.5163077624398085,0
clean,0.24,0.24,7,HistGB,KNN,20.526325030059937,19.87952199459999,0.6468030354599463,0
clean,0.24,0.24,8,HistGB,KNN,21.085049356636727,20.522281621260348,0.5627677353763794,0
clean,0.24,0.24,9,HistGB,HistGB,21.50120439198769,21.50120439198769,0.0,1
clean,0.24,0.24,10,HistGB,HistGB,20.799187355071187,20.799187355071187,0.0,1
clean,0.24,0.24,11,HistGB,RandomForest,20.46050823698773,20.371659546986443,0.08884869000128859,0
clean,0.24,0.24,12,HistGB,KNN,20.42873796577705,20.153818096825816,0.2749198689512333,0
clean,0.24,0.24,13,HistGB,HistGB,21.2669017233842,21.2669017233842,0.0,1
clean,0.24,0.24,14,HistGB,KNN,21.462084175510437,21.3226337532928,0.1394504222176387,0
clean,0.24,0.24,15,HistGB,KNN,21.109553749660595,20.52767563958444,0.5818781100761541,0
clean,0.24,0.24,16,HistGB,KNN,22.00953698747326,21.60327312063129,0.4062638668419716,0
clean,0.24,0.24,17,HistGB,KNN,23.25946017164457,22.6236646265378,0.6357955451067703,0
clean,0.24,0.24,18,HistGB,KNN,21.322163342513168,20.865332927318907,0.45683041519426126,0
clean,0.24,0.24,19,HistGB,KNN,20.93072529938225,20.611027408455104,0.31969789092714507,0
clean,0.24,0.24,20,HistGB,KNN,21.74925183304476,21.538000917902348,0.21125091514241134,0
clean,0.24,0.24,21,HistGB,KNN,22.651067969927944,22.618736893558317,0.03233107636962629,0
clean,0.24,0.24,22,HistGB,KNN,22.46146878945244,22.050215114306518,0.4112536751459217,0
clean,0.24,0.24,23,HistGB,KNN,22.339223359037533,22.08033187991192,0.2588914791256123,0
clean,0.24,0.24,24,HistGB,HistGB,21.588328318789458,21.588328318789458,0.0,1
clean,0.24,0.32,0,HistGB,KNN,24.12467046999476,22.3410975641612,1.7835729058335623,0
clean,0.24,0.32,1,HistGB,KNN,25.77070627354392,24.167646892408506,1.603059381135413,0
clean,0.24,0.32,2,HistGB,KNN,24.59572377329288,23.22830694722482,1.3674168260680624,0
clean,0.24,0.32,3,HistGB,KNN,24.09274391415105,22.651724084282822,1.4410198298682282,0
clean,0.24,0.32,4,HistGB,KNN,23.90705141032773,22.899209031890777,1.0078423784369512,0
clean,0.24,0.32,5,HistGB,KNN,25.212724593070813,23.74077037955543,1.4719542135153851,0
clean,0.24,0.32,6,HistGB,KNN,27.269805798524292,24.58426841601279,2.6855373825115016,0
clean,0.24,0.32,7,HistGB,KNN,23.968635975943368,21.897619039501325,2.0710169364420423,0
clean,0.24,0.32,8,HistGB,KNN,24.47320734454739,22.56198727539633,1.9112200691510601,0
clean,0.24,0.32,9,HistGB,KNN,24.803594090704078,23.726477980773108,1.0771161099309694,0
clean,0.24,0.32,10,HistGB,KNN,24.47934381390138,23.392268978535643,1.087074835365737,0
clean,0.24,0.32,11,HistGB,KNN,23.72661797910468,22.911206803547127,0.8154111755575535,0
clean,0.24,0.32,12,HistGB,KNN,24.111346473464494,22.468416540666528,1.6429299327979656,0
clean,0.24,0.32,13,HistGB,KNN,24.99542252363374,23.978926219057577,1.0164963045761617,0
clean,0.24,0.32,14,HistGB,KNN,24.742605611228107,23.408361493293267,1.3342441179348405,0
clean,0.24,0.32,15,HistGB,KNN,24.416176662644283,22.5382140343824,1.8779626282618835,0
clean,0.24,0.32,16,HistGB,KNN,25.54446516039962,23.889956814327707,1.654508346071914,0
clean,0.24,0.32,17,HistGB,KNN,26.4958612951784,24.784073695291784,1.711787599886616,0
clean,0.24,0.32,18,HistGB,KNN,24.88464519023908,23.16494399329765,1.719701196941429,0
clean,0.24,0.32,19,HistGB,KNN,24.573643527987716,22.967426539513063,1.606216988474653,0
clean,0.24,0.32,20,HistGB,KNN,25.04910344930528,23.79135534710681,1.257748102198473,0
clean,0.24,0.32,21,HistGB,KNN,26.31016837981644,24.97102970206068,1.3391386777557592,0
clean,0.24,0.32,22,HistGB,KNN,26.098178562014315,24.39051221352639,1.7076663484879262,0
clean,0.24,0.32,23,HistGB,KNN,25.557866068906574,24.187060837810005,1.3708052310965684,0
clean,0.24,0.32,24,HistGB,KNN,25.003697301266914,24.039705867231064,0.9639914340358509,0
clean,0.24,0.4,0,HistGB,KNN,28.049609361827816,25.10814862318806,2.941460738639755,0
clean,0.24,0.4,1,HistGB,KNN,29.31611875614641,26.672735103263133,2.6433836528832764,0
clean,0.24,0.4,2,HistGB,KNN,28.384727103233185,25.81692397000759,2.5678031332255955,0
clean,0.24,0.4,3,HistGB,KNN,28.010289959071308,25.423661872844157,2.586628086227151,0
clean,0.24,0.4,4,HistGB,KNN,28.31516006865912,25.844904882373577,2.470255186285545,0
clean,0.24,0.4,5,HistGB,KNN,29.138612727054603,26.34733170986748,2.7912810171871243,0
clean,0.24,0.4,6,HistGB,KNN,31.47206094214324,27.471419439501894,4.000641502641347,0
clean,0.24,0.4,7,HistGB,KNN,27.888774713460062,24.65403390525961,3.2347408082004527,0
clean,0.24,0.4,8,HistGB,KNN,28.11039177616971,25.132597624958056,2.977794151211654,0
clean,0.24,0.4,9,HistGB,KNN,29.266611766794703,26.551948517294797,2.714663249499907,0
clean,0.24,0.4,10,HistGB,KNN,27.891574895247988,25.81186367292943,2.079711222318558,0
clean,0.24,0.4,11,HistGB,KNN,27.79176127114822,25.676760069446004,2.115001201702217,0
clean,0.24,0.4,12,HistGB,KNN,28.33763090957668,25.233865931244623,3.103764978332059,0
clean,0.24,0.4,13,HistGB,KNN,28.798902297381467,26.54460857267338,2.254293724708088,0
clean,0.24,0.4,14,HistGB,KNN,29.211910296743884,26.522075989221285,2.6898343075225988,0
clean,0.24,0.4,15,HistGB,KNN,28.65193876540236,25.34232298472043,3.3096157806819306,0
clean,0.24,0.4,16,HistGB,KNN,30.078513900930812,26.84998999315152,3.228523907779291,0
clean,0.24,0.4,17,HistGB,KNN,30.5095007137395,27.506923656523504,3.002577057215994,0
clean,0.24,0.4,18,HistGB,KNN,28.915144639978127,25.751301404565957,3.1638432354121697,0
clean,0.24,0.4,19,HistGB,KNN,28.586058710871352,25.36051788480377,3.225540826067583,0
clean,0.24,0.4,20,HistGB,KNN,28.90296152191095,26.323880275010467,2.5790812469004827,0
clean,0.24,0.4,21,HistGB,KNN,30.33042188933338,27.56509882832943,2.7653230610039508,0
clean,0.24,0.4,22,HistGB,KNN,30.205591444939312,26.97384541341878,3.231746031520533,0
clean,0.24,0.4,23,HistGB,KNN,29.56692175934774,26.81887054429276,2.7480512150549785,0
clean,0.24,0.4,24,HistGB,KNN,29.05916420698302,26.826243061722764,2.2329211452602564,0
clean,0.24,0.5,0,HistGB,KNN,34.3356818953042,29.36104864314475,4.97463325215945,0
clean,0.24,0.5,1,HistGB,KNN,35.45798108963929,30.78564658343057,4.6723345062087205,0
clean,0.24,0.5,2,HistGB,KNN,34.576328258809134,30.042510211973912,4.533818046835222,0
clean,0.24,0.5,3,HistGB,KNN,34.792656147750726,29.873883258001964,4.918772889748762,0
clean,0.24,0.5,4,HistGB,KNN,34.238497999689834,29.807820739177387,4.4306772605124465,0
clean,0.24,0.5,5,HistGB,KNN,35.27559090791475,30.71450700402392,4.561083903890829,0
clean,0.24,0.5,6,HistGB,KNN,37.69306887075829,31.49381187242601,6.199256998332277,0
clean,0.24,0.5,7,HistGB,KNN,33.714303799759946,28.83981311651348,4.874490683246467,0
clean,0.24,0.5,8,HistGB,KNN,34.41627098104753,29.623591813472316,4.792679167575216,0
clean,0.24,0.5,9,HistGB,KNN,34.73783599713518,30.300257701423387,4.437578295711791,0
clean,0.24,0.5,10,HistGB,KNN,33.910208514081305,29.824404136662483,4.085804377418821,0
clean,0.24,0.5,11,HistGB,KNN,33.62775139723734,29.60491639036404,4.022835006873301,0
clean,0.24,0.5,12,HistGB,KNN,34.021207929695294,29.14937495424439,4.8718329754509035,0
clean,0.24,0.5,13,HistGB,KNN,34.977502260566304,30.73761449320112,4.2398877673651825,0
clean,0.24,0.5,14,HistGB,KNN,34.802166158897485,30.22898594801385,4.573180210883635,0
clean,0.24,0.5,15,HistGB,KNN,34.57634793205066,29.482012823758883,5.0943351082917765,0
clean,0.24,0.5,16,HistGB,KNN,35.87939472326243,31.00229592672065,4.87709879654178,0
clean,0.24,0.5,17,HistGB,KNN,36.963845356749495,32.00073805865598,4.963107298093512,0
clean,0.24,0.5,18,HistGB,KNN,34.50305373795179,29.334123989500338,5.1689297484514505,0
clean,0.24,0.5,19,HistGB,KNN,34.60327848170751,29.727904717251747,4.875373764455766,0
clean,0.24,0.5,20,HistGB,KNN,34.325370645190155,30.386612943510592,3.938757701679563,0
clean,0.24,0.5,21,HistGB,KNN,36.63164043905123,32.05521614959351,4.576424289457719,0
clean,0.24,0.5,22,HistGB,KNN,36.0951832132667,30.834582638855917,5.260600574410784,0
clean,0.24,0.5,23,HistGB,KNN,35.70825739251677,31.138388285827343,4.569869106689428,0
clean,0.24,0.5,24,HistGB,KNN,34.82354914689996,30.66380562129224,4.159743525607716,0
clean,0.27,0.0,0,HistGB,HistGB,11.76015510447522,11.76015510447522,0.0,1
clean,0.27,0.0,1,HistGB,HistGB,13.73168860179165,13.73168860179165,0.0,1
clean,0.27,0.0,2,HistGB,HistGB,12.03246102203424,12.03246102203424,0.0,1
clean,0.27,0.0,3,HistGB,HistGB,12.507296971676508,12.507296971676508,0.0,1
clean,0.27,0.0,4,HistGB,HistGB,11.663767967150225,11.663767967150225,0.0,1
clean,0.27,0.0,5,HistGB,HistGB,12.788000461342667,12.788000461342667,0.0,1
clean,0.27,0.0,6,HistGB,HistGB,15.137088661400586,15.137088661400586,0.0,1
clean,0.27,0.0,7,HistGB,HistGB,11.832086758523523,11.832086758523523,0.0,1
clean,0.27,0.0,8,HistGB,HistGB,11.80698803744633,11.80698803744633,0.0,1
clean,0.27,0.0,9,HistGB,HistGB,12.556532991757797,12.556532991757797,0.0,1
clean,0.27,0.0,10,HistGB,HistGB,12.006766732493656,12.006766732493656,0.0,1
clean,0.27,0.0,11,HistGB,HistGB,11.346172695771273,11.346172695771273,0.0,1
clean,0.27,0.0,12,HistGB,HistGB,11.53607012306929,11.53607012306929,0.0,1
clean,0.27,0.0,13,HistGB,HistGB,12.501230435307573,12.501230435307573,0.0,1
clean,0.27,0.0,14,HistGB,HistGB,12.374390426143172,12.374390426143172,0.0,1
clean,0.27,0.0,15,HistGB,HistGB,12.425630433445932,12.425630433445932,0.0,1
clean,0.27,0.0,16,HistGB,HistGB,13.0920493003693,13.0920493003693,0.0,1
clean,0.27,0.0,17,HistGB,HistGB,14.474854688524555,14.474854688524555,0.0,1
clean,0.27,0.0,18,HistGB,HistGB,12.72431903276434,12.72431903276434,0.0,1
clean,0.27,0.0,19,HistGB,HistGB,12.38932481964971,12.38932481964971,0.0,1
clean,0.27,0.0,20,HistGB,HistGB,13.18137194824744,13.18137194824744,0.0,1
clean,0.27,0.0,21,HistGB,HistGB,13.996657000066351,13.996657000066351,0.0,1
clean,0.27,0.0,22,HistGB,HistGB,13.811627922541728,13.811627922541728,0.0,1
clean,0.27,0.0,23,HistGB,HistGB,13.32873782866024,13.32873782866024,0.0,1
clean,0.27,0.0,24,HistGB,HistGB,13.136467261751262,13.136467261751262,0.0,1
clean,0.27,0.025,0,HistGB,HistGB,13.790624657970188,13.790624657970188,0.0,1
clean,0.27,0.025,1,HistGB,HistGB,15.569190624933023,15.569190624933023,0.0,1
clean,0.27,0.025,2,HistGB,HistGB,14.088427543524208,14.088427543524208,0.0,1
clean,0.27,0.025,3,HistGB,HistGB,14.466111791412365,14.466111791412365,0.0,1
clean,0.27,0.025,4,HistGB,HistGB,13.735054816062018,13.735054816062018,0.0,1
clean,0.27,0.025,5,HistGB,HistGB,14.867893327492942,14.867893327492942,0.0,1
clean,0.27,0.025,6,HistGB,HistGB,17.17176789089314,17.17176789089314,0.0,1
clean,0.27,0.025,7,HistGB,HistGB,13.928703035242147,13.928703035242147,0.0,1
clean,0.27,0.025,8,HistGB,HistGB,14.035703406909802,14.035703406909802,0.0,1
clean,0.27,0.025,9,HistGB,HistGB,14.77125823960297,14.77125823960297,0.0,1
clean,0.27,0.025,10,HistGB,HistGB,14.180458644223837,14.180458644223837,0.0,1
clean,0.27,0.025,11,HistGB,HistGB,13.50742579877159,13.50742579877159,0.0,1
clean,0.27,0.025,12,HistGB,HistGB,13.758001907403685,13.758001907403685,0.0,1
clean,0.27,0.025,13,HistGB,HistGB,14.626656518553975,14.626656518553975,0.0,1
clean,0.27,0.025,14,HistGB,HistGB,14.533640708116964,14.533640708116964,0.0,1
clean,0.27,0.025,15,HistGB,HistGB,14.46272762558578,14.46272762558578,0.0,1
clean,0.27,0.025,16,HistGB,HistGB,15.171306018649071,15.171306018649071,0.0,1
clean,0.27,0.025,17,HistGB,HistGB,16.52161216946523,16.52161216946523,0.0,1
clean,0.27,0.025,18,HistGB,HistGB,14.780199693916028,14.780199693916028,0.0,1
clean,0.27,0.025,19,HistGB,HistGB,14.493836285631524,14.493836285631524,0.0,1
clean,0.27,0.025,20,HistGB,HistGB,15.368108126940594,15.368108126940594,0.0,1
clean,0.27,0.025,21,HistGB,HistGB,16.055770073743247,16.055770073743247,0.0,1
clean,0.27,0.025,22,HistGB,HistGB,15.713546741354476,15.713546741354476,0.0,1
clean,0.27,0.025,23,HistGB,HistGB,15.55503612142687,15.55503612142687,0.0,1
clean,0.27,0.025,24,HistGB,HistGB,15.081413399945886,15.081413399945886,0.0,1
clean,0.27,0.1,0,HistGB,HistGB,16.06918849714951,16.06918849714951,0.0,1
clean,0.27,0.1,1,HistGB,HistGB,17.715227486371926,17.715227486371926,0.0,1
clean,0.27,0.1,2,HistGB,HistGB,16.59812152428756,16.59812152428756,0.0,1
clean,0.27,0.1,3,HistGB,HistGB,16.681998568610286,16.681998568610286,0.0,1
clean,0.27,0.1,4,HistGB,HistGB,16.108514635915505,16.108514635915505,0.0,1
clean,0.27,0.1,5,HistGB,HistGB,17.268672823209283,17.268672823209283,0.0,1
clean,0.27,0.1,6,HistGB,HistGB,19.40432003734352,19.40432003734352,0.0,1
clean,0.27,0.1,7,HistGB,HistGB,16.082236395832705,16.082236395832705,0.0,1
clean,0.27,0.1,8,HistGB,HistGB,16.407129732211875,16.407129732211875,0.0,1
clean,0.27,0.1,9,HistGB,HistGB,17.16320210267766,17.16320210267766,0.0,1
clean,0.27,0.1,10,HistGB,HistGB,16.50268958110556,16.50268958110556,0.0,1
clean,0.27,0.1,11,HistGB,HistGB,15.964533676765804,15.964533676765804,0.0,1
clean,0.27,0.1,12,HistGB,HistGB,15.955340858425544,15.955340858425544,0.0,1
clean,0.27,0.1,13,HistGB,HistGB,16.931967619416174,16.931967619416174,0.0,1
clean,0.27,0.1,14,HistGB,HistGB,16.92890955586985,16.92890955586985,0.0,1
clean,0.27,0.1,15,HistGB,HistGB,16.861669366598026,16.861669366598026,0.0,1
clean,0.27,0.1,16,HistGB,HistGB,17.657517204616237,17.657517204616237,0.0,1
clean,0.27,0.1,17,HistGB,HistGB,18.682009768699448,18.682009768699448,0.0,1
clean,0.27,0.1,18,HistGB,HistGB,17.15936754113902,17.15936754113902,0.0,1
clean,0.27,0.1,19,HistGB,HistGB,16.832397587873736,16.832397587873736,0.0,1
clean,0.27,0.1,20,HistGB,HistGB,17.57369629098549,17.57369629098549,0.0,1
clean,0.27,0.1,21,HistGB,HistGB,18.21056570240688,18.21056570240688,0.0,1
clean,0.27,0.1,22,HistGB,HistGB,17.918651632655692,17.918651632655692,0.0,1
clean,0.27,0.1,23,HistGB,HistGB,17.87434674116678,17.87434674116678,0.0,1
clean,0.27,0.1,24,HistGB,HistGB,17.41484728033265,17.41484728033265,0.0,1
clean,0.27,0.15,0,HistGB,HistGB,17.541973445772758,17.541973445772758,0.0,1
clean,0.27,0.15,1,HistGB,HistGB,19.010878031887327,19.010878031887327,0.0,1
clean,0.27,0.15,2,HistGB,HistGB,17.80100779364431,17.80100779364431,0.0,1
clean,0.27,0.15,3,HistGB,HistGB,18.01452453786513,18.01452453786513,0.0,1
clean,0.27,0.15,4,HistGB,HistGB,17.437948123990314,17.437948123990314,0.0,1
clean,0.27,0.15,5,HistGB,HistGB,18.58285094234233,18.58285094234233,0.0,1
clean,0.27,0.15,6,HistGB,KNN,20.66574103016756,20.55617663708099,0.1095643930865684,0
clean,0.27,0.15,7,HistGB,HistGB,17.529586892481948,17.529586892481948,0.0,1
clean,0.27,0.15,8,HistGB,HistGB,17.8122895281797,17.8122895281797,0.0,1
clean,0.27,0.15,9,HistGB,HistGB,18.495670339370204,18.495670339370204,0.0,1
clean,0.27,0.15,10,HistGB,RandomForest,17.97117283362848,17.920692448422127,0.05048038520635245,0
clean,0.27,0.15,11,HistGB,RandomForest,17.484846230170547,17.41666006093395,0.06818616923659704,0
clean,0.27,0.15,12,HistGB,HistGB,17.466672392177024,17.466672392177024,0.0,1
clean,0.27,0.15,13,HistGB,HistGB,18.257215445819707,18.257215445819707,0.0,1
clean,0.27,0.15,14,HistGB,HistGB,18.137408455216548,18.137408455216548,0.0,1
clean,0.27,0.15,15,HistGB,HistGB,18.107544438260927,18.107544438260927,0.0,1
clean,0.27,0.15,16,HistGB,HistGB,18.78614046980045,18.78614046980045,0.0,1
clean,0.27,0.15,17,HistGB,HistGB,20.041240568377912,20.041240568377912,0.0,1
clean,0.27,0.15,18,HistGB,HistGB,18.367784803289087,18.367784803289087,0.0,1
clean,0.27,0.15,19,HistGB,HistGB,18.104123699192264,18.104123699192264,0.0,1
clean,0.27,0.15,20,HistGB,HistGB,18.801855062804623,18.801855062804623,0.0,1
clean,0.27,0.15,21,HistGB,HistGB,19.59619733176809,19.59619733176809,0.0,1
clean,0.27,0.15,22,HistGB,HistGB,19.298586066791096,19.298586066791096,0.0,1
clean,0.27,0.15,23,HistGB,HistGB,19.173574821481136,19.173574821481136,0.0,1
clean,0.27,0.15,24,HistGB,HistGB,18.65781447093841,18.65781447093841,0.0,1
clean,0.27,0.19,0,HistGB,HistGB,18.928739010266547,18.928739010266547,0.0,1
clean,0.27,0.19,1,HistGB,HistGB,20.143835873105846,20.143835873105846,0.0,1
clean,0.27,0.19,2,HistGB,RandomForest,19.26838422455713,19.25223313590072,0.016151088656410906,0
clean,0.27,0.19,3,HistGB,HistGB,19.443279896968026,19.443279896968026,0.0,1
clean,0.27,0.19,4,HistGB,HistGB,18.91392220590144,18.91392220590144,0.0,1
clean,0.27,0.19,5,HistGB,HistGB,19.95917516081851,19.95917516081851,0.0,1
clean,0.27,0.19,6,HistGB,KNN,21.81613605324205,21.221317844771534,0.5948182084705174,0
clean,0.27,0.19,7,HistGB,HistGB,18.7343657051764,18.7343657051764,0.0,1
clean,0.27,0.19,8,HistGB,HistGB,19.090144255140743,19.090144255140743,0.0,1
clean,0.27,0.19,9,HistGB,HistGB,19.75986807523372,19.75986807523372,0.0,1
clean,0.27,0.19,10,HistGB,RandomForest,19.228897842651488,19.11294703331267,0.11595080933881974,0
clean,0.27,0.19,11,HistGB,HistGB,18.667847445401883,18.667847445401883,0.0,1
clean,0.27,0.19,12,HistGB,HistGB,18.74800249831791,18.74800249831791,0.0,1
clean,0.27,0.19,13,HistGB,HistGB,19.487413662156857,19.487413662156857,0.0,1
clean,0.27,0.19,14,HistGB,HistGB,19.805729525276647,19.805729525276647,0.0,1
clean,0.27,0.19,15,HistGB,HistGB,19.53354628711148,19.53354628711148,0.0,1
clean,0.27,0.19,16,HistGB,HistGB,20.42138389973512,20.42138389973512,0.0,1
clean,0.27,0.19,17,HistGB,HistGB,21.336585653266862,21.336585653266862,0.0,1
clean,0.27,0.19,18,HistGB,HistGB,19.63875503262111,19.63875503262111,0.0,1
clean,0.27,0.19,19,HistGB,HistGB,19.237587544515986,19.237587544515986,0.0,1
clean,0.27,0.19,20,HistGB,HistGB,19.92591817042073,19.92591817042073,0.0,1
clean,0.27,0.19,21,HistGB,HistGB,21.007827210990577,21.007827210990577,0.0,1
clean,0.27,0.19,22,HistGB,HistGB,20.67660900892144,20.67660900892144,0.0,1
clean,0.27,0.19,23,HistGB,RandomForest,20.6083352155968,20.554130699292205,0.05420451630459411,0
clean,0.27,0.19,24,HistGB,HistGB,19.83663934120755,19.83663934120755,0.0,1
clean,0.27,0.2,0,HistGB,HistGB,19.31695977824297,19.31695977824297,0.0,1
clean,0.27,0.2,1,HistGB,HistGB,20.633704058890523,20.633704058890523,0.0,1
clean,0.27,0.2,2,HistGB,RandomForest,19.60198171985055,19.530966200000307,0.07101551985024201,0
clean,0.27,0.2,3,HistGB,HistGB,19.40246723251745,19.40246723251745,0.0,1
clean,0.27,0.2,4,HistGB,HistGB,19.19879919002628,19.19879919002628,0.0,1
clean,0.27,0.2,5,HistGB,HistGB,20.309646525902178,20.309646525902178,0.0,1
clean,0.27,0.2,6,HistGB,KNN,22.22715469741236,21.45106211319845,0.7760925842139095,0
clean,0.27,0.2,7,HistGB,KNN,19.087134768957217,18.91466158420148,0.17247318475573792,0
clean,0.27,0.2,8,HistGB,HistGB,19.353522301384245,19.353522301384245,0.0,1
clean,0.27,0.2,9,HistGB,HistGB,20.244280483753503,20.244280483753503,0.0,1
clean,0.27,0.2,10,HistGB,RandomForest,19.482679894775195,19.397262692891125,0.08541720188406998,0
clean,0.27,0.2,11,HistGB,HistGB,18.81764877008533,18.81764877008533,0.0,1
clean,0.27,0.2,12,HistGB,HistGB,19.156116543683805,19.156116543683805,0.0,1
clean,0.27,0.2,13,HistGB,HistGB,20.01349433745357,20.01349433745357,0.0,1
clean,0.27,0.2,14,HistGB,HistGB,20.033455238923583,20.033455238923583,0.0,1
clean,0.27,0.2,15,HistGB,KNN,19.86983031134916,19.770319702527317,0.09951060882184137,0
clean,0.27,0.2,16,HistGB,HistGB,20.56981023209017,20.56981023209017,0.0,1
clean,0.27,0.2,17,HistGB,KNN,21.90020836235615,21.8467341910282,0.05347417132794874,0
clean,0.27,0.2,18,HistGB,KNN,20.13102128441388,20.099350238418523,0.031671045995356195,0
clean,0.27,0.2,19,HistGB,HistGB,19.59435135708357,19.59435135708357,0.0,1
clean,0.27,0.2,20,HistGB,HistGB,20.38206963513907,20.38206963513907,0.0,1
clean,0.27,0.2,21,HistGB,HistGB,21.186528023649814,21.186528023649814,0.0,1
clean,0.27,0.2,22,HistGB,HistGB,20.970762127732502,20.970762127732502,0.0,1
clean,0.27,0.2,23,HistGB,HistGB,20.731601966614555,20.731601966614555,0.0,1
clean,0.27,0.2,24,HistGB,HistGB,20.04810559903347,20.04810559903347,0.0,1
clean,0.27,0.21,0,HistGB,KNN,19.712347729890087,19.62070076050922,0.09164696938086792,0
clean,0.27,0.21,1,HistGB,HistGB,20.883479751389164,20.883479751389164,0.0,1
clean,0.27,0.21,2,HistGB,RandomForest,19.80436562213185,19.776411638303763,0.02795398382808756,0
clean,0.27,0.21,3,HistGB,HistGB,19.79962845112105,19.79962845112105,0.0,1
clean,0.27,0.21,4,HistGB,HistGB,19.524084711512717,19.524084711512717,0.0,1
clean,0.27,0.21,5,HistGB,HistGB,20.691741037075957,20.691741037075957,0.0,1
clean,0.27,0.21,6,HistGB,KNN,22.638128623682924,21.735449205266427,0.902679418416497,0
clean,0.27,0.21,7,HistGB,KNN,19.563223774521383,19.129134412148225,0.43408936237315743,0
clean,0.27,0.21,8,HistGB,KNN,19.949149133827166,19.754159286311616,0.1949898475155507,0
clean,0.27,0.21,9,HistGB,HistGB,20.53946391412387,20.53946391412387,0.0,1
clean,0.27,0.21,10,HistGB,RandomForest,19.791512389893278,19.766638000384397,0.024874389508880768,0
clean,0.27,0.21,11,HistGB,HistGB,19.12476153385831,19.12476153385831,0.0,1
clean,0.27,0.21,12,HistGB,HistGB,19.62285011346803,19.62285011346803,0.0,1
clean,0.27,0.21,13,HistGB,HistGB,20.1912750022628,20.1912750022628,0.0,1
clean,0.27,0.21,14,HistGB,HistGB,20.17871752830445,20.17871752830445,0.0,1
clean,0.27,0.21,15,HistGB,KNN,20.35635435076348,20.008689836811453,0.3476645139520258,0
clean,0.27,0.21,16,HistGB,RandomForest,20.844016484607646,20.833181161887754,0.010835322719891849,0
clean,0.27,0.21,17,HistGB,KNN,22.20143236502758,21.9739723674224,0.22745999760517677,0
clean,0.27,0.21,18,HistGB,KNN,20.435337004508213,20.18731917985644,0.2480178246517717,0
clean,0.27,0.21,19,HistGB,HistGB,19.97509701714303,19.97509701714303,0.0,1
clean,0.27,0.21,20,HistGB,HistGB,20.63839378129152,20.63839378129152,0.0,1
clean,0.27,0.21,21,HistGB,HistGB,21.40956894525845,21.40956894525845,0.0,1
clean,0.27,0.21,22,HistGB,KNN,21.279054027647227,21.24068021908822,0.03837380855900818,0
clean,0.27,0.21,23,HistGB,HistGB,21.073886705689358,21.073886705689358,0.0,1
clean,0.27,0.21,24,HistGB,HistGB,20.58508699071329,20.58508699071329,0.0,1
clean,0.27,0.24,0,HistGB,KNN,20.982521657856744,20.33664056590208,0.6458810919546636,0
clean,0.27,0.24,1,HistGB,KNN,22.064357590263988,21.92280236504782,0.1415552252161696,0
clean,0.27,0.24,2,HistGB,KNN,20.79592375371037,20.741214770005676,0.05470898370469257,0
clean,0.27,0.24,3,HistGB,KNN,20.84463885093164,20.4321294687124,0.41250938221924116,0
clean,0.27,0.24,4,HistGB,HistGB,20.575640835804094,20.575640835804094,0.0,1
clean,0.27,0.24,5,HistGB,KNN,21.85542178703425,21.582918404859733,0.2725033821745164,0
clean,0.27,0.24,6,HistGB,KNN,24.16724330250814,22.650935540068332,1.5163077624398085,0
clean,0.27,0.24,7,HistGB,KNN,20.526325030059937,19.87952199459999,0.6468030354599463,0
clean,0.27,0.24,8,HistGB,KNN,21.085049356636727,20.522281621260348,0.5627677353763794,0
clean,0.27,0.24,9,HistGB,HistGB,21.50120439198769,21.50120439198769,0.0,1
clean,0.27,0.24,10,HistGB,HistGB,20.799187355071187,20.799187355071187,0.0,1
clean,0.27,0.24,11,HistGB,RandomForest,20.46050823698773,20.371659546986443,0.08884869000128859,0
clean,0.27,0.24,12,HistGB,KNN,20.42873796577705,20.153818096825816,0.2749198689512333,0
clean,0.27,0.24,13,HistGB,HistGB,21.2669017233842,21.2669017233842,0.0,1
clean,0.27,0.24,14,HistGB,KNN,21.462084175510437,21.3226337532928,0.1394504222176387,0
clean,0.27,0.24,15,HistGB,KNN,21.109553749660595,20.52767563958444,0.5818781100761541,0
clean,0.27,0.24,16,HistGB,KNN,22.00953698747326,21.60327312063129,0.4062638668419716,0
clean,0.27,0.24,17,HistGB,KNN,23.25946017164457,22.6236646265378,0.6357955451067703,0
clean,0.27,0.24,18,HistGB,KNN,21.322163342513168,20.865332927318907,0.45683041519426126,0
clean,0.27,0.24,19,HistGB,KNN,20.93072529938225,20.611027408455104,0.31969789092714507,0
clean,0.27,0.24,20,HistGB,KNN,21.74925183304476,21.538000917902348,0.21125091514241134,0
clean,0.27,0.24,21,HistGB,KNN,22.651067969927944,22.618736893558317,0.03233107636962629,0
clean,0.27,0.24,22,HistGB,KNN,22.46146878945244,22.050215114306518,0.4112536751459217,0
clean,0.27,0.24,23,HistGB,KNN,22.339223359037533,22.08033187991192,0.2588914791256123,0
clean,0.27,0.24,24,HistGB,HistGB,21.588328318789458,21.588328318789458,0.0,1
clean,0.27,0.32,0,HistGB,KNN,24.12467046999476,22.3410975641612,1.7835729058335623,0
clean,0.27,0.32,1,HistGB,KNN,25.77070627354392,24.167646892408506,1.603059381135413,0
clean,0.27,0.32,2,HistGB,KNN,24.59572377329288,23.22830694722482,1.3674168260680624,0
clean,0.27,0.32,3,HistGB,KNN,24.09274391415105,22.651724084282822,1.4410198298682282,0
clean,0.27,0.32,4,HistGB,KNN,23.90705141032773,22.899209031890777,1.0078423784369512,0
clean,0.27,0.32,5,HistGB,KNN,25.212724593070813,23.74077037955543,1.4719542135153851,0
clean,0.27,0.32,6,HistGB,KNN,27.269805798524292,24.58426841601279,2.6855373825115016,0
clean,0.27,0.32,7,HistGB,KNN,23.968635975943368,21.897619039501325,2.0710169364420423,0
clean,0.27,0.32,8,HistGB,KNN,24.47320734454739,22.56198727539633,1.9112200691510601,0
clean,0.27,0.32,9,HistGB,KNN,24.803594090704078,23.726477980773108,1.0771161099309694,0
clean,0.27,0.32,10,HistGB,KNN,24.47934381390138,23.392268978535643,1.087074835365737,0
clean,0.27,0.32,11,HistGB,KNN,23.72661797910468,22.911206803547127,0.8154111755575535,0
clean,0.27,0.32,12,HistGB,KNN,24.111346473464494,22.468416540666528,1.6429299327979656,0
clean,0.27,0.32,13,HistGB,KNN,24.99542252363374,23.978926219057577,1.0164963045761617,0
clean,0.27,0.32,14,HistGB,KNN,24.742605611228107,23.408361493293267,1.3342441179348405,0
clean,0.27,0.32,15,HistGB,KNN,24.416176662644283,22.5382140343824,1.8779626282618835,0
clean,0.27,0.32,16,HistGB,KNN,25.54446516039962,23.889956814327707,1.654508346071914,0
clean,0.27,0.32,17,HistGB,KNN,26.4958612951784,24.784073695291784,1.711787599886616,0
clean,0.27,0.32,18,HistGB,KNN,24.88464519023908,23.16494399329765,1.719701196941429,0
clean,0.27,0.32,19,HistGB,KNN,24.573643527987716,22.967426539513063,1.606216988474653,0
clean,0.27,0.32,20,HistGB,KNN,25.04910344930528,23.79135534710681,1.257748102198473,0
clean,0.27,0.32,21,HistGB,KNN,26.31016837981644,24.97102970206068,1.3391386777557592,0
clean,0.27,0.32,22,HistGB,KNN,26.098178562014315,24.39051221352639,1.7076663484879262,0
clean,0.27,0.32,23,HistGB,KNN,25.557866068906574,24.187060837810005,1.3708052310965684,0
clean,0.27,0.32,24,HistGB,KNN,25.003697301266914,24.039705867231064,0.9639914340358509,0
clean,0.27,0.4,0,HistGB,KNN,28.049609361827816,25.10814862318806,2.941460738639755,0
clean,0.27,0.4,1,HistGB,KNN,29.31611875614641,26.672735103263133,2.6433836528832764,0
clean,0.27,0.4,2,HistGB,KNN,28.384727103233185,25.81692397000759,2.5678031332255955,0
clean,0.27,0.4,3,HistGB,KNN,28.010289959071308,25.423661872844157,2.586628086227151,0
clean,0.27,0.4,4,HistGB,KNN,28.31516006865912,25.844904882373577,2.470255186285545,0
clean,0.27,0.4,5,HistGB,KNN,29.138612727054603,26.34733170986748,2.7912810171871243,0
clean,0.27,0.4,6,HistGB,KNN,31.47206094214324,27.471419439501894,4.000641502641347,0
clean,0.27,0.4,7,HistGB,KNN,27.888774713460062,24.65403390525961,3.2347408082004527,0
clean,0.27,0.4,8,HistGB,KNN,28.11039177616971,25.132597624958056,2.977794151211654,0
clean,0.27,0.4,9,HistGB,KNN,29.266611766794703,26.551948517294797,2.714663249499907,0
clean,0.27,0.4,10,HistGB,KNN,27.891574895247988,25.81186367292943,2.079711222318558,0
clean,0.27,0.4,11,HistGB,KNN,27.79176127114822,25.676760069446004,2.115001201702217,0
clean,0.27,0.4,12,HistGB,KNN,28.33763090957668,25.233865931244623,3.103764978332059,0
clean,0.27,0.4,13,HistGB,KNN,28.798902297381467,26.54460857267338,2.254293724708088,0
clean,0.27,0.4,14,HistGB,KNN,29.211910296743884,26.522075989221285,2.6898343075225988,0
clean,0.27,0.4,15,HistGB,KNN,28.65193876540236,25.34232298472043,3.3096157806819306,0
clean,0.27,0.4,16,HistGB,KNN,30.078513900930812,26.84998999315152,3.228523907779291,0
clean,0.27,0.4,17,HistGB,KNN,30.5095007137395,27.506923656523504,3.002577057215994,0
clean,0.27,0.4,18,HistGB,KNN,28.915144639978127,25.751301404565957,3.1638432354121697,0
clean,0.27,0.4,19,HistGB,KNN,28.586058710871352,25.36051788480377,3.225540826067583,0
clean,0.27,0.4,20,HistGB,KNN,28.90296152191095,26.323880275010467,2.5790812469004827,0
clean,0.27,0.4,21,HistGB,KNN,30.33042188933338,27.56509882832943,2.7653230610039508,0
clean,0.27,0.4,22,HistGB,KNN,30.205591444939312,26.97384541341878,3.231746031520533,0
clean,0.27,0.4,23,HistGB,KNN,29.56692175934774,26.81887054429276,2.7480512150549785,0
clean,0.27,0.4,24,HistGB,KNN,29.05916420698302,26.826243061722764,2.2329211452602564,0
clean,0.27,0.5,0,HistGB,KNN,34.3356818953042,29.36104864314475,4.97463325215945,0
clean,0.27,0.5,1,HistGB,KNN,35.45798108963929,30.78564658343057,4.6723345062087205,0
clean,0.27,0.5,2,HistGB,KNN,34.576328258809134,30.042510211973912,4.533818046835222,0
clean,0.27,0.5,3,HistGB,KNN,34.792656147750726,29.873883258001964,4.918772889748762,0
clean,0.27,0.5,4,HistGB,KNN,34.238497999689834,29.807820739177387,4.4306772605124465,0
clean,0.27,0.5,5,HistGB,KNN,35.27559090791475,30.71450700402392,4.561083903890829,0
clean,0.27,0.5,6,HistGB,KNN,37.69306887075829,31.49381187242601,6.199256998332277,0
clean,0.27,0.5,7,HistGB,KNN,33.714303799759946,28.83981311651348,4.874490683246467,0
clean,0.27,0.5,8,HistGB,KNN,34.41627098104753,29.623591813472316,4.792679167575216,0
clean,0.27,0.5,9,HistGB,KNN,34.73783599713518,30.300257701423387,4.437578295711791,0
clean,0.27,0.5,10,HistGB,KNN,33.910208514081305,29.824404136662483,4.085804377418821,0
clean,0.27,0.5,11,HistGB,KNN,33.62775139723734,29.60491639036404,4.022835006873301,0
clean,0.27,0.5,12,HistGB,KNN,34.021207929695294,29.14937495424439,4.8718329754509035,0
clean,0.27,0.5,13,HistGB,KNN,34.977502260566304,30.73761449320112,4.2398877673651825,0
clean,0.27,0.5,14,HistGB,KNN,34.802166158897485,30.22898594801385,4.573180210883635,0
clean,0.27,0.5,15,HistGB,KNN,34.57634793205066,29.482012823758883,5.0943351082917765,0
clean,0.27,0.5,16,HistGB,KNN,35.87939472326243,31.00229592672065,4.87709879654178,0
clean,0.27,0.5,17,HistGB,KNN,36.963845356749495,32.00073805865598,4.963107298093512,0
clean,0.27,0.5,18,HistGB,KNN,34.50305373795179,29.334123989500338,5.1689297484514505,0
clean,0.27,0.5,19,HistGB,KNN,34.60327848170751,29.727904717251747,4.875373764455766,0
clean,0.27,0.5,20,HistGB,KNN,34.325370645190155,30.386612943510592,3.938757701679563,0
clean,0.27,0.5,21,HistGB,KNN,36.63164043905123,32.05521614959351,4.576424289457719,0
clean,0.27,0.5,22,HistGB,KNN,36.0951832132667,30.834582638855917,5.260600574410784,0
clean,0.27,0.5,23,HistGB,KNN,35.70825739251677,31.138388285827343,4.569869106689428,0
clean,0.27,0.5,24,HistGB,KNN,34.82354914689996,30.66380562129224,4.159743525607716,0
clean,0.32,0.0,0,HistGB,HistGB,11.76015510447522,11.76015510447522,0.0,1
clean,0.32,0.0,1,HistGB,HistGB,13.73168860179165,13.73168860179165,0.0,1
clean,0.32,0.0,2,HistGB,HistGB,12.03246102203424,12.03246102203424,0.0,1
clean,0.32,0.0,3,HistGB,HistGB,12.507296971676508,12.507296971676508,0.0,1
clean,0.32,0.0,4,HistGB,HistGB,11.663767967150225,11.663767967150225,0.0,1
clean,0.32,0.0,5,HistGB,HistGB,12.788000461342667,12.788000461342667,0.0,1
clean,0.32,0.0,6,HistGB,HistGB,15.137088661400586,15.137088661400586,0.0,1
clean,0.32,0.0,7,HistGB,HistGB,11.832086758523523,11.832086758523523,0.0,1
clean,0.32,0.0,8,HistGB,HistGB,11.80698803744633,11.80698803744633,0.0,1
clean,0.32,0.0,9,HistGB,HistGB,12.556532991757797,12.556532991757797,0.0,1
clean,0.32,0.0,10,HistGB,HistGB,12.006766732493656,12.006766732493656,0.0,1
clean,0.32,0.0,11,HistGB,HistGB,11.346172695771273,11.346172695771273,0.0,1
clean,0.32,0.0,12,HistGB,HistGB,11.53607012306929,11.53607012306929,0.0,1
clean,0.32,0.0,13,HistGB,HistGB,12.501230435307573,12.501230435307573,0.0,1
clean,0.32,0.0,14,HistGB,HistGB,12.374390426143172,12.374390426143172,0.0,1
clean,0.32,0.0,15,HistGB,HistGB,12.425630433445932,12.425630433445932,0.0,1
clean,0.32,0.0,16,HistGB,HistGB,13.0920493003693,13.0920493003693,0.0,1
clean,0.32,0.0,17,HistGB,HistGB,14.474854688524555,14.474854688524555,0.0,1
clean,0.32,0.0,18,HistGB,HistGB,12.72431903276434,12.72431903276434,0.0,1
clean,0.32,0.0,19,HistGB,HistGB,12.38932481964971,12.38932481964971,0.0,1
clean,0.32,0.0,20,HistGB,HistGB,13.18137194824744,13.18137194824744,0.0,1
clean,0.32,0.0,21,HistGB,HistGB,13.996657000066351,13.996657000066351,0.0,1
clean,0.32,0.0,22,HistGB,HistGB,13.811627922541728,13.811627922541728,0.0,1
clean,0.32,0.0,23,HistGB,HistGB,13.32873782866024,13.32873782866024,0.0,1
clean,0.32,0.0,24,HistGB,HistGB,13.136467261751262,13.136467261751262,0.0,1
clean,0.32,0.025,0,HistGB,HistGB,13.790624657970188,13.790624657970188,0.0,1
clean,0.32,0.025,1,HistGB,HistGB,15.569190624933023,15.569190624933023,0.0,1
clean,0.32,0.025,2,HistGB,HistGB,14.088427543524208,14.088427543524208,0.0,1
clean,0.32,0.025,3,HistGB,HistGB,14.466111791412365,14.466111791412365,0.0,1
clean,0.32,0.025,4,HistGB,HistGB,13.735054816062018,13.735054816062018,0.0,1
clean,0.32,0.025,5,HistGB,HistGB,14.867893327492942,14.867893327492942,0.0,1
clean,0.32,0.025,6,HistGB,HistGB,17.17176789089314,17.17176789089314,0.0,1
clean,0.32,0.025,7,HistGB,HistGB,13.928703035242147,13.928703035242147,0.0,1
clean,0.32,0.025,8,HistGB,HistGB,14.035703406909802,14.035703406909802,0.0,1
clean,0.32,0.025,9,HistGB,HistGB,14.77125823960297,14.77125823960297,0.0,1
clean,0.32,0.025,10,HistGB,HistGB,14.180458644223837,14.180458644223837,0.0,1
clean,0.32,0.025,11,HistGB,HistGB,13.50742579877159,13.50742579877159,0.0,1
clean,0.32,0.025,12,HistGB,HistGB,13.758001907403685,13.758001907403685,0.0,1
clean,0.32,0.025,13,HistGB,HistGB,14.626656518553975,14.626656518553975,0.0,1
clean,0.32,0.025,14,HistGB,HistGB,14.533640708116964,14.533640708116964,0.0,1
clean,0.32,0.025,15,HistGB,HistGB,14.46272762558578,14.46272762558578,0.0,1
clean,0.32,0.025,16,HistGB,HistGB,15.171306018649071,15.171306018649071,0.0,1
clean,0.32,0.025,17,HistGB,HistGB,16.52161216946523,16.52161216946523,0.0,1
clean,0.32,0.025,18,HistGB,HistGB,14.780199693916028,14.780199693916028,0.0,1
clean,0.32,0.025,19,HistGB,HistGB,14.493836285631524,14.493836285631524,0.0,1
clean,0.32,0.025,20,HistGB,HistGB,15.368108126940594,15.368108126940594,0.0,1
clean,0.32,0.025,21,HistGB,HistGB,16.055770073743247,16.055770073743247,0.0,1
clean,0.32,0.025,22,HistGB,HistGB,15.713546741354476,15.713546741354476,0.0,1
clean,0.32,0.025,23,HistGB,HistGB,15.55503612142687,15.55503612142687,0.0,1
clean,0.32,0.025,24,HistGB,HistGB,15.081413399945886,15.081413399945886,0.0,1
clean,0.32,0.1,0,HistGB,HistGB,16.06918849714951,16.06918849714951,0.0,1
clean,0.32,0.1,1,HistGB,HistGB,17.715227486371926,17.715227486371926,0.0,1
clean,0.32,0.1,2,HistGB,HistGB,16.59812152428756,16.59812152428756,0.0,1
clean,0.32,0.1,3,HistGB,HistGB,16.681998568610286,16.681998568610286,0.0,1
clean,0.32,0.1,4,HistGB,HistGB,16.108514635915505,16.108514635915505,0.0,1
clean,0.32,0.1,5,HistGB,HistGB,17.268672823209283,17.268672823209283,0.0,1
clean,0.32,0.1,6,HistGB,HistGB,19.40432003734352,19.40432003734352,0.0,1
clean,0.32,0.1,7,HistGB,HistGB,16.082236395832705,16.082236395832705,0.0,1
clean,0.32,0.1,8,HistGB,HistGB,16.407129732211875,16.407129732211875,0.0,1
clean,0.32,0.1,9,HistGB,HistGB,17.16320210267766,17.16320210267766,0.0,1
clean,0.32,0.1,10,HistGB,HistGB,16.50268958110556,16.50268958110556,0.0,1
clean,0.32,0.1,11,HistGB,HistGB,15.964533676765804,15.964533676765804,0.0,1
clean,0.32,0.1,12,HistGB,HistGB,15.955340858425544,15.955340858425544,0.0,1
clean,0.32,0.1,13,HistGB,HistGB,16.931967619416174,16.931967619416174,0.0,1
clean,0.32,0.1,14,HistGB,HistGB,16.92890955586985,16.92890955586985,0.0,1
clean,0.32,0.1,15,HistGB,HistGB,16.861669366598026,16.861669366598026,0.0,1
clean,0.32,0.1,16,HistGB,HistGB,17.657517204616237,17.657517204616237,0.0,1
clean,0.32,0.1,17,HistGB,HistGB,18.682009768699448,18.682009768699448,0.0,1
clean,0.32,0.1,18,HistGB,HistGB,17.15936754113902,17.15936754113902,0.0,1
clean,0.32,0.1,19,HistGB,HistGB,16.832397587873736,16.832397587873736,0.0,1
clean,0.32,0.1,20,HistGB,HistGB,17.57369629098549,17.57369629098549,0.0,1
clean,0.32,0.1,21,HistGB,HistGB,18.21056570240688,18.21056570240688,0.0,1
clean,0.32,0.1,22,HistGB,HistGB,17.918651632655692,17.918651632655692,0.0,1
clean,0.32,0.1,23,HistGB,HistGB,17.87434674116678,17.87434674116678,0.0,1
clean,0.32,0.1,24,HistGB,HistGB,17.41484728033265,17.41484728033265,0.0,1
clean,0.32,0.15,0,HistGB,HistGB,17.541973445772758,17.541973445772758,0.0,1
clean,0.32,0.15,1,HistGB,HistGB,19.010878031887327,19.010878031887327,0.0,1
clean,0.32,0.15,2,HistGB,HistGB,17.80100779364431,17.80100779364431,0.0,1
clean,0.32,0.15,3,HistGB,HistGB,18.01452453786513,18.01452453786513,0.0,1
clean,0.32,0.15,4,HistGB,HistGB,17.437948123990314,17.437948123990314,0.0,1
clean,0.32,0.15,5,HistGB,HistGB,18.58285094234233,18.58285094234233,0.0,1
clean,0.32,0.15,6,HistGB,KNN,20.66574103016756,20.55617663708099,0.1095643930865684,0
clean,0.32,0.15,7,HistGB,HistGB,17.529586892481948,17.529586892481948,0.0,1
clean,0.32,0.15,8,HistGB,HistGB,17.8122895281797,17.8122895281797,0.0,1
clean,0.32,0.15,9,HistGB,HistGB,18.495670339370204,18.495670339370204,0.0,1
clean,0.32,0.15,10,HistGB,RandomForest,17.97117283362848,17.920692448422127,0.05048038520635245,0
clean,0.32,0.15,11,HistGB,RandomForest,17.484846230170547,17.41666006093395,0.06818616923659704,0
clean,0.32,0.15,12,HistGB,HistGB,17.466672392177024,17.466672392177024,0.0,1
clean,0.32,0.15,13,HistGB,HistGB,18.257215445819707,18.257215445819707,0.0,1
clean,0.32,0.15,14,HistGB,HistGB,18.137408455216548,18.137408455216548,0.0,1
clean,0.32,0.15,15,HistGB,HistGB,18.107544438260927,18.107544438260927,0.0,1
clean,0.32,0.15,16,HistGB,HistGB,18.78614046980045,18.78614046980045,0.0,1
clean,0.32,0.15,17,HistGB,HistGB,20.041240568377912,20.041240568377912,0.0,1
clean,0.32,0.15,18,HistGB,HistGB,18.367784803289087,18.367784803289087,0.0,1
clean,0.32,0.15,19,HistGB,HistGB,18.104123699192264,18.104123699192264,0.0,1
clean,0.32,0.15,20,HistGB,HistGB,18.801855062804623,18.801855062804623,0.0,1
clean,0.32,0.15,21,HistGB,HistGB,19.59619733176809,19.59619733176809,0.0,1
clean,0.32,0.15,22,HistGB,HistGB,19.298586066791096,19.298586066791096,0.0,1
clean,0.32,0.15,23,HistGB,HistGB,19.173574821481136,19.173574821481136,0.0,1
clean,0.32,0.15,24,HistGB,HistGB,18.65781447093841,18.65781447093841,0.0,1
clean,0.32,0.19,0,HistGB,HistGB,18.928739010266547,18.928739010266547,0.0,1
clean,0.32,0.19,1,HistGB,HistGB,20.143835873105846,20.143835873105846,0.0,1
clean,0.32,0.19,2,HistGB,RandomForest,19.26838422455713,19.25223313590072,0.016151088656410906,0
clean,0.32,0.19,3,HistGB,HistGB,19.443279896968026,19.443279896968026,0.0,1
clean,0.32,0.19,4,HistGB,HistGB,18.91392220590144,18.91392220590144,0.0,1
clean,0.32,0.19,5,HistGB,HistGB,19.95917516081851,19.95917516081851,0.0,1
clean,0.32,0.19,6,HistGB,KNN,21.81613605324205,21.221317844771534,0.5948182084705174,0
clean,0.32,0.19,7,HistGB,HistGB,18.7343657051764,18.7343657051764,0.0,1
clean,0.32,0.19,8,HistGB,HistGB,19.090144255140743,19.090144255140743,0.0,1
clean,0.32,0.19,9,HistGB,HistGB,19.75986807523372,19.75986807523372,0.0,1
clean,0.32,0.19,10,HistGB,RandomForest,19.228897842651488,19.11294703331267,0.11595080933881974,0
clean,0.32,0.19,11,HistGB,HistGB,18.667847445401883,18.667847445401883,0.0,1
clean,0.32,0.19,12,HistGB,HistGB,18.74800249831791,18.74800249831791,0.0,1
clean,0.32,0.19,13,HistGB,HistGB,19.487413662156857,19.487413662156857,0.0,1
clean,0.32,0.19,14,HistGB,HistGB,19.805729525276647,19.805729525276647,0.0,1
clean,0.32,0.19,15,HistGB,HistGB,19.53354628711148,19.53354628711148,0.0,1
clean,0.32,0.19,16,HistGB,HistGB,20.42138389973512,20.42138389973512,0.0,1
clean,0.32,0.19,17,HistGB,HistGB,21.336585653266862,21.336585653266862,0.0,1
clean,0.32,0.19,18,HistGB,HistGB,19.63875503262111,19.63875503262111,0.0,1
clean,0.32,0.19,19,HistGB,HistGB,19.237587544515986,19.237587544515986,0.0,1
clean,0.32,0.19,20,HistGB,HistGB,19.92591817042073,19.92591817042073,0.0,1
clean,0.32,0.19,21,HistGB,HistGB,21.007827210990577,21.007827210990577,0.0,1
clean,0.32,0.19,22,HistGB,HistGB,20.67660900892144,20.67660900892144,0.0,1
clean,0.32,0.19,23,HistGB,RandomForest,20.6083352155968,20.554130699292205,0.05420451630459411,0
clean,0.32,0.19,24,HistGB,HistGB,19.83663934120755,19.83663934120755,0.0,1
clean,0.32,0.2,0,HistGB,HistGB,19.31695977824297,19.31695977824297,0.0,1
clean,0.32,0.2,1,HistGB,HistGB,20.633704058890523,20.633704058890523,0.0,1
clean,0.32,0.2,2,HistGB,RandomForest,19.60198171985055,19.530966200000307,0.07101551985024201,0
clean,0.32,0.2,3,HistGB,HistGB,19.40246723251745,19.40246723251745,0.0,1
clean,0.32,0.2,4,HistGB,HistGB,19.19879919002628,19.19879919002628,0.0,1
clean,0.32,0.2,5,HistGB,HistGB,20.309646525902178,20.309646525902178,0.0,1
clean,0.32,0.2,6,HistGB,KNN,22.22715469741236,21.45106211319845,0.7760925842139095,0
clean,0.32,0.2,7,HistGB,KNN,19.087134768957217,18.91466158420148,0.17247318475573792,0
clean,0.32,0.2,8,HistGB,HistGB,19.353522301384245,19.353522301384245,0.0,1
clean,0.32,0.2,9,HistGB,HistGB,20.244280483753503,20.244280483753503,0.0,1
clean,0.32,0.2,10,HistGB,RandomForest,19.482679894775195,19.397262692891125,0.08541720188406998,0
clean,0.32,0.2,11,HistGB,HistGB,18.81764877008533,18.81764877008533,0.0,1
clean,0.32,0.2,12,HistGB,HistGB,19.156116543683805,19.156116543683805,0.0,1
clean,0.32,0.2,13,HistGB,HistGB,20.01349433745357,20.01349433745357,0.0,1
clean,0.32,0.2,14,HistGB,HistGB,20.033455238923583,20.033455238923583,0.0,1
clean,0.32,0.2,15,HistGB,KNN,19.86983031134916,19.770319702527317,0.09951060882184137,0
clean,0.32,0.2,16,HistGB,HistGB,20.56981023209017,20.56981023209017,0.0,1
clean,0.32,0.2,17,HistGB,KNN,21.90020836235615,21.8467341910282,0.05347417132794874,0
clean,0.32,0.2,18,HistGB,KNN,20.13102128441388,20.099350238418523,0.031671045995356195,0
clean,0.32,0.2,19,HistGB,HistGB,19.59435135708357,19.59435135708357,0.0,1
clean,0.32,0.2,20,HistGB,HistGB,20.38206963513907,20.38206963513907,0.0,1
clean,0.32,0.2,21,HistGB,HistGB,21.186528023649814,21.186528023649814,0.0,1
clean,0.32,0.2,22,HistGB,HistGB,20.970762127732502,20.970762127732502,0.0,1
clean,0.32,0.2,23,HistGB,HistGB,20.731601966614555,20.731601966614555,0.0,1
clean,0.32,0.2,24,HistGB,HistGB,20.04810559903347,20.04810559903347,0.0,1
clean,0.32,0.21,0,HistGB,KNN,19.712347729890087,19.62070076050922,0.09164696938086792,0
clean,0.32,0.21,1,HistGB,HistGB,20.883479751389164,20.883479751389164,0.0,1
clean,0.32,0.21,2,HistGB,RandomForest,19.80436562213185,19.776411638303763,0.02795398382808756,0
clean,0.32,0.21,3,HistGB,HistGB,19.79962845112105,19.79962845112105,0.0,1
clean,0.32,0.21,4,HistGB,HistGB,19.524084711512717,19.524084711512717,0.0,1
clean,0.32,0.21,5,HistGB,HistGB,20.691741037075957,20.691741037075957,0.0,1
clean,0.32,0.21,6,HistGB,KNN,22.638128623682924,21.735449205266427,0.902679418416497,0
clean,0.32,0.21,7,HistGB,KNN,19.563223774521383,19.129134412148225,0.43408936237315743,0
clean,0.32,0.21,8,HistGB,KNN,19.949149133827166,19.754159286311616,0.1949898475155507,0
clean,0.32,0.21,9,HistGB,HistGB,20.53946391412387,20.53946391412387,0.0,1
clean,0.32,0.21,10,HistGB,RandomForest,19.791512389893278,19.766638000384397,0.024874389508880768,0
clean,0.32,0.21,11,HistGB,HistGB,19.12476153385831,19.12476153385831,0.0,1
clean,0.32,0.21,12,HistGB,HistGB,19.62285011346803,19.62285011346803,0.0,1
clean,0.32,0.21,13,HistGB,HistGB,20.1912750022628,20.1912750022628,0.0,1
clean,0.32,0.21,14,HistGB,HistGB,20.17871752830445,20.17871752830445,0.0,1
clean,0.32,0.21,15,HistGB,KNN,20.35635435076348,20.008689836811453,0.3476645139520258,0
clean,0.32,0.21,16,HistGB,RandomForest,20.844016484607646,20.833181161887754,0.010835322719891849,0
clean,0.32,0.21,17,HistGB,KNN,22.20143236502758,21.9739723674224,0.22745999760517677,0
clean,0.32,0.21,18,HistGB,KNN,20.435337004508213,20.18731917985644,0.2480178246517717,0
clean,0.32,0.21,19,HistGB,HistGB,19.97509701714303,19.97509701714303,0.0,1
clean,0.32,0.21,20,HistGB,HistGB,20.63839378129152,20.63839378129152,0.0,1
clean,0.32,0.21,21,HistGB,HistGB,21.40956894525845,21.40956894525845,0.0,1
clean,0.32,0.21,22,HistGB,KNN,21.279054027647227,21.24068021908822,0.03837380855900818,0
clean,0.32,0.21,23,HistGB,HistGB,21.073886705689358,21.073886705689358,0.0,1
clean,0.32,0.21,24,HistGB,HistGB,20.58508699071329,20.58508699071329,0.0,1
clean,0.32,0.24,0,HistGB,KNN,20.982521657856744,20.33664056590208,0.6458810919546636,0
clean,0.32,0.24,1,HistGB,KNN,22.064357590263988,21.92280236504782,0.1415552252161696,0
clean,0.32,0.24,2,HistGB,KNN,20.79592375371037,20.741214770005676,0.05470898370469257,0
clean,0.32,0.24,3,HistGB,KNN,20.84463885093164,20.4321294687124,0.41250938221924116,0
clean,0.32,0.24,4,HistGB,HistGB,20.575640835804094,20.575640835804094,0.0,1
clean,0.32,0.24,5,HistGB,KNN,21.85542178703425,21.582918404859733,0.2725033821745164,0
clean,0.32,0.24,6,HistGB,KNN,24.16724330250814,22.650935540068332,1.5163077624398085,0
clean,0.32,0.24,7,HistGB,KNN,20.526325030059937,19.87952199459999,0.6468030354599463,0
clean,0.32,0.24,8,HistGB,KNN,21.085049356636727,20.522281621260348,0.5627677353763794,0
clean,0.32,0.24,9,HistGB,HistGB,21.50120439198769,21.50120439198769,0.0,1
clean,0.32,0.24,10,HistGB,HistGB,20.799187355071187,20.799187355071187,0.0,1
clean,0.32,0.24,11,HistGB,RandomForest,20.46050823698773,20.371659546986443,0.08884869000128859,0
clean,0.32,0.24,12,HistGB,KNN,20.42873796577705,20.153818096825816,0.2749198689512333,0
clean,0.32,0.24,13,HistGB,HistGB,21.2669017233842,21.2669017233842,0.0,1
clean,0.32,0.24,14,HistGB,KNN,21.462084175510437,21.3226337532928,0.1394504222176387,0
clean,0.32,0.24,15,HistGB,KNN,21.109553749660595,20.52767563958444,0.5818781100761541,0
clean,0.32,0.24,16,HistGB,KNN,22.00953698747326,21.60327312063129,0.4062638668419716,0
clean,0.32,0.24,17,HistGB,KNN,23.25946017164457,22.6236646265378,0.6357955451067703,0
clean,0.32,0.24,18,HistGB,KNN,21.322163342513168,20.865332927318907,0.45683041519426126,0
clean,0.32,0.24,19,HistGB,KNN,20.93072529938225,20.611027408455104,0.31969789092714507,0
clean,0.32,0.24,20,HistGB,KNN,21.74925183304476,21.538000917902348,0.21125091514241134,0
clean,0.32,0.24,21,HistGB,KNN,22.651067969927944,22.618736893558317,0.03233107636962629,0
clean,0.32,0.24,22,HistGB,KNN,22.46146878945244,22.050215114306518,0.4112536751459217,0
clean,0.32,0.24,23,HistGB,KNN,22.339223359037533,22.08033187991192,0.2588914791256123,0
clean,0.32,0.24,24,HistGB,HistGB,21.588328318789458,21.588328318789458,0.0,1
clean,0.32,0.32,0,HistGB,KNN,24.12467046999476,22.3410975641612,1.7835729058335623,0
clean,0.32,0.32,1,HistGB,KNN,25.77070627354392,24.167646892408506,1.603059381135413,0
clean,0.32,0.32,2,HistGB,KNN,24.59572377329288,23.22830694722482,1.3674168260680624,0
clean,0.32,0.32,3,HistGB,KNN,24.09274391415105,22.651724084282822,1.4410198298682282,0
clean,0.32,0.32,4,HistGB,KNN,23.90705141032773,22.899209031890777,1.0078423784369512,0
clean,0.32,0.32,5,HistGB,KNN,25.212724593070813,23.74077037955543,1.4719542135153851,0
clean,0.32,0.32,6,HistGB,KNN,27.269805798524292,24.58426841601279,2.6855373825115016,0
clean,0.32,0.32,7,HistGB,KNN,23.968635975943368,21.897619039501325,2.0710169364420423,0
clean,0.32,0.32,8,HistGB,KNN,24.47320734454739,22.56198727539633,1.9112200691510601,0
clean,0.32,0.32,9,HistGB,KNN,24.803594090704078,23.726477980773108,1.0771161099309694,0
clean,0.32,0.32,10,HistGB,KNN,24.47934381390138,23.392268978535643,1.087074835365737,0
clean,0.32,0.32,11,HistGB,KNN,23.72661797910468,22.911206803547127,0.8154111755575535,0
clean,0.32,0.32,12,HistGB,KNN,24.111346473464494,22.468416540666528,1.6429299327979656,0
clean,0.32,0.32,13,HistGB,KNN,24.99542252363374,23.978926219057577,1.0164963045761617,0
clean,0.32,0.32,14,HistGB,KNN,24.742605611228107,23.408361493293267,1.3342441179348405,0
clean,0.32,0.32,15,HistGB,KNN,24.416176662644283,22.5382140343824,1.8779626282618835,0
clean,0.32,0.32,16,HistGB,KNN,25.54446516039962,23.889956814327707,1.654508346071914,0
clean,0.32,0.32,17,HistGB,KNN,26.4958612951784,24.784073695291784,1.711787599886616,0
clean,0.32,0.32,18,HistGB,KNN,24.88464519023908,23.16494399329765,1.719701196941429,0
clean,0.32,0.32,19,HistGB,KNN,24.573643527987716,22.967426539513063,1.606216988474653,0
clean,0.32,0.32,20,HistGB,KNN,25.04910344930528,23.79135534710681,1.257748102198473,0
clean,0.32,0.32,21,HistGB,KNN,26.31016837981644,24.97102970206068,1.3391386777557592,0
clean,0.32,0.32,22,HistGB,KNN,26.098178562014315,24.39051221352639,1.7076663484879262,0
clean,0.32,0.32,23,HistGB,KNN,25.557866068906574,24.187060837810005,1.3708052310965684,0
clean,0.32,0.32,24,HistGB,KNN,25.003697301266914,24.039705867231064,0.9639914340358509,0
clean,0.32,0.4,0,HistGB,KNN,28.049609361827816,25.10814862318806,2.941460738639755,0
clean,0.32,0.4,1,HistGB,KNN,29.31611875614641,26.672735103263133,2.6433836528832764,0
clean,0.32,0.4,2,HistGB,KNN,28.384727103233185,25.81692397000759,2.5678031332255955,0
clean,0.32,0.4,3,HistGB,KNN,28.010289959071308,25.423661872844157,2.586628086227151,0
clean,0.32,0.4,4,HistGB,KNN,28.31516006865912,25.844904882373577,2.470255186285545,0
clean,0.32,0.4,5,HistGB,KNN,29.138612727054603,26.34733170986748,2.7912810171871243,0
clean,0.32,0.4,6,HistGB,KNN,31.47206094214324,27.471419439501894,4.000641502641347,0
clean,0.32,0.4,7,HistGB,KNN,27.888774713460062,24.65403390525961,3.2347408082004527,0
clean,0.32,0.4,8,HistGB,KNN,28.11039177616971,25.132597624958056,2.977794151211654,0
clean,0.32,0.4,9,HistGB,KNN,29.266611766794703,26.551948517294797,2.714663249499907,0
clean,0.32,0.4,10,HistGB,KNN,27.891574895247988,25.81186367292943,2.079711222318558,0
clean,0.32,0.4,11,HistGB,KNN,27.79176127114822,25.676760069446004,2.115001201702217,0
clean,0.32,0.4,12,HistGB,KNN,28.33763090957668,25.233865931244623,3.103764978332059,0
clean,0.32,0.4,13,HistGB,KNN,28.798902297381467,26.54460857267338,2.254293724708088,0
clean,0.32,0.4,14,HistGB,KNN,29.211910296743884,26.522075989221285,2.6898343075225988,0
clean,0.32,0.4,15,HistGB,KNN,28.65193876540236,25.34232298472043,3.3096157806819306,0
clean,0.32,0.4,16,HistGB,KNN,30.078513900930812,26.84998999315152,3.228523907779291,0
clean,0.32,0.4,17,HistGB,KNN,30.5095007137395,27.506923656523504,3.002577057215994,0
clean,0.32,0.4,18,HistGB,KNN,28.915144639978127,25.751301404565957,3.1638432354121697,0
clean,0.32,0.4,19,HistGB,KNN,28.586058710871352,25.36051788480377,3.225540826067583,0
clean,0.32,0.4,20,HistGB,KNN,28.90296152191095,26.323880275010467,2.5790812469004827,0
clean,0.32,0.4,21,HistGB,KNN,30.33042188933338,27.56509882832943,2.7653230610039508,0
clean,0.32,0.4,22,HistGB,KNN,30.205591444939312,26.97384541341878,3.231746031520533,0
clean,0.32,0.4,23,HistGB,KNN,29.56692175934774,26.81887054429276,2.7480512150549785,0
clean,0.32,0.4,24,HistGB,KNN,29.05916420698302,26.826243061722764,2.2329211452602564,0
clean,0.32,0.5,0,HistGB,KNN,34.3356818953042,29.36104864314475,4.97463325215945,0
clean,0.32,0.5,1,HistGB,KNN,35.45798108963929,30.78564658343057,4.6723345062087205,0
clean,0.32,0.5,2,HistGB,KNN,34.576328258809134,30.042510211973912,4.533818046835222,0
clean,0.32,0.5,3,HistGB,KNN,34.792656147750726,29.873883258001964,4.918772889748762,0
clean,0.32,0.5,4,HistGB,KNN,34.238497999689834,29.807820739177387,4.4306772605124465,0
clean,0.32,0.5,5,HistGB,KNN,35.27559090791475,30.71450700402392,4.561083903890829,0
clean,0.32,0.5,6,HistGB,KNN,37.69306887075829,31.49381187242601,6.199256998332277,0
clean,0.32,0.5,7,HistGB,KNN,33.714303799759946,28.83981311651348,4.874490683246467,0
clean,0.32,0.5,8,HistGB,KNN,34.41627098104753,29.623591813472316,4.792679167575216,0
clean,0.32,0.5,9,HistGB,KNN,34.73783599713518,30.300257701423387,4.437578295711791,0
clean,0.32,0.5,10,HistGB,KNN,33.910208514081305,29.824404136662483,4.085804377418821,0
clean,0.32,0.5,11,HistGB,KNN,33.62775139723734,29.60491639036404,4.022835006873301,0
clean,0.32,0.5,12,HistGB,KNN,34.021207929695294,29.14937495424439,4.8718329754509035,0
clean,0.32,0.5,13,HistGB,KNN,34.977502260566304,30.73761449320112,4.2398877673651825,0
clean,0.32,0.5,14,HistGB,KNN,34.802166158897485,30.22898594801385,4.573180210883635,0
clean,0.32,0.5,15,HistGB,KNN,34.57634793205066,29.482012823758883,5.0943351082917765,0
clean,0.32,0.5,16,HistGB,KNN,35.87939472326243,31.00229592672065,4.87709879654178,0
clean,0.32,0.5,17,HistGB,KNN,36.963845356749495,32.00073805865598,4.963107298093512,0
clean,0.32,0.5,18,HistGB,KNN,34.50305373795179,29.334123989500338,5.1689297484514505,0
clean,0.32,0.5,19,HistGB,KNN,34.60327848170751,29.727904717251747,4.875373764455766,0
clean,0.32,0.5,20,HistGB,KNN,34.325370645190155,30.386612943510592,3.938757701679563,0
clean,0.32,0.5,21,HistGB,KNN,36.63164043905123,32.05521614959351,4.576424289457719,0
clean,0.32,0.5,22,HistGB,KNN,36.0951832132667,30.834582638855917,5.260600574410784,0
clean,0.32,0.5,23,HistGB,KNN,35.70825739251677,31.138388285827343,4.569869106689428,0
clean,0.32,0.5,24,HistGB,KNN,34.82354914689996,30.66380562129224,4.159743525607716,0
clean,0.4,0.0,0,HistGB,HistGB,11.76015510447522,11.76015510447522,0.0,1
clean,0.4,0.0,1,HistGB,HistGB,13.73168860179165,13.73168860179165,0.0,1
clean,0.4,0.0,2,HistGB,HistGB,12.03246102203424,12.03246102203424,0.0,1
clean,0.4,0.0,3,HistGB,HistGB,12.507296971676508,12.507296971676508,0.0,1
clean,0.4,0.0,4,HistGB,HistGB,11.663767967150225,11.663767967150225,0.0,1
clean,0.4,0.0,5,HistGB,HistGB,12.788000461342667,12.788000461342667,0.0,1
clean,0.4,0.0,6,HistGB,HistGB,15.137088661400586,15.137088661400586,0.0,1
clean,0.4,0.0,7,HistGB,HistGB,11.832086758523523,11.832086758523523,0.0,1
clean,0.4,0.0,8,HistGB,HistGB,11.80698803744633,11.80698803744633,0.0,1
clean,0.4,0.0,9,HistGB,HistGB,12.556532991757797,12.556532991757797,0.0,1
clean,0.4,0.0,10,HistGB,HistGB,12.006766732493656,12.006766732493656,0.0,1
clean,0.4,0.0,11,HistGB,HistGB,11.346172695771273,11.346172695771273,0.0,1
clean,0.4,0.0,12,HistGB,HistGB,11.53607012306929,11.53607012306929,0.0,1
clean,0.4,0.0,13,HistGB,HistGB,12.501230435307573,12.501230435307573,0.0,1
clean,0.4,0.0,14,HistGB,HistGB,12.374390426143172,12.374390426143172,0.0,1
clean,0.4,0.0,15,HistGB,HistGB,12.425630433445932,12.425630433445932,0.0,1
clean,0.4,0.0,16,HistGB,HistGB,13.0920493003693,13.0920493003693,0.0,1
clean,0.4,0.0,17,HistGB,HistGB,14.474854688524555,14.474854688524555,0.0,1
clean,0.4,0.0,18,HistGB,HistGB,12.72431903276434,12.72431903276434,0.0,1
clean,0.4,0.0,19,HistGB,HistGB,12.38932481964971,12.38932481964971,0.0,1
clean,0.4,0.0,20,HistGB,HistGB,13.18137194824744,13.18137194824744,0.0,1
clean,0.4,0.0,21,HistGB,HistGB,13.996657000066351,13.996657000066351,0.0,1
clean,0.4,0.0,22,HistGB,HistGB,13.811627922541728,13.811627922541728,0.0,1
clean,0.4,0.0,23,HistGB,HistGB,13.32873782866024,13.32873782866024,0.0,1
clean,0.4,0.0,24,HistGB,HistGB,13.136467261751262,13.136467261751262,0.0,1
clean,0.4,0.025,0,HistGB,HistGB,13.790624657970188,13.790624657970188,0.0,1
clean,0.4,0.025,1,HistGB,HistGB,15.569190624933023,15.569190624933023,0.0,1
clean,0.4,0.025,2,HistGB,HistGB,14.088427543524208,14.088427543524208,0.0,1
clean,0.4,0.025,3,HistGB,HistGB,14.466111791412365,14.466111791412365,0.0,1
clean,0.4,0.025,4,HistGB,HistGB,13.735054816062018,13.735054816062018,0.0,1
clean,0.4,0.025,5,HistGB,HistGB,14.867893327492942,14.867893327492942,0.0,1
clean,0.4,0.025,6,HistGB,HistGB,17.17176789089314,17.17176789089314,0.0,1
clean,0.4,0.025,7,HistGB,HistGB,13.928703035242147,13.928703035242147,0.0,1
clean,0.4,0.025,8,HistGB,HistGB,14.035703406909802,14.035703406909802,0.0,1
clean,0.4,0.025,9,HistGB,HistGB,14.77125823960297,14.77125823960297,0.0,1
clean,0.4,0.025,10,HistGB,HistGB,14.180458644223837,14.180458644223837,0.0,1
clean,0.4,0.025,11,HistGB,HistGB,13.50742579877159,13.50742579877159,0.0,1
clean,0.4,0.025,12,HistGB,HistGB,13.758001907403685,13.758001907403685,0.0,1
clean,0.4,0.025,13,HistGB,HistGB,14.626656518553975,14.626656518553975,0.0,1
clean,0.4,0.025,14,HistGB,HistGB,14.533640708116964,14.533640708116964,0.0,1
clean,0.4,0.025,15,HistGB,HistGB,14.46272762558578,14.46272762558578,0.0,1
clean,0.4,0.025,16,HistGB,HistGB,15.171306018649071,15.171306018649071,0.0,1
clean,0.4,0.025,17,HistGB,HistGB,16.52161216946523,16.52161216946523,0.0,1
clean,0.4,0.025,18,HistGB,HistGB,14.780199693916028,14.780199693916028,0.0,1
clean,0.4,0.025,19,HistGB,HistGB,14.493836285631524,14.493836285631524,0.0,1
clean,0.4,0.025,20,HistGB,HistGB,15.368108126940594,15.368108126940594,0.0,1
clean,0.4,0.025,21,HistGB,HistGB,16.055770073743247,16.055770073743247,0.0,1
clean,0.4,0.025,22,HistGB,HistGB,15.713546741354476,15.713546741354476,0.0,1
clean,0.4,0.025,23,HistGB,HistGB,15.55503612142687,15.55503612142687,0.0,1
clean,0.4,0.025,24,HistGB,HistGB,15.081413399945886,15.081413399945886,0.0,1
clean,0.4,0.1,0,HistGB,HistGB,16.06918849714951,16.06918849714951,0.0,1
clean,0.4,0.1,1,HistGB,HistGB,17.715227486371926,17.715227486371926,0.0,1
clean,0.4,0.1,2,HistGB,HistGB,16.59812152428756,16.59812152428756,0.0,1
clean,0.4,0.1,3,HistGB,HistGB,16.681998568610286,16.681998568610286,0.0,1
clean,0.4,0.1,4,HistGB,HistGB,16.108514635915505,16.108514635915505,0.0,1
clean,0.4,0.1,5,HistGB,HistGB,17.268672823209283,17.268672823209283,0.0,1
clean,0.4,0.1,6,HistGB,HistGB,19.40432003734352,19.40432003734352,0.0,1
clean,0.4,0.1,7,HistGB,HistGB,16.082236395832705,16.082236395832705,0.0,1
clean,0.4,0.1,8,HistGB,HistGB,16.407129732211875,16.407129732211875,0.0,1
clean,0.4,0.1,9,HistGB,HistGB,17.16320210267766,17.16320210267766,0.0,1
clean,0.4,0.1,10,HistGB,HistGB,16.50268958110556,16.50268958110556,0.0,1
clean,0.4,0.1,11,HistGB,HistGB,15.964533676765804,15.964533676765804,0.0,1
clean,0.4,0.1,12,HistGB,HistGB,15.955340858425544,15.955340858425544,0.0,1
clean,0.4,0.1,13,HistGB,HistGB,16.931967619416174,16.931967619416174,0.0,1
clean,0.4,0.1,14,HistGB,HistGB,16.92890955586985,16.92890955586985,0.0,1
clean,0.4,0.1,15,HistGB,HistGB,16.861669366598026,16.861669366598026,0.0,1
clean,0.4,0.1,16,HistGB,HistGB,17.657517204616237,17.657517204616237,0.0,1
clean,0.4,0.1,17,HistGB,HistGB,18.682009768699448,18.682009768699448,0.0,1
clean,0.4,0.1,18,HistGB,HistGB,17.15936754113902,17.15936754113902,0.0,1
clean,0.4,0.1,19,HistGB,HistGB,16.832397587873736,16.832397587873736,0.0,1
clean,0.4,0.1,20,HistGB,HistGB,17.57369629098549,17.57369629098549,0.0,1
clean,0.4,0.1,21,HistGB,HistGB,18.21056570240688,18.21056570240688,0.0,1
clean,0.4,0.1,22,HistGB,HistGB,17.918651632655692,17.918651632655692,0.0,1
clean,0.4,0.1,23,HistGB,HistGB,17.87434674116678,17.87434674116678,0.0,1
clean,0.4,0.1,24,HistGB,HistGB,17.41484728033265,17.41484728033265,0.0,1
clean,0.4,0.15,0,HistGB,HistGB,17.541973445772758,17.541973445772758,0.0,1
clean,0.4,0.15,1,HistGB,HistGB,19.010878031887327,19.010878031887327,0.0,1
clean,0.4,0.15,2,HistGB,HistGB,17.80100779364431,17.80100779364431,0.0,1
clean,0.4,0.15,3,HistGB,HistGB,18.01452453786513,18.01452453786513,0.0,1
clean,0.4,0.15,4,HistGB,HistGB,17.437948123990314,17.437948123990314,0.0,1
clean,0.4,0.15,5,HistGB,HistGB,18.58285094234233,18.58285094234233,0.0,1
clean,0.4,0.15,6,HistGB,KNN,20.66574103016756,20.55617663708099,0.1095643930865684,0
clean,0.4,0.15,7,HistGB,HistGB,17.529586892481948,17.529586892481948,0.0,1
clean,0.4,0.15,8,HistGB,HistGB,17.8122895281797,17.8122895281797,0.0,1
clean,0.4,0.15,9,HistGB,HistGB,18.495670339370204,18.495670339370204,0.0,1
clean,0.4,0.15,10,HistGB,RandomForest,17.97117283362848,17.920692448422127,0.05048038520635245,0
clean,0.4,0.15,11,HistGB,RandomForest,17.484846230170547,17.41666006093395,0.06818616923659704,0
clean,0.4,0.15,12,HistGB,HistGB,17.466672392177024,17.466672392177024,0.0,1
clean,0.4,0.15,13,HistGB,HistGB,18.257215445819707,18.257215445819707,0.0,1
clean,0.4,0.15,14,HistGB,HistGB,18.137408455216548,18.137408455216548,0.0,1
clean,0.4,0.15,15,HistGB,HistGB,18.107544438260927,18.107544438260927,0.0,1
clean,0.4,0.15,16,HistGB,HistGB,18.78614046980045,18.78614046980045,0.0,1
clean,0.4,0.15,17,HistGB,HistGB,20.041240568377912,20.041240568377912,0.0,1
clean,0.4,0.15,18,HistGB,HistGB,18.367784803289087,18.367784803289087,0.0,1
clean,0.4,0.15,19,HistGB,HistGB,18.104123699192264,18.104123699192264,0.0,1
clean,0.4,0.15,20,HistGB,HistGB,18.801855062804623,18.801855062804623,0.0,1
clean,0.4,0.15,21,HistGB,HistGB,19.59619733176809,19.59619733176809,0.0,1
clean,0.4,0.15,22,HistGB,HistGB,19.298586066791096,19.298586066791096,0.0,1
clean,0.4,0.15,23,HistGB,HistGB,19.173574821481136,19.173574821481136,0.0,1
clean,0.4,0.15,24,HistGB,HistGB,18.65781447093841,18.65781447093841,0.0,1
clean,0.4,0.19,0,HistGB,HistGB,18.928739010266547,18.928739010266547,0.0,1
clean,0.4,0.19,1,HistGB,HistGB,20.143835873105846,20.143835873105846,0.0,1
clean,0.4,0.19,2,HistGB,RandomForest,19.26838422455713,19.25223313590072,0.016151088656410906,0
clean,0.4,0.19,3,HistGB,HistGB,19.443279896968026,19.443279896968026,0.0,1
clean,0.4,0.19,4,HistGB,HistGB,18.91392220590144,18.91392220590144,0.0,1
clean,0.4,0.19,5,HistGB,HistGB,19.95917516081851,19.95917516081851,0.0,1
clean,0.4,0.19,6,HistGB,KNN,21.81613605324205,21.221317844771534,0.5948182084705174,0
clean,0.4,0.19,7,HistGB,HistGB,18.7343657051764,18.7343657051764,0.0,1
clean,0.4,0.19,8,HistGB,HistGB,19.090144255140743,19.090144255140743,0.0,1
clean,0.4,0.19,9,HistGB,HistGB,19.75986807523372,19.75986807523372,0.0,1
clean,0.4,0.19,10,HistGB,RandomForest,19.228897842651488,19.11294703331267,0.11595080933881974,0
clean,0.4,0.19,11,HistGB,HistGB,18.667847445401883,18.667847445401883,0.0,1
clean,0.4,0.19,12,HistGB,HistGB,18.74800249831791,18.74800249831791,0.0,1
clean,0.4,0.19,13,HistGB,HistGB,19.487413662156857,19.487413662156857,0.0,1
clean,0.4,0.19,14,HistGB,HistGB,19.805729525276647,19.805729525276647,0.0,1
clean,0.4,0.19,15,HistGB,HistGB,19.53354628711148,19.53354628711148,0.0,1
clean,0.4,0.19,16,HistGB,HistGB,20.42138389973512,20.42138389973512,0.0,1
clean,0.4,0.19,17,HistGB,HistGB,21.336585653266862,21.336585653266862,0.0,1
clean,0.4,0.19,18,HistGB,HistGB,19.63875503262111,19.63875503262111,0.0,1
clean,0.4,0.19,19,HistGB,HistGB,19.237587544515986,19.237587544515986,0.0,1
clean,0.4,0.19,20,HistGB,HistGB,19.92591817042073,19.92591817042073,0.0,1
clean,0.4,0.19,21,HistGB,HistGB,21.007827210990577,21.007827210990577,0.0,1
clean,0.4,0.19,22,HistGB,HistGB,20.67660900892144,20.67660900892144,0.0,1
clean,0.4,0.19,23,HistGB,RandomForest,20.6083352155968,20.554130699292205,0.05420451630459411,0
clean,0.4,0.19,24,HistGB,HistGB,19.83663934120755,19.83663934120755,0.0,1
clean,0.4,0.2,0,HistGB,HistGB,19.31695977824297,19.31695977824297,0.0,1
clean,0.4,0.2,1,HistGB,HistGB,20.633704058890523,20.633704058890523,0.0,1
clean,0.4,0.2,2,HistGB,RandomForest,19.60198171985055,19.530966200000307,0.07101551985024201,0
clean,0.4,0.2,3,HistGB,HistGB,19.40246723251745,19.40246723251745,0.0,1
clean,0.4,0.2,4,HistGB,HistGB,19.19879919002628,19.19879919002628,0.0,1
clean,0.4,0.2,5,HistGB,HistGB,20.309646525902178,20.309646525902178,0.0,1
clean,0.4,0.2,6,HistGB,KNN,22.22715469741236,21.45106211319845,0.7760925842139095,0
clean,0.4,0.2,7,HistGB,KNN,19.087134768957217,18.91466158420148,0.17247318475573792,0
clean,0.4,0.2,8,HistGB,HistGB,19.353522301384245,19.353522301384245,0.0,1
clean,0.4,0.2,9,HistGB,HistGB,20.244280483753503,20.244280483753503,0.0,1
clean,0.4,0.2,10,HistGB,RandomForest,19.482679894775195,19.397262692891125,0.08541720188406998,0
clean,0.4,0.2,11,HistGB,HistGB,18.81764877008533,18.81764877008533,0.0,1
clean,0.4,0.2,12,HistGB,HistGB,19.156116543683805,19.156116543683805,0.0,1
clean,0.4,0.2,13,HistGB,HistGB,20.01349433745357,20.01349433745357,0.0,1
clean,0.4,0.2,14,HistGB,HistGB,20.033455238923583,20.033455238923583,0.0,1
clean,0.4,0.2,15,HistGB,KNN,19.86983031134916,19.770319702527317,0.09951060882184137,0
clean,0.4,0.2,16,HistGB,HistGB,20.56981023209017,20.56981023209017,0.0,1
clean,0.4,0.2,17,HistGB,KNN,21.90020836235615,21.8467341910282,0.05347417132794874,0
clean,0.4,0.2,18,HistGB,KNN,20.13102128441388,20.099350238418523,0.031671045995356195,0
clean,0.4,0.2,19,HistGB,HistGB,19.59435135708357,19.59435135708357,0.0,1
clean,0.4,0.2,20,HistGB,HistGB,20.38206963513907,20.38206963513907,0.0,1
clean,0.4,0.2,21,HistGB,HistGB,21.186528023649814,21.186528023649814,0.0,1
clean,0.4,0.2,22,HistGB,HistGB,20.970762127732502,20.970762127732502,0.0,1
clean,0.4,0.2,23,HistGB,HistGB,20.731601966614555,20.731601966614555,0.0,1
clean,0.4,0.2,24,HistGB,HistGB,20.04810559903347,20.04810559903347,0.0,1
clean,0.4,0.21,0,HistGB,KNN,19.712347729890087,19.62070076050922,0.09164696938086792,0
clean,0.4,0.21,1,HistGB,HistGB,20.883479751389164,20.883479751389164,0.0,1
clean,0.4,0.21,2,HistGB,RandomForest,19.80436562213185,19.776411638303763,0.02795398382808756,0
clean,0.4,0.21,3,HistGB,HistGB,19.79962845112105,19.79962845112105,0.0,1
clean,0.4,0.21,4,HistGB,HistGB,19.524084711512717,19.524084711512717,0.0,1
clean,0.4,0.21,5,HistGB,HistGB,20.691741037075957,20.691741037075957,0.0,1
clean,0.4,0.21,6,HistGB,KNN,22.638128623682924,21.735449205266427,0.902679418416497,0
clean,0.4,0.21,7,HistGB,KNN,19.563223774521383,19.129134412148225,0.43408936237315743,0
clean,0.4,0.21,8,HistGB,KNN,19.949149133827166,19.754159286311616,0.1949898475155507,0
clean,0.4,0.21,9,HistGB,HistGB,20.53946391412387,20.53946391412387,0.0,1
clean,0.4,0.21,10,HistGB,RandomForest,19.791512389893278,19.766638000384397,0.024874389508880768,0
clean,0.4,0.21,11,HistGB,HistGB,19.12476153385831,19.12476153385831,0.0,1
clean,0.4,0.21,12,HistGB,HistGB,19.62285011346803,19.62285011346803,0.0,1
clean,0.4,0.21,13,HistGB,HistGB,20.1912750022628,20.1912750022628,0.0,1
clean,0.4,0.21,14,HistGB,HistGB,20.17871752830445,20.17871752830445,0.0,1
clean,0.4,0.21,15,HistGB,KNN,20.35635435076348,20.008689836811453,0.3476645139520258,0
clean,0.4,0.21,16,HistGB,RandomForest,20.844016484607646,20.833181161887754,0.010835322719891849,0
clean,0.4,0.21,17,HistGB,KNN,22.20143236502758,21.9739723674224,0.22745999760517677,0
clean,0.4,0.21,18,HistGB,KNN,20.435337004508213,20.18731917985644,0.2480178246517717,0
clean,0.4,0.21,19,HistGB,HistGB,19.97509701714303,19.97509701714303,0.0,1
clean,0.4,0.21,20,HistGB,HistGB,20.63839378129152,20.63839378129152,0.0,1
clean,0.4,0.21,21,HistGB,HistGB,21.40956894525845,21.40956894525845,0.0,1
clean,0.4,0.21,22,HistGB,KNN,21.279054027647227,21.24068021908822,0.03837380855900818,0
clean,0.4,0.21,23,HistGB,HistGB,21.073886705689358,21.073886705689358,0.0,1
clean,0.4,0.21,24,HistGB,HistGB,20.58508699071329,20.58508699071329,0.0,1
clean,0.4,0.24,0,HistGB,KNN,20.982521657856744,20.33664056590208,0.6458810919546636,0
clean,0.4,0.24,1,HistGB,KNN,22.064357590263988,21.92280236504782,0.1415552252161696,0
clean,0.4,0.24,2,HistGB,KNN,20.79592375371037,20.741214770005676,0.05470898370469257,0
clean,0.4,0.24,3,HistGB,KNN,20.84463885093164,20.4321294687124,0.41250938221924116,0
clean,0.4,0.24,4,HistGB,HistGB,20.575640835804094,20.575640835804094,0.0,1
clean,0.4,0.24,5,HistGB,KNN,21.85542178703425,21.582918404859733,0.2725033821745164,0
clean,0.4,0.24,6,HistGB,KNN,24.16724330250814,22.650935540068332,1.5163077624398085,0
clean,0.4,0.24,7,HistGB,KNN,20.526325030059937,19.87952199459999,0.6468030354599463,0
clean,0.4,0.24,8,HistGB,KNN,21.085049356636727,20.522281621260348,0.5627677353763794,0
clean,0.4,0.24,9,HistGB,HistGB,21.50120439198769,21.50120439198769,0.0,1
clean,0.4,0.24,10,HistGB,HistGB,20.799187355071187,20.799187355071187,0.0,1
clean,0.4,0.24,11,HistGB,RandomForest,20.46050823698773,20.371659546986443,0.08884869000128859,0
clean,0.4,0.24,12,HistGB,KNN,20.42873796577705,20.153818096825816,0.2749198689512333,0
clean,0.4,0.24,13,HistGB,HistGB,21.2669017233842,21.2669017233842,0.0,1
clean,0.4,0.24,14,HistGB,KNN,21.462084175510437,21.3226337532928,0.1394504222176387,0
clean,0.4,0.24,15,HistGB,KNN,21.109553749660595,20.52767563958444,0.5818781100761541,0
clean,0.4,0.24,16,HistGB,KNN,22.00953698747326,21.60327312063129,0.4062638668419716,0
clean,0.4,0.24,17,HistGB,KNN,23.25946017164457,22.6236646265378,0.6357955451067703,0
clean,0.4,0.24,18,HistGB,KNN,21.322163342513168,20.865332927318907,0.45683041519426126,0
clean,0.4,0.24,19,HistGB,KNN,20.93072529938225,20.611027408455104,0.31969789092714507,0
clean,0.4,0.24,20,HistGB,KNN,21.74925183304476,21.538000917902348,0.21125091514241134,0
clean,0.4,0.24,21,HistGB,KNN,22.651067969927944,22.618736893558317,0.03233107636962629,0
clean,0.4,0.24,22,HistGB,KNN,22.46146878945244,22.050215114306518,0.4112536751459217,0
clean,0.4,0.24,23,HistGB,KNN,22.339223359037533,22.08033187991192,0.2588914791256123,0
clean,0.4,0.24,24,HistGB,HistGB,21.588328318789458,21.588328318789458,0.0,1
clean,0.4,0.32,0,HistGB,KNN,24.12467046999476,22.3410975641612,1.7835729058335623,0
clean,0.4,0.32,1,HistGB,KNN,25.77070627354392,24.167646892408506,1.603059381135413,0
clean,0.4,0.32,2,HistGB,KNN,24.59572377329288,23.22830694722482,1.3674168260680624,0
clean,0.4,0.32,3,HistGB,KNN,24.09274391415105,22.651724084282822,1.4410198298682282,0
clean,0.4,0.32,4,HistGB,KNN,23.90705141032773,22.899209031890777,1.0078423784369512,0
clean,0.4,0.32,5,HistGB,KNN,25.212724593070813,23.74077037955543,1.4719542135153851,0
clean,0.4,0.32,6,HistGB,KNN,27.269805798524292,24.58426841601279,2.6855373825115016,0
clean,0.4,0.32,7,HistGB,KNN,23.968635975943368,21.897619039501325,2.0710169364420423,0
clean,0.4,0.32,8,HistGB,KNN,24.47320734454739,22.56198727539633,1.9112200691510601,0
clean,0.4,0.32,9,HistGB,KNN,24.803594090704078,23.726477980773108,1.0771161099309694,0
clean,0.4,0.32,10,HistGB,KNN,24.47934381390138,23.392268978535643,1.087074835365737,0
clean,0.4,0.32,11,HistGB,KNN,23.72661797910468,22.911206803547127,0.8154111755575535,0
clean,0.4,0.32,12,HistGB,KNN,24.111346473464494,22.468416540666528,1.6429299327979656,0
clean,0.4,0.32,13,HistGB,KNN,24.99542252363374,23.978926219057577,1.0164963045761617,0
clean,0.4,0.32,14,HistGB,KNN,24.742605611228107,23.408361493293267,1.3342441179348405,0
clean,0.4,0.32,15,HistGB,KNN,24.416176662644283,22.5382140343824,1.8779626282618835,0
clean,0.4,0.32,16,HistGB,KNN,25.54446516039962,23.889956814327707,1.654508346071914,0
clean,0.4,0.32,17,HistGB,KNN,26.4958612951784,24.784073695291784,1.711787599886616,0
clean,0.4,0.32,18,HistGB,KNN,24.88464519023908,23.16494399329765,1.719701196941429,0
clean,0.4,0.32,19,HistGB,KNN,24.573643527987716,22.967426539513063,1.606216988474653,0
clean,0.4,0.32,20,HistGB,KNN,25.04910344930528,23.79135534710681,1.257748102198473,0
clean,0.4,0.32,21,HistGB,KNN,26.31016837981644,24.97102970206068,1.3391386777557592,0
clean,0.4,0.32,22,HistGB,KNN,26.098178562014315,24.39051221352639,1.7076663484879262,0
clean,0.4,0.32,23,HistGB,KNN,25.557866068906574,24.187060837810005,1.3708052310965684,0
clean,0.4,0.32,24,HistGB,KNN,25.003697301266914,24.039705867231064,0.9639914340358509,0
clean,0.4,0.4,0,HistGB,KNN,28.049609361827816,25.10814862318806,2.941460738639755,0
clean,0.4,0.4,1,HistGB,KNN,29.31611875614641,26.672735103263133,2.6433836528832764,0
clean,0.4,0.4,2,HistGB,KNN,28.384727103233185,25.81692397000759,2.5678031332255955,0
clean,0.4,0.4,3,HistGB,KNN,28.010289959071308,25.423661872844157,2.586628086227151,0
clean,0.4,0.4,4,HistGB,KNN,28.31516006865912,25.844904882373577,2.470255186285545,0
clean,0.4,0.4,5,HistGB,KNN,29.138612727054603,26.34733170986748,2.7912810171871243,0
clean,0.4,0.4,6,HistGB,KNN,31.47206094214324,27.471419439501894,4.000641502641347,0
clean,0.4,0.4,7,HistGB,KNN,27.888774713460062,24.65403390525961,3.2347408082004527,0
clean,0.4,0.4,8,HistGB,KNN,28.11039177616971,25.132597624958056,2.977794151211654,0
clean,0.4,0.4,9,HistGB,KNN,29.266611766794703,26.551948517294797,2.714663249499907,0
clean,0.4,0.4,10,HistGB,KNN,27.891574895247988,25.81186367292943,2.079711222318558,0
clean,0.4,0.4,11,HistGB,KNN,27.79176127114822,25.676760069446004,2.115001201702217,0
clean,0.4,0.4,12,HistGB,KNN,28.33763090957668,25.233865931244623,3.103764978332059,0
clean,0.4,0.4,13,HistGB,KNN,28.798902297381467,26.54460857267338,2.254293724708088,0
clean,0.4,0.4,14,HistGB,KNN,29.211910296743884,26.522075989221285,2.6898343075225988,0
clean,0.4,0.4,15,HistGB,KNN,28.65193876540236,25.34232298472043,3.3096157806819306,0
clean,0.4,0.4,16,HistGB,KNN,30.078513900930812,26.84998999315152,3.228523907779291,0
clean,0.4,0.4,17,HistGB,KNN,30.5095007137395,27.506923656523504,3.002577057215994,0
clean,0.4,0.4,18,HistGB,KNN,28.915144639978127,25.751301404565957,3.1638432354121697,0
clean,0.4,0.4,19,HistGB,KNN,28.586058710871352,25.36051788480377,3.225540826067583,0
clean,0.4,0.4,20,HistGB,KNN,28.90296152191095,26.323880275010467,2.5790812469004827,0
clean,0.4,0.4,21,HistGB,KNN,30.33042188933338,27.56509882832943,2.7653230610039508,0
clean,0.4,0.4,22,HistGB,KNN,30.205591444939312,26.97384541341878,3.231746031520533,0
clean,0.4,0.4,23,HistGB,KNN,29.56692175934774,26.81887054429276,2.7480512150549785,0
clean,0.4,0.4,24,HistGB,KNN,29.05916420698302,26.826243061722764,2.2329211452602564,0
clean,0.4,0.5,0,HistGB,KNN,34.3356818953042,29.36104864314475,4.97463325215945,0
clean,0.4,0.5,1,HistGB,KNN,35.45798108963929,30.78564658343057,4.6723345062087205,0
clean,0.4,0.5,2,HistGB,KNN,34.576328258809134,30.042510211973912,4.533818046835222,0
clean,0.4,0.5,3,HistGB,KNN,34.792656147750726,29.873883258001964,4.918772889748762,0
clean,0.4,0.5,4,HistGB,KNN,34.238497999689834,29.807820739177387,4.4306772605124465,0
clean,0.4,0.5,5,HistGB,KNN,35.27559090791475,30.71450700402392,4.561083903890829,0
clean,0.4,0.5,6,HistGB,KNN,37.69306887075829,31.49381187242601,6.199256998332277,0
clean,0.4,0.5,7,HistGB,KNN,33.714303799759946,28.83981311651348,4.874490683246467,0
clean,0.4,0.5,8,HistGB,KNN,34.41627098104753,29.623591813472316,4.792679167575216,0
clean,0.4,0.5,9,HistGB,KNN,34.73783599713518,30.300257701423387,4.437578295711791,0
clean,0.4,0.5,10,HistGB,KNN,33.910208514081305,29.824404136662483,4.085804377418821,0
clean,0.4,0.5,11,HistGB,KNN,33.62775139723734,29.60491639036404,4.022835006873301,0
clean,0.4,0.5,12,HistGB,KNN,34.021207929695294,29.14937495424439,4.8718329754509035,0
clean,0.4,0.5,13,HistGB,KNN,34.977502260566304,30.73761449320112,4.2398877673651825,0
clean,0.4,0.5,14,HistGB,KNN,34.802166158897485,30.22898594801385,4.573180210883635,0
clean,0.4,0.5,15,HistGB,KNN,34.57634793205066,29.482012823758883,5.0943351082917765,0
clean,0.4,0.5,16,HistGB,KNN,35.87939472326243,31.00229592672065,4.87709879654178,0
clean,0.4,0.5,17,HistGB,KNN,36.963845356749495,32.00073805865598,4.963107298093512,0
clean,0.4,0.5,18,HistGB,KNN,34.50305373795179,29.334123989500338,5.1689297484514505,0
clean,0.4,0.5,19,HistGB,KNN,34.60327848170751,29.727904717251747,4.875373764455766,0
clean,0.4,0.5,20,HistGB,KNN,34.325370645190155,30.386612943510592,3.938757701679563,0
clean,0.4,0.5,21,HistGB,KNN,36.63164043905123,32.05521614959351,4.576424289457719,0
clean,0.4,0.5,22,HistGB,KNN,36.0951832132667,30.834582638855917,5.260600574410784,0
clean,0.4,0.5,23,HistGB,KNN,35.70825739251677,31.138388285827343,4.569869106689428,0
clean,0.4,0.5,24,HistGB,KNN,34.82354914689996,30.66380562129224,4.159743525607716,0
clean,0.5,0.0,0,HistGB,HistGB,11.76015510447522,11.76015510447522,0.0,1
clean,0.5,0.0,1,HistGB,HistGB,13.73168860179165,13.73168860179165,0.0,1
clean,0.5,0.0,2,HistGB,HistGB,12.03246102203424,12.03246102203424,0.0,1
clean,0.5,0.0,3,HistGB,HistGB,12.507296971676508,12.507296971676508,0.0,1
clean,0.5,0.0,4,HistGB,HistGB,11.663767967150225,11.663767967150225,0.0,1
clean,0.5,0.0,5,HistGB,HistGB,12.788000461342667,12.788000461342667,0.0,1
clean,0.5,0.0,6,HistGB,HistGB,15.137088661400586,15.137088661400586,0.0,1
clean,0.5,0.0,7,HistGB,HistGB,11.832086758523523,11.832086758523523,0.0,1
clean,0.5,0.0,8,HistGB,HistGB,11.80698803744633,11.80698803744633,0.0,1
clean,0.5,0.0,9,HistGB,HistGB,12.556532991757797,12.556532991757797,0.0,1
clean,0.5,0.0,10,HistGB,HistGB,12.006766732493656,12.006766732493656,0.0,1
clean,0.5,0.0,11,HistGB,HistGB,11.346172695771273,11.346172695771273,0.0,1
clean,0.5,0.0,12,HistGB,HistGB,11.53607012306929,11.53607012306929,0.0,1
clean,0.5,0.0,13,HistGB,HistGB,12.501230435307573,12.501230435307573,0.0,1
clean,0.5,0.0,14,HistGB,HistGB,12.374390426143172,12.374390426143172,0.0,1
clean,0.5,0.0,15,HistGB,HistGB,12.425630433445932,12.425630433445932,0.0,1
clean,0.5,0.0,16,HistGB,HistGB,13.0920493003693,13.0920493003693,0.0,1
clean,0.5,0.0,17,HistGB,HistGB,14.474854688524555,14.474854688524555,0.0,1
clean,0.5,0.0,18,HistGB,HistGB,12.72431903276434,12.72431903276434,0.0,1
clean,0.5,0.0,19,HistGB,HistGB,12.38932481964971,12.38932481964971,0.0,1
clean,0.5,0.0,20,HistGB,HistGB,13.18137194824744,13.18137194824744,0.0,1
clean,0.5,0.0,21,HistGB,HistGB,13.996657000066351,13.996657000066351,0.0,1
clean,0.5,0.0,22,HistGB,HistGB,13.811627922541728,13.811627922541728,0.0,1
clean,0.5,0.0,23,HistGB,HistGB,13.32873782866024,13.32873782866024,0.0,1
clean,0.5,0.0,24,HistGB,HistGB,13.136467261751262,13.136467261751262,0.0,1
clean,0.5,0.025,0,HistGB,HistGB,13.790624657970188,13.790624657970188,0.0,1
clean,0.5,0.025,1,HistGB,HistGB,15.569190624933023,15.569190624933023,0.0,1
clean,0.5,0.025,2,HistGB,HistGB,14.088427543524208,14.088427543524208,0.0,1
clean,0.5,0.025,3,HistGB,HistGB,14.466111791412365,14.466111791412365,0.0,1
clean,0.5,0.025,4,HistGB,HistGB,13.735054816062018,13.735054816062018,0.0,1
clean,0.5,0.025,5,HistGB,HistGB,14.867893327492942,14.867893327492942,0.0,1
clean,0.5,0.025,6,HistGB,HistGB,17.17176789089314,17.17176789089314,0.0,1
clean,0.5,0.025,7,HistGB,HistGB,13.928703035242147,13.928703035242147,0.0,1
clean,0.5,0.025,8,HistGB,HistGB,14.035703406909802,14.035703406909802,0.0,1
clean,0.5,0.025,9,HistGB,HistGB,14.77125823960297,14.77125823960297,0.0,1
clean,0.5,0.025,10,HistGB,HistGB,14.180458644223837,14.180458644223837,0.0,1
clean,0.5,0.025,11,HistGB,HistGB,13.50742579877159,13.50742579877159,0.0,1
clean,0.5,0.025,12,HistGB,HistGB,13.758001907403685,13.758001907403685,0.0,1
clean,0.5,0.025,13,HistGB,HistGB,14.626656518553975,14.626656518553975,0.0,1
clean,0.5,0.025,14,HistGB,HistGB,14.533640708116964,14.533640708116964,0.0,1
clean,0.5,0.025,15,HistGB,HistGB,14.46272762558578,14.46272762558578,0.0,1
clean,0.5,0.025,16,HistGB,HistGB,15.171306018649071,15.171306018649071,0.0,1
clean,0.5,0.025,17,HistGB,HistGB,16.52161216946523,16.52161216946523,0.0,1
clean,0.5,0.025,18,HistGB,HistGB,14.780199693916028,14.780199693916028,0.0,1
clean,0.5,0.025,19,HistGB,HistGB,14.493836285631524,14.493836285631524,0.0,1
clean,0.5,0.025,20,HistGB,HistGB,15.368108126940594,15.368108126940594,0.0,1
clean,0.5,0.025,21,HistGB,HistGB,16.055770073743247,16.055770073743247,0.0,1
clean,0.5,0.025,22,HistGB,HistGB,15.713546741354476,15.713546741354476,0.0,1
clean,0.5,0.025,23,HistGB,HistGB,15.55503612142687,15.55503612142687,0.0,1
clean,0.5,0.025,24,HistGB,HistGB,15.081413399945886,15.081413399945886,0.0,1
clean,0.5,0.1,0,HistGB,HistGB,16.06918849714951,16.06918849714951,0.0,1
clean,0.5,0.1,1,HistGB,HistGB,17.715227486371926,17.715227486371926,0.0,1
clean,0.5,0.1,2,HistGB,HistGB,16.59812152428756,16.59812152428756,0.0,1
clean,0.5,0.1,3,HistGB,HistGB,16.681998568610286,16.681998568610286,0.0,1
clean,0.5,0.1,4,HistGB,HistGB,16.108514635915505,16.108514635915505,0.0,1
clean,0.5,0.1,5,HistGB,HistGB,17.268672823209283,17.268672823209283,0.0,1
clean,0.5,0.1,6,HistGB,HistGB,19.40432003734352,19.40432003734352,0.0,1
clean,0.5,0.1,7,HistGB,HistGB,16.082236395832705,16.082236395832705,0.0,1
clean,0.5,0.1,8,HistGB,HistGB,16.407129732211875,16.407129732211875,0.0,1
clean,0.5,0.1,9,HistGB,HistGB,17.16320210267766,17.16320210267766,0.0,1
clean,0.5,0.1,10,HistGB,HistGB,16.50268958110556,16.50268958110556,0.0,1
clean,0.5,0.1,11,HistGB,HistGB,15.964533676765804,15.964533676765804,0.0,1
clean,0.5,0.1,12,HistGB,HistGB,15.955340858425544,15.955340858425544,0.0,1
clean,0.5,0.1,13,HistGB,HistGB,16.931967619416174,16.931967619416174,0.0,1
clean,0.5,0.1,14,HistGB,HistGB,16.92890955586985,16.92890955586985,0.0,1
clean,0.5,0.1,15,HistGB,HistGB,16.861669366598026,16.861669366598026,0.0,1
clean,0.5,0.1,16,HistGB,HistGB,17.657517204616237,17.657517204616237,0.0,1
clean,0.5,0.1,17,HistGB,HistGB,18.682009768699448,18.682009768699448,0.0,1
clean,0.5,0.1,18,HistGB,HistGB,17.15936754113902,17.15936754113902,0.0,1
clean,0.5,0.1,19,HistGB,HistGB,16.832397587873736,16.832397587873736,0.0,1
clean,0.5,0.1,20,HistGB,HistGB,17.57369629098549,17.57369629098549,0.0,1
clean,0.5,0.1,21,HistGB,HistGB,18.21056570240688,18.21056570240688,0.0,1
clean,0.5,0.1,22,HistGB,HistGB,17.918651632655692,17.918651632655692,0.0,1
clean,0.5,0.1,23,HistGB,HistGB,17.87434674116678,17.87434674116678,0.0,1
clean,0.5,0.1,24,HistGB,HistGB,17.41484728033265,17.41484728033265,0.0,1
clean,0.5,0.15,0,HistGB,HistGB,17.541973445772758,17.541973445772758,0.0,1
clean,0.5,0.15,1,HistGB,HistGB,19.010878031887327,19.010878031887327,0.0,1
clean,0.5,0.15,2,HistGB,HistGB,17.80100779364431,17.80100779364431,0.0,1
clean,0.5,0.15,3,HistGB,HistGB,18.01452453786513,18.01452453786513,0.0,1
clean,0.5,0.15,4,HistGB,HistGB,17.437948123990314,17.437948123990314,0.0,1
clean,0.5,0.15,5,HistGB,HistGB,18.58285094234233,18.58285094234233,0.0,1
clean,0.5,0.15,6,HistGB,KNN,20.66574103016756,20.55617663708099,0.1095643930865684,0
clean,0.5,0.15,7,HistGB,HistGB,17.529586892481948,17.529586892481948,0.0,1
clean,0.5,0.15,8,HistGB,HistGB,17.8122895281797,17.8122895281797,0.0,1
clean,0.5,0.15,9,HistGB,HistGB,18.495670339370204,18.495670339370204,0.0,1
clean,0.5,0.15,10,HistGB,RandomForest,17.97117283362848,17.920692448422127,0.05048038520635245,0
clean,0.5,0.15,11,HistGB,RandomForest,17.484846230170547,17.41666006093395,0.06818616923659704,0
clean,0.5,0.15,12,HistGB,HistGB,17.466672392177024,17.466672392177024,0.0,1
clean,0.5,0.15,13,HistGB,HistGB,18.257215445819707,18.257215445819707,0.0,1
clean,0.5,0.15,14,HistGB,HistGB,18.137408455216548,18.137408455216548,0.0,1
clean,0.5,0.15,15,HistGB,HistGB,18.107544438260927,18.107544438260927,0.0,1
clean,0.5,0.15,16,HistGB,HistGB,18.78614046980045,18.78614046980045,0.0,1
clean,0.5,0.15,17,HistGB,HistGB,20.041240568377912,20.041240568377912,0.0,1
clean,0.5,0.15,18,HistGB,HistGB,18.367784803289087,18.367784803289087,0.0,1
clean,0.5,0.15,19,HistGB,HistGB,18.104123699192264,18.104123699192264,0.0,1
clean,0.5,0.15,20,HistGB,HistGB,18.801855062804623,18.801855062804623,0.0,1
clean,0.5,0.15,21,HistGB,HistGB,19.59619733176809,19.59619733176809,0.0,1
clean,0.5,0.15,22,HistGB,HistGB,19.298586066791096,19.298586066791096,0.0,1
clean,0.5,0.15,23,HistGB,HistGB,19.173574821481136,19.173574821481136,0.0,1
clean,0.5,0.15,24,HistGB,HistGB,18.65781447093841,18.65781447093841,0.0,1
clean,0.5,0.19,0,HistGB,HistGB,18.928739010266547,18.928739010266547,0.0,1
clean,0.5,0.19,1,HistGB,HistGB,20.143835873105846,20.143835873105846,0.0,1
clean,0.5,0.19,2,HistGB,RandomForest,19.26838422455713,19.25223313590072,0.016151088656410906,0
clean,0.5,0.19,3,HistGB,HistGB,19.443279896968026,19.443279896968026,0.0,1
clean,0.5,0.19,4,HistGB,HistGB,18.91392220590144,18.91392220590144,0.0,1
clean,0.5,0.19,5,HistGB,HistGB,19.95917516081851,19.95917516081851,0.0,1
clean,0.5,0.19,6,HistGB,KNN,21.81613605324205,21.221317844771534,0.5948182084705174,0
clean,0.5,0.19,7,HistGB,HistGB,18.7343657051764,18.7343657051764,0.0,1
clean,0.5,0.19,8,HistGB,HistGB,19.090144255140743,19.090144255140743,0.0,1
clean,0.5,0.19,9,HistGB,HistGB,19.75986807523372,19.75986807523372,0.0,1
clean,0.5,0.19,10,HistGB,RandomForest,19.228897842651488,19.11294703331267,0.11595080933881974,0
clean,0.5,0.19,11,HistGB,HistGB,18.667847445401883,18.667847445401883,0.0,1
clean,0.5,0.19,12,HistGB,HistGB,18.74800249831791,18.74800249831791,0.0,1
clean,0.5,0.19,13,HistGB,HistGB,19.487413662156857,19.487413662156857,0.0,1
clean,0.5,0.19,14,HistGB,HistGB,19.805729525276647,19.805729525276647,0.0,1
clean,0.5,0.19,15,HistGB,HistGB,19.53354628711148,19.53354628711148,0.0,1
clean,0.5,0.19,16,HistGB,HistGB,20.42138389973512,20.42138389973512,0.0,1
clean,0.5,0.19,17,HistGB,HistGB,21.336585653266862,21.336585653266862,0.0,1
clean,0.5,0.19,18,HistGB,HistGB,19.63875503262111,19.63875503262111,0.0,1
clean,0.5,0.19,19,HistGB,HistGB,19.237587544515986,19.237587544515986,0.0,1
clean,0.5,0.19,20,HistGB,HistGB,19.92591817042073,19.92591817042073,0.0,1
clean,0.5,0.19,21,HistGB,HistGB,21.007827210990577,21.007827210990577,0.0,1
clean,0.5,0.19,22,HistGB,HistGB,20.67660900892144,20.67660900892144,0.0,1
clean,0.5,0.19,23,HistGB,RandomForest,20.6083352155968,20.554130699292205,0.05420451630459411,0
clean,0.5,0.19,24,HistGB,HistGB,19.83663934120755,19.83663934120755,0.0,1
clean,0.5,0.2,0,HistGB,HistGB,19.31695977824297,19.31695977824297,0.0,1
clean,0.5,0.2,1,HistGB,HistGB,20.633704058890523,20.633704058890523,0.0,1
clean,0.5,0.2,2,HistGB,RandomForest,19.60198171985055,19.530966200000307,0.07101551985024201,0
clean,0.5,0.2,3,HistGB,HistGB,19.40246723251745,19.40246723251745,0.0,1
clean,0.5,0.2,4,HistGB,HistGB,19.19879919002628,19.19879919002628,0.0,1
clean,0.5,0.2,5,HistGB,HistGB,20.309646525902178,20.309646525902178,0.0,1
clean,0.5,0.2,6,HistGB,KNN,22.22715469741236,21.45106211319845,0.7760925842139095,0
clean,0.5,0.2,7,HistGB,KNN,19.087134768957217,18.91466158420148,0.17247318475573792,0
clean,0.5,0.2,8,HistGB,HistGB,19.353522301384245,19.353522301384245,0.0,1
clean,0.5,0.2,9,HistGB,HistGB,20.244280483753503,20.244280483753503,0.0,1
clean,0.5,0.2,10,HistGB,RandomForest,19.482679894775195,19.397262692891125,0.08541720188406998,0
clean,0.5,0.2,11,HistGB,HistGB,18.81764877008533,18.81764877008533,0.0,1
clean,0.5,0.2,12,HistGB,HistGB,19.156116543683805,19.156116543683805,0.0,1
clean,0.5,0.2,13,HistGB,HistGB,20.01349433745357,20.01349433745357,0.0,1
clean,0.5,0.2,14,HistGB,HistGB,20.033455238923583,20.033455238923583,0.0,1
clean,0.5,0.2,15,HistGB,KNN,19.86983031134916,19.770319702527317,0.09951060882184137,0
clean,0.5,0.2,16,HistGB,HistGB,20.56981023209017,20.56981023209017,0.0,1
clean,0.5,0.2,17,HistGB,KNN,21.90020836235615,21.8467341910282,0.05347417132794874,0
clean,0.5,0.2,18,HistGB,KNN,20.13102128441388,20.099350238418523,0.031671045995356195,0
clean,0.5,0.2,19,HistGB,HistGB,19.59435135708357,19.59435135708357,0.0,1
clean,0.5,0.2,20,HistGB,HistGB,20.38206963513907,20.38206963513907,0.0,1
clean,0.5,0.2,21,HistGB,HistGB,21.186528023649814,21.186528023649814,0.0,1
clean,0.5,0.2,22,HistGB,HistGB,20.970762127732502,20.970762127732502,0.0,1
clean,0.5,0.2,23,HistGB,HistGB,20.731601966614555,20.731601966614555,0.0,1
clean,0.5,0.2,24,HistGB,HistGB,20.04810559903347,20.04810559903347,0.0,1
clean,0.5,0.21,0,HistGB,KNN,19.712347729890087,19.62070076050922,0.09164696938086792,0
clean,0.5,0.21,1,HistGB,HistGB,20.883479751389164,20.883479751389164,0.0,1
clean,0.5,0.21,2,HistGB,RandomForest,19.80436562213185,19.776411638303763,0.02795398382808756,0
clean,0.5,0.21,3,HistGB,HistGB,19.79962845112105,19.79962845112105,0.0,1
clean,0.5,0.21,4,HistGB,HistGB,19.524084711512717,19.524084711512717,0.0,1
clean,0.5,0.21,5,HistGB,HistGB,20.691741037075957,20.691741037075957,0.0,1
clean,0.5,0.21,6,HistGB,KNN,22.638128623682924,21.735449205266427,0.902679418416497,0
clean,0.5,0.21,7,HistGB,KNN,19.563223774521383,19.129134412148225,0.43408936237315743,0
clean,0.5,0.21,8,HistGB,KNN,19.949149133827166,19.754159286311616,0.1949898475155507,0
clean,0.5,0.21,9,HistGB,HistGB,20.53946391412387,20.53946391412387,0.0,1
clean,0.5,0.21,10,HistGB,RandomForest,19.791512389893278,19.766638000384397,0.024874389508880768,0
clean,0.5,0.21,11,HistGB,HistGB,19.12476153385831,19.12476153385831,0.0,1
clean,0.5,0.21,12,HistGB,HistGB,19.62285011346803,19.62285011346803,0.0,1
clean,0.5,0.21,13,HistGB,HistGB,20.1912750022628,20.1912750022628,0.0,1
clean,0.5,0.21,14,HistGB,HistGB,20.17871752830445,20.17871752830445,0.0,1
clean,0.5,0.21,15,HistGB,KNN,20.35635435076348,20.008689836811453,0.3476645139520258,0
clean,0.5,0.21,16,HistGB,RandomForest,20.844016484607646,20.833181161887754,0.010835322719891849,0
clean,0.5,0.21,17,HistGB,KNN,22.20143236502758,21.9739723674224,0.22745999760517677,0
clean,0.5,0.21,18,HistGB,KNN,20.435337004508213,20.18731917985644,0.2480178246517717,0
clean,0.5,0.21,19,HistGB,HistGB,19.97509701714303,19.97509701714303,0.0,1
clean,0.5,0.21,20,HistGB,HistGB,20.63839378129152,20.63839378129152,0.0,1
clean,0.5,0.21,21,HistGB,HistGB,21.40956894525845,21.40956894525845,0.0,1
clean,0.5,0.21,22,HistGB,KNN,21.279054027647227,21.24068021908822,0.03837380855900818,0
clean,0.5,0.21,23,HistGB,HistGB,21.073886705689358,21.073886705689358,0.0,1
clean,0.5,0.21,24,HistGB,HistGB,20.58508699071329,20.58508699071329,0.0,1
clean,0.5,0.24,0,HistGB,KNN,20.982521657856744,20.33664056590208,0.6458810919546636,0
clean,0.5,0.24,1,HistGB,KNN,22.064357590263988,21.92280236504782,0.1415552252161696,0
clean,0.5,0.24,2,HistGB,KNN,20.79592375371037,20.741214770005676,0.05470898370469257,0
clean,0.5,0.24,3,HistGB,KNN,20.84463885093164,20.4321294687124,0.41250938221924116,0
clean,0.5,0.24,4,HistGB,HistGB,20.575640835804094,20.575640835804094,0.0,1
clean,0.5,0.24,5,HistGB,KNN,21.85542178703425,21.582918404859733,0.2725033821745164,0
clean,0.5,0.24,6,HistGB,KNN,24.16724330250814,22.650935540068332,1.5163077624398085,0
clean,0.5,0.24,7,HistGB,KNN,20.526325030059937,19.87952199459999,0.6468030354599463,0
clean,0.5,0.24,8,HistGB,KNN,21.085049356636727,20.522281621260348,0.5627677353763794,0
clean,0.5,0.24,9,HistGB,HistGB,21.50120439198769,21.50120439198769,0.0,1
clean,0.5,0.24,10,HistGB,HistGB,20.799187355071187,20.799187355071187,0.0,1
clean,0.5,0.24,11,HistGB,RandomForest,20.46050823698773,20.371659546986443,0.08884869000128859,0
clean,0.5,0.24,12,HistGB,KNN,20.42873796577705,20.153818096825816,0.2749198689512333,0
clean,0.5,0.24,13,HistGB,HistGB,21.2669017233842,21.2669017233842,0.0,1
clean,0.5,0.24,14,HistGB,KNN,21.462084175510437,21.3226337532928,0.1394504222176387,0
clean,0.5,0.24,15,HistGB,KNN,21.109553749660595,20.52767563958444,0.5818781100761541,0
clean,0.5,0.24,16,HistGB,KNN,22.00953698747326,21.60327312063129,0.4062638668419716,0
clean,0.5,0.24,17,HistGB,KNN,23.25946017164457,22.6236646265378,0.6357955451067703,0
clean,0.5,0.24,18,HistGB,KNN,21.322163342513168,20.865332927318907,0.45683041519426126,0
clean,0.5,0.24,19,HistGB,KNN,20.93072529938225,20.611027408455104,0.31969789092714507,0
clean,0.5,0.24,20,HistGB,KNN,21.74925183304476,21.538000917902348,0.21125091514241134,0
clean,0.5,0.24,21,HistGB,KNN,22.651067969927944,22.618736893558317,0.03233107636962629,0
clean,0.5,0.24,22,HistGB,KNN,22.46146878945244,22.050215114306518,0.4112536751459217,0
clean,0.5,0.24,23,HistGB,KNN,22.339223359037533,22.08033187991192,0.2588914791256123,0
clean,0.5,0.24,24,HistGB,HistGB,21.588328318789458,21.588328318789458,0.0,1
clean,0.5,0.32,0,HistGB,KNN,24.12467046999476,22.3410975641612,1.7835729058335623,0
clean,0.5,0.32,1,HistGB,KNN,25.77070627354392,24.167646892408506,1.603059381135413,0
clean,0.5,0.32,2,HistGB,KNN,24.59572377329288,23.22830694722482,1.3674168260680624,0
clean,0.5,0.32,3,HistGB,KNN,24.09274391415105,22.651724084282822,1.4410198298682282,0
clean,0.5,0.32,4,HistGB,KNN,23.90705141032773,22.899209031890777,1.0078423784369512,0
clean,0.5,0.32,5,HistGB,KNN,25.212724593070813,23.74077037955543,1.4719542135153851,0
clean,0.5,0.32,6,HistGB,KNN,27.269805798524292,24.58426841601279,2.6855373825115016,0
clean,0.5,0.32,7,HistGB,KNN,23.968635975943368,21.897619039501325,2.0710169364420423,0
clean,0.5,0.32,8,HistGB,KNN,24.47320734454739,22.56198727539633,1.9112200691510601,0
clean,0.5,0.32,9,HistGB,KNN,24.803594090704078,23.726477980773108,1.0771161099309694,0
clean,0.5,0.32,10,HistGB,KNN,24.47934381390138,23.392268978535643,1.087074835365737,0
clean,0.5,0.32,11,HistGB,KNN,23.72661797910468,22.911206803547127,0.8154111755575535,0
clean,0.5,0.32,12,HistGB,KNN,24.111346473464494,22.468416540666528,1.6429299327979656,0
clean,0.5,0.32,13,HistGB,KNN,24.99542252363374,23.978926219057577,1.0164963045761617,0
clean,0.5,0.32,14,HistGB,KNN,24.742605611228107,23.408361493293267,1.3342441179348405,0
clean,0.5,0.32,15,HistGB,KNN,24.416176662644283,22.5382140343824,1.8779626282618835,0
clean,0.5,0.32,16,HistGB,KNN,25.54446516039962,23.889956814327707,1.654508346071914,0
clean,0.5,0.32,17,HistGB,KNN,26.4958612951784,24.784073695291784,1.711787599886616,0
clean,0.5,0.32,18,HistGB,KNN,24.88464519023908,23.16494399329765,1.719701196941429,0
clean,0.5,0.32,19,HistGB,KNN,24.573643527987716,22.967426539513063,1.606216988474653,0
clean,0.5,0.32,20,HistGB,KNN,25.04910344930528,23.79135534710681,1.257748102198473,0
clean,0.5,0.32,21,HistGB,KNN,26.31016837981644,24.97102970206068,1.3391386777557592,0
clean,0.5,0.32,22,HistGB,KNN,26.098178562014315,24.39051221352639,1.7076663484879262,0
clean,0.5,0.32,23,HistGB,KNN,25.557866068906574,24.187060837810005,1.3708052310965684,0
clean,0.5,0.32,24,HistGB,KNN,25.003697301266914,24.039705867231064,0.9639914340358509,0
clean,0.5,0.4,0,HistGB,KNN,28.049609361827816,25.10814862318806,2.941460738639755,0
clean,0.5,0.4,1,HistGB,KNN,29.31611875614641,26.672735103263133,2.6433836528832764,0
clean,0.5,0.4,2,HistGB,KNN,28.384727103233185,25.81692397000759,2.5678031332255955,0
clean,0.5,0.4,3,HistGB,KNN,28.010289959071308,25.423661872844157,2.586628086227151,0
clean,0.5,0.4,4,HistGB,KNN,28.31516006865912,25.844904882373577,2.470255186285545,0
clean,0.5,0.4,5,HistGB,KNN,29.138612727054603,26.34733170986748,2.7912810171871243,0
clean,0.5,0.4,6,HistGB,KNN,31.47206094214324,27.471419439501894,4.000641502641347,0
clean,0.5,0.4,7,HistGB,KNN,27.888774713460062,24.65403390525961,3.2347408082004527,0
clean,0.5,0.4,8,HistGB,KNN,28.11039177616971,25.132597624958056,2.977794151211654,0
clean,0.5,0.4,9,HistGB,KNN,29.266611766794703,26.551948517294797,2.714663249499907,0
clean,0.5,0.4,10,HistGB,KNN,27.891574895247988,25.81186367292943,2.079711222318558,0
clean,0.5,0.4,11,HistGB,KNN,27.79176127114822,25.676760069446004,2.115001201702217,0
clean,0.5,0.4,12,HistGB,KNN,28.33763090957668,25.233865931244623,3.103764978332059,0
clean,0.5,0.4,13,HistGB,KNN,28.798902297381467,26.54460857267338,2.254293724708088,0
clean,0.5,0.4,14,HistGB,KNN,29.211910296743884,26.522075989221285,2.6898343075225988,0
clean,0.5,0.4,15,HistGB,KNN,28.65193876540236,25.34232298472043,3.3096157806819306,0
clean,0.5,0.4,16,HistGB,KNN,30.078513900930812,26.84998999315152,3.228523907779291,0
clean,0.5,0.4,17,HistGB,KNN,30.5095007137395,27.506923656523504,3.002577057215994,0
clean,0.5,0.4,18,HistGB,KNN,28.915144639978127,25.751301404565957,3.1638432354121697,0
clean,0.5,0.4,19,HistGB,KNN,28.586058710871352,25.36051788480377,3.225540826067583,0
clean,0.5,0.4,20,HistGB,KNN,28.90296152191095,26.323880275010467,2.5790812469004827,0
clean,0.5,0.4,21,HistGB,KNN,30.33042188933338,27.56509882832943,2.7653230610039508,0
clean,0.5,0.4,22,HistGB,KNN,30.205591444939312,26.97384541341878,3.231746031520533,0
clean,0.5,0.4,23,HistGB,KNN,29.56692175934774,26.81887054429276,2.7480512150549785,0
clean,0.5,0.4,24,HistGB,KNN,29.05916420698302,26.826243061722764,2.2329211452602564,0
clean,0.5,0.5,0,HistGB,KNN,34.3356818953042,29.36104864314475,4.97463325215945,0
clean,0.5,0.5,1,HistGB,KNN,35.45798108963929,30.78564658343057,4.6723345062087205,0
clean,0.5,0.5,2,HistGB,KNN,34.576328258809134,30.042510211973912,4.533818046835222,0
clean,0.5,0.5,3,HistGB,KNN,34.792656147750726,29.873883258001964,4.918772889748762,0
clean,0.5,0.5,4,HistGB,KNN,34.238497999689834,29.807820739177387,4.4306772605124465,0
clean,0.5,0.5,5,HistGB,KNN,35.27559090791475,30.71450700402392,4.561083903890829,0
clean,0.5,0.5,6,HistGB,KNN,37.69306887075829,31.49381187242601,6.199256998332277,0
clean,0.5,0.5,7,HistGB,KNN,33.714303799759946,28.83981311651348,4.874490683246467,0
clean,0.5,0.5,8,HistGB,KNN,34.41627098104753,29.623591813472316,4.792679167575216,0
clean,0.5,0.5,9,HistGB,KNN,34.73783599713518,30.300257701423387,4.437578295711791,0
clean,0.5,0.5,10,HistGB,KNN,33.910208514081305,29.824404136662483,4.085804377418821,0
clean,0.5,0.5,11,HistGB,KNN,33.62775139723734,29.60491639036404,4.022835006873301,0
clean,0.5,0.5,12,HistGB,KNN,34.021207929695294,29.14937495424439,4.8718329754509035,0
clean,0.5,0.5,13,HistGB,KNN,34.977502260566304,30.73761449320112,4.2398877673651825,0
clean,0.5,0.5,14,HistGB,KNN,34.802166158897485,30.22898594801385,4.573180210883635,0
clean,0.5,0.5,15,HistGB,KNN,34.57634793205066,29.482012823758883,5.0943351082917765,0
clean,0.5,0.5,16,HistGB,KNN,35.87939472326243,31.00229592672065,4.87709879654178,0
clean,0.5,0.5,17,HistGB,KNN,36.963845356749495,32.00073805865598,4.963107298093512,0
clean,0.5,0.5,18,HistGB,KNN,34.50305373795179,29.334123989500338,5.1689297484514505,0
clean,0.5,0.5,19,HistGB,KNN,34.60327848170751,29.727904717251747,4.875373764455766,0
clean,0.5,0.5,20,HistGB,KNN,34.325370645190155,30.386612943510592,3.938757701679563,0
clean,0.5,0.5,21,HistGB,KNN,36.63164043905123,32.05521614959351,4.576424289457719,0
clean,0.5,0.5,22,HistGB,KNN,36.0951832132667,30.834582638855917,5.260600574410784,0
clean,0.5,0.5,23,HistGB,KNN,35.70825739251677,31.138388285827343,4.569869106689428,0
clean,0.5,0.5,24,HistGB,KNN,34.82354914689996,30.66380562129224,4.159743525607716,0
SRCV,0.0,0.0,0,HistGB,HistGB,11.76015510447522,11.76015510447522,0.0,1
SRCV,0.0,0.0,1,HistGB,HistGB,13.73168860179165,13.73168860179165,0.0,1
SRCV,0.0,0.0,2,HistGB,HistGB,12.03246102203424,12.03246102203424,0.0,1
SRCV,0.0,0.0,3,HistGB,HistGB,12.507296971676508,12.507296971676508,0.0,1
SRCV,0.0,0.0,4,HistGB,HistGB,11.663767967150225,11.663767967150225,0.0,1
SRCV,0.0,0.0,5,HistGB,HistGB,12.788000461342667,12.788000461342667,0.0,1
SRCV,0.0,0.0,6,HistGB,HistGB,15.137088661400586,15.137088661400586,0.0,1
SRCV,0.0,0.0,7,HistGB,HistGB,11.832086758523523,11.832086758523523,0.0,1
SRCV,0.0,0.0,8,HistGB,HistGB,11.80698803744633,11.80698803744633,0.0,1
SRCV,0.0,0.0,9,HistGB,HistGB,12.556532991757797,12.556532991757797,0.0,1
SRCV,0.0,0.0,10,HistGB,HistGB,12.006766732493656,12.006766732493656,0.0,1
SRCV,0.0,0.0,11,HistGB,HistGB,11.346172695771273,11.346172695771273,0.0,1
SRCV,0.0,0.0,12,HistGB,HistGB,11.53607012306929,11.53607012306929,0.0,1
SRCV,0.0,0.0,13,HistGB,HistGB,12.501230435307573,12.501230435307573,0.0,1
SRCV,0.0,0.0,14,HistGB,HistGB,12.374390426143172,12.374390426143172,0.0,1
SRCV,0.0,0.0,15,HistGB,HistGB,12.425630433445932,12.425630433445932,0.0,1
SRCV,0.0,0.0,16,HistGB,HistGB,13.0920493003693,13.0920493003693,0.0,1
SRCV,0.0,0.0,17,HistGB,HistGB,14.474854688524555,14.474854688524555,0.0,1
SRCV,0.0,0.0,18,HistGB,HistGB,12.72431903276434,12.72431903276434,0.0,1
SRCV,0.0,0.0,19,HistGB,HistGB,12.38932481964971,12.38932481964971,0.0,1
SRCV,0.0,0.0,20,HistGB,HistGB,13.18137194824744,13.18137194824744,0.0,1
SRCV,0.0,0.0,21,HistGB,HistGB,13.996657000066351,13.996657000066351,0.0,1
SRCV,0.0,0.0,22,HistGB,HistGB,13.811627922541728,13.811627922541728,0.0,1
SRCV,0.0,0.0,23,HistGB,HistGB,13.32873782866024,13.32873782866024,0.0,1
SRCV,0.0,0.0,24,HistGB,HistGB,13.136467261751262,13.136467261751262,0.0,1
SRCV,0.0,0.025,0,HistGB,HistGB,13.790624657970188,13.790624657970188,0.0,1
SRCV,0.0,0.025,1,HistGB,HistGB,15.569190624933023,15.569190624933023,0.0,1
SRCV,0.0,0.025,2,HistGB,HistGB,14.088427543524208,14.088427543524208,0.0,1
SRCV,0.0,0.025,3,HistGB,HistGB,14.466111791412365,14.466111791412365,0.0,1
SRCV,0.0,0.025,4,HistGB,HistGB,13.735054816062018,13.735054816062018,0.0,1
SRCV,0.0,0.025,5,HistGB,HistGB,14.867893327492942,14.867893327492942,0.0,1
SRCV,0.0,0.025,6,HistGB,HistGB,17.17176789089314,17.17176789089314,0.0,1
SRCV,0.0,0.025,7,HistGB,HistGB,13.928703035242147,13.928703035242147,0.0,1
SRCV,0.0,0.025,8,HistGB,HistGB,14.035703406909802,14.035703406909802,0.0,1
SRCV,0.0,0.025,9,HistGB,HistGB,14.77125823960297,14.77125823960297,0.0,1
SRCV,0.0,0.025,10,HistGB,HistGB,14.180458644223837,14.180458644223837,0.0,1
SRCV,0.0,0.025,11,HistGB,HistGB,13.50742579877159,13.50742579877159,0.0,1
SRCV,0.0,0.025,12,HistGB,HistGB,13.758001907403685,13.758001907403685,0.0,1
SRCV,0.0,0.025,13,HistGB,HistGB,14.626656518553975,14.626656518553975,0.0,1
SRCV,0.0,0.025,14,HistGB,HistGB,14.533640708116964,14.533640708116964,0.0,1
SRCV,0.0,0.025,15,HistGB,HistGB,14.46272762558578,14.46272762558578,0.0,1
SRCV,0.0,0.025,16,HistGB,HistGB,15.171306018649071,15.171306018649071,0.0,1
SRCV,0.0,0.025,17,HistGB,HistGB,16.52161216946523,16.52161216946523,0.0,1
SRCV,0.0,0.025,18,HistGB,HistGB,14.780199693916028,14.780199693916028,0.0,1
SRCV,0.0,0.025,19,HistGB,HistGB,14.493836285631524,14.493836285631524,0.0,1
SRCV,0.0,0.025,20,HistGB,HistGB,15.368108126940594,15.368108126940594,0.0,1
SRCV,0.0,0.025,21,HistGB,HistGB,16.055770073743247,16.055770073743247,0.0,1
SRCV,0.0,0.025,22,HistGB,HistGB,15.713546741354476,15.713546741354476,0.0,1
SRCV,0.0,0.025,23,HistGB,HistGB,15.55503612142687,15.55503612142687,0.0,1
SRCV,0.0,0.025,24,HistGB,HistGB,15.081413399945886,15.081413399945886,0.0,1
SRCV,0.0,0.1,0,HistGB,HistGB,16.06918849714951,16.06918849714951,0.0,1
SRCV,0.0,0.1,1,HistGB,HistGB,17.715227486371926,17.715227486371926,0.0,1
SRCV,0.0,0.1,2,HistGB,HistGB,16.59812152428756,16.59812152428756,0.0,1
SRCV,0.0,0.1,3,HistGB,HistGB,16.681998568610286,16.681998568610286,0.0,1
SRCV,0.0,0.1,4,HistGB,HistGB,16.108514635915505,16.108514635915505,0.0,1
SRCV,0.0,0.1,5,HistGB,HistGB,17.268672823209283,17.268672823209283,0.0,1
SRCV,0.0,0.1,6,HistGB,HistGB,19.40432003734352,19.40432003734352,0.0,1
SRCV,0.0,0.1,7,HistGB,HistGB,16.082236395832705,16.082236395832705,0.0,1
SRCV,0.0,0.1,8,HistGB,HistGB,16.407129732211875,16.407129732211875,0.0,1
SRCV,0.0,0.1,9,HistGB,HistGB,17.16320210267766,17.16320210267766,0.0,1
SRCV,0.0,0.1,10,HistGB,HistGB,16.50268958110556,16.50268958110556,0.0,1
SRCV,0.0,0.1,11,HistGB,HistGB,15.964533676765804,15.964533676765804,0.0,1
SRCV,0.0,0.1,12,HistGB,HistGB,15.955340858425544,15.955340858425544,0.0,1
SRCV,0.0,0.1,13,HistGB,HistGB,16.931967619416174,16.931967619416174,0.0,1
SRCV,0.0,0.1,14,HistGB,HistGB,16.92890955586985,16.92890955586985,0.0,1
SRCV,0.0,0.1,15,HistGB,HistGB,16.861669366598026,16.861669366598026,0.0,1
SRCV,0.0,0.1,16,HistGB,HistGB,17.657517204616237,17.657517204616237,0.0,1
SRCV,0.0,0.1,17,HistGB,HistGB,18.682009768699448,18.682009768699448,0.0,1
SRCV,0.0,0.1,18,HistGB,HistGB,17.15936754113902,17.15936754113902,0.0,1
SRCV,0.0,0.1,19,HistGB,HistGB,16.832397587873736,16.832397587873736,0.0,1
SRCV,0.0,0.1,20,HistGB,HistGB,17.57369629098549,17.57369629098549,0.0,1
SRCV,0.0,0.1,21,HistGB,HistGB,18.21056570240688,18.21056570240688,0.0,1
SRCV,0.0,0.1,22,HistGB,HistGB,17.918651632655692,17.918651632655692,0.0,1
SRCV,0.0,0.1,23,HistGB,HistGB,17.87434674116678,17.87434674116678,0.0,1
SRCV,0.0,0.1,24,HistGB,HistGB,17.41484728033265,17.41484728033265,0.0,1
SRCV,0.0,0.15,0,HistGB,HistGB,17.541973445772758,17.541973445772758,0.0,1
SRCV,0.0,0.15,1,HistGB,HistGB,19.010878031887327,19.010878031887327,0.0,1
SRCV,0.0,0.15,2,HistGB,HistGB,17.80100779364431,17.80100779364431,0.0,1
SRCV,0.0,0.15,3,HistGB,HistGB,18.01452453786513,18.01452453786513,0.0,1
SRCV,0.0,0.15,4,HistGB,HistGB,17.437948123990314,17.437948123990314,0.0,1
SRCV,0.0,0.15,5,HistGB,HistGB,18.58285094234233,18.58285094234233,0.0,1
SRCV,0.0,0.15,6,HistGB,KNN,20.66574103016756,20.55617663708099,0.1095643930865684,0
SRCV,0.0,0.15,7,HistGB,HistGB,17.529586892481948,17.529586892481948,0.0,1
SRCV,0.0,0.15,8,HistGB,HistGB,17.8122895281797,17.8122895281797,0.0,1
SRCV,0.0,0.15,9,HistGB,HistGB,18.495670339370204,18.495670339370204,0.0,1
SRCV,0.0,0.15,10,HistGB,RandomForest,17.97117283362848,17.920692448422127,0.05048038520635245,0
SRCV,0.0,0.15,11,HistGB,RandomForest,17.484846230170547,17.41666006093395,0.06818616923659704,0
SRCV,0.0,0.15,12,HistGB,HistGB,17.466672392177024,17.466672392177024,0.0,1
SRCV,0.0,0.15,13,HistGB,HistGB,18.257215445819707,18.257215445819707,0.0,1
SRCV,0.0,0.15,14,HistGB,HistGB,18.137408455216548,18.137408455216548,0.0,1
SRCV,0.0,0.15,15,HistGB,HistGB,18.107544438260927,18.107544438260927,0.0,1
SRCV,0.0,0.15,16,HistGB,HistGB,18.78614046980045,18.78614046980045,0.0,1
SRCV,0.0,0.15,17,HistGB,HistGB,20.041240568377912,20.041240568377912,0.0,1
SRCV,0.0,0.15,18,HistGB,HistGB,18.367784803289087,18.367784803289087,0.0,1
SRCV,0.0,0.15,19,HistGB,HistGB,18.104123699192264,18.104123699192264,0.0,1
SRCV,0.0,0.15,20,HistGB,HistGB,18.801855062804623,18.801855062804623,0.0,1
SRCV,0.0,0.15,21,HistGB,HistGB,19.59619733176809,19.59619733176809,0.0,1
SRCV,0.0,0.15,22,HistGB,HistGB,19.298586066791096,19.298586066791096,0.0,1
SRCV,0.0,0.15,23,HistGB,HistGB,19.173574821481136,19.173574821481136,0.0,1
SRCV,0.0,0.15,24,HistGB,HistGB,18.65781447093841,18.65781447093841,0.0,1
SRCV,0.0,0.19,0,HistGB,HistGB,18.928739010266547,18.928739010266547,0.0,1
SRCV,0.0,0.19,1,HistGB,HistGB,20.143835873105846,20.143835873105846,0.0,1
SRCV,0.0,0.19,2,HistGB,RandomForest,19.26838422455713,19.25223313590072,0.016151088656410906,0
SRCV,0.0,0.19,3,HistGB,HistGB,19.443279896968026,19.443279896968026,0.0,1
SRCV,0.0,0.19,4,HistGB,HistGB,18.91392220590144,18.91392220590144,0.0,1
SRCV,0.0,0.19,5,HistGB,HistGB,19.95917516081851,19.95917516081851,0.0,1
SRCV,0.0,0.19,6,HistGB,KNN,21.81613605324205,21.221317844771534,0.5948182084705174,0
SRCV,0.0,0.19,7,HistGB,HistGB,18.7343657051764,18.7343657051764,0.0,1
SRCV,0.0,0.19,8,HistGB,HistGB,19.090144255140743,19.090144255140743,0.0,1
SRCV,0.0,0.19,9,HistGB,HistGB,19.75986807523372,19.75986807523372,0.0,1
SRCV,0.0,0.19,10,HistGB,RandomForest,19.228897842651488,19.11294703331267,0.11595080933881974,0
SRCV,0.0,0.19,11,HistGB,HistGB,18.667847445401883,18.667847445401883,0.0,1
SRCV,0.0,0.19,12,HistGB,HistGB,18.74800249831791,18.74800249831791,0.0,1
SRCV,0.0,0.19,13,HistGB,HistGB,19.487413662156857,19.487413662156857,0.0,1
SRCV,0.0,0.19,14,HistGB,HistGB,19.805729525276647,19.805729525276647,0.0,1
SRCV,0.0,0.19,15,HistGB,HistGB,19.53354628711148,19.53354628711148,0.0,1
SRCV,0.0,0.19,16,HistGB,HistGB,20.42138389973512,20.42138389973512,0.0,1
SRCV,0.0,0.19,17,HistGB,HistGB,21.336585653266862,21.336585653266862,0.0,1
SRCV,0.0,0.19,18,HistGB,HistGB,19.63875503262111,19.63875503262111,0.0,1
SRCV,0.0,0.19,19,HistGB,HistGB,19.237587544515986,19.237587544515986,0.0,1
SRCV,0.0,0.19,20,HistGB,HistGB,19.92591817042073,19.92591817042073,0.0,1
SRCV,0.0,0.19,21,HistGB,HistGB,21.007827210990577,21.007827210990577,0.0,1
SRCV,0.0,0.19,22,HistGB,HistGB,20.67660900892144,20.67660900892144,0.0,1
SRCV,0.0,0.19,23,HistGB,RandomForest,20.6083352155968,20.554130699292205,0.05420451630459411,0
SRCV,0.0,0.19,24,HistGB,HistGB,19.83663934120755,19.83663934120755,0.0,1
SRCV,0.0,0.2,0,HistGB,HistGB,19.31695977824297,19.31695977824297,0.0,1
SRCV,0.0,0.2,1,HistGB,HistGB,20.633704058890523,20.633704058890523,0.0,1
SRCV,0.0,0.2,2,HistGB,RandomForest,19.60198171985055,19.530966200000307,0.07101551985024201,0
SRCV,0.0,0.2,3,HistGB,HistGB,19.40246723251745,19.40246723251745,0.0,1
SRCV,0.0,0.2,4,HistGB,HistGB,19.19879919002628,19.19879919002628,0.0,1
SRCV,0.0,0.2,5,HistGB,HistGB,20.309646525902178,20.309646525902178,0.0,1
SRCV,0.0,0.2,6,HistGB,KNN,22.22715469741236,21.45106211319845,0.7760925842139095,0
SRCV,0.0,0.2,7,HistGB,KNN,19.087134768957217,18.91466158420148,0.17247318475573792,0
SRCV,0.0,0.2,8,HistGB,HistGB,19.353522301384245,19.353522301384245,0.0,1
SRCV,0.0,0.2,9,HistGB,HistGB,20.244280483753503,20.244280483753503,0.0,1
SRCV,0.0,0.2,10,HistGB,RandomForest,19.482679894775195,19.397262692891125,0.08541720188406998,0
SRCV,0.0,0.2,11,HistGB,HistGB,18.81764877008533,18.81764877008533,0.0,1
SRCV,0.0,0.2,12,HistGB,HistGB,19.156116543683805,19.156116543683805,0.0,1
SRCV,0.0,0.2,13,HistGB,HistGB,20.01349433745357,20.01349433745357,0.0,1
SRCV,0.0,0.2,14,HistGB,HistGB,20.033455238923583,20.033455238923583,0.0,1
SRCV,0.0,0.2,15,HistGB,KNN,19.86983031134916,19.770319702527317,0.09951060882184137,0
SRCV,0.0,0.2,16,HistGB,HistGB,20.56981023209017,20.56981023209017,0.0,1
SRCV,0.0,0.2,17,HistGB,KNN,21.90020836235615,21.8467341910282,0.05347417132794874,0
SRCV,0.0,0.2,18,HistGB,KNN,20.13102128441388,20.099350238418523,0.031671045995356195,0
SRCV,0.0,0.2,19,HistGB,HistGB,19.59435135708357,19.59435135708357,0.0,1
SRCV,0.0,0.2,20,HistGB,HistGB,20.38206963513907,20.38206963513907,0.0,1
SRCV,0.0,0.2,21,HistGB,HistGB,21.186528023649814,21.186528023649814,0.0,1
SRCV,0.0,0.2,22,HistGB,HistGB,20.970762127732502,20.970762127732502,0.0,1
SRCV,0.0,0.2,23,HistGB,HistGB,20.731601966614555,20.731601966614555,0.0,1
SRCV,0.0,0.2,24,HistGB,HistGB,20.04810559903347,20.04810559903347,0.0,1
SRCV,0.0,0.21,0,HistGB,KNN,19.712347729890087,19.62070076050922,0.09164696938086792,0
SRCV,0.0,0.21,1,HistGB,HistGB,20.883479751389164,20.883479751389164,0.0,1
SRCV,0.0,0.21,2,HistGB,RandomForest,19.80436562213185,19.776411638303763,0.02795398382808756,0
SRCV,0.0,0.21,3,HistGB,HistGB,19.79962845112105,19.79962845112105,0.0,1
SRCV,0.0,0.21,4,HistGB,HistGB,19.524084711512717,19.524084711512717,0.0,1
SRCV,0.0,0.21,5,HistGB,HistGB,20.691741037075957,20.691741037075957,0.0,1
SRCV,0.0,0.21,6,HistGB,KNN,22.638128623682924,21.735449205266427,0.902679418416497,0
SRCV,0.0,0.21,7,HistGB,KNN,19.563223774521383,19.129134412148225,0.43408936237315743,0
SRCV,0.0,0.21,8,HistGB,KNN,19.949149133827166,19.754159286311616,0.1949898475155507,0
SRCV,0.0,0.21,9,HistGB,HistGB,20.53946391412387,20.53946391412387,0.0,1
SRCV,0.0,0.21,10,HistGB,RandomForest,19.791512389893278,19.766638000384397,0.024874389508880768,0
SRCV,0.0,0.21,11,HistGB,HistGB,19.12476153385831,19.12476153385831,0.0,1
SRCV,0.0,0.21,12,HistGB,HistGB,19.62285011346803,19.62285011346803,0.0,1
SRCV,0.0,0.21,13,HistGB,HistGB,20.1912750022628,20.1912750022628,0.0,1
SRCV,0.0,0.21,14,HistGB,HistGB,20.17871752830445,20.17871752830445,0.0,1
SRCV,0.0,0.21,15,HistGB,KNN,20.35635435076348,20.008689836811453,0.3476645139520258,0
SRCV,0.0,0.21,16,HistGB,RandomForest,20.844016484607646,20.833181161887754,0.010835322719891849,0
SRCV,0.0,0.21,17,HistGB,KNN,22.20143236502758,21.9739723674224,0.22745999760517677,0
SRCV,0.0,0.21,18,HistGB,KNN,20.435337004508213,20.18731917985644,0.2480178246517717,0
SRCV,0.0,0.21,19,HistGB,HistGB,19.97509701714303,19.97509701714303,0.0,1
SRCV,0.0,0.21,20,HistGB,HistGB,20.63839378129152,20.63839378129152,0.0,1
SRCV,0.0,0.21,21,HistGB,HistGB,21.40956894525845,21.40956894525845,0.0,1
SRCV,0.0,0.21,22,HistGB,KNN,21.279054027647227,21.24068021908822,0.03837380855900818,0
SRCV,0.0,0.21,23,HistGB,HistGB,21.073886705689358,21.073886705689358,0.0,1
SRCV,0.0,0.21,24,HistGB,HistGB,20.58508699071329,20.58508699071329,0.0,1
SRCV,0.0,0.24,0,HistGB,KNN,20.982521657856744,20.33664056590208,0.6458810919546636,0
SRCV,0.0,0.24,1,HistGB,KNN,22.064357590263988,21.92280236504782,0.1415552252161696,0
SRCV,0.0,0.24,2,HistGB,KNN,20.79592375371037,20.741214770005676,0.05470898370469257,0
SRCV,0.0,0.24,3,HistGB,KNN,20.84463885093164,20.4321294687124,0.41250938221924116,0
SRCV,0.0,0.24,4,HistGB,HistGB,20.575640835804094,20.575640835804094,0.0,1
SRCV,0.0,0.24,5,HistGB,KNN,21.85542178703425,21.582918404859733,0.2725033821745164,0
SRCV,0.0,0.24,6,HistGB,KNN,24.16724330250814,22.650935540068332,1.5163077624398085,0
SRCV,0.0,0.24,7,HistGB,KNN,20.526325030059937,19.87952199459999,0.6468030354599463,0
SRCV,0.0,0.24,8,HistGB,KNN,21.085049356636727,20.522281621260348,0.5627677353763794,0
SRCV,0.0,0.24,9,HistGB,HistGB,21.50120439198769,21.50120439198769,0.0,1
SRCV,0.0,0.24,10,HistGB,HistGB,20.799187355071187,20.799187355071187,0.0,1
SRCV,0.0,0.24,11,HistGB,RandomForest,20.46050823698773,20.371659546986443,0.08884869000128859,0
SRCV,0.0,0.24,12,HistGB,KNN,20.42873796577705,20.153818096825816,0.2749198689512333,0
SRCV,0.0,0.24,13,HistGB,HistGB,21.2669017233842,21.2669017233842,0.0,1
SRCV,0.0,0.24,14,HistGB,KNN,21.462084175510437,21.3226337532928,0.1394504222176387,0
SRCV,0.0,0.24,15,HistGB,KNN,21.109553749660595,20.52767563958444,0.5818781100761541,0
SRCV,0.0,0.24,16,HistGB,KNN,22.00953698747326,21.60327312063129,0.4062638668419716,0
SRCV,0.0,0.24,17,HistGB,KNN,23.25946017164457,22.6236646265378,0.6357955451067703,0
SRCV,0.0,0.24,18,HistGB,KNN,21.322163342513168,20.865332927318907,0.45683041519426126,0
SRCV,0.0,0.24,19,HistGB,KNN,20.93072529938225,20.611027408455104,0.31969789092714507,0
SRCV,0.0,0.24,20,HistGB,KNN,21.74925183304476,21.538000917902348,0.21125091514241134,0
SRCV,0.0,0.24,21,HistGB,KNN,22.651067969927944,22.618736893558317,0.03233107636962629,0
SRCV,0.0,0.24,22,HistGB,KNN,22.46146878945244,22.050215114306518,0.4112536751459217,0
SRCV,0.0,0.24,23,HistGB,KNN,22.339223359037533,22.08033187991192,0.2588914791256123,0
SRCV,0.0,0.24,24,HistGB,HistGB,21.588328318789458,21.588328318789458,0.0,1
SRCV,0.0,0.32,0,HistGB,KNN,24.12467046999476,22.3410975641612,1.7835729058335623,0
SRCV,0.0,0.32,1,HistGB,KNN,25.77070627354392,24.167646892408506,1.603059381135413,0
SRCV,0.0,0.32,2,HistGB,KNN,24.59572377329288,23.22830694722482,1.3674168260680624,0
SRCV,0.0,0.32,3,HistGB,KNN,24.09274391415105,22.651724084282822,1.4410198298682282,0
SRCV,0.0,0.32,4,HistGB,KNN,23.90705141032773,22.899209031890777,1.0078423784369512,0
SRCV,0.0,0.32,5,HistGB,KNN,25.212724593070813,23.74077037955543,1.4719542135153851,0
SRCV,0.0,0.32,6,HistGB,KNN,27.269805798524292,24.58426841601279,2.6855373825115016,0
SRCV,0.0,0.32,7,HistGB,KNN,23.968635975943368,21.897619039501325,2.0710169364420423,0
SRCV,0.0,0.32,8,HistGB,KNN,24.47320734454739,22.56198727539633,1.9112200691510601,0
SRCV,0.0,0.32,9,HistGB,KNN,24.803594090704078,23.726477980773108,1.0771161099309694,0
SRCV,0.0,0.32,10,HistGB,KNN,24.47934381390138,23.392268978535643,1.087074835365737,0
SRCV,0.0,0.32,11,HistGB,KNN,23.72661797910468,22.911206803547127,0.8154111755575535,0
SRCV,0.0,0.32,12,HistGB,KNN,24.111346473464494,22.468416540666528,1.6429299327979656,0
SRCV,0.0,0.32,13,HistGB,KNN,24.99542252363374,23.978926219057577,1.0164963045761617,0
SRCV,0.0,0.32,14,HistGB,KNN,24.742605611228107,23.408361493293267,1.3342441179348405,0
SRCV,0.0,0.32,15,HistGB,KNN,24.416176662644283,22.5382140343824,1.8779626282618835,0
SRCV,0.0,0.32,16,HistGB,KNN,25.54446516039962,23.889956814327707,1.654508346071914,0
SRCV,0.0,0.32,17,HistGB,KNN,26.4958612951784,24.784073695291784,1.711787599886616,0
SRCV,0.0,0.32,18,HistGB,KNN,24.88464519023908,23.16494399329765,1.719701196941429,0
SRCV,0.0,0.32,19,HistGB,KNN,24.573643527987716,22.967426539513063,1.606216988474653,0
SRCV,0.0,0.32,20,HistGB,KNN,25.04910344930528,23.79135534710681,1.257748102198473,0
SRCV,0.0,0.32,21,HistGB,KNN,26.31016837981644,24.97102970206068,1.3391386777557592,0
SRCV,0.0,0.32,22,HistGB,KNN,26.098178562014315,24.39051221352639,1.7076663484879262,0
SRCV,0.0,0.32,23,HistGB,KNN,25.557866068906574,24.187060837810005,1.3708052310965684,0
SRCV,0.0,0.32,24,HistGB,KNN,25.003697301266914,24.039705867231064,0.9639914340358509,0
SRCV,0.0,0.4,0,HistGB,KNN,28.049609361827816,25.10814862318806,2.941460738639755,0
SRCV,0.0,0.4,1,HistGB,KNN,29.31611875614641,26.672735103263133,2.6433836528832764,0
SRCV,0.0,0.4,2,HistGB,KNN,28.384727103233185,25.81692397000759,2.5678031332255955,0
SRCV,0.0,0.4,3,HistGB,KNN,28.010289959071308,25.423661872844157,2.586628086227151,0
SRCV,0.0,0.4,4,HistGB,KNN,28.31516006865912,25.844904882373577,2.470255186285545,0
SRCV,0.0,0.4,5,HistGB,KNN,29.138612727054603,26.34733170986748,2.7912810171871243,0
SRCV,0.0,0.4,6,HistGB,KNN,31.47206094214324,27.471419439501894,4.000641502641347,0
SRCV,0.0,0.4,7,HistGB,KNN,27.888774713460062,24.65403390525961,3.2347408082004527,0
SRCV,0.0,0.4,8,HistGB,KNN,28.11039177616971,25.132597624958056,2.977794151211654,0
SRCV,0.0,0.4,9,HistGB,KNN,29.266611766794703,26.551948517294797,2.714663249499907,0
SRCV,0.0,0.4,10,HistGB,KNN,27.891574895247988,25.81186367292943,2.079711222318558,0
SRCV,0.0,0.4,11,HistGB,KNN,27.79176127114822,25.676760069446004,2.115001201702217,0
SRCV,0.0,0.4,12,HistGB,KNN,28.33763090957668,25.233865931244623,3.103764978332059,0
SRCV,0.0,0.4,13,HistGB,KNN,28.798902297381467,26.54460857267338,2.254293724708088,0
SRCV,0.0,0.4,14,HistGB,KNN,29.211910296743884,26.522075989221285,2.6898343075225988,0
SRCV,0.0,0.4,15,HistGB,KNN,28.65193876540236,25.34232298472043,3.3096157806819306,0
SRCV,0.0,0.4,16,HistGB,KNN,30.078513900930812,26.84998999315152,3.228523907779291,0
SRCV,0.0,0.4,17,HistGB,KNN,30.5095007137395,27.506923656523504,3.002577057215994,0
SRCV,0.0,0.4,18,HistGB,KNN,28.915144639978127,25.751301404565957,3.1638432354121697,0
SRCV,0.0,0.4,19,HistGB,KNN,28.586058710871352,25.36051788480377,3.225540826067583,0
SRCV,0.0,0.4,20,HistGB,KNN,28.90296152191095,26.323880275010467,2.5790812469004827,0
SRCV,0.0,0.4,21,HistGB,KNN,30.33042188933338,27.56509882832943,2.7653230610039508,0
SRCV,0.0,0.4,22,HistGB,KNN,30.205591444939312,26.97384541341878,3.231746031520533,0
SRCV,0.0,0.4,23,HistGB,KNN,29.56692175934774,26.81887054429276,2.7480512150549785,0
SRCV,0.0,0.4,24,HistGB,KNN,29.05916420698302,26.826243061722764,2.2329211452602564,0
SRCV,0.0,0.5,0,HistGB,KNN,34.3356818953042,29.36104864314475,4.97463325215945,0
SRCV,0.0,0.5,1,HistGB,KNN,35.45798108963929,30.78564658343057,4.6723345062087205,0
SRCV,0.0,0.5,2,HistGB,KNN,34.576328258809134,30.042510211973912,4.533818046835222,0
SRCV,0.0,0.5,3,HistGB,KNN,34.792656147750726,29.873883258001964,4.918772889748762,0
SRCV,0.0,0.5,4,HistGB,KNN,34.238497999689834,29.807820739177387,4.4306772605124465,0
SRCV,0.0,0.5,5,HistGB,KNN,35.27559090791475,30.71450700402392,4.561083903890829,0
SRCV,0.0,0.5,6,HistGB,KNN,37.69306887075829,31.49381187242601,6.199256998332277,0
SRCV,0.0,0.5,7,HistGB,KNN,33.714303799759946,28.83981311651348,4.874490683246467,0
SRCV,0.0,0.5,8,HistGB,KNN,34.41627098104753,29.623591813472316,4.792679167575216,0
SRCV,0.0,0.5,9,HistGB,KNN,34.73783599713518,30.300257701423387,4.437578295711791,0
SRCV,0.0,0.5,10,HistGB,KNN,33.910208514081305,29.824404136662483,4.085804377418821,0
SRCV,0.0,0.5,11,HistGB,KNN,33.62775139723734,29.60491639036404,4.022835006873301,0
SRCV,0.0,0.5,12,HistGB,KNN,34.021207929695294,29.14937495424439,4.8718329754509035,0
SRCV,0.0,0.5,13,HistGB,KNN,34.977502260566304,30.73761449320112,4.2398877673651825,0
SRCV,0.0,0.5,14,HistGB,KNN,34.802166158897485,30.22898594801385,4.573180210883635,0
SRCV,0.0,0.5,15,HistGB,KNN,34.57634793205066,29.482012823758883,5.0943351082917765,0
SRCV,0.0,0.5,16,HistGB,KNN,35.87939472326243,31.00229592672065,4.87709879654178,0
SRCV,0.0,0.5,17,HistGB,KNN,36.963845356749495,32.00073805865598,4.963107298093512,0
SRCV,0.0,0.5,18,HistGB,KNN,34.50305373795179,29.334123989500338,5.1689297484514505,0
SRCV,0.0,0.5,19,HistGB,KNN,34.60327848170751,29.727904717251747,4.875373764455766,0
SRCV,0.0,0.5,20,HistGB,KNN,34.325370645190155,30.386612943510592,3.938757701679563,0
SRCV,0.0,0.5,21,HistGB,KNN,36.63164043905123,32.05521614959351,4.576424289457719,0
SRCV,0.0,0.5,22,HistGB,KNN,36.0951832132667,30.834582638855917,5.260600574410784,0
SRCV,0.0,0.5,23,HistGB,KNN,35.70825739251677,31.138388285827343,4.569869106689428,0
SRCV,0.0,0.5,24,HistGB,KNN,34.82354914689996,30.66380562129224,4.159743525607716,0
SRCV,0.025,0.0,0,HistGB,HistGB,11.76015510447522,11.76015510447522,0.0,1
SRCV,0.025,0.0,1,HistGB,HistGB,13.73168860179165,13.73168860179165,0.0,1
SRCV,0.025,0.0,2,HistGB,HistGB,12.03246102203424,12.03246102203424,0.0,1
SRCV,0.025,0.0,3,HistGB,HistGB,12.507296971676508,12.507296971676508,0.0,1
SRCV,0.025,0.0,4,HistGB,HistGB,11.663767967150225,11.663767967150225,0.0,1
SRCV,0.025,0.0,5,HistGB,HistGB,12.788000461342667,12.788000461342667,0.0,1
SRCV,0.025,0.0,6,HistGB,HistGB,15.137088661400586,15.137088661400586,0.0,1
SRCV,0.025,0.0,7,HistGB,HistGB,11.832086758523523,11.832086758523523,0.0,1
SRCV,0.025,0.0,8,HistGB,HistGB,11.80698803744633,11.80698803744633,0.0,1
SRCV,0.025,0.0,9,HistGB,HistGB,12.556532991757797,12.556532991757797,0.0,1
SRCV,0.025,0.0,10,HistGB,HistGB,12.006766732493656,12.006766732493656,0.0,1
SRCV,0.025,0.0,11,HistGB,HistGB,11.346172695771273,11.346172695771273,0.0,1
SRCV,0.025,0.0,12,HistGB,HistGB,11.53607012306929,11.53607012306929,0.0,1
SRCV,0.025,0.0,13,HistGB,HistGB,12.501230435307573,12.501230435307573,0.0,1
SRCV,0.025,0.0,14,HistGB,HistGB,12.374390426143172,12.374390426143172,0.0,1
SRCV,0.025,0.0,15,HistGB,HistGB,12.425630433445932,12.425630433445932,0.0,1
SRCV,0.025,0.0,16,HistGB,HistGB,13.0920493003693,13.0920493003693,0.0,1
SRCV,0.025,0.0,17,HistGB,HistGB,14.474854688524555,14.474854688524555,0.0,1
SRCV,0.025,0.0,18,HistGB,HistGB,12.72431903276434,12.72431903276434,0.0,1
SRCV,0.025,0.0,19,HistGB,HistGB,12.38932481964971,12.38932481964971,0.0,1
SRCV,0.025,0.0,20,HistGB,HistGB,13.18137194824744,13.18137194824744,0.0,1
SRCV,0.025,0.0,21,HistGB,HistGB,13.996657000066351,13.996657000066351,0.0,1
SRCV,0.025,0.0,22,HistGB,HistGB,13.811627922541728,13.811627922541728,0.0,1
SRCV,0.025,0.0,23,HistGB,HistGB,13.32873782866024,13.32873782866024,0.0,1
SRCV,0.025,0.0,24,HistGB,HistGB,13.136467261751262,13.136467261751262,0.0,1
SRCV,0.025,0.025,0,HistGB,HistGB,13.790624657970188,13.790624657970188,0.0,1
SRCV,0.025,0.025,1,HistGB,HistGB,15.569190624933023,15.569190624933023,0.0,1
SRCV,0.025,0.025,2,HistGB,HistGB,14.088427543524208,14.088427543524208,0.0,1
SRCV,0.025,0.025,3,HistGB,HistGB,14.466111791412365,14.466111791412365,0.0,1
SRCV,0.025,0.025,4,HistGB,HistGB,13.735054816062018,13.735054816062018,0.0,1
SRCV,0.025,0.025,5,HistGB,HistGB,14.867893327492942,14.867893327492942,0.0,1
SRCV,0.025,0.025,6,HistGB,HistGB,17.17176789089314,17.17176789089314,0.0,1
SRCV,0.025,0.025,7,HistGB,HistGB,13.928703035242147,13.928703035242147,0.0,1
SRCV,0.025,0.025,8,HistGB,HistGB,14.035703406909802,14.035703406909802,0.0,1
SRCV,0.025,0.025,9,HistGB,HistGB,14.77125823960297,14.77125823960297,0.0,1
SRCV,0.025,0.025,10,HistGB,HistGB,14.180458644223837,14.180458644223837,0.0,1
SRCV,0.025,0.025,11,HistGB,HistGB,13.50742579877159,13.50742579877159,0.0,1
SRCV,0.025,0.025,12,HistGB,HistGB,13.758001907403685,13.758001907403685,0.0,1
SRCV,0.025,0.025,13,HistGB,HistGB,14.626656518553975,14.626656518553975,0.0,1
SRCV,0.025,0.025,14,HistGB,HistGB,14.533640708116964,14.533640708116964,0.0,1
SRCV,0.025,0.025,15,HistGB,HistGB,14.46272762558578,14.46272762558578,0.0,1
SRCV,0.025,0.025,16,HistGB,HistGB,15.171306018649071,15.171306018649071,0.0,1
SRCV,0.025,0.025,17,HistGB,HistGB,16.52161216946523,16.52161216946523,0.0,1
SRCV,0.025,0.025,18,HistGB,HistGB,14.780199693916028,14.780199693916028,0.0,1
SRCV,0.025,0.025,19,HistGB,HistGB,14.493836285631524,14.493836285631524,0.0,1
SRCV,0.025,0.025,20,HistGB,HistGB,15.368108126940594,15.368108126940594,0.0,1
SRCV,0.025,0.025,21,HistGB,HistGB,16.055770073743247,16.055770073743247,0.0,1
SRCV,0.025,0.025,22,HistGB,HistGB,15.713546741354476,15.713546741354476,0.0,1
SRCV,0.025,0.025,23,HistGB,HistGB,15.55503612142687,15.55503612142687,0.0,1
SRCV,0.025,0.025,24,HistGB,HistGB,15.081413399945886,15.081413399945886,0.0,1
SRCV,0.025,0.1,0,HistGB,HistGB,16.06918849714951,16.06918849714951,0.0,1
SRCV,0.025,0.1,1,HistGB,HistGB,17.715227486371926,17.715227486371926,0.0,1
SRCV,0.025,0.1,2,HistGB,HistGB,16.59812152428756,16.59812152428756,0.0,1
SRCV,0.025,0.1,3,HistGB,HistGB,16.681998568610286,16.681998568610286,0.0,1
SRCV,0.025,0.1,4,HistGB,HistGB,16.108514635915505,16.108514635915505,0.0,1
SRCV,0.025,0.1,5,HistGB,HistGB,17.268672823209283,17.268672823209283,0.0,1
SRCV,0.025,0.1,6,HistGB,HistGB,19.40432003734352,19.40432003734352,0.0,1
SRCV,0.025,0.1,7,HistGB,HistGB,16.082236395832705,16.082236395832705,0.0,1
SRCV,0.025,0.1,8,HistGB,HistGB,16.407129732211875,16.407129732211875,0.0,1
SRCV,0.025,0.1,9,HistGB,HistGB,17.16320210267766,17.16320210267766,0.0,1
SRCV,0.025,0.1,10,HistGB,HistGB,16.50268958110556,16.50268958110556,0.0,1
SRCV,0.025,0.1,11,HistGB,HistGB,15.964533676765804,15.964533676765804,0.0,1
SRCV,0.025,0.1,12,HistGB,HistGB,15.955340858425544,15.955340858425544,0.0,1
SRCV,0.025,0.1,13,HistGB,HistGB,16.931967619416174,16.931967619416174,0.0,1
SRCV,0.025,0.1,14,HistGB,HistGB,16.92890955586985,16.92890955586985,0.0,1
SRCV,0.025,0.1,15,HistGB,HistGB,16.861669366598026,16.861669366598026,0.0,1
SRCV,0.025,0.1,16,HistGB,HistGB,17.657517204616237,17.657517204616237,0.0,1
SRCV,0.025,0.1,17,HistGB,HistGB,18.682009768699448,18.682009768699448,0.0,1
SRCV,0.025,0.1,18,HistGB,HistGB,17.15936754113902,17.15936754113902,0.0,1
SRCV,0.025,0.1,19,HistGB,HistGB,16.832397587873736,16.832397587873736,0.0,1
SRCV,0.025,0.1,20,HistGB,HistGB,17.57369629098549,17.57369629098549,0.0,1
SRCV,0.025,0.1,21,HistGB,HistGB,18.21056570240688,18.21056570240688,0.0,1
SRCV,0.025,0.1,22,HistGB,HistGB,17.918651632655692,17.918651632655692,0.0,1
SRCV,0.025,0.1,23,HistGB,HistGB,17.87434674116678,17.87434674116678,0.0,1
SRCV,0.025,0.1,24,HistGB,HistGB,17.41484728033265,17.41484728033265,0.0,1
SRCV,0.025,0.15,0,HistGB,HistGB,17.541973445772758,17.541973445772758,0.0,1
SRCV,0.025,0.15,1,HistGB,HistGB,19.010878031887327,19.010878031887327,0.0,1
SRCV,0.025,0.15,2,HistGB,HistGB,17.80100779364431,17.80100779364431,0.0,1
SRCV,0.025,0.15,3,HistGB,HistGB,18.01452453786513,18.01452453786513,0.0,1
SRCV,0.025,0.15,4,HistGB,HistGB,17.437948123990314,17.437948123990314,0.0,1
SRCV,0.025,0.15,5,HistGB,HistGB,18.58285094234233,18.58285094234233,0.0,1
SRCV,0.025,0.15,6,HistGB,KNN,20.66574103016756,20.55617663708099,0.1095643930865684,0
SRCV,0.025,0.15,7,HistGB,HistGB,17.529586892481948,17.529586892481948,0.0,1
SRCV,0.025,0.15,8,HistGB,HistGB,17.8122895281797,17.8122895281797,0.0,1
SRCV,0.025,0.15,9,HistGB,HistGB,18.495670339370204,18.495670339370204,0.0,1
SRCV,0.025,0.15,10,HistGB,RandomForest,17.97117283362848,17.920692448422127,0.05048038520635245,0
SRCV,0.025,0.15,11,HistGB,RandomForest,17.484846230170547,17.41666006093395,0.06818616923659704,0
SRCV,0.025,0.15,12,HistGB,HistGB,17.466672392177024,17.466672392177024,0.0,1
SRCV,0.025,0.15,13,HistGB,HistGB,18.257215445819707,18.257215445819707,0.0,1
SRCV,0.025,0.15,14,HistGB,HistGB,18.137408455216548,18.137408455216548,0.0,1
SRCV,0.025,0.15,15,HistGB,HistGB,18.107544438260927,18.107544438260927,0.0,1
SRCV,0.025,0.15,16,HistGB,HistGB,18.78614046980045,18.78614046980045,0.0,1
SRCV,0.025,0.15,17,HistGB,HistGB,20.041240568377912,20.041240568377912,0.0,1
SRCV,0.025,0.15,18,HistGB,HistGB,18.367784803289087,18.367784803289087,0.0,1
SRCV,0.025,0.15,19,HistGB,HistGB,18.104123699192264,18.104123699192264,0.0,1
SRCV,0.025,0.15,20,HistGB,HistGB,18.801855062804623,18.801855062804623,0.0,1
SRCV,0.025,0.15,21,HistGB,HistGB,19.59619733176809,19.59619733176809,0.0,1
SRCV,0.025,0.15,22,HistGB,HistGB,19.298586066791096,19.298586066791096,0.0,1
SRCV,0.025,0.15,23,HistGB,HistGB,19.173574821481136,19.173574821481136,0.0,1
SRCV,0.025,0.15,24,HistGB,HistGB,18.65781447093841,18.65781447093841,0.0,1
SRCV,0.025,0.19,0,HistGB,HistGB,18.928739010266547,18.928739010266547,0.0,1
SRCV,0.025,0.19,1,HistGB,HistGB,20.143835873105846,20.143835873105846,0.0,1
SRCV,0.025,0.19,2,HistGB,RandomForest,19.26838422455713,19.25223313590072,0.016151088656410906,0
SRCV,0.025,0.19,3,HistGB,HistGB,19.443279896968026,19.443279896968026,0.0,1
SRCV,0.025,0.19,4,HistGB,HistGB,18.91392220590144,18.91392220590144,0.0,1
SRCV,0.025,0.19,5,HistGB,HistGB,19.95917516081851,19.95917516081851,0.0,1
SRCV,0.025,0.19,6,HistGB,KNN,21.81613605324205,21.221317844771534,0.5948182084705174,0
SRCV,0.025,0.19,7,HistGB,HistGB,18.7343657051764,18.7343657051764,0.0,1
SRCV,0.025,0.19,8,HistGB,HistGB,19.090144255140743,19.090144255140743,0.0,1
SRCV,0.025,0.19,9,HistGB,HistGB,19.75986807523372,19.75986807523372,0.0,1
SRCV,0.025,0.19,10,HistGB,RandomForest,19.228897842651488,19.11294703331267,0.11595080933881974,0
SRCV,0.025,0.19,11,HistGB,HistGB,18.667847445401883,18.667847445401883,0.0,1
SRCV,0.025,0.19,12,HistGB,HistGB,18.74800249831791,18.74800249831791,0.0,1
SRCV,0.025,0.19,13,HistGB,HistGB,19.487413662156857,19.487413662156857,0.0,1
SRCV,0.025,0.19,14,HistGB,HistGB,19.805729525276647,19.805729525276647,0.0,1
SRCV,0.025,0.19,15,HistGB,HistGB,19.53354628711148,19.53354628711148,0.0,1
SRCV,0.025,0.19,16,HistGB,HistGB,20.42138389973512,20.42138389973512,0.0,1
SRCV,0.025,0.19,17,HistGB,HistGB,21.336585653266862,21.336585653266862,0.0,1
SRCV,0.025,0.19,18,HistGB,HistGB,19.63875503262111,19.63875503262111,0.0,1
SRCV,0.025,0.19,19,HistGB,HistGB,19.237587544515986,19.237587544515986,0.0,1
SRCV,0.025,0.19,20,HistGB,HistGB,19.92591817042073,19.92591817042073,0.0,1
SRCV,0.025,0.19,21,HistGB,HistGB,21.007827210990577,21.007827210990577,0.0,1
SRCV,0.025,0.19,22,HistGB,HistGB,20.67660900892144,20.67660900892144,0.0,1
SRCV,0.025,0.19,23,HistGB,RandomForest,20.6083352155968,20.554130699292205,0.05420451630459411,0
SRCV,0.025,0.19,24,HistGB,HistGB,19.83663934120755,19.83663934120755,0.0,1
SRCV,0.025,0.2,0,HistGB,HistGB,19.31695977824297,19.31695977824297,0.0,1
SRCV,0.025,0.2,1,HistGB,HistGB,20.633704058890523,20.633704058890523,0.0,1
SRCV,0.025,0.2,2,HistGB,RandomForest,19.60198171985055,19.530966200000307,0.07101551985024201,0
SRCV,0.025,0.2,3,HistGB,HistGB,19.40246723251745,19.40246723251745,0.0,1
SRCV,0.025,0.2,4,HistGB,HistGB,19.19879919002628,19.19879919002628,0.0,1
SRCV,0.025,0.2,5,HistGB,HistGB,20.309646525902178,20.309646525902178,0.0,1
SRCV,0.025,0.2,6,HistGB,KNN,22.22715469741236,21.45106211319845,0.7760925842139095,0
SRCV,0.025,0.2,7,HistGB,KNN,19.087134768957217,18.91466158420148,0.17247318475573792,0
SRCV,0.025,0.2,8,HistGB,HistGB,19.353522301384245,19.353522301384245,0.0,1
SRCV,0.025,0.2,9,HistGB,HistGB,20.244280483753503,20.244280483753503,0.0,1
SRCV,0.025,0.2,10,HistGB,RandomForest,19.482679894775195,19.397262692891125,0.08541720188406998,0
SRCV,0.025,0.2,11,HistGB,HistGB,18.81764877008533,18.81764877008533,0.0,1
SRCV,0.025,0.2,12,HistGB,HistGB,19.156116543683805,19.156116543683805,0.0,1
SRCV,0.025,0.2,13,HistGB,HistGB,20.01349433745357,20.01349433745357,0.0,1
SRCV,0.025,0.2,14,HistGB,HistGB,20.033455238923583,20.033455238923583,0.0,1
SRCV,0.025,0.2,15,HistGB,KNN,19.86983031134916,19.770319702527317,0.09951060882184137,0
SRCV,0.025,0.2,16,HistGB,HistGB,20.56981023209017,20.56981023209017,0.0,1
SRCV,0.025,0.2,17,HistGB,KNN,21.90020836235615,21.8467341910282,0.05347417132794874,0
SRCV,0.025,0.2,18,HistGB,KNN,20.13102128441388,20.099350238418523,0.031671045995356195,0
SRCV,0.025,0.2,19,HistGB,HistGB,19.59435135708357,19.59435135708357,0.0,1
SRCV,0.025,0.2,20,HistGB,HistGB,20.38206963513907,20.38206963513907,0.0,1
SRCV,0.025,0.2,21,HistGB,HistGB,21.186528023649814,21.186528023649814,0.0,1
SRCV,0.025,0.2,22,HistGB,HistGB,20.970762127732502,20.970762127732502,0.0,1
SRCV,0.025,0.2,23,HistGB,HistGB,20.731601966614555,20.731601966614555,0.0,1
SRCV,0.025,0.2,24,HistGB,HistGB,20.04810559903347,20.04810559903347,0.0,1
SRCV,0.025,0.21,0,HistGB,KNN,19.712347729890087,19.62070076050922,0.09164696938086792,0
SRCV,0.025,0.21,1,HistGB,HistGB,20.883479751389164,20.883479751389164,0.0,1
SRCV,0.025,0.21,2,HistGB,RandomForest,19.80436562213185,19.776411638303763,0.02795398382808756,0
SRCV,0.025,0.21,3,HistGB,HistGB,19.79962845112105,19.79962845112105,0.0,1
SRCV,0.025,0.21,4,HistGB,HistGB,19.524084711512717,19.524084711512717,0.0,1
SRCV,0.025,0.21,5,HistGB,HistGB,20.691741037075957,20.691741037075957,0.0,1
SRCV,0.025,0.21,6,HistGB,KNN,22.638128623682924,21.735449205266427,0.902679418416497,0
SRCV,0.025,0.21,7,HistGB,KNN,19.563223774521383,19.129134412148225,0.43408936237315743,0
SRCV,0.025,0.21,8,HistGB,KNN,19.949149133827166,19.754159286311616,0.1949898475155507,0
SRCV,0.025,0.21,9,HistGB,HistGB,20.53946391412387,20.53946391412387,0.0,1
SRCV,0.025,0.21,10,HistGB,RandomForest,19.791512389893278,19.766638000384397,0.024874389508880768,0
SRCV,0.025,0.21,11,HistGB,HistGB,19.12476153385831,19.12476153385831,0.0,1
SRCV,0.025,0.21,12,HistGB,HistGB,19.62285011346803,19.62285011346803,0.0,1
SRCV,0.025,0.21,13,HistGB,HistGB,20.1912750022628,20.1912750022628,0.0,1
SRCV,0.025,0.21,14,HistGB,HistGB,20.17871752830445,20.17871752830445,0.0,1
SRCV,0.025,0.21,15,HistGB,KNN,20.35635435076348,20.008689836811453,0.3476645139520258,0
SRCV,0.025,0.21,16,HistGB,RandomForest,20.844016484607646,20.833181161887754,0.010835322719891849,0
SRCV,0.025,0.21,17,HistGB,KNN,22.20143236502758,21.9739723674224,0.22745999760517677,0
SRCV,0.025,0.21,18,HistGB,KNN,20.435337004508213,20.18731917985644,0.2480178246517717,0
SRCV,0.025,0.21,19,HistGB,HistGB,19.97509701714303,19.97509701714303,0.0,1
SRCV,0.025,0.21,20,HistGB,HistGB,20.63839378129152,20.63839378129152,0.0,1
SRCV,0.025,0.21,21,HistGB,HistGB,21.40956894525845,21.40956894525845,0.0,1
SRCV,0.025,0.21,22,HistGB,KNN,21.279054027647227,21.24068021908822,0.03837380855900818,0
SRCV,0.025,0.21,23,HistGB,HistGB,21.073886705689358,21.073886705689358,0.0,1
SRCV,0.025,0.21,24,HistGB,HistGB,20.58508699071329,20.58508699071329,0.0,1
SRCV,0.025,0.24,0,HistGB,KNN,20.982521657856744,20.33664056590208,0.6458810919546636,0
SRCV,0.025,0.24,1,HistGB,KNN,22.064357590263988,21.92280236504782,0.1415552252161696,0
SRCV,0.025,0.24,2,HistGB,KNN,20.79592375371037,20.741214770005676,0.05470898370469257,0
SRCV,0.025,0.24,3,HistGB,KNN,20.84463885093164,20.4321294687124,0.41250938221924116,0
SRCV,0.025,0.24,4,HistGB,HistGB,20.575640835804094,20.575640835804094,0.0,1
SRCV,0.025,0.24,5,HistGB,KNN,21.85542178703425,21.582918404859733,0.2725033821745164,0
SRCV,0.025,0.24,6,HistGB,KNN,24.16724330250814,22.650935540068332,1.5163077624398085,0
SRCV,0.025,0.24,7,HistGB,KNN,20.526325030059937,19.87952199459999,0.6468030354599463,0
SRCV,0.025,0.24,8,HistGB,KNN,21.085049356636727,20.522281621260348,0.5627677353763794,0
SRCV,0.025,0.24,9,HistGB,HistGB,21.50120439198769,21.50120439198769,0.0,1
SRCV,0.025,0.24,10,HistGB,HistGB,20.799187355071187,20.799187355071187,0.0,1
SRCV,0.025,0.24,11,HistGB,RandomForest,20.46050823698773,20.371659546986443,0.08884869000128859,0
SRCV,0.025,0.24,12,HistGB,KNN,20.42873796577705,20.153818096825816,0.2749198689512333,0
SRCV,0.025,0.24,13,HistGB,HistGB,21.2669017233842,21.2669017233842,0.0,1
SRCV,0.025,0.24,14,HistGB,KNN,21.462084175510437,21.3226337532928,0.1394504222176387,0
SRCV,0.025,0.24,15,HistGB,KNN,21.109553749660595,20.52767563958444,0.5818781100761541,0
SRCV,0.025,0.24,16,HistGB,KNN,22.00953698747326,21.60327312063129,0.4062638668419716,0
SRCV,0.025,0.24,17,HistGB,KNN,23.25946017164457,22.6236646265378,0.6357955451067703,0
SRCV,0.025,0.24,18,HistGB,KNN,21.322163342513168,20.865332927318907,0.45683041519426126,0
SRCV,0.025,0.24,19,HistGB,KNN,20.93072529938225,20.611027408455104,0.31969789092714507,0
SRCV,0.025,0.24,20,HistGB,KNN,21.74925183304476,21.538000917902348,0.21125091514241134,0
SRCV,0.025,0.24,21,HistGB,KNN,22.651067969927944,22.618736893558317,0.03233107636962629,0
SRCV,0.025,0.24,22,HistGB,KNN,22.46146878945244,22.050215114306518,0.4112536751459217,0
SRCV,0.025,0.24,23,HistGB,KNN,22.339223359037533,22.08033187991192,0.2588914791256123,0
SRCV,0.025,0.24,24,HistGB,HistGB,21.588328318789458,21.588328318789458,0.0,1
SRCV,0.025,0.32,0,HistGB,KNN,24.12467046999476,22.3410975641612,1.7835729058335623,0
SRCV,0.025,0.32,1,HistGB,KNN,25.77070627354392,24.167646892408506,1.603059381135413,0
SRCV,0.025,0.32,2,HistGB,KNN,24.59572377329288,23.22830694722482,1.3674168260680624,0
SRCV,0.025,0.32,3,HistGB,KNN,24.09274391415105,22.651724084282822,1.4410198298682282,0
SRCV,0.025,0.32,4,HistGB,KNN,23.90705141032773,22.899209031890777,1.0078423784369512,0
SRCV,0.025,0.32,5,HistGB,KNN,25.212724593070813,23.74077037955543,1.4719542135153851,0
SRCV,0.025,0.32,6,HistGB,KNN,27.269805798524292,24.58426841601279,2.6855373825115016,0
SRCV,0.025,0.32,7,HistGB,KNN,23.968635975943368,21.897619039501325,2.0710169364420423,0
SRCV,0.025,0.32,8,HistGB,KNN,24.47320734454739,22.56198727539633,1.9112200691510601,0
SRCV,0.025,0.32,9,HistGB,KNN,24.803594090704078,23.726477980773108,1.0771161099309694,0
SRCV,0.025,0.32,10,HistGB,KNN,24.47934381390138,23.392268978535643,1.087074835365737,0
SRCV,0.025,0.32,11,HistGB,KNN,23.72661797910468,22.911206803547127,0.8154111755575535,0
SRCV,0.025,0.32,12,HistGB,KNN,24.111346473464494,22.468416540666528,1.6429299327979656,0
SRCV,0.025,0.32,13,HistGB,KNN,24.99542252363374,23.978926219057577,1.0164963045761617,0
SRCV,0.025,0.32,14,HistGB,KNN,24.742605611228107,23.408361493293267,1.3342441179348405,0
SRCV,0.025,0.32,15,HistGB,KNN,24.416176662644283,22.5382140343824,1.8779626282618835,0
SRCV,0.025,0.32,16,HistGB,KNN,25.54446516039962,23.889956814327707,1.654508346071914,0
SRCV,0.025,0.32,17,HistGB,KNN,26.4958612951784,24.784073695291784,1.711787599886616,0
SRCV,0.025,0.32,18,HistGB,KNN,24.88464519023908,23.16494399329765,1.719701196941429,0
SRCV,0.025,0.32,19,HistGB,KNN,24.573643527987716,22.967426539513063,1.606216988474653,0
SRCV,0.025,0.32,20,HistGB,KNN,25.04910344930528,23.79135534710681,1.257748102198473,0
SRCV,0.025,0.32,21,HistGB,KNN,26.31016837981644,24.97102970206068,1.3391386777557592,0
SRCV,0.025,0.32,22,HistGB,KNN,26.098178562014315,24.39051221352639,1.7076663484879262,0
SRCV,0.025,0.32,23,HistGB,KNN,25.557866068906574,24.187060837810005,1.3708052310965684,0
SRCV,0.025,0.32,24,HistGB,KNN,25.003697301266914,24.039705867231064,0.9639914340358509,0
SRCV,0.025,0.4,0,HistGB,KNN,28.049609361827816,25.10814862318806,2.941460738639755,0
SRCV,0.025,0.4,1,HistGB,KNN,29.31611875614641,26.672735103263133,2.6433836528832764,0
SRCV,0.025,0.4,2,HistGB,KNN,28.384727103233185,25.81692397000759,2.5678031332255955,0
SRCV,0.025,0.4,3,HistGB,KNN,28.010289959071308,25.423661872844157,2.586628086227151,0
SRCV,0.025,0.4,4,HistGB,KNN,28.31516006865912,25.844904882373577,2.470255186285545,0
SRCV,0.025,0.4,5,HistGB,KNN,29.138612727054603,26.34733170986748,2.7912810171871243,0
SRCV,0.025,0.4,6,HistGB,KNN,31.47206094214324,27.471419439501894,4.000641502641347,0
SRCV,0.025,0.4,7,HistGB,KNN,27.888774713460062,24.65403390525961,3.2347408082004527,0
SRCV,0.025,0.4,8,HistGB,KNN,28.11039177616971,25.132597624958056,2.977794151211654,0
SRCV,0.025,0.4,9,HistGB,KNN,29.266611766794703,26.551948517294797,2.714663249499907,0
SRCV,0.025,0.4,10,HistGB,KNN,27.891574895247988,25.81186367292943,2.079711222318558,0
SRCV,0.025,0.4,11,HistGB,KNN,27.79176127114822,25.676760069446004,2.115001201702217,0
SRCV,0.025,0.4,12,HistGB,KNN,28.33763090957668,25.233865931244623,3.103764978332059,0
SRCV,0.025,0.4,13,HistGB,KNN,28.798902297381467,26.54460857267338,2.254293724708088,0
SRCV,0.025,0.4,14,HistGB,KNN,29.211910296743884,26.522075989221285,2.6898343075225988,0
SRCV,0.025,0.4,15,HistGB,KNN,28.65193876540236,25.34232298472043,3.3096157806819306,0
SRCV,0.025,0.4,16,HistGB,KNN,30.078513900930812,26.84998999315152,3.228523907779291,0
SRCV,0.025,0.4,17,HistGB,KNN,30.5095007137395,27.506923656523504,3.002577057215994,0
SRCV,0.025,0.4,18,HistGB,KNN,28.915144639978127,25.751301404565957,3.1638432354121697,0
SRCV,0.025,0.4,19,HistGB,KNN,28.586058710871352,25.36051788480377,3.225540826067583,0
SRCV,0.025,0.4,20,HistGB,KNN,28.90296152191095,26.323880275010467,2.5790812469004827,0
SRCV,0.025,0.4,21,HistGB,KNN,30.33042188933338,27.56509882832943,2.7653230610039508,0
SRCV,0.025,0.4,22,HistGB,KNN,30.205591444939312,26.97384541341878,3.231746031520533,0
SRCV,0.025,0.4,23,HistGB,KNN,29.56692175934774,26.81887054429276,2.7480512150549785,0
SRCV,0.025,0.4,24,HistGB,KNN,29.05916420698302,26.826243061722764,2.2329211452602564,0
SRCV,0.025,0.5,0,HistGB,KNN,34.3356818953042,29.36104864314475,4.97463325215945,0
SRCV,0.025,0.5,1,HistGB,KNN,35.45798108963929,30.78564658343057,4.6723345062087205,0
SRCV,0.025,0.5,2,HistGB,KNN,34.576328258809134,30.042510211973912,4.533818046835222,0
SRCV,0.025,0.5,3,HistGB,KNN,34.792656147750726,29.873883258001964,4.918772889748762,0
SRCV,0.025,0.5,4,HistGB,KNN,34.238497999689834,29.807820739177387,4.4306772605124465,0
SRCV,0.025,0.5,5,HistGB,KNN,35.27559090791475,30.71450700402392,4.561083903890829,0
SRCV,0.025,0.5,6,HistGB,KNN,37.69306887075829,31.49381187242601,6.199256998332277,0
SRCV,0.025,0.5,7,HistGB,KNN,33.714303799759946,28.83981311651348,4.874490683246467,0
SRCV,0.025,0.5,8,HistGB,KNN,34.41627098104753,29.623591813472316,4.792679167575216,0
SRCV,0.025,0.5,9,HistGB,KNN,34.73783599713518,30.300257701423387,4.437578295711791,0
SRCV,0.025,0.5,10,HistGB,KNN,33.910208514081305,29.824404136662483,4.085804377418821,0
SRCV,0.025,0.5,11,HistGB,KNN,33.62775139723734,29.60491639036404,4.022835006873301,0
SRCV,0.025,0.5,12,HistGB,KNN,34.021207929695294,29.14937495424439,4.8718329754509035,0
SRCV,0.025,0.5,13,HistGB,KNN,34.977502260566304,30.73761449320112,4.2398877673651825,0
SRCV,0.025,0.5,14,HistGB,KNN,34.802166158897485,30.22898594801385,4.573180210883635,0
SRCV,0.025,0.5,15,HistGB,KNN,34.57634793205066,29.482012823758883,5.0943351082917765,0
SRCV,0.025,0.5,16,HistGB,KNN,35.87939472326243,31.00229592672065,4.87709879654178,0
SRCV,0.025,0.5,17,HistGB,KNN,36.963845356749495,32.00073805865598,4.963107298093512,0
SRCV,0.025,0.5,18,HistGB,KNN,34.50305373795179,29.334123989500338,5.1689297484514505,0
SRCV,0.025,0.5,19,HistGB,KNN,34.60327848170751,29.727904717251747,4.875373764455766,0
SRCV,0.025,0.5,20,HistGB,KNN,34.325370645190155,30.386612943510592,3.938757701679563,0
SRCV,0.025,0.5,21,HistGB,KNN,36.63164043905123,32.05521614959351,4.576424289457719,0
SRCV,0.025,0.5,22,HistGB,KNN,36.0951832132667,30.834582638855917,5.260600574410784,0
SRCV,0.025,0.5,23,HistGB,KNN,35.70825739251677,31.138388285827343,4.569869106689428,0
SRCV,0.025,0.5,24,HistGB,KNN,34.82354914689996,30.66380562129224,4.159743525607716,0
SRCV,0.05,0.0,0,HistGB,HistGB,11.76015510447522,11.76015510447522,0.0,1
SRCV,0.05,0.0,1,HistGB,HistGB,13.73168860179165,13.73168860179165,0.0,1
SRCV,0.05,0.0,2,HistGB,HistGB,12.03246102203424,12.03246102203424,0.0,1
SRCV,0.05,0.0,3,HistGB,HistGB,12.507296971676508,12.507296971676508,0.0,1
SRCV,0.05,0.0,4,HistGB,HistGB,11.663767967150225,11.663767967150225,0.0,1
SRCV,0.05,0.0,5,HistGB,HistGB,12.788000461342667,12.788000461342667,0.0,1
SRCV,0.05,0.0,6,HistGB,HistGB,15.137088661400586,15.137088661400586,0.0,1
SRCV,0.05,0.0,7,HistGB,HistGB,11.832086758523523,11.832086758523523,0.0,1
SRCV,0.05,0.0,8,HistGB,HistGB,11.80698803744633,11.80698803744633,0.0,1
SRCV,0.05,0.0,9,HistGB,HistGB,12.556532991757797,12.556532991757797,0.0,1
SRCV,0.05,0.0,10,HistGB,HistGB,12.006766732493656,12.006766732493656,0.0,1
SRCV,0.05,0.0,11,HistGB,HistGB,11.346172695771273,11.346172695771273,0.0,1
SRCV,0.05,0.0,12,HistGB,HistGB,11.53607012306929,11.53607012306929,0.0,1
SRCV,0.05,0.0,13,HistGB,HistGB,12.501230435307573,12.501230435307573,0.0,1
SRCV,0.05,0.0,14,HistGB,HistGB,12.374390426143172,12.374390426143172,0.0,1
SRCV,0.05,0.0,15,HistGB,HistGB,12.425630433445932,12.425630433445932,0.0,1
SRCV,0.05,0.0,16,HistGB,HistGB,13.0920493003693,13.0920493003693,0.0,1
SRCV,0.05,0.0,17,HistGB,HistGB,14.474854688524555,14.474854688524555,0.0,1
SRCV,0.05,0.0,18,HistGB,HistGB,12.72431903276434,12.72431903276434,0.0,1
SRCV,0.05,0.0,19,HistGB,HistGB,12.38932481964971,12.38932481964971,0.0,1
SRCV,0.05,0.0,20,HistGB,HistGB,13.18137194824744,13.18137194824744,0.0,1
SRCV,0.05,0.0,21,HistGB,HistGB,13.996657000066351,13.996657000066351,0.0,1
SRCV,0.05,0.0,22,HistGB,HistGB,13.811627922541728,13.811627922541728,0.0,1
SRCV,0.05,0.0,23,HistGB,HistGB,13.32873782866024,13.32873782866024,0.0,1
SRCV,0.05,0.0,24,HistGB,HistGB,13.136467261751262,13.136467261751262,0.0,1
SRCV,0.05,0.025,0,HistGB,HistGB,13.790624657970188,13.790624657970188,0.0,1
SRCV,0.05,0.025,1,HistGB,HistGB,15.569190624933023,15.569190624933023,0.0,1
SRCV,0.05,0.025,2,HistGB,HistGB,14.088427543524208,14.088427543524208,0.0,1
SRCV,0.05,0.025,3,HistGB,HistGB,14.466111791412365,14.466111791412365,0.0,1
SRCV,0.05,0.025,4,HistGB,HistGB,13.735054816062018,13.735054816062018,0.0,1
SRCV,0.05,0.025,5,HistGB,HistGB,14.867893327492942,14.867893327492942,0.0,1
SRCV,0.05,0.025,6,HistGB,HistGB,17.17176789089314,17.17176789089314,0.0,1
SRCV,0.05,0.025,7,HistGB,HistGB,13.928703035242147,13.928703035242147,0.0,1
SRCV,0.05,0.025,8,HistGB,HistGB,14.035703406909802,14.035703406909802,0.0,1
SRCV,0.05,0.025,9,HistGB,HistGB,14.77125823960297,14.77125823960297,0.0,1
SRCV,0.05,0.025,10,HistGB,HistGB,14.180458644223837,14.180458644223837,0.0,1
SRCV,0.05,0.025,11,HistGB,HistGB,13.50742579877159,13.50742579877159,0.0,1
SRCV,0.05,0.025,12,HistGB,HistGB,13.758001907403685,13.758001907403685,0.0,1
SRCV,0.05,0.025,13,HistGB,HistGB,14.626656518553975,14.626656518553975,0.0,1
SRCV,0.05,0.025,14,HistGB,HistGB,14.533640708116964,14.533640708116964,0.0,1
SRCV,0.05,0.025,15,HistGB,HistGB,14.46272762558578,14.46272762558578,0.0,1
SRCV,0.05,0.025,16,HistGB,HistGB,15.171306018649071,15.171306018649071,0.0,1
SRCV,0.05,0.025,17,HistGB,HistGB,16.52161216946523,16.52161216946523,0.0,1
SRCV,0.05,0.025,18,HistGB,HistGB,14.780199693916028,14.780199693916028,0.0,1
SRCV,0.05,0.025,19,HistGB,HistGB,14.493836285631524,14.493836285631524,0.0,1
SRCV,0.05,0.025,20,HistGB,HistGB,15.368108126940594,15.368108126940594,0.0,1
SRCV,0.05,0.025,21,HistGB,HistGB,16.055770073743247,16.055770073743247,0.0,1
SRCV,0.05,0.025,22,HistGB,HistGB,15.713546741354476,15.713546741354476,0.0,1
SRCV,0.05,0.025,23,HistGB,HistGB,15.55503612142687,15.55503612142687,0.0,1
SRCV,0.05,0.025,24,HistGB,HistGB,15.081413399945886,15.081413399945886,0.0,1
SRCV,0.05,0.1,0,HistGB,HistGB,16.06918849714951,16.06918849714951,0.0,1
SRCV,0.05,0.1,1,HistGB,HistGB,17.715227486371926,17.715227486371926,0.0,1
SRCV,0.05,0.1,2,HistGB,HistGB,16.59812152428756,16.59812152428756,0.0,1
SRCV,0.05,0.1,3,HistGB,HistGB,16.681998568610286,16.681998568610286,0.0,1
SRCV,0.05,0.1,4,HistGB,HistGB,16.108514635915505,16.108514635915505,0.0,1
SRCV,0.05,0.1,5,HistGB,HistGB,17.268672823209283,17.268672823209283,0.0,1
SRCV,0.05,0.1,6,HistGB,HistGB,19.40432003734352,19.40432003734352,0.0,1
SRCV,0.05,0.1,7,HistGB,HistGB,16.082236395832705,16.082236395832705,0.0,1
SRCV,0.05,0.1,8,HistGB,HistGB,16.407129732211875,16.407129732211875,0.0,1
SRCV,0.05,0.1,9,HistGB,HistGB,17.16320210267766,17.16320210267766,0.0,1
SRCV,0.05,0.1,10,HistGB,HistGB,16.50268958110556,16.50268958110556,0.0,1
SRCV,0.05,0.1,11,HistGB,HistGB,15.964533676765804,15.964533676765804,0.0,1
SRCV,0.05,0.1,12,HistGB,HistGB,15.955340858425544,15.955340858425544,0.0,1
SRCV,0.05,0.1,13,HistGB,HistGB,16.931967619416174,16.931967619416174,0.0,1
SRCV,0.05,0.1,14,HistGB,HistGB,16.92890955586985,16.92890955586985,0.0,1
SRCV,0.05,0.1,15,HistGB,HistGB,16.861669366598026,16.861669366598026,0.0,1
SRCV,0.05,0.1,16,HistGB,HistGB,17.657517204616237,17.657517204616237,0.0,1
SRCV,0.05,0.1,17,HistGB,HistGB,18.682009768699448,18.682009768699448,0.0,1
SRCV,0.05,0.1,18,HistGB,HistGB,17.15936754113902,17.15936754113902,0.0,1
SRCV,0.05,0.1,19,HistGB,HistGB,16.832397587873736,16.832397587873736,0.0,1
SRCV,0.05,0.1,20,HistGB,HistGB,17.57369629098549,17.57369629098549,0.0,1
SRCV,0.05,0.1,21,HistGB,HistGB,18.21056570240688,18.21056570240688,0.0,1
SRCV,0.05,0.1,22,HistGB,HistGB,17.918651632655692,17.918651632655692,0.0,1
SRCV,0.05,0.1,23,HistGB,HistGB,17.87434674116678,17.87434674116678,0.0,1
SRCV,0.05,0.1,24,HistGB,HistGB,17.41484728033265,17.41484728033265,0.0,1
SRCV,0.05,0.15,0,HistGB,HistGB,17.541973445772758,17.541973445772758,0.0,1
SRCV,0.05,0.15,1,HistGB,HistGB,19.010878031887327,19.010878031887327,0.0,1
SRCV,0.05,0.15,2,HistGB,HistGB,17.80100779364431,17.80100779364431,0.0,1
SRCV,0.05,0.15,3,HistGB,HistGB,18.01452453786513,18.01452453786513,0.0,1
SRCV,0.05,0.15,4,HistGB,HistGB,17.437948123990314,17.437948123990314,0.0,1
SRCV,0.05,0.15,5,HistGB,HistGB,18.58285094234233,18.58285094234233,0.0,1
SRCV,0.05,0.15,6,HistGB,KNN,20.66574103016756,20.55617663708099,0.1095643930865684,0
SRCV,0.05,0.15,7,HistGB,HistGB,17.529586892481948,17.529586892481948,0.0,1
SRCV,0.05,0.15,8,HistGB,HistGB,17.8122895281797,17.8122895281797,0.0,1
SRCV,0.05,0.15,9,HistGB,HistGB,18.495670339370204,18.495670339370204,0.0,1
SRCV,0.05,0.15,10,HistGB,RandomForest,17.97117283362848,17.920692448422127,0.05048038520635245,0
SRCV,0.05,0.15,11,HistGB,RandomForest,17.484846230170547,17.41666006093395,0.06818616923659704,0
SRCV,0.05,0.15,12,HistGB,HistGB,17.466672392177024,17.466672392177024,0.0,1
SRCV,0.05,0.15,13,HistGB,HistGB,18.257215445819707,18.257215445819707,0.0,1
SRCV,0.05,0.15,14,HistGB,HistGB,18.137408455216548,18.137408455216548,0.0,1
SRCV,0.05,0.15,15,HistGB,HistGB,18.107544438260927,18.107544438260927,0.0,1
SRCV,0.05,0.15,16,HistGB,HistGB,18.78614046980045,18.78614046980045,0.0,1
SRCV,0.05,0.15,17,HistGB,HistGB,20.041240568377912,20.041240568377912,0.0,1
SRCV,0.05,0.15,18,HistGB,HistGB,18.367784803289087,18.367784803289087,0.0,1
SRCV,0.05,0.15,19,HistGB,HistGB,18.104123699192264,18.104123699192264,0.0,1
SRCV,0.05,0.15,20,HistGB,HistGB,18.801855062804623,18.801855062804623,0.0,1
SRCV,0.05,0.15,21,HistGB,HistGB,19.59619733176809,19.59619733176809,0.0,1
SRCV,0.05,0.15,22,HistGB,HistGB,19.298586066791096,19.298586066791096,0.0,1
SRCV,0.05,0.15,23,HistGB,HistGB,19.173574821481136,19.173574821481136,0.0,1
SRCV,0.05,0.15,24,HistGB,HistGB,18.65781447093841,18.65781447093841,0.0,1
SRCV,0.05,0.19,0,HistGB,HistGB,18.928739010266547,18.928739010266547,0.0,1
SRCV,0.05,0.19,1,HistGB,HistGB,20.143835873105846,20.143835873105846,0.0,1
SRCV,0.05,0.19,2,HistGB,RandomForest,19.26838422455713,19.25223313590072,0.016151088656410906,0
SRCV,0.05,0.19,3,HistGB,HistGB,19.443279896968026,19.443279896968026,0.0,1
SRCV,0.05,0.19,4,HistGB,HistGB,18.91392220590144,18.91392220590144,0.0,1
SRCV,0.05,0.19,5,HistGB,HistGB,19.95917516081851,19.95917516081851,0.0,1
SRCV,0.05,0.19,6,HistGB,KNN,21.81613605324205,21.221317844771534,0.5948182084705174,0
SRCV,0.05,0.19,7,HistGB,HistGB,18.7343657051764,18.7343657051764,0.0,1
SRCV,0.05,0.19,8,HistGB,HistGB,19.090144255140743,19.090144255140743,0.0,1
SRCV,0.05,0.19,9,HistGB,HistGB,19.75986807523372,19.75986807523372,0.0,1
SRCV,0.05,0.19,10,HistGB,RandomForest,19.228897842651488,19.11294703331267,0.11595080933881974,0
SRCV,0.05,0.19,11,HistGB,HistGB,18.667847445401883,18.667847445401883,0.0,1
SRCV,0.05,0.19,12,HistGB,HistGB,18.74800249831791,18.74800249831791,0.0,1
SRCV,0.05,0.19,13,HistGB,HistGB,19.487413662156857,19.487413662156857,0.0,1
SRCV,0.05,0.19,14,HistGB,HistGB,19.805729525276647,19.805729525276647,0.0,1
SRCV,0.05,0.19,15,HistGB,HistGB,19.53354628711148,19.53354628711148,0.0,1
SRCV,0.05,0.19,16,HistGB,HistGB,20.42138389973512,20.42138389973512,0.0,1
SRCV,0.05,0.19,17,HistGB,HistGB,21.336585653266862,21.336585653266862,0.0,1
SRCV,0.05,0.19,18,HistGB,HistGB,19.63875503262111,19.63875503262111,0.0,1
SRCV,0.05,0.19,19,HistGB,HistGB,19.237587544515986,19.237587544515986,0.0,1
SRCV,0.05,0.19,20,HistGB,HistGB,19.92591817042073,19.92591817042073,0.0,1
SRCV,0.05,0.19,21,HistGB,HistGB,21.007827210990577,21.007827210990577,0.0,1
SRCV,0.05,0.19,22,HistGB,HistGB,20.67660900892144,20.67660900892144,0.0,1
SRCV,0.05,0.19,23,HistGB,RandomForest,20.6083352155968,20.554130699292205,0.05420451630459411,0
SRCV,0.05,0.19,24,HistGB,HistGB,19.83663934120755,19.83663934120755,0.0,1
SRCV,0.05,0.2,0,HistGB,HistGB,19.31695977824297,19.31695977824297,0.0,1
SRCV,0.05,0.2,1,HistGB,HistGB,20.633704058890523,20.633704058890523,0.0,1
SRCV,0.05,0.2,2,HistGB,RandomForest,19.60198171985055,19.530966200000307,0.07101551985024201,0
SRCV,0.05,0.2,3,HistGB,HistGB,19.40246723251745,19.40246723251745,0.0,1
SRCV,0.05,0.2,4,HistGB,HistGB,19.19879919002628,19.19879919002628,0.0,1
SRCV,0.05,0.2,5,HistGB,HistGB,20.309646525902178,20.309646525902178,0.0,1
SRCV,0.05,0.2,6,HistGB,KNN,22.22715469741236,21.45106211319845,0.7760925842139095,0
SRCV,0.05,0.2,7,HistGB,KNN,19.087134768957217,18.91466158420148,0.17247318475573792,0
SRCV,0.05,0.2,8,HistGB,HistGB,19.353522301384245,19.353522301384245,0.0,1
SRCV,0.05,0.2,9,HistGB,HistGB,20.244280483753503,20.244280483753503,0.0,1
SRCV,0.05,0.2,10,HistGB,RandomForest,19.482679894775195,19.397262692891125,0.08541720188406998,0
SRCV,0.05,0.2,11,HistGB,HistGB,18.81764877008533,18.81764877008533,0.0,1
SRCV,0.05,0.2,12,HistGB,HistGB,19.156116543683805,19.156116543683805,0.0,1
SRCV,0.05,0.2,13,HistGB,HistGB,20.01349433745357,20.01349433745357,0.0,1
SRCV,0.05,0.2,14,HistGB,HistGB,20.033455238923583,20.033455238923583,0.0,1
SRCV,0.05,0.2,15,HistGB,KNN,19.86983031134916,19.770319702527317,0.09951060882184137,0
SRCV,0.05,0.2,16,HistGB,HistGB,20.56981023209017,20.56981023209017,0.0,1
SRCV,0.05,0.2,17,HistGB,KNN,21.90020836235615,21.8467341910282,0.05347417132794874,0
SRCV,0.05,0.2,18,HistGB,KNN,20.13102128441388,20.099350238418523,0.031671045995356195,0
SRCV,0.05,0.2,19,HistGB,HistGB,19.59435135708357,19.59435135708357,0.0,1
SRCV,0.05,0.2,20,HistGB,HistGB,20.38206963513907,20.38206963513907,0.0,1
SRCV,0.05,0.2,21,HistGB,HistGB,21.186528023649814,21.186528023649814,0.0,1
SRCV,0.05,0.2,22,HistGB,HistGB,20.970762127732502,20.970762127732502,0.0,1
SRCV,0.05,0.2,23,HistGB,HistGB,20.731601966614555,20.731601966614555,0.0,1
SRCV,0.05,0.2,24,HistGB,HistGB,20.04810559903347,20.04810559903347,0.0,1
SRCV,0.05,0.21,0,HistGB,KNN,19.712347729890087,19.62070076050922,0.09164696938086792,0
SRCV,0.05,0.21,1,HistGB,HistGB,20.883479751389164,20.883479751389164,0.0,1
SRCV,0.05,0.21,2,HistGB,RandomForest,19.80436562213185,19.776411638303763,0.02795398382808756,0
SRCV,0.05,0.21,3,HistGB,HistGB,19.79962845112105,19.79962845112105,0.0,1
SRCV,0.05,0.21,4,HistGB,HistGB,19.524084711512717,19.524084711512717,0.0,1
SRCV,0.05,0.21,5,HistGB,HistGB,20.691741037075957,20.691741037075957,0.0,1
SRCV,0.05,0.21,6,HistGB,KNN,22.638128623682924,21.735449205266427,0.902679418416497,0
SRCV,0.05,0.21,7,HistGB,KNN,19.563223774521383,19.129134412148225,0.43408936237315743,0
SRCV,0.05,0.21,8,HistGB,KNN,19.949149133827166,19.754159286311616,0.1949898475155507,0
SRCV,0.05,0.21,9,HistGB,HistGB,20.53946391412387,20.53946391412387,0.0,1
SRCV,0.05,0.21,10,HistGB,RandomForest,19.791512389893278,19.766638000384397,0.024874389508880768,0
SRCV,0.05,0.21,11,HistGB,HistGB,19.12476153385831,19.12476153385831,0.0,1
SRCV,0.05,0.21,12,HistGB,HistGB,19.62285011346803,19.62285011346803,0.0,1
SRCV,0.05,0.21,13,HistGB,HistGB,20.1912750022628,20.1912750022628,0.0,1
SRCV,0.05,0.21,14,HistGB,HistGB,20.17871752830445,20.17871752830445,0.0,1
SRCV,0.05,0.21,15,HistGB,KNN,20.35635435076348,20.008689836811453,0.3476645139520258,0
SRCV,0.05,0.21,16,HistGB,RandomForest,20.844016484607646,20.833181161887754,0.010835322719891849,0
SRCV,0.05,0.21,17,HistGB,KNN,22.20143236502758,21.9739723674224,0.22745999760517677,0
SRCV,0.05,0.21,18,HistGB,KNN,20.435337004508213,20.18731917985644,0.2480178246517717,0
SRCV,0.05,0.21,19,HistGB,HistGB,19.97509701714303,19.97509701714303,0.0,1
SRCV,0.05,0.21,20,HistGB,HistGB,20.63839378129152,20.63839378129152,0.0,1
SRCV,0.05,0.21,21,HistGB,HistGB,21.40956894525845,21.40956894525845,0.0,1
SRCV,0.05,0.21,22,HistGB,KNN,21.279054027647227,21.24068021908822,0.03837380855900818,0
SRCV,0.05,0.21,23,HistGB,HistGB,21.073886705689358,21.073886705689358,0.0,1
SRCV,0.05,0.21,24,HistGB,HistGB,20.58508699071329,20.58508699071329,0.0,1
SRCV,0.05,0.24,0,HistGB,KNN,20.982521657856744,20.33664056590208,0.6458810919546636,0
SRCV,0.05,0.24,1,HistGB,KNN,22.064357590263988,21.92280236504782,0.1415552252161696,0
SRCV,0.05,0.24,2,HistGB,KNN,20.79592375371037,20.741214770005676,0.05470898370469257,0
SRCV,0.05,0.24,3,HistGB,KNN,20.84463885093164,20.4321294687124,0.41250938221924116,0
SRCV,0.05,0.24,4,HistGB,HistGB,20.575640835804094,20.575640835804094,0.0,1
SRCV,0.05,0.24,5,HistGB,KNN,21.85542178703425,21.582918404859733,0.2725033821745164,0
SRCV,0.05,0.24,6,HistGB,KNN,24.16724330250814,22.650935540068332,1.5163077624398085,0
SRCV,0.05,0.24,7,HistGB,KNN,20.526325030059937,19.87952199459999,0.6468030354599463,0
SRCV,0.05,0.24,8,HistGB,KNN,21.085049356636727,20.522281621260348,0.5627677353763794,0
SRCV,0.05,0.24,9,HistGB,HistGB,21.50120439198769,21.50120439198769,0.0,1
SRCV,0.05,0.24,10,HistGB,HistGB,20.799187355071187,20.799187355071187,0.0,1
SRCV,0.05,0.24,11,HistGB,RandomForest,20.46050823698773,20.371659546986443,0.08884869000128859,0
SRCV,0.05,0.24,12,HistGB,KNN,20.42873796577705,20.153818096825816,0.2749198689512333,0
SRCV,0.05,0.24,13,HistGB,HistGB,21.2669017233842,21.2669017233842,0.0,1
SRCV,0.05,0.24,14,HistGB,KNN,21.462084175510437,21.3226337532928,0.1394504222176387,0
SRCV,0.05,0.24,15,HistGB,KNN,21.109553749660595,20.52767563958444,0.5818781100761541,0
SRCV,0.05,0.24,16,HistGB,KNN,22.00953698747326,21.60327312063129,0.4062638668419716,0
SRCV,0.05,0.24,17,HistGB,KNN,23.25946017164457,22.6236646265378,0.6357955451067703,0
SRCV,0.05,0.24,18,HistGB,KNN,21.322163342513168,20.865332927318907,0.45683041519426126,0
SRCV,0.05,0.24,19,HistGB,KNN,20.93072529938225,20.611027408455104,0.31969789092714507,0
SRCV,0.05,0.24,20,HistGB,KNN,21.74925183304476,21.538000917902348,0.21125091514241134,0
SRCV,0.05,0.24,21,HistGB,KNN,22.651067969927944,22.618736893558317,0.03233107636962629,0
SRCV,0.05,0.24,22,HistGB,KNN,22.46146878945244,22.050215114306518,0.4112536751459217,0
SRCV,0.05,0.24,23,HistGB,KNN,22.339223359037533,22.08033187991192,0.2588914791256123,0
SRCV,0.05,0.24,24,HistGB,HistGB,21.588328318789458,21.588328318789458,0.0,1
SRCV,0.05,0.32,0,HistGB,KNN,24.12467046999476,22.3410975641612,1.7835729058335623,0
SRCV,0.05,0.32,1,HistGB,KNN,25.77070627354392,24.167646892408506,1.603059381135413,0
SRCV,0.05,0.32,2,HistGB,KNN,24.59572377329288,23.22830694722482,1.3674168260680624,0
SRCV,0.05,0.32,3,HistGB,KNN,24.09274391415105,22.651724084282822,1.4410198298682282,0
SRCV,0.05,0.32,4,HistGB,KNN,23.90705141032773,22.899209031890777,1.0078423784369512,0
SRCV,0.05,0.32,5,HistGB,KNN,25.212724593070813,23.74077037955543,1.4719542135153851,0
SRCV,0.05,0.32,6,HistGB,KNN,27.269805798524292,24.58426841601279,2.6855373825115016,0
SRCV,0.05,0.32,7,HistGB,KNN,23.968635975943368,21.897619039501325,2.0710169364420423,0
SRCV,0.05,0.32,8,HistGB,KNN,24.47320734454739,22.56198727539633,1.9112200691510601,0
SRCV,0.05,0.32,9,HistGB,KNN,24.803594090704078,23.726477980773108,1.0771161099309694,0
SRCV,0.05,0.32,10,HistGB,KNN,24.47934381390138,23.392268978535643,1.087074835365737,0
SRCV,0.05,0.32,11,HistGB,KNN,23.72661797910468,22.911206803547127,0.8154111755575535,0
SRCV,0.05,0.32,12,HistGB,KNN,24.111346473464494,22.468416540666528,1.6429299327979656,0
SRCV,0.05,0.32,13,HistGB,KNN,24.99542252363374,23.978926219057577,1.0164963045761617,0
SRCV,0.05,0.32,14,HistGB,KNN,24.742605611228107,23.408361493293267,1.3342441179348405,0
SRCV,0.05,0.32,15,HistGB,KNN,24.416176662644283,22.5382140343824,1.8779626282618835,0
SRCV,0.05,0.32,16,HistGB,KNN,25.54446516039962,23.889956814327707,1.654508346071914,0
SRCV,0.05,0.32,17,HistGB,KNN,26.4958612951784,24.784073695291784,1.711787599886616,0
SRCV,0.05,0.32,18,HistGB,KNN,24.88464519023908,23.16494399329765,1.719701196941429,0
SRCV,0.05,0.32,19,HistGB,KNN,24.573643527987716,22.967426539513063,1.606216988474653,0
SRCV,0.05,0.32,20,HistGB,KNN,25.04910344930528,23.79135534710681,1.257748102198473,0
SRCV,0.05,0.32,21,HistGB,KNN,26.31016837981644,24.97102970206068,1.3391386777557592,0
SRCV,0.05,0.32,22,HistGB,KNN,26.098178562014315,24.39051221352639,1.7076663484879262,0
SRCV,0.05,0.32,23,HistGB,KNN,25.557866068906574,24.187060837810005,1.3708052310965684,0
SRCV,0.05,0.32,24,HistGB,KNN,25.003697301266914,24.039705867231064,0.9639914340358509,0
SRCV,0.05,0.4,0,HistGB,KNN,28.049609361827816,25.10814862318806,2.941460738639755,0
SRCV,0.05,0.4,1,HistGB,KNN,29.31611875614641,26.672735103263133,2.6433836528832764,0
SRCV,0.05,0.4,2,HistGB,KNN,28.384727103233185,25.81692397000759,2.5678031332255955,0
SRCV,0.05,0.4,3,HistGB,KNN,28.010289959071308,25.423661872844157,2.586628086227151,0
SRCV,0.05,0.4,4,HistGB,KNN,28.31516006865912,25.844904882373577,2.470255186285545,0
SRCV,0.05,0.4,5,HistGB,KNN,29.138612727054603,26.34733170986748,2.7912810171871243,0
SRCV,0.05,0.4,6,HistGB,KNN,31.47206094214324,27.471419439501894,4.000641502641347,0
SRCV,0.05,0.4,7,HistGB,KNN,27.888774713460062,24.65403390525961,3.2347408082004527,0
SRCV,0.05,0.4,8,HistGB,KNN,28.11039177616971,25.132597624958056,2.977794151211654,0
SRCV,0.05,0.4,9,HistGB,KNN,29.266611766794703,26.551948517294797,2.714663249499907,0
SRCV,0.05,0.4,10,HistGB,KNN,27.891574895247988,25.81186367292943,2.079711222318558,0
SRCV,0.05,0.4,11,HistGB,KNN,27.79176127114822,25.676760069446004,2.115001201702217,0
SRCV,0.05,0.4,12,HistGB,KNN,28.33763090957668,25.233865931244623,3.103764978332059,0
SRCV,0.05,0.4,13,HistGB,KNN,28.798902297381467,26.54460857267338,2.254293724708088,0
SRCV,0.05,0.4,14,HistGB,KNN,29.211910296743884,26.522075989221285,2.6898343075225988,0
SRCV,0.05,0.4,15,HistGB,KNN,28.65193876540236,25.34232298472043,3.3096157806819306,0
SRCV,0.05,0.4,16,HistGB,KNN,30.078513900930812,26.84998999315152,3.228523907779291,0
SRCV,0.05,0.4,17,HistGB,KNN,30.5095007137395,27.506923656523504,3.002577057215994,0
SRCV,0.05,0.4,18,HistGB,KNN,28.915144639978127,25.751301404565957,3.1638432354121697,0
SRCV,0.05,0.4,19,HistGB,KNN,28.586058710871352,25.36051788480377,3.225540826067583,0
SRCV,0.05,0.4,20,HistGB,KNN,28.90296152191095,26.323880275010467,2.5790812469004827,0
SRCV,0.05,0.4,21,HistGB,KNN,30.33042188933338,27.56509882832943,2.7653230610039508,0
SRCV,0.05,0.4,22,HistGB,KNN,30.205591444939312,26.97384541341878,3.231746031520533,0
SRCV,0.05,0.4,23,HistGB,KNN,29.56692175934774,26.81887054429276,2.7480512150549785,0
SRCV,0.05,0.4,24,HistGB,KNN,29.05916420698302,26.826243061722764,2.2329211452602564,0
SRCV,0.05,0.5,0,HistGB,KNN,34.3356818953042,29.36104864314475,4.97463325215945,0
SRCV,0.05,0.5,1,HistGB,KNN,35.45798108963929,30.78564658343057,4.6723345062087205,0
SRCV,0.05,0.5,2,HistGB,KNN,34.576328258809134,30.042510211973912,4.533818046835222,0
SRCV,0.05,0.5,3,HistGB,KNN,34.792656147750726,29.873883258001964,4.918772889748762,0
SRCV,0.05,0.5,4,HistGB,KNN,34.238497999689834,29.807820739177387,4.4306772605124465,0
SRCV,0.05,0.5,5,HistGB,KNN,35.27559090791475,30.71450700402392,4.561083903890829,0
SRCV,0.05,0.5,6,HistGB,KNN,37.69306887075829,31.49381187242601,6.199256998332277,0
SRCV,0.05,0.5,7,HistGB,KNN,33.714303799759946,28.83981311651348,4.874490683246467,0
SRCV,0.05,0.5,8,HistGB,KNN,34.41627098104753,29.623591813472316,4.792679167575216,0
SRCV,0.05,0.5,9,HistGB,KNN,34.73783599713518,30.300257701423387,4.437578295711791,0
SRCV,0.05,0.5,10,HistGB,KNN,33.910208514081305,29.824404136662483,4.085804377418821,0
SRCV,0.05,0.5,11,HistGB,KNN,33.62775139723734,29.60491639036404,4.022835006873301,0
SRCV,0.05,0.5,12,HistGB,KNN,34.021207929695294,29.14937495424439,4.8718329754509035,0
SRCV,0.05,0.5,13,HistGB,KNN,34.977502260566304,30.73761449320112,4.2398877673651825,0
SRCV,0.05,0.5,14,HistGB,KNN,34.802166158897485,30.22898594801385,4.573180210883635,0
SRCV,0.05,0.5,15,HistGB,KNN,34.57634793205066,29.482012823758883,5.0943351082917765,0
SRCV,0.05,0.5,16,HistGB,KNN,35.87939472326243,31.00229592672065,4.87709879654178,0
SRCV,0.05,0.5,17,HistGB,KNN,36.963845356749495,32.00073805865598,4.963107298093512,0
SRCV,0.05,0.5,18,HistGB,KNN,34.50305373795179,29.334123989500338,5.1689297484514505,0
SRCV,0.05,0.5,19,HistGB,KNN,34.60327848170751,29.727904717251747,4.875373764455766,0
SRCV,0.05,0.5,20,HistGB,KNN,34.325370645190155,30.386612943510592,3.938757701679563,0
SRCV,0.05,0.5,21,HistGB,KNN,36.63164043905123,32.05521614959351,4.576424289457719,0
SRCV,0.05,0.5,22,HistGB,KNN,36.0951832132667,30.834582638855917,5.260600574410784,0
SRCV,0.05,0.5,23,HistGB,KNN,35.70825739251677,31.138388285827343,4.569869106689428,0
SRCV,0.05,0.5,24,HistGB,KNN,34.82354914689996,30.66380562129224,4.159743525607716,0
SRCV,0.075,0.0,0,HistGB,HistGB,11.76015510447522,11.76015510447522,0.0,1
SRCV,0.075,0.0,1,HistGB,HistGB,13.73168860179165,13.73168860179165,0.0,1
SRCV,0.075,0.0,2,HistGB,HistGB,12.03246102203424,12.03246102203424,0.0,1
SRCV,0.075,0.0,3,HistGB,HistGB,12.507296971676508,12.507296971676508,0.0,1
SRCV,0.075,0.0,4,HistGB,HistGB,11.663767967150225,11.663767967150225,0.0,1
SRCV,0.075,0.0,5,HistGB,HistGB,12.788000461342667,12.788000461342667,0.0,1
SRCV,0.075,0.0,6,HistGB,HistGB,15.137088661400586,15.137088661400586,0.0,1
SRCV,0.075,0.0,7,HistGB,HistGB,11.832086758523523,11.832086758523523,0.0,1
SRCV,0.075,0.0,8,HistGB,HistGB,11.80698803744633,11.80698803744633,0.0,1
SRCV,0.075,0.0,9,HistGB,HistGB,12.556532991757797,12.556532991757797,0.0,1
SRCV,0.075,0.0,10,HistGB,HistGB,12.006766732493656,12.006766732493656,0.0,1
SRCV,0.075,0.0,11,HistGB,HistGB,11.346172695771273,11.346172695771273,0.0,1
SRCV,0.075,0.0,12,HistGB,HistGB,11.53607012306929,11.53607012306929,0.0,1
SRCV,0.075,0.0,13,HistGB,HistGB,12.501230435307573,12.501230435307573,0.0,1
SRCV,0.075,0.0,14,HistGB,HistGB,12.374390426143172,12.374390426143172,0.0,1
SRCV,0.075,0.0,15,HistGB,HistGB,12.425630433445932,12.425630433445932,0.0,1
SRCV,0.075,0.0,16,HistGB,HistGB,13.0920493003693,13.0920493003693,0.0,1
SRCV,0.075,0.0,17,HistGB,HistGB,14.474854688524555,14.474854688524555,0.0,1
SRCV,0.075,0.0,18,HistGB,HistGB,12.72431903276434,12.72431903276434,0.0,1
SRCV,0.075,0.0,19,HistGB,HistGB,12.38932481964971,12.38932481964971,0.0,1
SRCV,0.075,0.0,20,HistGB,HistGB,13.18137194824744,13.18137194824744,0.0,1
SRCV,0.075,0.0,21,HistGB,HistGB,13.996657000066351,13.996657000066351,0.0,1
SRCV,0.075,0.0,22,HistGB,HistGB,13.811627922541728,13.811627922541728,0.0,1
SRCV,0.075,0.0,23,HistGB,HistGB,13.32873782866024,13.32873782866024,0.0,1
SRCV,0.075,0.0,24,HistGB,HistGB,13.136467261751262,13.136467261751262,0.0,1
SRCV,0.075,0.025,0,HistGB,HistGB,13.790624657970188,13.790624657970188,0.0,1
SRCV,0.075,0.025,1,HistGB,HistGB,15.569190624933023,15.569190624933023,0.0,1
SRCV,0.075,0.025,2,HistGB,HistGB,14.088427543524208,14.088427543524208,0.0,1
SRCV,0.075,0.025,3,HistGB,HistGB,14.466111791412365,14.466111791412365,0.0,1
SRCV,0.075,0.025,4,HistGB,HistGB,13.735054816062018,13.735054816062018,0.0,1
SRCV,0.075,0.025,5,HistGB,HistGB,14.867893327492942,14.867893327492942,0.0,1
SRCV,0.075,0.025,6,HistGB,HistGB,17.17176789089314,17.17176789089314,0.0,1
SRCV,0.075,0.025,7,HistGB,HistGB,13.928703035242147,13.928703035242147,0.0,1
SRCV,0.075,0.025,8,HistGB,HistGB,14.035703406909802,14.035703406909802,0.0,1
SRCV,0.075,0.025,9,HistGB,HistGB,14.77125823960297,14.77125823960297,0.0,1
SRCV,0.075,0.025,10,HistGB,HistGB,14.180458644223837,14.180458644223837,0.0,1
SRCV,0.075,0.025,11,HistGB,HistGB,13.50742579877159,13.50742579877159,0.0,1
SRCV,0.075,0.025,12,HistGB,HistGB,13.758001907403685,13.758001907403685,0.0,1
SRCV,0.075,0.025,13,HistGB,HistGB,14.626656518553975,14.626656518553975,0.0,1
SRCV,0.075,0.025,14,HistGB,HistGB,14.533640708116964,14.533640708116964,0.0,1
SRCV,0.075,0.025,15,HistGB,HistGB,14.46272762558578,14.46272762558578,0.0,1
SRCV,0.075,0.025,16,HistGB,HistGB,15.171306018649071,15.171306018649071,0.0,1
SRCV,0.075,0.025,17,HistGB,HistGB,16.52161216946523,16.52161216946523,0.0,1
SRCV,0.075,0.025,18,HistGB,HistGB,14.780199693916028,14.780199693916028,0.0,1
SRCV,0.075,0.025,19,HistGB,HistGB,14.493836285631524,14.493836285631524,0.0,1
SRCV,0.075,0.025,20,HistGB,HistGB,15.368108126940594,15.368108126940594,0.0,1
SRCV,0.075,0.025,21,HistGB,HistGB,16.055770073743247,16.055770073743247,0.0,1
SRCV,0.075,0.025,22,HistGB,HistGB,15.713546741354476,15.713546741354476,0.0,1
SRCV,0.075,0.025,23,HistGB,HistGB,15.55503612142687,15.55503612142687,0.0,1
SRCV,0.075,0.025,24,HistGB,HistGB,15.081413399945886,15.081413399945886,0.0,1
SRCV,0.075,0.1,0,HistGB,HistGB,16.06918849714951,16.06918849714951,0.0,1
SRCV,0.075,0.1,1,HistGB,HistGB,17.715227486371926,17.715227486371926,0.0,1
SRCV,0.075,0.1,2,HistGB,HistGB,16.59812152428756,16.59812152428756,0.0,1
SRCV,0.075,0.1,3,HistGB,HistGB,16.681998568610286,16.681998568610286,0.0,1
SRCV,0.075,0.1,4,HistGB,HistGB,16.108514635915505,16.108514635915505,0.0,1
SRCV,0.075,0.1,5,HistGB,HistGB,17.268672823209283,17.268672823209283,0.0,1
SRCV,0.075,0.1,6,HistGB,HistGB,19.40432003734352,19.40432003734352,0.0,1
SRCV,0.075,0.1,7,HistGB,HistGB,16.082236395832705,16.082236395832705,0.0,1
SRCV,0.075,0.1,8,HistGB,HistGB,16.407129732211875,16.407129732211875,0.0,1
SRCV,0.075,0.1,9,HistGB,HistGB,17.16320210267766,17.16320210267766,0.0,1
SRCV,0.075,0.1,10,HistGB,HistGB,16.50268958110556,16.50268958110556,0.0,1
SRCV,0.075,0.1,11,HistGB,HistGB,15.964533676765804,15.964533676765804,0.0,1
SRCV,0.075,0.1,12,HistGB,HistGB,15.955340858425544,15.955340858425544,0.0,1
SRCV,0.075,0.1,13,HistGB,HistGB,16.931967619416174,16.931967619416174,0.0,1
SRCV,0.075,0.1,14,HistGB,HistGB,16.92890955586985,16.92890955586985,0.0,1
SRCV,0.075,0.1,15,HistGB,HistGB,16.861669366598026,16.861669366598026,0.0,1
SRCV,0.075,0.1,16,HistGB,HistGB,17.657517204616237,17.657517204616237,0.0,1
SRCV,0.075,0.1,17,HistGB,HistGB,18.682009768699448,18.682009768699448,0.0,1
SRCV,0.075,0.1,18,HistGB,HistGB,17.15936754113902,17.15936754113902,0.0,1
SRCV,0.075,0.1,19,HistGB,HistGB,16.832397587873736,16.832397587873736,0.0,1
SRCV,0.075,0.1,20,HistGB,HistGB,17.57369629098549,17.57369629098549,0.0,1
SRCV,0.075,0.1,21,HistGB,HistGB,18.21056570240688,18.21056570240688,0.0,1
SRCV,0.075,0.1,22,HistGB,HistGB,17.918651632655692,17.918651632655692,0.0,1
SRCV,0.075,0.1,23,HistGB,HistGB,17.87434674116678,17.87434674116678,0.0,1
SRCV,0.075,0.1,24,HistGB,HistGB,17.41484728033265,17.41484728033265,0.0,1
SRCV,0.075,0.15,0,HistGB,HistGB,17.541973445772758,17.541973445772758,0.0,1
SRCV,0.075,0.15,1,HistGB,HistGB,19.010878031887327,19.010878031887327,0.0,1
SRCV,0.075,0.15,2,HistGB,HistGB,17.80100779364431,17.80100779364431,0.0,1
SRCV,0.075,0.15,3,HistGB,HistGB,18.01452453786513,18.01452453786513,0.0,1
SRCV,0.075,0.15,4,HistGB,HistGB,17.437948123990314,17.437948123990314,0.0,1
SRCV,0.075,0.15,5,HistGB,HistGB,18.58285094234233,18.58285094234233,0.0,1
SRCV,0.075,0.15,6,HistGB,KNN,20.66574103016756,20.55617663708099,0.1095643930865684,0
SRCV,0.075,0.15,7,HistGB,HistGB,17.529586892481948,17.529586892481948,0.0,1
SRCV,0.075,0.15,8,HistGB,HistGB,17.8122895281797,17.8122895281797,0.0,1
SRCV,0.075,0.15,9,HistGB,HistGB,18.495670339370204,18.495670339370204,0.0,1
SRCV,0.075,0.15,10,HistGB,RandomForest,17.97117283362848,17.920692448422127,0.05048038520635245,0
SRCV,0.075,0.15,11,HistGB,RandomForest,17.484846230170547,17.41666006093395,0.06818616923659704,0
SRCV,0.075,0.15,12,HistGB,HistGB,17.466672392177024,17.466672392177024,0.0,1
SRCV,0.075,0.15,13,HistGB,HistGB,18.257215445819707,18.257215445819707,0.0,1
SRCV,0.075,0.15,14,HistGB,HistGB,18.137408455216548,18.137408455216548,0.0,1
SRCV,0.075,0.15,15,HistGB,HistGB,18.107544438260927,18.107544438260927,0.0,1
SRCV,0.075,0.15,16,HistGB,HistGB,18.78614046980045,18.78614046980045,0.0,1
SRCV,0.075,0.15,17,HistGB,HistGB,20.041240568377912,20.041240568377912,0.0,1
SRCV,0.075,0.15,18,HistGB,HistGB,18.367784803289087,18.367784803289087,0.0,1
SRCV,0.075,0.15,19,HistGB,HistGB,18.104123699192264,18.104123699192264,0.0,1
SRCV,0.075,0.15,20,HistGB,HistGB,18.801855062804623,18.801855062804623,0.0,1
SRCV,0.075,0.15,21,HistGB,HistGB,19.59619733176809,19.59619733176809,0.0,1
SRCV,0.075,0.15,22,HistGB,HistGB,19.298586066791096,19.298586066791096,0.0,1
SRCV,0.075,0.15,23,HistGB,HistGB,19.173574821481136,19.173574821481136,0.0,1
SRCV,0.075,0.15,24,HistGB,HistGB,18.65781447093841,18.65781447093841,0.0,1
SRCV,0.075,0.19,0,HistGB,HistGB,18.928739010266547,18.928739010266547,0.0,1
SRCV,0.075,0.19,1,HistGB,HistGB,20.143835873105846,20.143835873105846,0.0,1
SRCV,0.075,0.19,2,HistGB,RandomForest,19.26838422455713,19.25223313590072,0.016151088656410906,0
SRCV,0.075,0.19,3,HistGB,HistGB,19.443279896968026,19.443279896968026,0.0,1
SRCV,0.075,0.19,4,HistGB,HistGB,18.91392220590144,18.91392220590144,0.0,1
SRCV,0.075,0.19,5,HistGB,HistGB,19.95917516081851,19.95917516081851,0.0,1
SRCV,0.075,0.19,6,HistGB,KNN,21.81613605324205,21.221317844771534,0.5948182084705174,0
SRCV,0.075,0.19,7,HistGB,HistGB,18.7343657051764,18.7343657051764,0.0,1
SRCV,0.075,0.19,8,HistGB,HistGB,19.090144255140743,19.090144255140743,0.0,1
SRCV,0.075,0.19,9,HistGB,HistGB,19.75986807523372,19.75986807523372,0.0,1
SRCV,0.075,0.19,10,HistGB,RandomForest,19.228897842651488,19.11294703331267,0.11595080933881974,0
SRCV,0.075,0.19,11,HistGB,HistGB,18.667847445401883,18.667847445401883,0.0,1
SRCV,0.075,0.19,12,HistGB,HistGB,18.74800249831791,18.74800249831791,0.0,1
SRCV,0.075,0.19,13,HistGB,HistGB,19.487413662156857,19.487413662156857,0.0,1
SRCV,0.075,0.19,14,HistGB,HistGB,19.805729525276647,19.805729525276647,0.0,1
SRCV,0.075,0.19,15,HistGB,HistGB,19.53354628711148,19.53354628711148,0.0,1
SRCV,0.075,0.19,16,HistGB,HistGB,20.42138389973512,20.42138389973512,0.0,1
SRCV,0.075,0.19,17,HistGB,HistGB,21.336585653266862,21.336585653266862,0.0,1
SRCV,0.075,0.19,18,HistGB,HistGB,19.63875503262111,19.63875503262111,0.0,1
SRCV,0.075,0.19,19,HistGB,HistGB,19.237587544515986,19.237587544515986,0.0,1
SRCV,0.075,0.19,20,HistGB,HistGB,19.92591817042073,19.92591817042073,0.0,1
SRCV,0.075,0.19,21,HistGB,HistGB,21.007827210990577,21.007827210990577,0.0,1
SRCV,0.075,0.19,22,HistGB,HistGB,20.67660900892144,20.67660900892144,0.0,1
SRCV,0.075,0.19,23,HistGB,RandomForest,20.6083352155968,20.554130699292205,0.05420451630459411,0
SRCV,0.075,0.19,24,HistGB,HistGB,19.83663934120755,19.83663934120755,0.0,1
SRCV,0.075,0.2,0,HistGB,HistGB,19.31695977824297,19.31695977824297,0.0,1
SRCV,0.075,0.2,1,HistGB,HistGB,20.633704058890523,20.633704058890523,0.0,1
SRCV,0.075,0.2,2,HistGB,RandomForest,19.60198171985055,19.530966200000307,0.07101551985024201,0
SRCV,0.075,0.2,3,HistGB,HistGB,19.40246723251745,19.40246723251745,0.0,1
SRCV,0.075,0.2,4,HistGB,HistGB,19.19879919002628,19.19879919002628,0.0,1
SRCV,0.075,0.2,5,HistGB,HistGB,20.309646525902178,20.309646525902178,0.0,1
SRCV,0.075,0.2,6,HistGB,KNN,22.22715469741236,21.45106211319845,0.7760925842139095,0
SRCV,0.075,0.2,7,HistGB,KNN,19.087134768957217,18.91466158420148,0.17247318475573792,0
SRCV,0.075,0.2,8,HistGB,HistGB,19.353522301384245,19.353522301384245,0.0,1
SRCV,0.075,0.2,9,HistGB,HistGB,20.244280483753503,20.244280483753503,0.0,1
SRCV,0.075,0.2,10,HistGB,RandomForest,19.482679894775195,19.397262692891125,0.08541720188406998,0
SRCV,0.075,0.2,11,HistGB,HistGB,18.81764877008533,18.81764877008533,0.0,1
SRCV,0.075,0.2,12,HistGB,HistGB,19.156116543683805,19.156116543683805,0.0,1
SRCV,0.075,0.2,13,HistGB,HistGB,20.01349433745357,20.01349433745357,0.0,1
SRCV,0.075,0.2,14,HistGB,HistGB,20.033455238923583,20.033455238923583,0.0,1
SRCV,0.075,0.2,15,HistGB,KNN,19.86983031134916,19.770319702527317,0.09951060882184137,0
SRCV,0.075,0.2,16,HistGB,HistGB,20.56981023209017,20.56981023209017,0.0,1
SRCV,0.075,0.2,17,HistGB,KNN,21.90020836235615,21.8467341910282,0.05347417132794874,0
SRCV,0.075,0.2,18,HistGB,KNN,20.13102128441388,20.099350238418523,0.031671045995356195,0
SRCV,0.075,0.2,19,HistGB,HistGB,19.59435135708357,19.59435135708357,0.0,1
SRCV,0.075,0.2,20,HistGB,HistGB,20.38206963513907,20.38206963513907,0.0,1
SRCV,0.075,0.2,21,HistGB,HistGB,21.186528023649814,21.186528023649814,0.0,1
SRCV,0.075,0.2,22,HistGB,HistGB,20.970762127732502,20.970762127732502,0.0,1
SRCV,0.075,0.2,23,HistGB,HistGB,20.731601966614555,20.731601966614555,0.0,1
SRCV,0.075,0.2,24,HistGB,HistGB,20.04810559903347,20.04810559903347,0.0,1
SRCV,0.075,0.21,0,HistGB,KNN,19.712347729890087,19.62070076050922,0.09164696938086792,0
SRCV,0.075,0.21,1,HistGB,HistGB,20.883479751389164,20.883479751389164,0.0,1
SRCV,0.075,0.21,2,HistGB,RandomForest,19.80436562213185,19.776411638303763,0.02795398382808756,0
SRCV,0.075,0.21,3,HistGB,HistGB,19.79962845112105,19.79962845112105,0.0,1
SRCV,0.075,0.21,4,HistGB,HistGB,19.524084711512717,19.524084711512717,0.0,1
SRCV,0.075,0.21,5,HistGB,HistGB,20.691741037075957,20.691741037075957,0.0,1
SRCV,0.075,0.21,6,HistGB,KNN,22.638128623682924,21.735449205266427,0.902679418416497,0
SRCV,0.075,0.21,7,HistGB,KNN,19.563223774521383,19.129134412148225,0.43408936237315743,0
SRCV,0.075,0.21,8,HistGB,KNN,19.949149133827166,19.754159286311616,0.1949898475155507,0
SRCV,0.075,0.21,9,HistGB,HistGB,20.53946391412387,20.53946391412387,0.0,1
SRCV,0.075,0.21,10,HistGB,RandomForest,19.791512389893278,19.766638000384397,0.024874389508880768,0
SRCV,0.075,0.21,11,HistGB,HistGB,19.12476153385831,19.12476153385831,0.0,1
SRCV,0.075,0.21,12,HistGB,HistGB,19.62285011346803,19.62285011346803,0.0,1
SRCV,0.075,0.21,13,HistGB,HistGB,20.1912750022628,20.1912750022628,0.0,1
SRCV,0.075,0.21,14,HistGB,HistGB,20.17871752830445,20.17871752830445,0.0,1
SRCV,0.075,0.21,15,HistGB,KNN,20.35635435076348,20.008689836811453,0.3476645139520258,0
SRCV,0.075,0.21,16,HistGB,RandomForest,20.844016484607646,20.833181161887754,0.010835322719891849,0
SRCV,0.075,0.21,17,HistGB,KNN,22.20143236502758,21.9739723674224,0.22745999760517677,0
SRCV,0.075,0.21,18,HistGB,KNN,20.435337004508213,20.18731917985644,0.2480178246517717,0
SRCV,0.075,0.21,19,HistGB,HistGB,19.97509701714303,19.97509701714303,0.0,1
SRCV,0.075,0.21,20,HistGB,HistGB,20.63839378129152,20.63839378129152,0.0,1
SRCV,0.075,0.21,21,HistGB,HistGB,21.40956894525845,21.40956894525845,0.0,1
SRCV,0.075,0.21,22,HistGB,KNN,21.279054027647227,21.24068021908822,0.03837380855900818,0
SRCV,0.075,0.21,23,HistGB,HistGB,21.073886705689358,21.073886705689358,0.0,1
SRCV,0.075,0.21,24,HistGB,HistGB,20.58508699071329,20.58508699071329,0.0,1
SRCV,0.075,0.24,0,HistGB,KNN,20.982521657856744,20.33664056590208,0.6458810919546636,0
SRCV,0.075,0.24,1,HistGB,KNN,22.064357590263988,21.92280236504782,0.1415552252161696,0
SRCV,0.075,0.24,2,HistGB,KNN,20.79592375371037,20.741214770005676,0.05470898370469257,0
SRCV,0.075,0.24,3,HistGB,KNN,20.84463885093164,20.4321294687124,0.41250938221924116,0
SRCV,0.075,0.24,4,HistGB,HistGB,20.575640835804094,20.575640835804094,0.0,1
SRCV,0.075,0.24,5,HistGB,KNN,21.85542178703425,21.582918404859733,0.2725033821745164,0
SRCV,0.075,0.24,6,HistGB,KNN,24.16724330250814,22.650935540068332,1.5163077624398085,0
SRCV,0.075,0.24,7,HistGB,KNN,20.526325030059937,19.87952199459999,0.6468030354599463,0
SRCV,0.075,0.24,8,HistGB,KNN,21.085049356636727,20.522281621260348,0.5627677353763794,0
SRCV,0.075,0.24,9,HistGB,HistGB,21.50120439198769,21.50120439198769,0.0,1
SRCV,0.075,0.24,10,HistGB,HistGB,20.799187355071187,20.799187355071187,0.0,1
SRCV,0.075,0.24,11,HistGB,RandomForest,20.46050823698773,20.371659546986443,0.08884869000128859,0
SRCV,0.075,0.24,12,HistGB,KNN,20.42873796577705,20.153818096825816,0.2749198689512333,0
SRCV,0.075,0.24,13,HistGB,HistGB,21.2669017233842,21.2669017233842,0.0,1
SRCV,0.075,0.24,14,HistGB,KNN,21.462084175510437,21.3226337532928,0.1394504222176387,0
SRCV,0.075,0.24,15,HistGB,KNN,21.109553749660595,20.52767563958444,0.5818781100761541,0
SRCV,0.075,0.24,16,HistGB,KNN,22.00953698747326,21.60327312063129,0.4062638668419716,0
SRCV,0.075,0.24,17,HistGB,KNN,23.25946017164457,22.6236646265378,0.6357955451067703,0
SRCV,0.075,0.24,18,HistGB,KNN,21.322163342513168,20.865332927318907,0.45683041519426126,0
SRCV,0.075,0.24,19,HistGB,KNN,20.93072529938225,20.611027408455104,0.31969789092714507,0
SRCV,0.075,0.24,20,HistGB,KNN,21.74925183304476,21.538000917902348,0.21125091514241134,0
SRCV,0.075,0.24,21,HistGB,KNN,22.651067969927944,22.618736893558317,0.03233107636962629,0
SRCV,0.075,0.24,22,HistGB,KNN,22.46146878945244,22.050215114306518,0.4112536751459217,0
SRCV,0.075,0.24,23,HistGB,KNN,22.339223359037533,22.08033187991192,0.2588914791256123,0
SRCV,0.075,0.24,24,HistGB,HistGB,21.588328318789458,21.588328318789458,0.0,1
SRCV,0.075,0.32,0,HistGB,KNN,24.12467046999476,22.3410975641612,1.7835729058335623,0
SRCV,0.075,0.32,1,HistGB,KNN,25.77070627354392,24.167646892408506,1.603059381135413,0
SRCV,0.075,0.32,2,HistGB,KNN,24.59572377329288,23.22830694722482,1.3674168260680624,0
SRCV,0.075,0.32,3,HistGB,KNN,24.09274391415105,22.651724084282822,1.4410198298682282,0
SRCV,0.075,0.32,4,HistGB,KNN,23.90705141032773,22.899209031890777,1.0078423784369512,0
SRCV,0.075,0.32,5,HistGB,KNN,25.212724593070813,23.74077037955543,1.4719542135153851,0
SRCV,0.075,0.32,6,HistGB,KNN,27.269805798524292,24.58426841601279,2.6855373825115016,0
SRCV,0.075,0.32,7,HistGB,KNN,23.968635975943368,21.897619039501325,2.0710169364420423,0
SRCV,0.075,0.32,8,HistGB,KNN,24.47320734454739,22.56198727539633,1.9112200691510601,0
SRCV,0.075,0.32,9,HistGB,KNN,24.803594090704078,23.726477980773108,1.0771161099309694,0
SRCV,0.075,0.32,10,HistGB,KNN,24.47934381390138,23.392268978535643,1.087074835365737,0
SRCV,0.075,0.32,11,HistGB,KNN,23.72661797910468,22.911206803547127,0.8154111755575535,0
SRCV,0.075,0.32,12,HistGB,KNN,24.111346473464494,22.468416540666528,1.6429299327979656,0
SRCV,0.075,0.32,13,HistGB,KNN,24.99542252363374,23.978926219057577,1.0164963045761617,0
SRCV,0.075,0.32,14,HistGB,KNN,24.742605611228107,23.408361493293267,1.3342441179348405,0
SRCV,0.075,0.32,15,HistGB,KNN,24.416176662644283,22.5382140343824,1.8779626282618835,0
SRCV,0.075,0.32,16,HistGB,KNN,25.54446516039962,23.889956814327707,1.654508346071914,0
SRCV,0.075,0.32,17,HistGB,KNN,26.4958612951784,24.784073695291784,1.711787599886616,0
SRCV,0.075,0.32,18,HistGB,KNN,24.88464519023908,23.16494399329765,1.719701196941429,0
SRCV,0.075,0.32,19,HistGB,KNN,24.573643527987716,22.967426539513063,1.606216988474653,0
SRCV,0.075,0.32,20,HistGB,KNN,25.04910344930528,23.79135534710681,1.257748102198473,0
SRCV,0.075,0.32,21,HistGB,KNN,26.31016837981644,24.97102970206068,1.3391386777557592,0
SRCV,0.075,0.32,22,HistGB,KNN,26.098178562014315,24.39051221352639,1.7076663484879262,0
SRCV,0.075,0.32,23,HistGB,KNN,25.557866068906574,24.187060837810005,1.3708052310965684,0
SRCV,0.075,0.32,24,HistGB,KNN,25.003697301266914,24.039705867231064,0.9639914340358509,0
SRCV,0.075,0.4,0,HistGB,KNN,28.049609361827816,25.10814862318806,2.941460738639755,0
SRCV,0.075,0.4,1,HistGB,KNN,29.31611875614641,26.672735103263133,2.6433836528832764,0
SRCV,0.075,0.4,2,HistGB,KNN,28.384727103233185,25.81692397000759,2.5678031332255955,0
SRCV,0.075,0.4,3,HistGB,KNN,28.010289959071308,25.423661872844157,2.586628086227151,0
SRCV,0.075,0.4,4,HistGB,KNN,28.31516006865912,25.844904882373577,2.470255186285545,0
SRCV,0.075,0.4,5,HistGB,KNN,29.138612727054603,26.34733170986748,2.7912810171871243,0
SRCV,0.075,0.4,6,HistGB,KNN,31.47206094214324,27.471419439501894,4.000641502641347,0
SRCV,0.075,0.4,7,HistGB,KNN,27.888774713460062,24.65403390525961,3.2347408082004527,0
SRCV,0.075,0.4,8,HistGB,KNN,28.11039177616971,25.132597624958056,2.977794151211654,0
SRCV,0.075,0.4,9,HistGB,KNN,29.266611766794703,26.551948517294797,2.714663249499907,0
SRCV,0.075,0.4,10,HistGB,KNN,27.891574895247988,25.81186367292943,2.079711222318558,0
SRCV,0.075,0.4,11,HistGB,KNN,27.79176127114822,25.676760069446004,2.115001201702217,0
SRCV,0.075,0.4,12,HistGB,KNN,28.33763090957668,25.233865931244623,3.103764978332059,0
SRCV,0.075,0.4,13,HistGB,KNN,28.798902297381467,26.54460857267338,2.254293724708088,0
SRCV,0.075,0.4,14,HistGB,KNN,29.211910296743884,26.522075989221285,2.6898343075225988,0
SRCV,0.075,0.4,15,HistGB,KNN,28.65193876540236,25.34232298472043,3.3096157806819306,0
SRCV,0.075,0.4,16,HistGB,KNN,30.078513900930812,26.84998999315152,3.228523907779291,0
SRCV,0.075,0.4,17,HistGB,KNN,30.5095007137395,27.506923656523504,3.002577057215994,0
SRCV,0.075,0.4,18,HistGB,KNN,28.915144639978127,25.751301404565957,3.1638432354121697,0
SRCV,0.075,0.4,19,HistGB,KNN,28.586058710871352,25.36051788480377,3.225540826067583,0
SRCV,0.075,0.4,20,HistGB,KNN,28.90296152191095,26.323880275010467,2.5790812469004827,0
SRCV,0.075,0.4,21,HistGB,KNN,30.33042188933338,27.56509882832943,2.7653230610039508,0
SRCV,0.075,0.4,22,HistGB,KNN,30.205591444939312,26.97384541341878,3.231746031520533,0
SRCV,0.075,0.4,23,HistGB,KNN,29.56692175934774,26.81887054429276,2.7480512150549785,0
SRCV,0.075,0.4,24,HistGB,KNN,29.05916420698302,26.826243061722764,2.2329211452602564,0
SRCV,0.075,0.5,0,HistGB,KNN,34.3356818953042,29.36104864314475,4.97463325215945,0
SRCV,0.075,0.5,1,HistGB,KNN,35.45798108963929,30.78564658343057,4.6723345062087205,0
SRCV,0.075,0.5,2,HistGB,KNN,34.576328258809134,30.042510211973912,4.533818046835222,0
SRCV,0.075,0.5,3,HistGB,KNN,34.792656147750726,29.873883258001964,4.918772889748762,0
SRCV,0.075,0.5,4,HistGB,KNN,34.238497999689834,29.807820739177387,4.4306772605124465,0
SRCV,0.075,0.5,5,HistGB,KNN,35.27559090791475,30.71450700402392,4.561083903890829,0
SRCV,0.075,0.5,6,HistGB,KNN,37.69306887075829,31.49381187242601,6.199256998332277,0
SRCV,0.075,0.5,7,HistGB,KNN,33.714303799759946,28.83981311651348,4.874490683246467,0
SRCV,0.075,0.5,8,HistGB,KNN,34.41627098104753,29.623591813472316,4.792679167575216,0
SRCV,0.075,0.5,9,HistGB,KNN,34.73783599713518,30.300257701423387,4.437578295711791,0
SRCV,0.075,0.5,10,HistGB,KNN,33.910208514081305,29.824404136662483,4.085804377418821,0
SRCV,0.075,0.5,11,HistGB,KNN,33.62775139723734,29.60491639036404,4.022835006873301,0
SRCV,0.075,0.5,12,HistGB,KNN,34.021207929695294,29.14937495424439,4.8718329754509035,0
SRCV,0.075,0.5,13,HistGB,KNN,34.977502260566304,30.73761449320112,4.2398877673651825,0
SRCV,0.075,0.5,14,HistGB,KNN,34.802166158897485,30.22898594801385,4.573180210883635,0
SRCV,0.075,0.5,15,HistGB,KNN,34.57634793205066,29.482012823758883,5.0943351082917765,0
SRCV,0.075,0.5,16,HistGB,KNN,35.87939472326243,31.00229592672065,4.87709879654178,0
SRCV,0.075,0.5,17,HistGB,KNN,36.963845356749495,32.00073805865598,4.963107298093512,0
SRCV,0.075,0.5,18,HistGB,KNN,34.50305373795179,29.334123989500338,5.1689297484514505,0
SRCV,0.075,0.5,19,HistGB,KNN,34.60327848170751,29.727904717251747,4.875373764455766,0
SRCV,0.075,0.5,20,HistGB,KNN,34.325370645190155,30.386612943510592,3.938757701679563,0
SRCV,0.075,0.5,21,HistGB,KNN,36.63164043905123,32.05521614959351,4.576424289457719,0
SRCV,0.075,0.5,22,HistGB,KNN,36.0951832132667,30.834582638855917,5.260600574410784,0
SRCV,0.075,0.5,23,HistGB,KNN,35.70825739251677,31.138388285827343,4.569869106689428,0
SRCV,0.075,0.5,24,HistGB,KNN,34.82354914689996,30.66380562129224,4.159743525607716,0
SRCV,0.1,0.0,0,HistGB,HistGB,11.76015510447522,11.76015510447522,0.0,1
SRCV,0.1,0.0,1,HistGB,HistGB,13.73168860179165,13.73168860179165,0.0,1
SRCV,0.1,0.0,2,HistGB,HistGB,12.03246102203424,12.03246102203424,0.0,1
SRCV,0.1,0.0,3,HistGB,HistGB,12.507296971676508,12.507296971676508,0.0,1
SRCV,0.1,0.0,4,HistGB,HistGB,11.663767967150225,11.663767967150225,0.0,1
SRCV,0.1,0.0,5,HistGB,HistGB,12.788000461342667,12.788000461342667,0.0,1
SRCV,0.1,0.0,6,HistGB,HistGB,15.137088661400586,15.137088661400586,0.0,1
SRCV,0.1,0.0,7,HistGB,HistGB,11.832086758523523,11.832086758523523,0.0,1
SRCV,0.1,0.0,8,HistGB,HistGB,11.80698803744633,11.80698803744633,0.0,1
SRCV,0.1,0.0,9,HistGB,HistGB,12.556532991757797,12.556532991757797,0.0,1
SRCV,0.1,0.0,10,HistGB,HistGB,12.006766732493656,12.006766732493656,0.0,1
SRCV,0.1,0.0,11,HistGB,HistGB,11.346172695771273,11.346172695771273,0.0,1
SRCV,0.1,0.0,12,HistGB,HistGB,11.53607012306929,11.53607012306929,0.0,1
SRCV,0.1,0.0,13,HistGB,HistGB,12.501230435307573,12.501230435307573,0.0,1
SRCV,0.1,0.0,14,HistGB,HistGB,12.374390426143172,12.374390426143172,0.0,1
SRCV,0.1,0.0,15,HistGB,HistGB,12.425630433445932,12.425630433445932,0.0,1
SRCV,0.1,0.0,16,HistGB,HistGB,13.0920493003693,13.0920493003693,0.0,1
SRCV,0.1,0.0,17,HistGB,HistGB,14.474854688524555,14.474854688524555,0.0,1
SRCV,0.1,0.0,18,HistGB,HistGB,12.72431903276434,12.72431903276434,0.0,1
SRCV,0.1,0.0,19,HistGB,HistGB,12.38932481964971,12.38932481964971,0.0,1
SRCV,0.1,0.0,20,HistGB,HistGB,13.18137194824744,13.18137194824744,0.0,1
SRCV,0.1,0.0,21,HistGB,HistGB,13.996657000066351,13.996657000066351,0.0,1
SRCV,0.1,0.0,22,HistGB,HistGB,13.811627922541728,13.811627922541728,0.0,1
SRCV,0.1,0.0,23,HistGB,HistGB,13.32873782866024,13.32873782866024,0.0,1
SRCV,0.1,0.0,24,HistGB,HistGB,13.136467261751262,13.136467261751262,0.0,1
SRCV,0.1,0.025,0,HistGB,HistGB,13.790624657970188,13.790624657970188,0.0,1
SRCV,0.1,0.025,1,HistGB,HistGB,15.569190624933023,15.569190624933023,0.0,1
SRCV,0.1,0.025,2,HistGB,HistGB,14.088427543524208,14.088427543524208,0.0,1
SRCV,0.1,0.025,3,HistGB,HistGB,14.466111791412365,14.466111791412365,0.0,1
SRCV,0.1,0.025,4,HistGB,HistGB,13.735054816062018,13.735054816062018,0.0,1
SRCV,0.1,0.025,5,HistGB,HistGB,14.867893327492942,14.867893327492942,0.0,1
SRCV,0.1,0.025,6,HistGB,HistGB,17.17176789089314,17.17176789089314,0.0,1
SRCV,0.1,0.025,7,HistGB,HistGB,13.928703035242147,13.928703035242147,0.0,1
SRCV,0.1,0.025,8,HistGB,HistGB,14.035703406909802,14.035703406909802,0.0,1
SRCV,0.1,0.025,9,HistGB,HistGB,14.77125823960297,14.77125823960297,0.0,1
SRCV,0.1,0.025,10,HistGB,HistGB,14.180458644223837,14.180458644223837,0.0,1
SRCV,0.1,0.025,11,HistGB,HistGB,13.50742579877159,13.50742579877159,0.0,1
SRCV,0.1,0.025,12,HistGB,HistGB,13.758001907403685,13.758001907403685,0.0,1
SRCV,0.1,0.025,13,HistGB,HistGB,14.626656518553975,14.626656518553975,0.0,1
SRCV,0.1,0.025,14,HistGB,HistGB,14.533640708116964,14.533640708116964,0.0,1
SRCV,0.1,0.025,15,HistGB,HistGB,14.46272762558578,14.46272762558578,0.0,1
SRCV,0.1,0.025,16,HistGB,HistGB,15.171306018649071,15.171306018649071,0.0,1
SRCV,0.1,0.025,17,HistGB,HistGB,16.52161216946523,16.52161216946523,0.0,1
SRCV,0.1,0.025,18,HistGB,HistGB,14.780199693916028,14.780199693916028,0.0,1
SRCV,0.1,0.025,19,HistGB,HistGB,14.493836285631524,14.493836285631524,0.0,1
SRCV,0.1,0.025,20,HistGB,HistGB,15.368108126940594,15.368108126940594,0.0,1
SRCV,0.1,0.025,21,HistGB,HistGB,16.055770073743247,16.055770073743247,0.0,1
SRCV,0.1,0.025,22,HistGB,HistGB,15.713546741354476,15.713546741354476,0.0,1
SRCV,0.1,0.025,23,HistGB,HistGB,15.55503612142687,15.55503612142687,0.0,1
SRCV,0.1,0.025,24,HistGB,HistGB,15.081413399945886,15.081413399945886,0.0,1
SRCV,0.1,0.1,0,HistGB,HistGB,16.06918849714951,16.06918849714951,0.0,1
SRCV,0.1,0.1,1,HistGB,HistGB,17.715227486371926,17.715227486371926,0.0,1
SRCV,0.1,0.1,2,HistGB,HistGB,16.59812152428756,16.59812152428756,0.0,1
SRCV,0.1,0.1,3,HistGB,HistGB,16.681998568610286,16.681998568610286,0.0,1
SRCV,0.1,0.1,4,HistGB,HistGB,16.108514635915505,16.108514635915505,0.0,1
SRCV,0.1,0.1,5,HistGB,HistGB,17.268672823209283,17.268672823209283,0.0,1
SRCV,0.1,0.1,6,HistGB,HistGB,19.40432003734352,19.40432003734352,0.0,1
SRCV,0.1,0.1,7,HistGB,HistGB,16.082236395832705,16.082236395832705,0.0,1
SRCV,0.1,0.1,8,HistGB,HistGB,16.407129732211875,16.407129732211875,0.0,1
SRCV,0.1,0.1,9,HistGB,HistGB,17.16320210267766,17.16320210267766,0.0,1
SRCV,0.1,0.1,10,HistGB,HistGB,16.50268958110556,16.50268958110556,0.0,1
SRCV,0.1,0.1,11,HistGB,HistGB,15.964533676765804,15.964533676765804,0.0,1
SRCV,0.1,0.1,12,HistGB,HistGB,15.955340858425544,15.955340858425544,0.0,1
SRCV,0.1,0.1,13,HistGB,HistGB,16.931967619416174,16.931967619416174,0.0,1
SRCV,0.1,0.1,14,HistGB,HistGB,16.92890955586985,16.92890955586985,0.0,1
SRCV,0.1,0.1,15,HistGB,HistGB,16.861669366598026,16.861669366598026,0.0,1
SRCV,0.1,0.1,16,HistGB,HistGB,17.657517204616237,17.657517204616237,0.0,1
SRCV,0.1,0.1,17,HistGB,HistGB,18.682009768699448,18.682009768699448,0.0,1
SRCV,0.1,0.1,18,HistGB,HistGB,17.15936754113902,17.15936754113902,0.0,1
SRCV,0.1,0.1,19,HistGB,HistGB,16.832397587873736,16.832397587873736,0.0,1
SRCV,0.1,0.1,20,HistGB,HistGB,17.57369629098549,17.57369629098549,0.0,1
SRCV,0.1,0.1,21,HistGB,HistGB,18.21056570240688,18.21056570240688,0.0,1
SRCV,0.1,0.1,22,HistGB,HistGB,17.918651632655692,17.918651632655692,0.0,1
SRCV,0.1,0.1,23,HistGB,HistGB,17.87434674116678,17.87434674116678,0.0,1
SRCV,0.1,0.1,24,HistGB,HistGB,17.41484728033265,17.41484728033265,0.0,1
SRCV,0.1,0.15,0,HistGB,HistGB,17.541973445772758,17.541973445772758,0.0,1
SRCV,0.1,0.15,1,HistGB,HistGB,19.010878031887327,19.010878031887327,0.0,1
SRCV,0.1,0.15,2,HistGB,HistGB,17.80100779364431,17.80100779364431,0.0,1
SRCV,0.1,0.15,3,HistGB,HistGB,18.01452453786513,18.01452453786513,0.0,1
SRCV,0.1,0.15,4,HistGB,HistGB,17.437948123990314,17.437948123990314,0.0,1
SRCV,0.1,0.15,5,HistGB,HistGB,18.58285094234233,18.58285094234233,0.0,1
SRCV,0.1,0.15,6,HistGB,KNN,20.66574103016756,20.55617663708099,0.1095643930865684,0
SRCV,0.1,0.15,7,HistGB,HistGB,17.529586892481948,17.529586892481948,0.0,1
SRCV,0.1,0.15,8,HistGB,HistGB,17.8122895281797,17.8122895281797,0.0,1
SRCV,0.1,0.15,9,HistGB,HistGB,18.495670339370204,18.495670339370204,0.0,1
SRCV,0.1,0.15,10,HistGB,RandomForest,17.97117283362848,17.920692448422127,0.05048038520635245,0
SRCV,0.1,0.15,11,HistGB,RandomForest,17.484846230170547,17.41666006093395,0.06818616923659704,0
SRCV,0.1,0.15,12,HistGB,HistGB,17.466672392177024,17.466672392177024,0.0,1
SRCV,0.1,0.15,13,HistGB,HistGB,18.257215445819707,18.257215445819707,0.0,1
SRCV,0.1,0.15,14,HistGB,HistGB,18.137408455216548,18.137408455216548,0.0,1
SRCV,0.1,0.15,15,HistGB,HistGB,18.107544438260927,18.107544438260927,0.0,1
SRCV,0.1,0.15,16,HistGB,HistGB,18.78614046980045,18.78614046980045,0.0,1
SRCV,0.1,0.15,17,HistGB,HistGB,20.041240568377912,20.041240568377912,0.0,1
SRCV,0.1,0.15,18,HistGB,HistGB,18.367784803289087,18.367784803289087,0.0,1
SRCV,0.1,0.15,19,HistGB,HistGB,18.104123699192264,18.104123699192264,0.0,1
SRCV,0.1,0.15,20,HistGB,HistGB,18.801855062804623,18.801855062804623,0.0,1
SRCV,0.1,0.15,21,HistGB,HistGB,19.59619733176809,19.59619733176809,0.0,1
SRCV,0.1,0.15,22,HistGB,HistGB,19.298586066791096,19.298586066791096,0.0,1
SRCV,0.1,0.15,23,HistGB,HistGB,19.173574821481136,19.173574821481136,0.0,1
SRCV,0.1,0.15,24,HistGB,HistGB,18.65781447093841,18.65781447093841,0.0,1
SRCV,0.1,0.19,0,HistGB,HistGB,18.928739010266547,18.928739010266547,0.0,1
SRCV,0.1,0.19,1,HistGB,HistGB,20.143835873105846,20.143835873105846,0.0,1
SRCV,0.1,0.19,2,HistGB,RandomForest,19.26838422455713,19.25223313590072,0.016151088656410906,0
SRCV,0.1,0.19,3,HistGB,HistGB,19.443279896968026,19.443279896968026,0.0,1
SRCV,0.1,0.19,4,HistGB,HistGB,18.91392220590144,18.91392220590144,0.0,1
SRCV,0.1,0.19,5,HistGB,HistGB,19.95917516081851,19.95917516081851,0.0,1
SRCV,0.1,0.19,6,HistGB,KNN,21.81613605324205,21.221317844771534,0.5948182084705174,0
SRCV,0.1,0.19,7,HistGB,HistGB,18.7343657051764,18.7343657051764,0.0,1
SRCV,0.1,0.19,8,HistGB,HistGB,19.090144255140743,19.090144255140743,0.0,1
SRCV,0.1,0.19,9,HistGB,HistGB,19.75986807523372,19.75986807523372,0.0,1
SRCV,0.1,0.19,10,HistGB,RandomForest,19.228897842651488,19.11294703331267,0.11595080933881974,0
SRCV,0.1,0.19,11,HistGB,HistGB,18.667847445401883,18.667847445401883,0.0,1
SRCV,0.1,0.19,12,HistGB,HistGB,18.74800249831791,18.74800249831791,0.0,1
SRCV,0.1,0.19,13,HistGB,HistGB,19.487413662156857,19.487413662156857,0.0,1
SRCV,0.1,0.19,14,HistGB,HistGB,19.805729525276647,19.805729525276647,0.0,1
SRCV,0.1,0.19,15,HistGB,HistGB,19.53354628711148,19.53354628711148,0.0,1
SRCV,0.1,0.19,16,HistGB,HistGB,20.42138389973512,20.42138389973512,0.0,1
SRCV,0.1,0.19,17,HistGB,HistGB,21.336585653266862,21.336585653266862,0.0,1
SRCV,0.1,0.19,18,HistGB,HistGB,19.63875503262111,19.63875503262111,0.0,1
SRCV,0.1,0.19,19,HistGB,HistGB,19.237587544515986,19.237587544515986,0.0,1
SRCV,0.1,0.19,20,HistGB,HistGB,19.92591817042073,19.92591817042073,0.0,1
SRCV,0.1,0.19,21,HistGB,HistGB,21.007827210990577,21.007827210990577,0.0,1
SRCV,0.1,0.19,22,HistGB,HistGB,20.67660900892144,20.67660900892144,0.0,1
SRCV,0.1,0.19,23,HistGB,RandomForest,20.6083352155968,20.554130699292205,0.05420451630459411,0
SRCV,0.1,0.19,24,HistGB,HistGB,19.83663934120755,19.83663934120755,0.0,1
SRCV,0.1,0.2,0,HistGB,HistGB,19.31695977824297,19.31695977824297,0.0,1
SRCV,0.1,0.2,1,HistGB,HistGB,20.633704058890523,20.633704058890523,0.0,1
SRCV,0.1,0.2,2,HistGB,RandomForest,19.60198171985055,19.530966200000307,0.07101551985024201,0
SRCV,0.1,0.2,3,HistGB,HistGB,19.40246723251745,19.40246723251745,0.0,1
SRCV,0.1,0.2,4,HistGB,HistGB,19.19879919002628,19.19879919002628,0.0,1
SRCV,0.1,0.2,5,HistGB,HistGB,20.309646525902178,20.309646525902178,0.0,1
SRCV,0.1,0.2,6,HistGB,KNN,22.22715469741236,21.45106211319845,0.7760925842139095,0
SRCV,0.1,0.2,7,HistGB,KNN,19.087134768957217,18.91466158420148,0.17247318475573792,0
SRCV,0.1,0.2,8,HistGB,HistGB,19.353522301384245,19.353522301384245,0.0,1
SRCV,0.1,0.2,9,HistGB,HistGB,20.244280483753503,20.244280483753503,0.0,1
SRCV,0.1,0.2,10,HistGB,RandomForest,19.482679894775195,19.397262692891125,0.08541720188406998,0
SRCV,0.1,0.2,11,HistGB,HistGB,18.81764877008533,18.81764877008533,0.0,1
SRCV,0.1,0.2,12,HistGB,HistGB,19.156116543683805,19.156116543683805,0.0,1
SRCV,0.1,0.2,13,HistGB,HistGB,20.01349433745357,20.01349433745357,0.0,1
SRCV,0.1,0.2,14,HistGB,HistGB,20.033455238923583,20.033455238923583,0.0,1
SRCV,0.1,0.2,15,HistGB,KNN,19.86983031134916,19.770319702527317,0.09951060882184137,0
SRCV,0.1,0.2,16,HistGB,HistGB,20.56981023209017,20.56981023209017,0.0,1
SRCV,0.1,0.2,17,HistGB,KNN,21.90020836235615,21.8467341910282,0.05347417132794874,0
SRCV,0.1,0.2,18,HistGB,KNN,20.13102128441388,20.099350238418523,0.031671045995356195,0
SRCV,0.1,0.2,19,HistGB,HistGB,19.59435135708357,19.59435135708357,0.0,1
SRCV,0.1,0.2,20,HistGB,HistGB,20.38206963513907,20.38206963513907,0.0,1
SRCV,0.1,0.2,21,HistGB,HistGB,21.186528023649814,21.186528023649814,0.0,1
SRCV,0.1,0.2,22,HistGB,HistGB,20.970762127732502,20.970762127732502,0.0,1
SRCV,0.1,0.2,23,HistGB,HistGB,20.731601966614555,20.731601966614555,0.0,1
SRCV,0.1,0.2,24,HistGB,HistGB,20.04810559903347,20.04810559903347,0.0,1
SRCV,0.1,0.21,0,HistGB,KNN,19.712347729890087,19.62070076050922,0.09164696938086792,0
SRCV,0.1,0.21,1,HistGB,HistGB,20.883479751389164,20.883479751389164,0.0,1
SRCV,0.1,0.21,2,HistGB,RandomForest,19.80436562213185,19.776411638303763,0.02795398382808756,0
SRCV,0.1,0.21,3,HistGB,HistGB,19.79962845112105,19.79962845112105,0.0,1
SRCV,0.1,0.21,4,HistGB,HistGB,19.524084711512717,19.524084711512717,0.0,1
SRCV,0.1,0.21,5,HistGB,HistGB,20.691741037075957,20.691741037075957,0.0,1
SRCV,0.1,0.21,6,HistGB,KNN,22.638128623682924,21.735449205266427,0.902679418416497,0
SRCV,0.1,0.21,7,HistGB,KNN,19.563223774521383,19.129134412148225,0.43408936237315743,0
SRCV,0.1,0.21,8,HistGB,KNN,19.949149133827166,19.754159286311616,0.1949898475155507,0
SRCV,0.1,0.21,9,HistGB,HistGB,20.53946391412387,20.53946391412387,0.0,1
SRCV,0.1,0.21,10,HistGB,RandomForest,19.791512389893278,19.766638000384397,0.024874389508880768,0
SRCV,0.1,0.21,11,HistGB,HistGB,19.12476153385831,19.12476153385831,0.0,1
SRCV,0.1,0.21,12,HistGB,HistGB,19.62285011346803,19.62285011346803,0.0,1
SRCV,0.1,0.21,13,HistGB,HistGB,20.1912750022628,20.1912750022628,0.0,1
SRCV,0.1,0.21,14,HistGB,HistGB,20.17871752830445,20.17871752830445,0.0,1
SRCV,0.1,0.21,15,HistGB,KNN,20.35635435076348,20.008689836811453,0.3476645139520258,0
SRCV,0.1,0.21,16,HistGB,RandomForest,20.844016484607646,20.833181161887754,0.010835322719891849,0
SRCV,0.1,0.21,17,HistGB,KNN,22.20143236502758,21.9739723674224,0.22745999760517677,0
SRCV,0.1,0.21,18,HistGB,KNN,20.435337004508213,20.18731917985644,0.2480178246517717,0
SRCV,0.1,0.21,19,HistGB,HistGB,19.97509701714303,19.97509701714303,0.0,1
SRCV,0.1,0.21,20,HistGB,HistGB,20.63839378129152,20.63839378129152,0.0,1
SRCV,0.1,0.21,21,HistGB,HistGB,21.40956894525845,21.40956894525845,0.0,1
SRCV,0.1,0.21,22,HistGB,KNN,21.279054027647227,21.24068021908822,0.03837380855900818,0
SRCV,0.1,0.21,23,HistGB,HistGB,21.073886705689358,21.073886705689358,0.0,1
SRCV,0.1,0.21,24,HistGB,HistGB,20.58508699071329,20.58508699071329,0.0,1
SRCV,0.1,0.24,0,HistGB,KNN,20.982521657856744,20.33664056590208,0.6458810919546636,0
SRCV,0.1,0.24,1,HistGB,KNN,22.064357590263988,21.92280236504782,0.1415552252161696,0
SRCV,0.1,0.24,2,HistGB,KNN,20.79592375371037,20.741214770005676,0.05470898370469257,0
SRCV,0.1,0.24,3,HistGB,KNN,20.84463885093164,20.4321294687124,0.41250938221924116,0
SRCV,0.1,0.24,4,HistGB,HistGB,20.575640835804094,20.575640835804094,0.0,1
SRCV,0.1,0.24,5,HistGB,KNN,21.85542178703425,21.582918404859733,0.2725033821745164,0
SRCV,0.1,0.24,6,HistGB,KNN,24.16724330250814,22.650935540068332,1.5163077624398085,0
SRCV,0.1,0.24,7,HistGB,KNN,20.526325030059937,19.87952199459999,0.6468030354599463,0
SRCV,0.1,0.24,8,HistGB,KNN,21.085049356636727,20.522281621260348,0.5627677353763794,0
SRCV,0.1,0.24,9,HistGB,HistGB,21.50120439198769,21.50120439198769,0.0,1
SRCV,0.1,0.24,10,HistGB,HistGB,20.799187355071187,20.799187355071187,0.0,1
SRCV,0.1,0.24,11,HistGB,RandomForest,20.46050823698773,20.371659546986443,0.08884869000128859,0
SRCV,0.1,0.24,12,HistGB,KNN,20.42873796577705,20.153818096825816,0.2749198689512333,0
SRCV,0.1,0.24,13,HistGB,HistGB,21.2669017233842,21.2669017233842,0.0,1
SRCV,0.1,0.24,14,HistGB,KNN,21.462084175510437,21.3226337532928,0.1394504222176387,0
SRCV,0.1,0.24,15,HistGB,KNN,21.109553749660595,20.52767563958444,0.5818781100761541,0
SRCV,0.1,0.24,16,HistGB,KNN,22.00953698747326,21.60327312063129,0.4062638668419716,0
SRCV,0.1,0.24,17,HistGB,KNN,23.25946017164457,22.6236646265378,0.6357955451067703,0
SRCV,0.1,0.24,18,HistGB,KNN,21.322163342513168,20.865332927318907,0.45683041519426126,0
SRCV,0.1,0.24,19,HistGB,KNN,20.93072529938225,20.611027408455104,0.31969789092714507,0
SRCV,0.1,0.24,20,HistGB,KNN,21.74925183304476,21.538000917902348,0.21125091514241134,0
SRCV,0.1,0.24,21,HistGB,KNN,22.651067969927944,22.618736893558317,0.03233107636962629,0
SRCV,0.1,0.24,22,HistGB,KNN,22.46146878945244,22.050215114306518,0.4112536751459217,0
SRCV,0.1,0.24,23,HistGB,KNN,22.339223359037533,22.08033187991192,0.2588914791256123,0
SRCV,0.1,0.24,24,HistGB,HistGB,21.588328318789458,21.588328318789458,0.0,1
SRCV,0.1,0.32,0,HistGB,KNN,24.12467046999476,22.3410975641612,1.7835729058335623,0
SRCV,0.1,0.32,1,HistGB,KNN,25.77070627354392,24.167646892408506,1.603059381135413,0
SRCV,0.1,0.32,2,HistGB,KNN,24.59572377329288,23.22830694722482,1.3674168260680624,0
SRCV,0.1,0.32,3,HistGB,KNN,24.09274391415105,22.651724084282822,1.4410198298682282,0
SRCV,0.1,0.32,4,HistGB,KNN,23.90705141032773,22.899209031890777,1.0078423784369512,0
SRCV,0.1,0.32,5,HistGB,KNN,25.212724593070813,23.74077037955543,1.4719542135153851,0
SRCV,0.1,0.32,6,HistGB,KNN,27.269805798524292,24.58426841601279,2.6855373825115016,0
SRCV,0.1,0.32,7,HistGB,KNN,23.968635975943368,21.897619039501325,2.0710169364420423,0
SRCV,0.1,0.32,8,HistGB,KNN,24.47320734454739,22.56198727539633,1.9112200691510601,0
SRCV,0.1,0.32,9,HistGB,KNN,24.803594090704078,23.726477980773108,1.0771161099309694,0
SRCV,0.1,0.32,10,HistGB,KNN,24.47934381390138,23.392268978535643,1.087074835365737,0
SRCV,0.1,0.32,11,HistGB,KNN,23.72661797910468,22.911206803547127,0.8154111755575535,0
SRCV,0.1,0.32,12,HistGB,KNN,24.111346473464494,22.468416540666528,1.6429299327979656,0
SRCV,0.1,0.32,13,HistGB,KNN,24.99542252363374,23.978926219057577,1.0164963045761617,0
SRCV,0.1,0.32,14,HistGB,KNN,24.742605611228107,23.408361493293267,1.3342441179348405,0
SRCV,0.1,0.32,15,HistGB,KNN,24.416176662644283,22.5382140343824,1.8779626282618835,0
SRCV,0.1,0.32,16,HistGB,KNN,25.54446516039962,23.889956814327707,1.654508346071914,0
SRCV,0.1,0.32,17,HistGB,KNN,26.4958612951784,24.784073695291784,1.711787599886616,0
SRCV,0.1,0.32,18,HistGB,KNN,24.88464519023908,23.16494399329765,1.719701196941429,0
SRCV,0.1,0.32,19,HistGB,KNN,24.573643527987716,22.967426539513063,1.606216988474653,0
SRCV,0.1,0.32,20,HistGB,KNN,25.04910344930528,23.79135534710681,1.257748102198473,0
SRCV,0.1,0.32,21,HistGB,KNN,26.31016837981644,24.97102970206068,1.3391386777557592,0
SRCV,0.1,0.32,22,HistGB,KNN,26.098178562014315,24.39051221352639,1.7076663484879262,0
SRCV,0.1,0.32,23,HistGB,KNN,25.557866068906574,24.187060837810005,1.3708052310965684,0
SRCV,0.1,0.32,24,HistGB,KNN,25.003697301266914,24.039705867231064,0.9639914340358509,0
SRCV,0.1,0.4,0,HistGB,KNN,28.049609361827816,25.10814862318806,2.941460738639755,0
SRCV,0.1,0.4,1,HistGB,KNN,29.31611875614641,26.672735103263133,2.6433836528832764,0
SRCV,0.1,0.4,2,HistGB,KNN,28.384727103233185,25.81692397000759,2.5678031332255955,0
SRCV,0.1,0.4,3,HistGB,KNN,28.010289959071308,25.423661872844157,2.586628086227151,0
SRCV,0.1,0.4,4,HistGB,KNN,28.31516006865912,25.844904882373577,2.470255186285545,0
SRCV,0.1,0.4,5,HistGB,KNN,29.138612727054603,26.34733170986748,2.7912810171871243,0
SRCV,0.1,0.4,6,HistGB,KNN,31.47206094214324,27.471419439501894,4.000641502641347,0
SRCV,0.1,0.4,7,HistGB,KNN,27.888774713460062,24.65403390525961,3.2347408082004527,0
SRCV,0.1,0.4,8,HistGB,KNN,28.11039177616971,25.132597624958056,2.977794151211654,0
SRCV,0.1,0.4,9,HistGB,KNN,29.266611766794703,26.551948517294797,2.714663249499907,0
SRCV,0.1,0.4,10,HistGB,KNN,27.891574895247988,25.81186367292943,2.079711222318558,0
SRCV,0.1,0.4,11,HistGB,KNN,27.79176127114822,25.676760069446004,2.115001201702217,0
SRCV,0.1,0.4,12,HistGB,KNN,28.33763090957668,25.233865931244623,3.103764978332059,0
SRCV,0.1,0.4,13,HistGB,KNN,28.798902297381467,26.54460857267338,2.254293724708088,0
SRCV,0.1,0.4,14,HistGB,KNN,29.211910296743884,26.522075989221285,2.6898343075225988,0
SRCV,0.1,0.4,15,HistGB,KNN,28.65193876540236,25.34232298472043,3.3096157806819306,0
SRCV,0.1,0.4,16,HistGB,KNN,30.078513900930812,26.84998999315152,3.228523907779291,0
SRCV,0.1,0.4,17,HistGB,KNN,30.5095007137395,27.506923656523504,3.002577057215994,0
SRCV,0.1,0.4,18,HistGB,KNN,28.915144639978127,25.751301404565957,3.1638432354121697,0
SRCV,0.1,0.4,19,HistGB,KNN,28.586058710871352,25.36051788480377,3.225540826067583,0
SRCV,0.1,0.4,20,HistGB,KNN,28.90296152191095,26.323880275010467,2.5790812469004827,0
SRCV,0.1,0.4,21,HistGB,KNN,30.33042188933338,27.56509882832943,2.7653230610039508,0
SRCV,0.1,0.4,22,HistGB,KNN,30.205591444939312,26.97384541341878,3.231746031520533,0
SRCV,0.1,0.4,23,HistGB,KNN,29.56692175934774,26.81887054429276,2.7480512150549785,0
SRCV,0.1,0.4,24,HistGB,KNN,29.05916420698302,26.826243061722764,2.2329211452602564,0
SRCV,0.1,0.5,0,HistGB,KNN,34.3356818953042,29.36104864314475,4.97463325215945,0
SRCV,0.1,0.5,1,HistGB,KNN,35.45798108963929,30.78564658343057,4.6723345062087205,0
SRCV,0.1,0.5,2,HistGB,KNN,34.576328258809134,30.042510211973912,4.533818046835222,0
SRCV,0.1,0.5,3,HistGB,KNN,34.792656147750726,29.873883258001964,4.918772889748762,0
SRCV,0.1,0.5,4,HistGB,KNN,34.238497999689834,29.807820739177387,4.4306772605124465,0
SRCV,0.1,0.5,5,HistGB,KNN,35.27559090791475,30.71450700402392,4.561083903890829,0
SRCV,0.1,0.5,6,HistGB,KNN,37.69306887075829,31.49381187242601,6.199256998332277,0
SRCV,0.1,0.5,7,HistGB,KNN,33.714303799759946,28.83981311651348,4.874490683246467,0
SRCV,0.1,0.5,8,HistGB,KNN,34.41627098104753,29.623591813472316,4.792679167575216,0
SRCV,0.1,0.5,9,HistGB,KNN,34.73783599713518,30.300257701423387,4.437578295711791,0
SRCV,0.1,0.5,10,HistGB,KNN,33.910208514081305,29.824404136662483,4.085804377418821,0
SRCV,0.1,0.5,11,HistGB,KNN,33.62775139723734,29.60491639036404,4.022835006873301,0
SRCV,0.1,0.5,12,HistGB,KNN,34.021207929695294,29.14937495424439,4.8718329754509035,0
SRCV,0.1,0.5,13,HistGB,KNN,34.977502260566304,30.73761449320112,4.2398877673651825,0
SRCV,0.1,0.5,14,HistGB,KNN,34.802166158897485,30.22898594801385,4.573180210883635,0
SRCV,0.1,0.5,15,HistGB,KNN,34.57634793205066,29.482012823758883,5.0943351082917765,0
SRCV,0.1,0.5,16,HistGB,KNN,35.87939472326243,31.00229592672065,4.87709879654178,0
SRCV,0.1,0.5,17,HistGB,KNN,36.963845356749495,32.00073805865598,4.963107298093512,0
SRCV,0.1,0.5,18,HistGB,KNN,34.50305373795179,29.334123989500338,5.1689297484514505,0
SRCV,0.1,0.5,19,HistGB,KNN,34.60327848170751,29.727904717251747,4.875373764455766,0
SRCV,0.1,0.5,20,HistGB,KNN,34.325370645190155,30.386612943510592,3.938757701679563,0
SRCV,0.1,0.5,21,HistGB,KNN,36.63164043905123,32.05521614959351,4.576424289457719,0
SRCV,0.1,0.5,22,HistGB,KNN,36.0951832132667,30.834582638855917,5.260600574410784,0
SRCV,0.1,0.5,23,HistGB,KNN,35.70825739251677,31.138388285827343,4.569869106689428,0
SRCV,0.1,0.5,24,HistGB,KNN,34.82354914689996,30.66380562129224,4.159743525607716,0
SRCV,0.125,0.0,0,HistGB,HistGB,11.76015510447522,11.76015510447522,0.0,1
SRCV,0.125,0.0,1,HistGB,HistGB,13.73168860179165,13.73168860179165,0.0,1
SRCV,0.125,0.0,2,HistGB,HistGB,12.03246102203424,12.03246102203424,0.0,1
SRCV,0.125,0.0,3,HistGB,HistGB,12.507296971676508,12.507296971676508,0.0,1
SRCV,0.125,0.0,4,HistGB,HistGB,11.663767967150225,11.663767967150225,0.0,1
SRCV,0.125,0.0,5,HistGB,HistGB,12.788000461342667,12.788000461342667,0.0,1
SRCV,0.125,0.0,6,HistGB,HistGB,15.137088661400586,15.137088661400586,0.0,1
SRCV,0.125,0.0,7,HistGB,HistGB,11.832086758523523,11.832086758523523,0.0,1
SRCV,0.125,0.0,8,HistGB,HistGB,11.80698803744633,11.80698803744633,0.0,1
SRCV,0.125,0.0,9,HistGB,HistGB,12.556532991757797,12.556532991757797,0.0,1
SRCV,0.125,0.0,10,HistGB,HistGB,12.006766732493656,12.006766732493656,0.0,1
SRCV,0.125,0.0,11,HistGB,HistGB,11.346172695771273,11.346172695771273,0.0,1
SRCV,0.125,0.0,12,HistGB,HistGB,11.53607012306929,11.53607012306929,0.0,1
SRCV,0.125,0.0,13,HistGB,HistGB,12.501230435307573,12.501230435307573,0.0,1
SRCV,0.125,0.0,14,HistGB,HistGB,12.374390426143172,12.374390426143172,0.0,1
SRCV,0.125,0.0,15,HistGB,HistGB,12.425630433445932,12.425630433445932,0.0,1
SRCV,0.125,0.0,16,HistGB,HistGB,13.0920493003693,13.0920493003693,0.0,1
SRCV,0.125,0.0,17,HistGB,HistGB,14.474854688524555,14.474854688524555,0.0,1
SRCV,0.125,0.0,18,HistGB,HistGB,12.72431903276434,12.72431903276434,0.0,1
SRCV,0.125,0.0,19,HistGB,HistGB,12.38932481964971,12.38932481964971,0.0,1
SRCV,0.125,0.0,20,HistGB,HistGB,13.18137194824744,13.18137194824744,0.0,1
SRCV,0.125,0.0,21,HistGB,HistGB,13.996657000066351,13.996657000066351,0.0,1
SRCV,0.125,0.0,22,HistGB,HistGB,13.811627922541728,13.811627922541728,0.0,1
SRCV,0.125,0.0,23,HistGB,HistGB,13.32873782866024,13.32873782866024,0.0,1
SRCV,0.125,0.0,24,HistGB,HistGB,13.136467261751262,13.136467261751262,0.0,1
SRCV,0.125,0.025,0,HistGB,HistGB,13.790624657970188,13.790624657970188,0.0,1
SRCV,0.125,0.025,1,HistGB,HistGB,15.569190624933023,15.569190624933023,0.0,1
SRCV,0.125,0.025,2,HistGB,HistGB,14.088427543524208,14.088427543524208,0.0,1
SRCV,0.125,0.025,3,HistGB,HistGB,14.466111791412365,14.466111791412365,0.0,1
SRCV,0.125,0.025,4,HistGB,HistGB,13.735054816062018,13.735054816062018,0.0,1
SRCV,0.125,0.025,5,HistGB,HistGB,14.867893327492942,14.867893327492942,0.0,1
SRCV,0.125,0.025,6,HistGB,HistGB,17.17176789089314,17.17176789089314,0.0,1
SRCV,0.125,0.025,7,HistGB,HistGB,13.928703035242147,13.928703035242147,0.0,1
SRCV,0.125,0.025,8,HistGB,HistGB,14.035703406909802,14.035703406909802,0.0,1
SRCV,0.125,0.025,9,HistGB,HistGB,14.77125823960297,14.77125823960297,0.0,1
SRCV,0.125,0.025,10,HistGB,HistGB,14.180458644223837,14.180458644223837,0.0,1
SRCV,0.125,0.025,11,HistGB,HistGB,13.50742579877159,13.50742579877159,0.0,1
SRCV,0.125,0.025,12,HistGB,HistGB,13.758001907403685,13.758001907403685,0.0,1
SRCV,0.125,0.025,13,HistGB,HistGB,14.626656518553975,14.626656518553975,0.0,1
SRCV,0.125,0.025,14,HistGB,HistGB,14.533640708116964,14.533640708116964,0.0,1
SRCV,0.125,0.025,15,HistGB,HistGB,14.46272762558578,14.46272762558578,0.0,1
SRCV,0.125,0.025,16,HistGB,HistGB,15.171306018649071,15.171306018649071,0.0,1
SRCV,0.125,0.025,17,HistGB,HistGB,16.52161216946523,16.52161216946523,0.0,1
SRCV,0.125,0.025,18,HistGB,HistGB,14.780199693916028,14.780199693916028,0.0,1
SRCV,0.125,0.025,19,HistGB,HistGB,14.493836285631524,14.493836285631524,0.0,1
SRCV,0.125,0.025,20,HistGB,HistGB,15.368108126940594,15.368108126940594,0.0,1
SRCV,0.125,0.025,21,HistGB,HistGB,16.055770073743247,16.055770073743247,0.0,1
SRCV,0.125,0.025,22,HistGB,HistGB,15.713546741354476,15.713546741354476,0.0,1
SRCV,0.125,0.025,23,HistGB,HistGB,15.55503612142687,15.55503612142687,0.0,1
SRCV,0.125,0.025,24,HistGB,HistGB,15.081413399945886,15.081413399945886,0.0,1
SRCV,0.125,0.1,0,HistGB,HistGB,16.06918849714951,16.06918849714951,0.0,1
SRCV,0.125,0.1,1,HistGB,HistGB,17.715227486371926,17.715227486371926,0.0,1
SRCV,0.125,0.1,2,HistGB,HistGB,16.59812152428756,16.59812152428756,0.0,1
SRCV,0.125,0.1,3,HistGB,HistGB,16.681998568610286,16.681998568610286,0.0,1
SRCV,0.125,0.1,4,HistGB,HistGB,16.108514635915505,16.108514635915505,0.0,1
SRCV,0.125,0.1,5,HistGB,HistGB,17.268672823209283,17.268672823209283,0.0,1
SRCV,0.125,0.1,6,HistGB,HistGB,19.40432003734352,19.40432003734352,0.0,1
SRCV,0.125,0.1,7,HistGB,HistGB,16.082236395832705,16.082236395832705,0.0,1
SRCV,0.125,0.1,8,HistGB,HistGB,16.407129732211875,16.407129732211875,0.0,1
SRCV,0.125,0.1,9,HistGB,HistGB,17.16320210267766,17.16320210267766,0.0,1
SRCV,0.125,0.1,10,HistGB,HistGB,16.50268958110556,16.50268958110556,0.0,1
SRCV,0.125,0.1,11,HistGB,HistGB,15.964533676765804,15.964533676765804,0.0,1
SRCV,0.125,0.1,12,HistGB,HistGB,15.955340858425544,15.955340858425544,0.0,1
SRCV,0.125,0.1,13,HistGB,HistGB,16.931967619416174,16.931967619416174,0.0,1
SRCV,0.125,0.1,14,HistGB,HistGB,16.92890955586985,16.92890955586985,0.0,1
SRCV,0.125,0.1,15,HistGB,HistGB,16.861669366598026,16.861669366598026,0.0,1
SRCV,0.125,0.1,16,HistGB,HistGB,17.657517204616237,17.657517204616237,0.0,1
SRCV,0.125,0.1,17,HistGB,HistGB,18.682009768699448,18.682009768699448,0.0,1
SRCV,0.125,0.1,18,HistGB,HistGB,17.15936754113902,17.15936754113902,0.0,1
SRCV,0.125,0.1,19,HistGB,HistGB,16.832397587873736,16.832397587873736,0.0,1
SRCV,0.125,0.1,20,HistGB,HistGB,17.57369629098549,17.57369629098549,0.0,1
SRCV,0.125,0.1,21,HistGB,HistGB,18.21056570240688,18.21056570240688,0.0,1
SRCV,0.125,0.1,22,HistGB,HistGB,17.918651632655692,17.918651632655692,0.0,1
SRCV,0.125,0.1,23,HistGB,HistGB,17.87434674116678,17.87434674116678,0.0,1
SRCV,0.125,0.1,24,HistGB,HistGB,17.41484728033265,17.41484728033265,0.0,1
SRCV,0.125,0.15,0,HistGB,HistGB,17.541973445772758,17.541973445772758,0.0,1
SRCV,0.125,0.15,1,HistGB,HistGB,19.010878031887327,19.010878031887327,0.0,1
SRCV,0.125,0.15,2,HistGB,HistGB,17.80100779364431,17.80100779364431,0.0,1
SRCV,0.125,0.15,3,HistGB,HistGB,18.01452453786513,18.01452453786513,0.0,1
SRCV,0.125,0.15,4,HistGB,HistGB,17.437948123990314,17.437948123990314,0.0,1
SRCV,0.125,0.15,5,HistGB,HistGB,18.58285094234233,18.58285094234233,0.0,1
SRCV,0.125,0.15,6,HistGB,KNN,20.66574103016756,20.55617663708099,0.1095643930865684,0
SRCV,0.125,0.15,7,HistGB,HistGB,17.529586892481948,17.529586892481948,0.0,1
SRCV,0.125,0.15,8,HistGB,HistGB,17.8122895281797,17.8122895281797,0.0,1
SRCV,0.125,0.15,9,HistGB,HistGB,18.495670339370204,18.495670339370204,0.0,1
SRCV,0.125,0.15,10,HistGB,RandomForest,17.97117283362848,17.920692448422127,0.05048038520635245,0
SRCV,0.125,0.15,11,HistGB,RandomForest,17.484846230170547,17.41666006093395,0.06818616923659704,0
SRCV,0.125,0.15,12,HistGB,HistGB,17.466672392177024,17.466672392177024,0.0,1
SRCV,0.125,0.15,13,HistGB,HistGB,18.257215445819707,18.257215445819707,0.0,1
SRCV,0.125,0.15,14,HistGB,HistGB,18.137408455216548,18.137408455216548,0.0,1
SRCV,0.125,0.15,15,HistGB,HistGB,18.107544438260927,18.107544438260927,0.0,1
SRCV,0.125,0.15,16,HistGB,HistGB,18.78614046980045,18.78614046980045,0.0,1
SRCV,0.125,0.15,17,HistGB,HistGB,20.041240568377912,20.041240568377912,0.0,1
SRCV,0.125,0.15,18,HistGB,HistGB,18.367784803289087,18.367784803289087,0.0,1
SRCV,0.125,0.15,19,HistGB,HistGB,18.104123699192264,18.104123699192264,0.0,1
SRCV,0.125,0.15,20,HistGB,HistGB,18.801855062804623,18.801855062804623,0.0,1
SRCV,0.125,0.15,21,HistGB,HistGB,19.59619733176809,19.59619733176809,0.0,1
SRCV,0.125,0.15,22,HistGB,HistGB,19.298586066791096,19.298586066791096,0.0,1
SRCV,0.125,0.15,23,HistGB,HistGB,19.173574821481136,19.173574821481136,0.0,1
SRCV,0.125,0.15,24,HistGB,HistGB,18.65781447093841,18.65781447093841,0.0,1
SRCV,0.125,0.19,0,HistGB,HistGB,18.928739010266547,18.928739010266547,0.0,1
SRCV,0.125,0.19,1,HistGB,HistGB,20.143835873105846,20.143835873105846,0.0,1
SRCV,0.125,0.19,2,HistGB,RandomForest,19.26838422455713,19.25223313590072,0.016151088656410906,0
SRCV,0.125,0.19,3,HistGB,HistGB,19.443279896968026,19.443279896968026,0.0,1
SRCV,0.125,0.19,4,HistGB,HistGB,18.91392220590144,18.91392220590144,0.0,1
SRCV,0.125,0.19,5,HistGB,HistGB,19.95917516081851,19.95917516081851,0.0,1
SRCV,0.125,0.19,6,HistGB,KNN,21.81613605324205,21.221317844771534,0.5948182084705174,0
SRCV,0.125,0.19,7,HistGB,HistGB,18.7343657051764,18.7343657051764,0.0,1
SRCV,0.125,0.19,8,HistGB,HistGB,19.090144255140743,19.090144255140743,0.0,1
SRCV,0.125,0.19,9,HistGB,HistGB,19.75986807523372,19.75986807523372,0.0,1
SRCV,0.125,0.19,10,HistGB,RandomForest,19.228897842651488,19.11294703331267,0.11595080933881974,0
SRCV,0.125,0.19,11,HistGB,HistGB,18.667847445401883,18.667847445401883,0.0,1
SRCV,0.125,0.19,12,HistGB,HistGB,18.74800249831791,18.74800249831791,0.0,1
SRCV,0.125,0.19,13,HistGB,HistGB,19.487413662156857,19.487413662156857,0.0,1
SRCV,0.125,0.19,14,HistGB,HistGB,19.805729525276647,19.805729525276647,0.0,1
SRCV,0.125,0.19,15,HistGB,HistGB,19.53354628711148,19.53354628711148,0.0,1
SRCV,0.125,0.19,16,HistGB,HistGB,20.42138389973512,20.42138389973512,0.0,1
SRCV,0.125,0.19,17,HistGB,HistGB,21.336585653266862,21.336585653266862,0.0,1
SRCV,0.125,0.19,18,HistGB,HistGB,19.63875503262111,19.63875503262111,0.0,1
SRCV,0.125,0.19,19,HistGB,HistGB,19.237587544515986,19.237587544515986,0.0,1
SRCV,0.125,0.19,20,HistGB,HistGB,19.92591817042073,19.92591817042073,0.0,1
SRCV,0.125,0.19,21,HistGB,HistGB,21.007827210990577,21.007827210990577,0.0,1
SRCV,0.125,0.19,22,HistGB,HistGB,20.67660900892144,20.67660900892144,0.0,1
SRCV,0.125,0.19,23,HistGB,RandomForest,20.6083352155968,20.554130699292205,0.05420451630459411,0
SRCV,0.125,0.19,24,HistGB,HistGB,19.83663934120755,19.83663934120755,0.0,1
SRCV,0.125,0.2,0,HistGB,HistGB,19.31695977824297,19.31695977824297,0.0,1
SRCV,0.125,0.2,1,HistGB,HistGB,20.633704058890523,20.633704058890523,0.0,1
SRCV,0.125,0.2,2,HistGB,RandomForest,19.60198171985055,19.530966200000307,0.07101551985024201,0
SRCV,0.125,0.2,3,HistGB,HistGB,19.40246723251745,19.40246723251745,0.0,1
SRCV,0.125,0.2,4,HistGB,HistGB,19.19879919002628,19.19879919002628,0.0,1
SRCV,0.125,0.2,5,HistGB,HistGB,20.309646525902178,20.309646525902178,0.0,1
SRCV,0.125,0.2,6,HistGB,KNN,22.22715469741236,21.45106211319845,0.7760925842139095,0
SRCV,0.125,0.2,7,HistGB,KNN,19.087134768957217,18.91466158420148,0.17247318475573792,0
SRCV,0.125,0.2,8,HistGB,HistGB,19.353522301384245,19.353522301384245,0.0,1
SRCV,0.125,0.2,9,HistGB,HistGB,20.244280483753503,20.244280483753503,0.0,1
SRCV,0.125,0.2,10,HistGB,RandomForest,19.482679894775195,19.397262692891125,0.08541720188406998,0
SRCV,0.125,0.2,11,HistGB,HistGB,18.81764877008533,18.81764877008533,0.0,1
SRCV,0.125,0.2,12,HistGB,HistGB,19.156116543683805,19.156116543683805,0.0,1
SRCV,0.125,0.2,13,HistGB,HistGB,20.01349433745357,20.01349433745357,0.0,1
SRCV,0.125,0.2,14,HistGB,HistGB,20.033455238923583,20.033455238923583,0.0,1
SRCV,0.125,0.2,15,HistGB,KNN,19.86983031134916,19.770319702527317,0.09951060882184137,0
SRCV,0.125,0.2,16,HistGB,HistGB,20.56981023209017,20.56981023209017,0.0,1
SRCV,0.125,0.2,17,HistGB,KNN,21.90020836235615,21.8467341910282,0.05347417132794874,0
SRCV,0.125,0.2,18,HistGB,KNN,20.13102128441388,20.099350238418523,0.031671045995356195,0
SRCV,0.125,0.2,19,HistGB,HistGB,19.59435135708357,19.59435135708357,0.0,1
SRCV,0.125,0.2,20,HistGB,HistGB,20.38206963513907,20.38206963513907,0.0,1
SRCV,0.125,0.2,21,HistGB,HistGB,21.186528023649814,21.186528023649814,0.0,1
SRCV,0.125,0.2,22,HistGB,HistGB,20.970762127732502,20.970762127732502,0.0,1
SRCV,0.125,0.2,23,HistGB,HistGB,20.731601966614555,20.731601966614555,0.0,1
SRCV,0.125,0.2,24,HistGB,HistGB,20.04810559903347,20.04810559903347,0.0,1
SRCV,0.125,0.21,0,HistGB,KNN,19.712347729890087,19.62070076050922,0.09164696938086792,0
SRCV,0.125,0.21,1,HistGB,HistGB,20.883479751389164,20.883479751389164,0.0,1
SRCV,0.125,0.21,2,HistGB,RandomForest,19.80436562213185,19.776411638303763,0.02795398382808756,0
SRCV,0.125,0.21,3,HistGB,HistGB,19.79962845112105,19.79962845112105,0.0,1
SRCV,0.125,0.21,4,HistGB,HistGB,19.524084711512717,19.524084711512717,0.0,1
SRCV,0.125,0.21,5,HistGB,HistGB,20.691741037075957,20.691741037075957,0.0,1
SRCV,0.125,0.21,6,HistGB,KNN,22.638128623682924,21.735449205266427,0.902679418416497,0
SRCV,0.125,0.21,7,HistGB,KNN,19.563223774521383,19.129134412148225,0.43408936237315743,0
SRCV,0.125,0.21,8,HistGB,KNN,19.949149133827166,19.754159286311616,0.1949898475155507,0
SRCV,0.125,0.21,9,HistGB,HistGB,20.53946391412387,20.53946391412387,0.0,1
SRCV,0.125,0.21,10,HistGB,RandomForest,19.791512389893278,19.766638000384397,0.024874389508880768,0
SRCV,0.125,0.21,11,HistGB,HistGB,19.12476153385831,19.12476153385831,0.0,1
SRCV,0.125,0.21,12,HistGB,HistGB,19.62285011346803,19.62285011346803,0.0,1
SRCV,0.125,0.21,13,HistGB,HistGB,20.1912750022628,20.1912750022628,0.0,1
SRCV,0.125,0.21,14,HistGB,HistGB,20.17871752830445,20.17871752830445,0.0,1
SRCV,0.125,0.21,15,HistGB,KNN,20.35635435076348,20.008689836811453,0.3476645139520258,0
SRCV,0.125,0.21,16,HistGB,RandomForest,20.844016484607646,20.833181161887754,0.010835322719891849,0
SRCV,0.125,0.21,17,HistGB,KNN,22.20143236502758,21.9739723674224,0.22745999760517677,0
SRCV,0.125,0.21,18,HistGB,KNN,20.435337004508213,20.18731917985644,0.2480178246517717,0
SRCV,0.125,0.21,19,HistGB,HistGB,19.97509701714303,19.97509701714303,0.0,1
SRCV,0.125,0.21,20,HistGB,HistGB,20.63839378129152,20.63839378129152,0.0,1
SRCV,0.125,0.21,21,HistGB,HistGB,21.40956894525845,21.40956894525845,0.0,1
SRCV,0.125,0.21,22,HistGB,KNN,21.279054027647227,21.24068021908822,0.03837380855900818,0
SRCV,0.125,0.21,23,HistGB,HistGB,21.073886705689358,21.073886705689358,0.0,1
SRCV,0.125,0.21,24,HistGB,HistGB,20.58508699071329,20.58508699071329,0.0,1
SRCV,0.125,0.24,0,HistGB,KNN,20.982521657856744,20.33664056590208,0.6458810919546636,0
SRCV,0.125,0.24,1,HistGB,KNN,22.064357590263988,21.92280236504782,0.1415552252161696,0
SRCV,0.125,0.24,2,HistGB,KNN,20.79592375371037,20.741214770005676,0.05470898370469257,0
SRCV,0.125,0.24,3,HistGB,KNN,20.84463885093164,20.4321294687124,0.41250938221924116,0
SRCV,0.125,0.24,4,HistGB,HistGB,20.575640835804094,20.575640835804094,0.0,1
SRCV,0.125,0.24,5,HistGB,KNN,21.85542178703425,21.582918404859733,0.2725033821745164,0
SRCV,0.125,0.24,6,HistGB,KNN,24.16724330250814,22.650935540068332,1.5163077624398085,0
SRCV,0.125,0.24,7,HistGB,KNN,20.526325030059937,19.87952199459999,0.6468030354599463,0
SRCV,0.125,0.24,8,HistGB,KNN,21.085049356636727,20.522281621260348,0.5627677353763794,0
SRCV,0.125,0.24,9,HistGB,HistGB,21.50120439198769,21.50120439198769,0.0,1
SRCV,0.125,0.24,10,HistGB,HistGB,20.799187355071187,20.799187355071187,0.0,1
SRCV,0.125,0.24,11,HistGB,RandomForest,20.46050823698773,20.371659546986443,0.08884869000128859,0
SRCV,0.125,0.24,12,HistGB,KNN,20.42873796577705,20.153818096825816,0.2749198689512333,0
SRCV,0.125,0.24,13,HistGB,HistGB,21.2669017233842,21.2669017233842,0.0,1
SRCV,0.125,0.24,14,HistGB,KNN,21.462084175510437,21.3226337532928,0.1394504222176387,0
SRCV,0.125,0.24,15,HistGB,KNN,21.109553749660595,20.52767563958444,0.5818781100761541,0
SRCV,0.125,0.24,16,HistGB,KNN,22.00953698747326,21.60327312063129,0.4062638668419716,0
SRCV,0.125,0.24,17,HistGB,KNN,23.25946017164457,22.6236646265378,0.6357955451067703,0
SRCV,0.125,0.24,18,HistGB,KNN,21.322163342513168,20.865332927318907,0.45683041519426126,0
SRCV,0.125,0.24,19,HistGB,KNN,20.93072529938225,20.611027408455104,0.31969789092714507,0
SRCV,0.125,0.24,20,HistGB,KNN,21.74925183304476,21.538000917902348,0.21125091514241134,0
SRCV,0.125,0.24,21,HistGB,KNN,22.651067969927944,22.618736893558317,0.03233107636962629,0
SRCV,0.125,0.24,22,HistGB,KNN,22.46146878945244,22.050215114306518,0.4112536751459217,0
SRCV,0.125,0.24,23,HistGB,KNN,22.339223359037533,22.08033187991192,0.2588914791256123,0
SRCV,0.125,0.24,24,HistGB,HistGB,21.588328318789458,21.588328318789458,0.0,1
SRCV,0.125,0.32,0,HistGB,KNN,24.12467046999476,22.3410975641612,1.7835729058335623,0
SRCV,0.125,0.32,1,HistGB,KNN,25.77070627354392,24.167646892408506,1.603059381135413,0
SRCV,0.125,0.32,2,HistGB,KNN,24.59572377329288,23.22830694722482,1.3674168260680624,0
SRCV,0.125,0.32,3,HistGB,KNN,24.09274391415105,22.651724084282822,1.4410198298682282,0
SRCV,0.125,0.32,4,HistGB,KNN,23.90705141032773,22.899209031890777,1.0078423784369512,0
SRCV,0.125,0.32,5,HistGB,KNN,25.212724593070813,23.74077037955543,1.4719542135153851,0
SRCV,0.125,0.32,6,HistGB,KNN,27.269805798524292,24.58426841601279,2.6855373825115016,0
SRCV,0.125,0.32,7,HistGB,KNN,23.968635975943368,21.897619039501325,2.0710169364420423,0
SRCV,0.125,0.32,8,HistGB,KNN,24.47320734454739,22.56198727539633,1.9112200691510601,0
SRCV,0.125,0.32,9,HistGB,KNN,24.803594090704078,23.726477980773108,1.0771161099309694,0
SRCV,0.125,0.32,10,HistGB,KNN,24.47934381390138,23.392268978535643,1.087074835365737,0
SRCV,0.125,0.32,11,HistGB,KNN,23.72661797910468,22.911206803547127,0.8154111755575535,0
SRCV,0.125,0.32,12,HistGB,KNN,24.111346473464494,22.468416540666528,1.6429299327979656,0
SRCV,0.125,0.32,13,HistGB,KNN,24.99542252363374,23.978926219057577,1.0164963045761617,0
SRCV,0.125,0.32,14,HistGB,KNN,24.742605611228107,23.408361493293267,1.3342441179348405,0
SRCV,0.125,0.32,15,HistGB,KNN,24.416176662644283,22.5382140343824,1.8779626282618835,0
SRCV,0.125,0.32,16,HistGB,KNN,25.54446516039962,23.889956814327707,1.654508346071914,0
SRCV,0.125,0.32,17,HistGB,KNN,26.4958612951784,24.784073695291784,1.711787599886616,0
SRCV,0.125,0.32,18,HistGB,KNN,24.88464519023908,23.16494399329765,1.719701196941429,0
SRCV,0.125,0.32,19,HistGB,KNN,24.573643527987716,22.967426539513063,1.606216988474653,0
SRCV,0.125,0.32,20,HistGB,KNN,25.04910344930528,23.79135534710681,1.257748102198473,0
SRCV,0.125,0.32,21,HistGB,KNN,26.31016837981644,24.97102970206068,1.3391386777557592,0
SRCV,0.125,0.32,22,HistGB,KNN,26.098178562014315,24.39051221352639,1.7076663484879262,0
SRCV,0.125,0.32,23,HistGB,KNN,25.557866068906574,24.187060837810005,1.3708052310965684,0
SRCV,0.125,0.32,24,HistGB,KNN,25.003697301266914,24.039705867231064,0.9639914340358509,0
SRCV,0.125,0.4,0,HistGB,KNN,28.049609361827816,25.10814862318806,2.941460738639755,0
SRCV,0.125,0.4,1,HistGB,KNN,29.31611875614641,26.672735103263133,2.6433836528832764,0
SRCV,0.125,0.4,2,HistGB,KNN,28.384727103233185,25.81692397000759,2.5678031332255955,0
SRCV,0.125,0.4,3,HistGB,KNN,28.010289959071308,25.423661872844157,2.586628086227151,0
SRCV,0.125,0.4,4,HistGB,KNN,28.31516006865912,25.844904882373577,2.470255186285545,0
SRCV,0.125,0.4,5,HistGB,KNN,29.138612727054603,26.34733170986748,2.7912810171871243,0
SRCV,0.125,0.4,6,HistGB,KNN,31.47206094214324,27.471419439501894,4.000641502641347,0
SRCV,0.125,0.4,7,HistGB,KNN,27.888774713460062,24.65403390525961,3.2347408082004527,0
SRCV,0.125,0.4,8,HistGB,KNN,28.11039177616971,25.132597624958056,2.977794151211654,0
SRCV,0.125,0.4,9,HistGB,KNN,29.266611766794703,26.551948517294797,2.714663249499907,0
SRCV,0.125,0.4,10,HistGB,KNN,27.891574895247988,25.81186367292943,2.079711222318558,0
SRCV,0.125,0.4,11,HistGB,KNN,27.79176127114822,25.676760069446004,2.115001201702217,0
SRCV,0.125,0.4,12,HistGB,KNN,28.33763090957668,25.233865931244623,3.103764978332059,0
SRCV,0.125,0.4,13,HistGB,KNN,28.798902297381467,26.54460857267338,2.254293724708088,0
SRCV,0.125,0.4,14,HistGB,KNN,29.211910296743884,26.522075989221285,2.6898343075225988,0
SRCV,0.125,0.4,15,HistGB,KNN,28.65193876540236,25.34232298472043,3.3096157806819306,0
SRCV,0.125,0.4,16,HistGB,KNN,30.078513900930812,26.84998999315152,3.228523907779291,0
SRCV,0.125,0.4,17,HistGB,KNN,30.5095007137395,27.506923656523504,3.002577057215994,0
SRCV,0.125,0.4,18,HistGB,KNN,28.915144639978127,25.751301404565957,3.1638432354121697,0
SRCV,0.125,0.4,19,HistGB,KNN,28.586058710871352,25.36051788480377,3.225540826067583,0
SRCV,0.125,0.4,20,HistGB,KNN,28.90296152191095,26.323880275010467,2.5790812469004827,0
SRCV,0.125,0.4,21,HistGB,KNN,30.33042188933338,27.56509882832943,2.7653230610039508,0
SRCV,0.125,0.4,22,HistGB,KNN,30.205591444939312,26.97384541341878,3.231746031520533,0
SRCV,0.125,0.4,23,HistGB,KNN,29.56692175934774,26.81887054429276,2.7480512150549785,0
SRCV,0.125,0.4,24,HistGB,KNN,29.05916420698302,26.826243061722764,2.2329211452602564,0
SRCV,0.125,0.5,0,HistGB,KNN,34.3356818953042,29.36104864314475,4.97463325215945,0
SRCV,0.125,0.5,1,HistGB,KNN,35.45798108963929,30.78564658343057,4.6723345062087205,0
SRCV,0.125,0.5,2,HistGB,KNN,34.576328258809134,30.042510211973912,4.533818046835222,0
SRCV,0.125,0.5,3,HistGB,KNN,34.792656147750726,29.873883258001964,4.918772889748762,0
SRCV,0.125,0.5,4,HistGB,KNN,34.238497999689834,29.807820739177387,4.4306772605124465,0
SRCV,0.125,0.5,5,HistGB,KNN,35.27559090791475,30.71450700402392,4.561083903890829,0
SRCV,0.125,0.5,6,HistGB,KNN,37.69306887075829,31.49381187242601,6.199256998332277,0
SRCV,0.125,0.5,7,HistGB,KNN,33.714303799759946,28.83981311651348,4.874490683246467,0
SRCV,0.125,0.5,8,HistGB,KNN,34.41627098104753,29.623591813472316,4.792679167575216,0
SRCV,0.125,0.5,9,HistGB,KNN,34.73783599713518,30.300257701423387,4.437578295711791,0
SRCV,0.125,0.5,10,HistGB,KNN,33.910208514081305,29.824404136662483,4.085804377418821,0
SRCV,0.125,0.5,11,HistGB,KNN,33.62775139723734,29.60491639036404,4.022835006873301,0
SRCV,0.125,0.5,12,HistGB,KNN,34.021207929695294,29.14937495424439,4.8718329754509035,0
SRCV,0.125,0.5,13,HistGB,KNN,34.977502260566304,30.73761449320112,4.2398877673651825,0
SRCV,0.125,0.5,14,HistGB,KNN,34.802166158897485,30.22898594801385,4.573180210883635,0
SRCV,0.125,0.5,15,HistGB,KNN,34.57634793205066,29.482012823758883,5.0943351082917765,0
SRCV,0.125,0.5,16,HistGB,KNN,35.87939472326243,31.00229592672065,4.87709879654178,0
SRCV,0.125,0.5,17,HistGB,KNN,36.963845356749495,32.00073805865598,4.963107298093512,0
SRCV,0.125,0.5,18,HistGB,KNN,34.50305373795179,29.334123989500338,5.1689297484514505,0
SRCV,0.125,0.5,19,HistGB,KNN,34.60327848170751,29.727904717251747,4.875373764455766,0
SRCV,0.125,0.5,20,HistGB,KNN,34.325370645190155,30.386612943510592,3.938757701679563,0
SRCV,0.125,0.5,21,HistGB,KNN,36.63164043905123,32.05521614959351,4.576424289457719,0
SRCV,0.125,0.5,22,HistGB,KNN,36.0951832132667,30.834582638855917,5.260600574410784,0
SRCV,0.125,0.5,23,HistGB,KNN,35.70825739251677,31.138388285827343,4.569869106689428,0
SRCV,0.125,0.5,24,HistGB,KNN,34.82354914689996,30.66380562129224,4.159743525607716,0
SRCV,0.15,0.0,0,HistGB,HistGB,11.76015510447522,11.76015510447522,0.0,1
SRCV,0.15,0.0,1,HistGB,HistGB,13.73168860179165,13.73168860179165,0.0,1
SRCV,0.15,0.0,2,HistGB,HistGB,12.03246102203424,12.03246102203424,0.0,1
SRCV,0.15,0.0,3,HistGB,HistGB,12.507296971676508,12.507296971676508,0.0,1
SRCV,0.15,0.0,4,HistGB,HistGB,11.663767967150225,11.663767967150225,0.0,1
SRCV,0.15,0.0,5,HistGB,HistGB,12.788000461342667,12.788000461342667,0.0,1
SRCV,0.15,0.0,6,HistGB,HistGB,15.137088661400586,15.137088661400586,0.0,1
SRCV,0.15,0.0,7,HistGB,HistGB,11.832086758523523,11.832086758523523,0.0,1
SRCV,0.15,0.0,8,HistGB,HistGB,11.80698803744633,11.80698803744633,0.0,1
SRCV,0.15,0.0,9,HistGB,HistGB,12.556532991757797,12.556532991757797,0.0,1
SRCV,0.15,0.0,10,HistGB,HistGB,12.006766732493656,12.006766732493656,0.0,1
SRCV,0.15,0.0,11,HistGB,HistGB,11.346172695771273,11.346172695771273,0.0,1
SRCV,0.15,0.0,12,HistGB,HistGB,11.53607012306929,11.53607012306929,0.0,1
SRCV,0.15,0.0,13,HistGB,HistGB,12.501230435307573,12.501230435307573,0.0,1
SRCV,0.15,0.0,14,HistGB,HistGB,12.374390426143172,12.374390426143172,0.0,1
SRCV,0.15,0.0,15,HistGB,HistGB,12.425630433445932,12.425630433445932,0.0,1
SRCV,0.15,0.0,16,HistGB,HistGB,13.0920493003693,13.0920493003693,0.0,1
SRCV,0.15,0.0,17,HistGB,HistGB,14.474854688524555,14.474854688524555,0.0,1
SRCV,0.15,0.0,18,HistGB,HistGB,12.72431903276434,12.72431903276434,0.0,1
SRCV,0.15,0.0,19,HistGB,HistGB,12.38932481964971,12.38932481964971,0.0,1
SRCV,0.15,0.0,20,HistGB,HistGB,13.18137194824744,13.18137194824744,0.0,1
SRCV,0.15,0.0,21,HistGB,HistGB,13.996657000066351,13.996657000066351,0.0,1
SRCV,0.15,0.0,22,HistGB,HistGB,13.811627922541728,13.811627922541728,0.0,1
SRCV,0.15,0.0,23,HistGB,HistGB,13.32873782866024,13.32873782866024,0.0,1
SRCV,0.15,0.0,24,HistGB,HistGB,13.136467261751262,13.136467261751262,0.0,1
SRCV,0.15,0.025,0,HistGB,HistGB,13.790624657970188,13.790624657970188,0.0,1
SRCV,0.15,0.025,1,HistGB,HistGB,15.569190624933023,15.569190624933023,0.0,1
SRCV,0.15,0.025,2,HistGB,HistGB,14.088427543524208,14.088427543524208,0.0,1
SRCV,0.15,0.025,3,HistGB,HistGB,14.466111791412365,14.466111791412365,0.0,1
SRCV,0.15,0.025,4,HistGB,HistGB,13.735054816062018,13.735054816062018,0.0,1
SRCV,0.15,0.025,5,HistGB,HistGB,14.867893327492942,14.867893327492942,0.0,1
SRCV,0.15,0.025,6,HistGB,HistGB,17.17176789089314,17.17176789089314,0.0,1
SRCV,0.15,0.025,7,HistGB,HistGB,13.928703035242147,13.928703035242147,0.0,1
SRCV,0.15,0.025,8,HistGB,HistGB,14.035703406909802,14.035703406909802,0.0,1
SRCV,0.15,0.025,9,HistGB,HistGB,14.77125823960297,14.77125823960297,0.0,1
SRCV,0.15,0.025,10,HistGB,HistGB,14.180458644223837,14.180458644223837,0.0,1
SRCV,0.15,0.025,11,HistGB,HistGB,13.50742579877159,13.50742579877159,0.0,1
SRCV,0.15,0.025,12,HistGB,HistGB,13.758001907403685,13.758001907403685,0.0,1
SRCV,0.15,0.025,13,HistGB,HistGB,14.626656518553975,14.626656518553975,0.0,1
SRCV,0.15,0.025,14,HistGB,HistGB,14.533640708116964,14.533640708116964,0.0,1
SRCV,0.15,0.025,15,HistGB,HistGB,14.46272762558578,14.46272762558578,0.0,1
SRCV,0.15,0.025,16,HistGB,HistGB,15.171306018649071,15.171306018649071,0.0,1
SRCV,0.15,0.025,17,HistGB,HistGB,16.52161216946523,16.52161216946523,0.0,1
SRCV,0.15,0.025,18,HistGB,HistGB,14.780199693916028,14.780199693916028,0.0,1
SRCV,0.15,0.025,19,HistGB,HistGB,14.493836285631524,14.493836285631524,0.0,1
SRCV,0.15,0.025,20,HistGB,HistGB,15.368108126940594,15.368108126940594,0.0,1
SRCV,0.15,0.025,21,HistGB,HistGB,16.055770073743247,16.055770073743247,0.0,1
SRCV,0.15,0.025,22,HistGB,HistGB,15.713546741354476,15.713546741354476,0.0,1
SRCV,0.15,0.025,23,HistGB,HistGB,15.55503612142687,15.55503612142687,0.0,1
SRCV,0.15,0.025,24,HistGB,HistGB,15.081413399945886,15.081413399945886,0.0,1
SRCV,0.15,0.1,0,HistGB,HistGB,16.06918849714951,16.06918849714951,0.0,1
SRCV,0.15,0.1,1,HistGB,HistGB,17.715227486371926,17.715227486371926,0.0,1
SRCV,0.15,0.1,2,HistGB,HistGB,16.59812152428756,16.59812152428756,0.0,1
SRCV,0.15,0.1,3,HistGB,HistGB,16.681998568610286,16.681998568610286,0.0,1
SRCV,0.15,0.1,4,HistGB,HistGB,16.108514635915505,16.108514635915505,0.0,1
SRCV,0.15,0.1,5,HistGB,HistGB,17.268672823209283,17.268672823209283,0.0,1
SRCV,0.15,0.1,6,HistGB,HistGB,19.40432003734352,19.40432003734352,0.0,1
SRCV,0.15,0.1,7,HistGB,HistGB,16.082236395832705,16.082236395832705,0.0,1
SRCV,0.15,0.1,8,HistGB,HistGB,16.407129732211875,16.407129732211875,0.0,1
SRCV,0.15,0.1,9,HistGB,HistGB,17.16320210267766,17.16320210267766,0.0,1
SRCV,0.15,0.1,10,HistGB,HistGB,16.50268958110556,16.50268958110556,0.0,1
SRCV,0.15,0.1,11,HistGB,HistGB,15.964533676765804,15.964533676765804,0.0,1
SRCV,0.15,0.1,12,HistGB,HistGB,15.955340858425544,15.955340858425544,0.0,1
SRCV,0.15,0.1,13,HistGB,HistGB,16.931967619416174,16.931967619416174,0.0,1
SRCV,0.15,0.1,14,HistGB,HistGB,16.92890955586985,16.92890955586985,0.0,1
SRCV,0.15,0.1,15,HistGB,HistGB,16.861669366598026,16.861669366598026,0.0,1
SRCV,0.15,0.1,16,HistGB,HistGB,17.657517204616237,17.657517204616237,0.0,1
SRCV,0.15,0.1,17,HistGB,HistGB,18.682009768699448,18.682009768699448,0.0,1
SRCV,0.15,0.1,18,HistGB,HistGB,17.15936754113902,17.15936754113902,0.0,1
SRCV,0.15,0.1,19,HistGB,HistGB,16.832397587873736,16.832397587873736,0.0,1
SRCV,0.15,0.1,20,HistGB,HistGB,17.57369629098549,17.57369629098549,0.0,1
SRCV,0.15,0.1,21,HistGB,HistGB,18.21056570240688,18.21056570240688,0.0,1
SRCV,0.15,0.1,22,HistGB,HistGB,17.918651632655692,17.918651632655692,0.0,1
SRCV,0.15,0.1,23,HistGB,HistGB,17.87434674116678,17.87434674116678,0.0,1
SRCV,0.15,0.1,24,HistGB,HistGB,17.41484728033265,17.41484728033265,0.0,1
SRCV,0.15,0.15,0,HistGB,HistGB,17.541973445772758,17.541973445772758,0.0,1
SRCV,0.15,0.15,1,HistGB,HistGB,19.010878031887327,19.010878031887327,0.0,1
SRCV,0.15,0.15,2,HistGB,HistGB,17.80100779364431,17.80100779364431,0.0,1
SRCV,0.15,0.15,3,HistGB,HistGB,18.01452453786513,18.01452453786513,0.0,1
SRCV,0.15,0.15,4,HistGB,HistGB,17.437948123990314,17.437948123990314,0.0,1
SRCV,0.15,0.15,5,HistGB,HistGB,18.58285094234233,18.58285094234233,0.0,1
SRCV,0.15,0.15,6,HistGB,KNN,20.66574103016756,20.55617663708099,0.1095643930865684,0
SRCV,0.15,0.15,7,HistGB,HistGB,17.529586892481948,17.529586892481948,0.0,1
SRCV,0.15,0.15,8,HistGB,HistGB,17.8122895281797,17.8122895281797,0.0,1
SRCV,0.15,0.15,9,HistGB,HistGB,18.495670339370204,18.495670339370204,0.0,1
SRCV,0.15,0.15,10,HistGB,RandomForest,17.97117283362848,17.920692448422127,0.05048038520635245,0
SRCV,0.15,0.15,11,HistGB,RandomForest,17.484846230170547,17.41666006093395,0.06818616923659704,0
SRCV,0.15,0.15,12,HistGB,HistGB,17.466672392177024,17.466672392177024,0.0,1
SRCV,0.15,0.15,13,HistGB,HistGB,18.257215445819707,18.257215445819707,0.0,1
SRCV,0.15,0.15,14,HistGB,HistGB,18.137408455216548,18.137408455216548,0.0,1
SRCV,0.15,0.15,15,HistGB,HistGB,18.107544438260927,18.107544438260927,0.0,1
SRCV,0.15,0.15,16,HistGB,HistGB,18.78614046980045,18.78614046980045,0.0,1
SRCV,0.15,0.15,17,HistGB,HistGB,20.041240568377912,20.041240568377912,0.0,1
SRCV,0.15,0.15,18,HistGB,HistGB,18.367784803289087,18.367784803289087,0.0,1
SRCV,0.15,0.15,19,HistGB,HistGB,18.104123699192264,18.104123699192264,0.0,1
SRCV,0.15,0.15,20,HistGB,HistGB,18.801855062804623,18.801855062804623,0.0,1
SRCV,0.15,0.15,21,HistGB,HistGB,19.59619733176809,19.59619733176809,0.0,1
SRCV,0.15,0.15,22,HistGB,HistGB,19.298586066791096,19.298586066791096,0.0,1
SRCV,0.15,0.15,23,HistGB,HistGB,19.173574821481136,19.173574821481136,0.0,1
SRCV,0.15,0.15,24,HistGB,HistGB,18.65781447093841,18.65781447093841,0.0,1
SRCV,0.15,0.19,0,HistGB,HistGB,18.928739010266547,18.928739010266547,0.0,1
SRCV,0.15,0.19,1,HistGB,HistGB,20.143835873105846,20.143835873105846,0.0,1
SRCV,0.15,0.19,2,HistGB,RandomForest,19.26838422455713,19.25223313590072,0.016151088656410906,0
SRCV,0.15,0.19,3,HistGB,HistGB,19.443279896968026,19.443279896968026,0.0,1
SRCV,0.15,0.19,4,HistGB,HistGB,18.91392220590144,18.91392220590144,0.0,1
SRCV,0.15,0.19,5,HistGB,HistGB,19.95917516081851,19.95917516081851,0.0,1
SRCV,0.15,0.19,6,HistGB,KNN,21.81613605324205,21.221317844771534,0.5948182084705174,0
SRCV,0.15,0.19,7,HistGB,HistGB,18.7343657051764,18.7343657051764,0.0,1
SRCV,0.15,0.19,8,HistGB,HistGB,19.090144255140743,19.090144255140743,0.0,1
SRCV,0.15,0.19,9,HistGB,HistGB,19.75986807523372,19.75986807523372,0.0,1
SRCV,0.15,0.19,10,HistGB,RandomForest,19.228897842651488,19.11294703331267,0.11595080933881974,0
SRCV,0.15,0.19,11,HistGB,HistGB,18.667847445401883,18.667847445401883,0.0,1
SRCV,0.15,0.19,12,HistGB,HistGB,18.74800249831791,18.74800249831791,0.0,1
SRCV,0.15,0.19,13,HistGB,HistGB,19.487413662156857,19.487413662156857,0.0,1
SRCV,0.15,0.19,14,HistGB,HistGB,19.805729525276647,19.805729525276647,0.0,1
SRCV,0.15,0.19,15,HistGB,HistGB,19.53354628711148,19.53354628711148,0.0,1
SRCV,0.15,0.19,16,HistGB,HistGB,20.42138389973512,20.42138389973512,0.0,1
SRCV,0.15,0.19,17,HistGB,HistGB,21.336585653266862,21.336585653266862,0.0,1
SRCV,0.15,0.19,18,HistGB,HistGB,19.63875503262111,19.63875503262111,0.0,1
SRCV,0.15,0.19,19,HistGB,HistGB,19.237587544515986,19.237587544515986,0.0,1
SRCV,0.15,0.19,20,HistGB,HistGB,19.92591817042073,19.92591817042073,0.0,1
SRCV,0.15,0.19,21,HistGB,HistGB,21.007827210990577,21.007827210990577,0.0,1
SRCV,0.15,0.19,22,HistGB,HistGB,20.67660900892144,20.67660900892144,0.0,1
SRCV,0.15,0.19,23,HistGB,RandomForest,20.6083352155968,20.554130699292205,0.05420451630459411,0
SRCV,0.15,0.19,24,HistGB,HistGB,19.83663934120755,19.83663934120755,0.0,1
SRCV,0.15,0.2,0,HistGB,HistGB,19.31695977824297,19.31695977824297,0.0,1
SRCV,0.15,0.2,1,HistGB,HistGB,20.633704058890523,20.633704058890523,0.0,1
SRCV,0.15,0.2,2,HistGB,RandomForest,19.60198171985055,19.530966200000307,0.07101551985024201,0
SRCV,0.15,0.2,3,HistGB,HistGB,19.40246723251745,19.40246723251745,0.0,1
SRCV,0.15,0.2,4,HistGB,HistGB,19.19879919002628,19.19879919002628,0.0,1
SRCV,0.15,0.2,5,HistGB,HistGB,20.309646525902178,20.309646525902178,0.0,1
SRCV,0.15,0.2,6,HistGB,KNN,22.22715469741236,21.45106211319845,0.7760925842139095,0
SRCV,0.15,0.2,7,HistGB,KNN,19.087134768957217,18.91466158420148,0.17247318475573792,0
SRCV,0.15,0.2,8,HistGB,HistGB,19.353522301384245,19.353522301384245,0.0,1
SRCV,0.15,0.2,9,HistGB,HistGB,20.244280483753503,20.244280483753503,0.0,1
SRCV,0.15,0.2,10,HistGB,RandomForest,19.482679894775195,19.397262692891125,0.08541720188406998,0
SRCV,0.15,0.2,11,HistGB,HistGB,18.81764877008533,18.81764877008533,0.0,1
SRCV,0.15,0.2,12,HistGB,HistGB,19.156116543683805,19.156116543683805,0.0,1
SRCV,0.15,0.2,13,HistGB,HistGB,20.01349433745357,20.01349433745357,0.0,1
SRCV,0.15,0.2,14,HistGB,HistGB,20.033455238923583,20.033455238923583,0.0,1
SRCV,0.15,0.2,15,HistGB,KNN,19.86983031134916,19.770319702527317,0.09951060882184137,0
SRCV,0.15,0.2,16,HistGB,HistGB,20.56981023209017,20.56981023209017,0.0,1
SRCV,0.15,0.2,17,HistGB,KNN,21.90020836235615,21.8467341910282,0.05347417132794874,0
SRCV,0.15,0.2,18,HistGB,KNN,20.13102128441388,20.099350238418523,0.031671045995356195,0
SRCV,0.15,0.2,19,HistGB,HistGB,19.59435135708357,19.59435135708357,0.0,1
SRCV,0.15,0.2,20,HistGB,HistGB,20.38206963513907,20.38206963513907,0.0,1
SRCV,0.15,0.2,21,HistGB,HistGB,21.186528023649814,21.186528023649814,0.0,1
SRCV,0.15,0.2,22,HistGB,HistGB,20.970762127732502,20.970762127732502,0.0,1
SRCV,0.15,0.2,23,HistGB,HistGB,20.731601966614555,20.731601966614555,0.0,1
SRCV,0.15,0.2,24,HistGB,HistGB,20.04810559903347,20.04810559903347,0.0,1
SRCV,0.15,0.21,0,HistGB,KNN,19.712347729890087,19.62070076050922,0.09164696938086792,0
SRCV,0.15,0.21,1,HistGB,HistGB,20.883479751389164,20.883479751389164,0.0,1
SRCV,0.15,0.21,2,HistGB,RandomForest,19.80436562213185,19.776411638303763,0.02795398382808756,0
SRCV,0.15,0.21,3,HistGB,HistGB,19.79962845112105,19.79962845112105,0.0,1
SRCV,0.15,0.21,4,HistGB,HistGB,19.524084711512717,19.524084711512717,0.0,1
SRCV,0.15,0.21,5,HistGB,HistGB,20.691741037075957,20.691741037075957,0.0,1
SRCV,0.15,0.21,6,HistGB,KNN,22.638128623682924,21.735449205266427,0.902679418416497,0
SRCV,0.15,0.21,7,HistGB,KNN,19.563223774521383,19.129134412148225,0.43408936237315743,0
SRCV,0.15,0.21,8,HistGB,KNN,19.949149133827166,19.754159286311616,0.1949898475155507,0
SRCV,0.15,0.21,9,HistGB,HistGB,20.53946391412387,20.53946391412387,0.0,1
SRCV,0.15,0.21,10,HistGB,RandomForest,19.791512389893278,19.766638000384397,0.024874389508880768,0
SRCV,0.15,0.21,11,HistGB,HistGB,19.12476153385831,19.12476153385831,0.0,1
SRCV,0.15,0.21,12,HistGB,HistGB,19.62285011346803,19.62285011346803,0.0,1
SRCV,0.15,0.21,13,HistGB,HistGB,20.1912750022628,20.1912750022628,0.0,1
SRCV,0.15,0.21,14,HistGB,HistGB,20.17871752830445,20.17871752830445,0.0,1
SRCV,0.15,0.21,15,HistGB,KNN,20.35635435076348,20.008689836811453,0.3476645139520258,0
SRCV,0.15,0.21,16,HistGB,RandomForest,20.844016484607646,20.833181161887754,0.010835322719891849,0
SRCV,0.15,0.21,17,HistGB,KNN,22.20143236502758,21.9739723674224,0.22745999760517677,0
SRCV,0.15,0.21,18,HistGB,KNN,20.435337004508213,20.18731917985644,0.2480178246517717,0
SRCV,0.15,0.21,19,HistGB,HistGB,19.97509701714303,19.97509701714303,0.0,1
SRCV,0.15,0.21,20,HistGB,HistGB,20.63839378129152,20.63839378129152,0.0,1
SRCV,0.15,0.21,21,HistGB,HistGB,21.40956894525845,21.40956894525845,0.0,1
SRCV,0.15,0.21,22,HistGB,KNN,21.279054027647227,21.24068021908822,0.03837380855900818,0
SRCV,0.15,0.21,23,HistGB,HistGB,21.073886705689358,21.073886705689358,0.0,1
SRCV,0.15,0.21,24,HistGB,HistGB,20.58508699071329,20.58508699071329,0.0,1
SRCV,0.15,0.24,0,HistGB,KNN,20.982521657856744,20.33664056590208,0.6458810919546636,0
SRCV,0.15,0.24,1,HistGB,KNN,22.064357590263988,21.92280236504782,0.1415552252161696,0
SRCV,0.15,0.24,2,HistGB,KNN,20.79592375371037,20.741214770005676,0.05470898370469257,0
SRCV,0.15,0.24,3,HistGB,KNN,20.84463885093164,20.4321294687124,0.41250938221924116,0
SRCV,0.15,0.24,4,HistGB,HistGB,20.575640835804094,20.575640835804094,0.0,1
SRCV,0.15,0.24,5,HistGB,KNN,21.85542178703425,21.582918404859733,0.2725033821745164,0
SRCV,0.15,0.24,6,HistGB,KNN,24.16724330250814,22.650935540068332,1.5163077624398085,0
SRCV,0.15,0.24,7,HistGB,KNN,20.526325030059937,19.87952199459999,0.6468030354599463,0
SRCV,0.15,0.24,8,HistGB,KNN,21.085049356636727,20.522281621260348,0.5627677353763794,0
SRCV,0.15,0.24,9,HistGB,HistGB,21.50120439198769,21.50120439198769,0.0,1
SRCV,0.15,0.24,10,HistGB,HistGB,20.799187355071187,20.799187355071187,0.0,1
SRCV,0.15,0.24,11,HistGB,RandomForest,20.46050823698773,20.371659546986443,0.08884869000128859,0
SRCV,0.15,0.24,12,HistGB,KNN,20.42873796577705,20.153818096825816,0.2749198689512333,0
SRCV,0.15,0.24,13,HistGB,HistGB,21.2669017233842,21.2669017233842,0.0,1
SRCV,0.15,0.24,14,HistGB,KNN,21.462084175510437,21.3226337532928,0.1394504222176387,0
SRCV,0.15,0.24,15,HistGB,KNN,21.109553749660595,20.52767563958444,0.5818781100761541,0
SRCV,0.15,0.24,16,HistGB,KNN,22.00953698747326,21.60327312063129,0.4062638668419716,0
SRCV,0.15,0.24,17,HistGB,KNN,23.25946017164457,22.6236646265378,0.6357955451067703,0
SRCV,0.15,0.24,18,HistGB,KNN,21.322163342513168,20.865332927318907,0.45683041519426126,0
SRCV,0.15,0.24,19,HistGB,KNN,20.93072529938225,20.611027408455104,0.31969789092714507,0
SRCV,0.15,0.24,20,HistGB,KNN,21.74925183304476,21.538000917902348,0.21125091514241134,0
SRCV,0.15,0.24,21,HistGB,KNN,22.651067969927944,22.618736893558317,0.03233107636962629,0
SRCV,0.15,0.24,22,HistGB,KNN,22.46146878945244,22.050215114306518,0.4112536751459217,0
SRCV,0.15,0.24,23,HistGB,KNN,22.339223359037533,22.08033187991192,0.2588914791256123,0
SRCV,0.15,0.24,24,HistGB,HistGB,21.588328318789458,21.588328318789458,0.0,1
SRCV,0.15,0.32,0,HistGB,KNN,24.12467046999476,22.3410975641612,1.7835729058335623,0
SRCV,0.15,0.32,1,HistGB,KNN,25.77070627354392,24.167646892408506,1.603059381135413,0
SRCV,0.15,0.32,2,HistGB,KNN,24.59572377329288,23.22830694722482,1.3674168260680624,0
SRCV,0.15,0.32,3,HistGB,KNN,24.09274391415105,22.651724084282822,1.4410198298682282,0
SRCV,0.15,0.32,4,HistGB,KNN,23.90705141032773,22.899209031890777,1.0078423784369512,0
SRCV,0.15,0.32,5,HistGB,KNN,25.212724593070813,23.74077037955543,1.4719542135153851,0
SRCV,0.15,0.32,6,HistGB,KNN,27.269805798524292,24.58426841601279,2.6855373825115016,0
SRCV,0.15,0.32,7,HistGB,KNN,23.968635975943368,21.897619039501325,2.0710169364420423,0
SRCV,0.15,0.32,8,HistGB,KNN,24.47320734454739,22.56198727539633,1.9112200691510601,0
SRCV,0.15,0.32,9,HistGB,KNN,24.803594090704078,23.726477980773108,1.0771161099309694,0
SRCV,0.15,0.32,10,HistGB,KNN,24.47934381390138,23.392268978535643,1.087074835365737,0
SRCV,0.15,0.32,11,HistGB,KNN,23.72661797910468,22.911206803547127,0.8154111755575535,0
SRCV,0.15,0.32,12,HistGB,KNN,24.111346473464494,22.468416540666528,1.6429299327979656,0
SRCV,0.15,0.32,13,HistGB,KNN,24.99542252363374,23.978926219057577,1.0164963045761617,0
SRCV,0.15,0.32,14,HistGB,KNN,24.742605611228107,23.408361493293267,1.3342441179348405,0
SRCV,0.15,0.32,15,HistGB,KNN,24.416176662644283,22.5382140343824,1.8779626282618835,0
SRCV,0.15,0.32,16,HistGB,KNN,25.54446516039962,23.889956814327707,1.654508346071914,0
SRCV,0.15,0.32,17,HistGB,KNN,26.4958612951784,24.784073695291784,1.711787599886616,0
SRCV,0.15,0.32,18,HistGB,KNN,24.88464519023908,23.16494399329765,1.719701196941429,0
SRCV,0.15,0.32,19,HistGB,KNN,24.573643527987716,22.967426539513063,1.606216988474653,0
SRCV,0.15,0.32,20,HistGB,KNN,25.04910344930528,23.79135534710681,1.257748102198473,0
SRCV,0.15,0.32,21,HistGB,KNN,26.31016837981644,24.97102970206068,1.3391386777557592,0
SRCV,0.15,0.32,22,HistGB,KNN,26.098178562014315,24.39051221352639,1.7076663484879262,0
SRCV,0.15,0.32,23,HistGB,KNN,25.557866068906574,24.187060837810005,1.3708052310965684,0
SRCV,0.15,0.32,24,HistGB,KNN,25.003697301266914,24.039705867231064,0.9639914340358509,0
SRCV,0.15,0.4,0,HistGB,KNN,28.049609361827816,25.10814862318806,2.941460738639755,0
SRCV,0.15,0.4,1,HistGB,KNN,29.31611875614641,26.672735103263133,2.6433836528832764,0
SRCV,0.15,0.4,2,HistGB,KNN,28.384727103233185,25.81692397000759,2.5678031332255955,0
SRCV,0.15,0.4,3,HistGB,KNN,28.010289959071308,25.423661872844157,2.586628086227151,0
SRCV,0.15,0.4,4,HistGB,KNN,28.31516006865912,25.844904882373577,2.470255186285545,0
SRCV,0.15,0.4,5,HistGB,KNN,29.138612727054603,26.34733170986748,2.7912810171871243,0
SRCV,0.15,0.4,6,HistGB,KNN,31.47206094214324,27.471419439501894,4.000641502641347,0
SRCV,0.15,0.4,7,HistGB,KNN,27.888774713460062,24.65403390525961,3.2347408082004527,0
SRCV,0.15,0.4,8,HistGB,KNN,28.11039177616971,25.132597624958056,2.977794151211654,0
SRCV,0.15,0.4,9,HistGB,KNN,29.266611766794703,26.551948517294797,2.714663249499907,0
SRCV,0.15,0.4,10,HistGB,KNN,27.891574895247988,25.81186367292943,2.079711222318558,0
SRCV,0.15,0.4,11,HistGB,KNN,27.79176127114822,25.676760069446004,2.115001201702217,0
SRCV,0.15,0.4,12,HistGB,KNN,28.33763090957668,25.233865931244623,3.103764978332059,0
SRCV,0.15,0.4,13,HistGB,KNN,28.798902297381467,26.54460857267338,2.254293724708088,0
SRCV,0.15,0.4,14,HistGB,KNN,29.211910296743884,26.522075989221285,2.6898343075225988,0
SRCV,0.15,0.4,15,HistGB,KNN,28.65193876540236,25.34232298472043,3.3096157806819306,0
SRCV,0.15,0.4,16,HistGB,KNN,30.078513900930812,26.84998999315152,3.228523907779291,0
SRCV,0.15,0.4,17,HistGB,KNN,30.5095007137395,27.506923656523504,3.002577057215994,0
SRCV,0.15,0.4,18,HistGB,KNN,28.915144639978127,25.751301404565957,3.1638432354121697,0
SRCV,0.15,0.4,19,HistGB,KNN,28.586058710871352,25.36051788480377,3.225540826067583,0
SRCV,0.15,0.4,20,HistGB,KNN,28.90296152191095,26.323880275010467,2.5790812469004827,0
SRCV,0.15,0.4,21,HistGB,KNN,30.33042188933338,27.56509882832943,2.7653230610039508,0
SRCV,0.15,0.4,22,HistGB,KNN,30.205591444939312,26.97384541341878,3.231746031520533,0
SRCV,0.15,0.4,23,HistGB,KNN,29.56692175934774,26.81887054429276,2.7480512150549785,0
SRCV,0.15,0.4,24,HistGB,KNN,29.05916420698302,26.826243061722764,2.2329211452602564,0
SRCV,0.15,0.5,0,HistGB,KNN,34.3356818953042,29.36104864314475,4.97463325215945,0
SRCV,0.15,0.5,1,HistGB,KNN,35.45798108963929,30.78564658343057,4.6723345062087205,0
SRCV,0.15,0.5,2,HistGB,KNN,34.576328258809134,30.042510211973912,4.533818046835222,0
SRCV,0.15,0.5,3,HistGB,KNN,34.792656147750726,29.873883258001964,4.918772889748762,0
SRCV,0.15,0.5,4,HistGB,KNN,34.238497999689834,29.807820739177387,4.4306772605124465,0
SRCV,0.15,0.5,5,HistGB,KNN,35.27559090791475,30.71450700402392,4.561083903890829,0
SRCV,0.15,0.5,6,HistGB,KNN,37.69306887075829,31.49381187242601,6.199256998332277,0
SRCV,0.15,0.5,7,HistGB,KNN,33.714303799759946,28.83981311651348,4.874490683246467,0
SRCV,0.15,0.5,8,HistGB,KNN,34.41627098104753,29.623591813472316,4.792679167575216,0
SRCV,0.15,0.5,9,HistGB,KNN,34.73783599713518,30.300257701423387,4.437578295711791,0
SRCV,0.15,0.5,10,HistGB,KNN,33.910208514081305,29.824404136662483,4.085804377418821,0
SRCV,0.15,0.5,11,HistGB,KNN,33.62775139723734,29.60491639036404,4.022835006873301,0
SRCV,0.15,0.5,12,HistGB,KNN,34.021207929695294,29.14937495424439,4.8718329754509035,0
SRCV,0.15,0.5,13,HistGB,KNN,34.977502260566304,30.73761449320112,4.2398877673651825,0
SRCV,0.15,0.5,14,HistGB,KNN,34.802166158897485,30.22898594801385,4.573180210883635,0
SRCV,0.15,0.5,15,HistGB,KNN,34.57634793205066,29.482012823758883,5.0943351082917765,0
SRCV,0.15,0.5,16,HistGB,KNN,35.87939472326243,31.00229592672065,4.87709879654178,0
SRCV,0.15,0.5,17,HistGB,KNN,36.963845356749495,32.00073805865598,4.963107298093512,0
SRCV,0.15,0.5,18,HistGB,KNN,34.50305373795179,29.334123989500338,5.1689297484514505,0
SRCV,0.15,0.5,19,HistGB,KNN,34.60327848170751,29.727904717251747,4.875373764455766,0
SRCV,0.15,0.5,20,HistGB,KNN,34.325370645190155,30.386612943510592,3.938757701679563,0
SRCV,0.15,0.5,21,HistGB,KNN,36.63164043905123,32.05521614959351,4.576424289457719,0
SRCV,0.15,0.5,22,HistGB,KNN,36.0951832132667,30.834582638855917,5.260600574410784,0
SRCV,0.15,0.5,23,HistGB,KNN,35.70825739251677,31.138388285827343,4.569869106689428,0
SRCV,0.15,0.5,24,HistGB,KNN,34.82354914689996,30.66380562129224,4.159743525607716,0
SRCV,0.17,0.0,0,HistGB,HistGB,11.76015510447522,11.76015510447522,0.0,1
SRCV,0.17,0.0,1,HistGB,HistGB,13.73168860179165,13.73168860179165,0.0,1
SRCV,0.17,0.0,2,HistGB,HistGB,12.03246102203424,12.03246102203424,0.0,1
SRCV,0.17,0.0,3,HistGB,HistGB,12.507296971676508,12.507296971676508,0.0,1
SRCV,0.17,0.0,4,HistGB,HistGB,11.663767967150225,11.663767967150225,0.0,1
SRCV,0.17,0.0,5,HistGB,HistGB,12.788000461342667,12.788000461342667,0.0,1
SRCV,0.17,0.0,6,HistGB,HistGB,15.137088661400586,15.137088661400586,0.0,1
SRCV,0.17,0.0,7,HistGB,HistGB,11.832086758523523,11.832086758523523,0.0,1
SRCV,0.17,0.0,8,HistGB,HistGB,11.80698803744633,11.80698803744633,0.0,1
SRCV,0.17,0.0,9,HistGB,HistGB,12.556532991757797,12.556532991757797,0.0,1
SRCV,0.17,0.0,10,HistGB,HistGB,12.006766732493656,12.006766732493656,0.0,1
SRCV,0.17,0.0,11,HistGB,HistGB,11.346172695771273,11.346172695771273,0.0,1
SRCV,0.17,0.0,12,HistGB,HistGB,11.53607012306929,11.53607012306929,0.0,1
SRCV,0.17,0.0,13,HistGB,HistGB,12.501230435307573,12.501230435307573,0.0,1
SRCV,0.17,0.0,14,HistGB,HistGB,12.374390426143172,12.374390426143172,0.0,1
SRCV,0.17,0.0,15,HistGB,HistGB,12.425630433445932,12.425630433445932,0.0,1
SRCV,0.17,0.0,16,HistGB,HistGB,13.0920493003693,13.0920493003693,0.0,1
SRCV,0.17,0.0,17,RandomForest,HistGB,17.655053324123227,14.474854688524555,3.1801986355986713,0
SRCV,0.17,0.0,18,HistGB,HistGB,12.72431903276434,12.72431903276434,0.0,1
SRCV,0.17,0.0,19,HistGB,HistGB,12.38932481964971,12.38932481964971,0.0,1
SRCV,0.17,0.0,20,HistGB,HistGB,13.18137194824744,13.18137194824744,0.0,1
SRCV,0.17,0.0,21,HistGB,HistGB,13.996657000066351,13.996657000066351,0.0,1
SRCV,0.17,0.0,22,HistGB,HistGB,13.811627922541728,13.811627922541728,0.0,1
SRCV,0.17,0.0,23,HistGB,HistGB,13.32873782866024,13.32873782866024,0.0,1
SRCV,0.17,0.0,24,HistGB,HistGB,13.136467261751262,13.136467261751262,0.0,1
SRCV,0.17,0.025,0,HistGB,HistGB,13.790624657970188,13.790624657970188,0.0,1
SRCV,0.17,0.025,1,HistGB,HistGB,15.569190624933023,15.569190624933023,0.0,1
SRCV,0.17,0.025,2,HistGB,HistGB,14.088427543524208,14.088427543524208,0.0,1
SRCV,0.17,0.025,3,HistGB,HistGB,14.466111791412365,14.466111791412365,0.0,1
SRCV,0.17,0.025,4,HistGB,HistGB,13.735054816062018,13.735054816062018,0.0,1
SRCV,0.17,0.025,5,HistGB,HistGB,14.867893327492942,14.867893327492942,0.0,1
SRCV,0.17,0.025,6,HistGB,HistGB,17.17176789089314,17.17176789089314,0.0,1
SRCV,0.17,0.025,7,HistGB,HistGB,13.928703035242147,13.928703035242147,0.0,1
SRCV,0.17,0.025,8,HistGB,HistGB,14.035703406909802,14.035703406909802,0.0,1
SRCV,0.17,0.025,9,HistGB,HistGB,14.77125823960297,14.77125823960297,0.0,1
SRCV,0.17,0.025,10,HistGB,HistGB,14.180458644223837,14.180458644223837,0.0,1
SRCV,0.17,0.025,11,HistGB,HistGB,13.50742579877159,13.50742579877159,0.0,1
SRCV,0.17,0.025,12,HistGB,HistGB,13.758001907403685,13.758001907403685,0.0,1
SRCV,0.17,0.025,13,HistGB,HistGB,14.626656518553975,14.626656518553975,0.0,1
SRCV,0.17,0.025,14,HistGB,HistGB,14.533640708116964,14.533640708116964,0.0,1
SRCV,0.17,0.025,15,HistGB,HistGB,14.46272762558578,14.46272762558578,0.0,1
SRCV,0.17,0.025,16,HistGB,HistGB,15.171306018649071,15.171306018649071,0.0,1
SRCV,0.17,0.025,17,RandomForest,HistGB,18.064203433263003,16.52161216946523,1.5425912637977746,0
SRCV,0.17,0.025,18,HistGB,HistGB,14.780199693916028,14.780199693916028,0.0,1
SRCV,0.17,0.025,19,HistGB,HistGB,14.493836285631524,14.493836285631524,0.0,1
SRCV,0.17,0.025,20,HistGB,HistGB,15.368108126940594,15.368108126940594,0.0,1
SRCV,0.17,0.025,21,HistGB,HistGB,16.055770073743247,16.055770073743247,0.0,1
SRCV,0.17,0.025,22,HistGB,HistGB,15.713546741354476,15.713546741354476,0.0,1
SRCV,0.17,0.025,23,HistGB,HistGB,15.55503612142687,15.55503612142687,0.0,1
SRCV,0.17,0.025,24,HistGB,HistGB,15.081413399945886,15.081413399945886,0.0,1
SRCV,0.17,0.1,0,HistGB,HistGB,16.06918849714951,16.06918849714951,0.0,1
SRCV,0.17,0.1,1,HistGB,HistGB,17.715227486371926,17.715227486371926,0.0,1
SRCV,0.17,0.1,2,HistGB,HistGB,16.59812152428756,16.59812152428756,0.0,1
SRCV,0.17,0.1,3,HistGB,HistGB,16.681998568610286,16.681998568610286,0.0,1
SRCV,0.17,0.1,4,HistGB,HistGB,16.108514635915505,16.108514635915505,0.0,1
SRCV,0.17,0.1,5,HistGB,HistGB,17.268672823209283,17.268672823209283,0.0,1
SRCV,0.17,0.1,6,HistGB,HistGB,19.40432003734352,19.40432003734352,0.0,1
SRCV,0.17,0.1,7,HistGB,HistGB,16.082236395832705,16.082236395832705,0.0,1
SRCV,0.17,0.1,8,HistGB,HistGB,16.407129732211875,16.407129732211875,0.0,1
SRCV,0.17,0.1,9,HistGB,HistGB,17.16320210267766,17.16320210267766,0.0,1
SRCV,0.17,0.1,10,HistGB,HistGB,16.50268958110556,16.50268958110556,0.0,1
SRCV,0.17,0.1,11,HistGB,HistGB,15.964533676765804,15.964533676765804,0.0,1
SRCV,0.17,0.1,12,HistGB,HistGB,15.955340858425544,15.955340858425544,0.0,1
SRCV,0.17,0.1,13,HistGB,HistGB,16.931967619416174,16.931967619416174,0.0,1
SRCV,0.17,0.1,14,HistGB,HistGB,16.92890955586985,16.92890955586985,0.0,1
SRCV,0.17,0.1,15,HistGB,HistGB,16.861669366598026,16.861669366598026,0.0,1
SRCV,0.17,0.1,16,HistGB,HistGB,17.657517204616237,17.657517204616237,0.0,1
SRCV,0.17,0.1,17,RandomForest,HistGB,19.314145657921667,18.682009768699448,0.6321358892222193,0
SRCV,0.17,0.1,18,HistGB,HistGB,17.15936754113902,17.15936754113902,0.0,1
SRCV,0.17,0.1,19,HistGB,HistGB,16.832397587873736,16.832397587873736,0.0,1
SRCV,0.17,0.1,20,HistGB,HistGB,17.57369629098549,17.57369629098549,0.0,1
SRCV,0.17,0.1,21,HistGB,HistGB,18.21056570240688,18.21056570240688,0.0,1
SRCV,0.17,0.1,22,HistGB,HistGB,17.918651632655692,17.918651632655692,0.0,1
SRCV,0.17,0.1,23,HistGB,HistGB,17.87434674116678,17.87434674116678,0.0,1
SRCV,0.17,0.1,24,HistGB,HistGB,17.41484728033265,17.41484728033265,0.0,1
SRCV,0.17,0.15,0,HistGB,HistGB,17.541973445772758,17.541973445772758,0.0,1
SRCV,0.17,0.15,1,HistGB,HistGB,19.010878031887327,19.010878031887327,0.0,1
SRCV,0.17,0.15,2,HistGB,HistGB,17.80100779364431,17.80100779364431,0.0,1
SRCV,0.17,0.15,3,HistGB,HistGB,18.01452453786513,18.01452453786513,0.0,1
SRCV,0.17,0.15,4,HistGB,HistGB,17.437948123990314,17.437948123990314,0.0,1
SRCV,0.17,0.15,5,HistGB,HistGB,18.58285094234233,18.58285094234233,0.0,1
SRCV,0.17,0.15,6,HistGB,KNN,20.66574103016756,20.55617663708099,0.1095643930865684,0
SRCV,0.17,0.15,7,HistGB,HistGB,17.529586892481948,17.529586892481948,0.0,1
SRCV,0.17,0.15,8,HistGB,HistGB,17.8122895281797,17.8122895281797,0.0,1
SRCV,0.17,0.15,9,HistGB,HistGB,18.495670339370204,18.495670339370204,0.0,1
SRCV,0.17,0.15,10,HistGB,RandomForest,17.97117283362848,17.920692448422127,0.05048038520635245,0
SRCV,0.17,0.15,11,HistGB,RandomForest,17.484846230170547,17.41666006093395,0.06818616923659704,0
SRCV,0.17,0.15,12,HistGB,HistGB,17.466672392177024,17.466672392177024,0.0,1
SRCV,0.17,0.15,13,HistGB,HistGB,18.257215445819707,18.257215445819707,0.0,1
SRCV,0.17,0.15,14,HistGB,HistGB,18.137408455216548,18.137408455216548,0.0,1
SRCV,0.17,0.15,15,HistGB,HistGB,18.107544438260927,18.107544438260927,0.0,1
SRCV,0.17,0.15,16,HistGB,HistGB,18.78614046980045,18.78614046980045,0.0,1
SRCV,0.17,0.15,17,RandomForest,HistGB,20.601853883394902,20.041240568377912,0.5606133150169903,0
SRCV,0.17,0.15,18,HistGB,HistGB,18.367784803289087,18.367784803289087,0.0,1
SRCV,0.17,0.15,19,HistGB,HistGB,18.104123699192264,18.104123699192264,0.0,1
SRCV,0.17,0.15,20,HistGB,HistGB,18.801855062804623,18.801855062804623,0.0,1
SRCV,0.17,0.15,21,HistGB,HistGB,19.59619733176809,19.59619733176809,0.0,1
SRCV,0.17,0.15,22,HistGB,HistGB,19.298586066791096,19.298586066791096,0.0,1
SRCV,0.17,0.15,23,HistGB,HistGB,19.173574821481136,19.173574821481136,0.0,1
SRCV,0.17,0.15,24,HistGB,HistGB,18.65781447093841,18.65781447093841,0.0,1
SRCV,0.17,0.19,0,HistGB,HistGB,18.928739010266547,18.928739010266547,0.0,1
SRCV,0.17,0.19,1,HistGB,HistGB,20.143835873105846,20.143835873105846,0.0,1
SRCV,0.17,0.19,2,HistGB,RandomForest,19.26838422455713,19.25223313590072,0.016151088656410906,0
SRCV,0.17,0.19,3,HistGB,HistGB,19.443279896968026,19.443279896968026,0.0,1
SRCV,0.17,0.19,4,HistGB,HistGB,18.91392220590144,18.91392220590144,0.0,1
SRCV,0.17,0.19,5,HistGB,HistGB,19.95917516081851,19.95917516081851,0.0,1
SRCV,0.17,0.19,6,HistGB,KNN,21.81613605324205,21.221317844771534,0.5948182084705174,0
SRCV,0.17,0.19,7,HistGB,HistGB,18.7343657051764,18.7343657051764,0.0,1
SRCV,0.17,0.19,8,HistGB,HistGB,19.090144255140743,19.090144255140743,0.0,1
SRCV,0.17,0.19,9,HistGB,HistGB,19.75986807523372,19.75986807523372,0.0,1
SRCV,0.17,0.19,10,HistGB,RandomForest,19.228897842651488,19.11294703331267,0.11595080933881974,0
SRCV,0.17,0.19,11,HistGB,HistGB,18.667847445401883,18.667847445401883,0.0,1
SRCV,0.17,0.19,12,HistGB,HistGB,18.74800249831791,18.74800249831791,0.0,1
SRCV,0.17,0.19,13,HistGB,HistGB,19.487413662156857,19.487413662156857,0.0,1
SRCV,0.17,0.19,14,HistGB,HistGB,19.805729525276647,19.805729525276647,0.0,1
SRCV,0.17,0.19,15,HistGB,HistGB,19.53354628711148,19.53354628711148,0.0,1
SRCV,0.17,0.19,16,HistGB,HistGB,20.42138389973512,20.42138389973512,0.0,1
SRCV,0.17,0.19,17,RandomForest,HistGB,21.86407770149402,21.336585653266862,0.5274920482271561,0
SRCV,0.17,0.19,18,HistGB,HistGB,19.63875503262111,19.63875503262111,0.0,1
SRCV,0.17,0.19,19,HistGB,HistGB,19.237587544515986,19.237587544515986,0.0,1
SRCV,0.17,0.19,20,HistGB,HistGB,19.92591817042073,19.92591817042073,0.0,1
SRCV,0.17,0.19,21,HistGB,HistGB,21.007827210990577,21.007827210990577,0.0,1
SRCV,0.17,0.19,22,HistGB,HistGB,20.67660900892144,20.67660900892144,0.0,1
SRCV,0.17,0.19,23,HistGB,RandomForest,20.6083352155968,20.554130699292205,0.05420451630459411,0
SRCV,0.17,0.19,24,HistGB,HistGB,19.83663934120755,19.83663934120755,0.0,1
SRCV,0.17,0.2,0,HistGB,HistGB,19.31695977824297,19.31695977824297,0.0,1
SRCV,0.17,0.2,1,HistGB,HistGB,20.633704058890523,20.633704058890523,0.0,1
SRCV,0.17,0.2,2,HistGB,RandomForest,19.60198171985055,19.530966200000307,0.07101551985024201,0
SRCV,0.17,0.2,3,HistGB,HistGB,19.40246723251745,19.40246723251745,0.0,1
SRCV,0.17,0.2,4,HistGB,HistGB,19.19879919002628,19.19879919002628,0.0,1
SRCV,0.17,0.2,5,HistGB,HistGB,20.309646525902178,20.309646525902178,0.0,1
SRCV,0.17,0.2,6,HistGB,KNN,22.22715469741236,21.45106211319845,0.7760925842139095,0
SRCV,0.17,0.2,7,HistGB,KNN,19.087134768957217,18.91466158420148,0.17247318475573792,0
SRCV,0.17,0.2,8,HistGB,HistGB,19.353522301384245,19.353522301384245,0.0,1
SRCV,0.17,0.2,9,HistGB,HistGB,20.244280483753503,20.244280483753503,0.0,1
SRCV,0.17,0.2,10,HistGB,RandomForest,19.482679894775195,19.397262692891125,0.08541720188406998,0
SRCV,0.17,0.2,11,HistGB,HistGB,18.81764877008533,18.81764877008533,0.0,1
SRCV,0.17,0.2,12,HistGB,HistGB,19.156116543683805,19.156116543683805,0.0,1
SRCV,0.17,0.2,13,HistGB,HistGB,20.01349433745357,20.01349433745357,0.0,1
SRCV,0.17,0.2,14,HistGB,HistGB,20.033455238923583,20.033455238923583,0.0,1
SRCV,0.17,0.2,15,HistGB,KNN,19.86983031134916,19.770319702527317,0.09951060882184137,0
SRCV,0.17,0.2,16,HistGB,HistGB,20.56981023209017,20.56981023209017,0.0,1
SRCV,0.17,0.2,17,RandomForest,KNN,22.24660592100581,21.8467341910282,0.3998717299776082,0
SRCV,0.17,0.2,18,HistGB,KNN,20.13102128441388,20.099350238418523,0.031671045995356195,0
SRCV,0.17,0.2,19,HistGB,HistGB,19.59435135708357,19.59435135708357,0.0,1
SRCV,0.17,0.2,20,HistGB,HistGB,20.38206963513907,20.38206963513907,0.0,1
SRCV,0.17,0.2,21,HistGB,HistGB,21.186528023649814,21.186528023649814,0.0,1
SRCV,0.17,0.2,22,HistGB,HistGB,20.970762127732502,20.970762127732502,0.0,1
SRCV,0.17,0.2,23,HistGB,HistGB,20.731601966614555,20.731601966614555,0.0,1
SRCV,0.17,0.2,24,HistGB,HistGB,20.04810559903347,20.04810559903347,0.0,1
SRCV,0.17,0.21,0,HistGB,KNN,19.712347729890087,19.62070076050922,0.09164696938086792,0
SRCV,0.17,0.21,1,HistGB,HistGB,20.883479751389164,20.883479751389164,0.0,1
SRCV,0.17,0.21,2,HistGB,RandomForest,19.80436562213185,19.776411638303763,0.02795398382808756,0
SRCV,0.17,0.21,3,HistGB,HistGB,19.79962845112105,19.79962845112105,0.0,1
SRCV,0.17,0.21,4,HistGB,HistGB,19.524084711512717,19.524084711512717,0.0,1
SRCV,0.17,0.21,5,HistGB,HistGB,20.691741037075957,20.691741037075957,0.0,1
SRCV,0.17,0.21,6,HistGB,KNN,22.638128623682924,21.735449205266427,0.902679418416497,0
SRCV,0.17,0.21,7,HistGB,KNN,19.563223774521383,19.129134412148225,0.43408936237315743,0
SRCV,0.17,0.21,8,HistGB,KNN,19.949149133827166,19.754159286311616,0.1949898475155507,0
SRCV,0.17,0.21,9,HistGB,HistGB,20.53946391412387,20.53946391412387,0.0,1
SRCV,0.17,0.21,10,HistGB,RandomForest,19.791512389893278,19.766638000384397,0.024874389508880768,0
SRCV,0.17,0.21,11,HistGB,HistGB,19.12476153385831,19.12476153385831,0.0,1
SRCV,0.17,0.21,12,HistGB,HistGB,19.62285011346803,19.62285011346803,0.0,1
SRCV,0.17,0.21,13,HistGB,HistGB,20.1912750022628,20.1912750022628,0.0,1
SRCV,0.17,0.21,14,HistGB,HistGB,20.17871752830445,20.17871752830445,0.0,1
SRCV,0.17,0.21,15,HistGB,KNN,20.35635435076348,20.008689836811453,0.3476645139520258,0
SRCV,0.17,0.21,16,HistGB,RandomForest,20.844016484607646,20.833181161887754,0.010835322719891849,0
SRCV,0.17,0.21,17,RandomForest,KNN,22.43230955278492,21.9739723674224,0.45833718536251666,0
SRCV,0.17,0.21,18,HistGB,KNN,20.435337004508213,20.18731917985644,0.2480178246517717,0
SRCV,0.17,0.21,19,HistGB,HistGB,19.97509701714303,19.97509701714303,0.0,1
SRCV,0.17,0.21,20,HistGB,HistGB,20.63839378129152,20.63839378129152,0.0,1
SRCV,0.17,0.21,21,HistGB,HistGB,21.40956894525845,21.40956894525845,0.0,1
SRCV,0.17,0.21,22,HistGB,KNN,21.279054027647227,21.24068021908822,0.03837380855900818,0
SRCV,0.17,0.21,23,HistGB,HistGB,21.073886705689358,21.073886705689358,0.0,1
SRCV,0.17,0.21,24,HistGB,HistGB,20.58508699071329,20.58508699071329,0.0,1
SRCV,0.17,0.24,0,HistGB,KNN,20.982521657856744,20.33664056590208,0.6458810919546636,0
SRCV,0.17,0.24,1,HistGB,KNN,22.064357590263988,21.92280236504782,0.1415552252161696,0
SRCV,0.17,0.24,2,HistGB,KNN,20.79592375371037,20.741214770005676,0.05470898370469257,0
SRCV,0.17,0.24,3,HistGB,KNN,20.84463885093164,20.4321294687124,0.41250938221924116,0
SRCV,0.17,0.24,4,HistGB,HistGB,20.575640835804094,20.575640835804094,0.0,1
SRCV,0.17,0.24,5,HistGB,KNN,21.85542178703425,21.582918404859733,0.2725033821745164,0
SRCV,0.17,0.24,6,HistGB,KNN,24.16724330250814,22.650935540068332,1.5163077624398085,0
SRCV,0.17,0.24,7,HistGB,KNN,20.526325030059937,19.87952199459999,0.6468030354599463,0
SRCV,0.17,0.24,8,HistGB,KNN,21.085049356636727,20.522281621260348,0.5627677353763794,0
SRCV,0.17,0.24,9,HistGB,HistGB,21.50120439198769,21.50120439198769,0.0,1
SRCV,0.17,0.24,10,HistGB,HistGB,20.799187355071187,20.799187355071187,0.0,1
SRCV,0.17,0.24,11,HistGB,RandomForest,20.46050823698773,20.371659546986443,0.08884869000128859,0
SRCV,0.17,0.24,12,HistGB,KNN,20.42873796577705,20.153818096825816,0.2749198689512333,0
SRCV,0.17,0.24,13,HistGB,HistGB,21.2669017233842,21.2669017233842,0.0,1
SRCV,0.17,0.24,14,HistGB,KNN,21.462084175510437,21.3226337532928,0.1394504222176387,0
SRCV,0.17,0.24,15,HistGB,KNN,21.109553749660595,20.52767563958444,0.5818781100761541,0
SRCV,0.17,0.24,16,HistGB,KNN,22.00953698747326,21.60327312063129,0.4062638668419716,0
SRCV,0.17,0.24,17,RandomForest,KNN,23.55479709764901,22.6236646265378,0.9311324711112121,0
SRCV,0.17,0.24,18,HistGB,KNN,21.322163342513168,20.865332927318907,0.45683041519426126,0
SRCV,0.17,0.24,19,HistGB,KNN,20.93072529938225,20.611027408455104,0.31969789092714507,0
SRCV,0.17,0.24,20,HistGB,KNN,21.74925183304476,21.538000917902348,0.21125091514241134,0
SRCV,0.17,0.24,21,HistGB,KNN,22.651067969927944,22.618736893558317,0.03233107636962629,0
SRCV,0.17,0.24,22,HistGB,KNN,22.46146878945244,22.050215114306518,0.4112536751459217,0
SRCV,0.17,0.24,23,HistGB,KNN,22.339223359037533,22.08033187991192,0.2588914791256123,0
SRCV,0.17,0.24,24,HistGB,HistGB,21.588328318789458,21.588328318789458,0.0,1
SRCV,0.17,0.32,0,HistGB,KNN,24.12467046999476,22.3410975641612,1.7835729058335623,0
SRCV,0.17,0.32,1,HistGB,KNN,25.77070627354392,24.167646892408506,1.603059381135413,0
SRCV,0.17,0.32,2,HistGB,KNN,24.59572377329288,23.22830694722482,1.3674168260680624,0
SRCV,0.17,0.32,3,HistGB,KNN,24.09274391415105,22.651724084282822,1.4410198298682282,0
SRCV,0.17,0.32,4,HistGB,KNN,23.90705141032773,22.899209031890777,1.0078423784369512,0
SRCV,0.17,0.32,5,HistGB,KNN,25.212724593070813,23.74077037955543,1.4719542135153851,0
SRCV,0.17,0.32,6,HistGB,KNN,27.269805798524292,24.58426841601279,2.6855373825115016,0
SRCV,0.17,0.32,7,HistGB,KNN,23.968635975943368,21.897619039501325,2.0710169364420423,0
SRCV,0.17,0.32,8,HistGB,KNN,24.47320734454739,22.56198727539633,1.9112200691510601,0
SRCV,0.17,0.32,9,HistGB,KNN,24.803594090704078,23.726477980773108,1.0771161099309694,0
SRCV,0.17,0.32,10,HistGB,KNN,24.47934381390138,23.392268978535643,1.087074835365737,0
SRCV,0.17,0.32,11,HistGB,KNN,23.72661797910468,22.911206803547127,0.8154111755575535,0
SRCV,0.17,0.32,12,HistGB,KNN,24.111346473464494,22.468416540666528,1.6429299327979656,0
SRCV,0.17,0.32,13,HistGB,KNN,24.99542252363374,23.978926219057577,1.0164963045761617,0
SRCV,0.17,0.32,14,HistGB,KNN,24.742605611228107,23.408361493293267,1.3342441179348405,0
SRCV,0.17,0.32,15,HistGB,KNN,24.416176662644283,22.5382140343824,1.8779626282618835,0
SRCV,0.17,0.32,16,HistGB,KNN,25.54446516039962,23.889956814327707,1.654508346071914,0
SRCV,0.17,0.32,17,RandomForest,KNN,26.860908245238967,24.784073695291784,2.0768345499471828,0
SRCV,0.17,0.32,18,HistGB,KNN,24.88464519023908,23.16494399329765,1.719701196941429,0
SRCV,0.17,0.32,19,HistGB,KNN,24.573643527987716,22.967426539513063,1.606216988474653,0
SRCV,0.17,0.32,20,HistGB,KNN,25.04910344930528,23.79135534710681,1.257748102198473,0
SRCV,0.17,0.32,21,HistGB,KNN,26.31016837981644,24.97102970206068,1.3391386777557592,0
SRCV,0.17,0.32,22,HistGB,KNN,26.098178562014315,24.39051221352639,1.7076663484879262,0
SRCV,0.17,0.32,23,HistGB,KNN,25.557866068906574,24.187060837810005,1.3708052310965684,0
SRCV,0.17,0.32,24,HistGB,KNN,25.003697301266914,24.039705867231064,0.9639914340358509,0
SRCV,0.17,0.4,0,HistGB,KNN,28.049609361827816,25.10814862318806,2.941460738639755,0
SRCV,0.17,0.4,1,HistGB,KNN,29.31611875614641,26.672735103263133,2.6433836528832764,0
SRCV,0.17,0.4,2,HistGB,KNN,28.384727103233185,25.81692397000759,2.5678031332255955,0
SRCV,0.17,0.4,3,HistGB,KNN,28.010289959071308,25.423661872844157,2.586628086227151,0
SRCV,0.17,0.4,4,HistGB,KNN,28.31516006865912,25.844904882373577,2.470255186285545,0
SRCV,0.17,0.4,5,HistGB,KNN,29.138612727054603,26.34733170986748,2.7912810171871243,0
SRCV,0.17,0.4,6,HistGB,KNN,31.47206094214324,27.471419439501894,4.000641502641347,0
SRCV,0.17,0.4,7,HistGB,KNN,27.888774713460062,24.65403390525961,3.2347408082004527,0
SRCV,0.17,0.4,8,HistGB,KNN,28.11039177616971,25.132597624958056,2.977794151211654,0
SRCV,0.17,0.4,9,HistGB,KNN,29.266611766794703,26.551948517294797,2.714663249499907,0
SRCV,0.17,0.4,10,HistGB,KNN,27.891574895247988,25.81186367292943,2.079711222318558,0
SRCV,0.17,0.4,11,HistGB,KNN,27.79176127114822,25.676760069446004,2.115001201702217,0
SRCV,0.17,0.4,12,HistGB,KNN,28.33763090957668,25.233865931244623,3.103764978332059,0
SRCV,0.17,0.4,13,HistGB,KNN,28.798902297381467,26.54460857267338,2.254293724708088,0
SRCV,0.17,0.4,14,HistGB,KNN,29.211910296743884,26.522075989221285,2.6898343075225988,0
SRCV,0.17,0.4,15,HistGB,KNN,28.65193876540236,25.34232298472043,3.3096157806819306,0
SRCV,0.17,0.4,16,HistGB,KNN,30.078513900930812,26.84998999315152,3.228523907779291,0
SRCV,0.17,0.4,17,RandomForest,KNN,30.79540307539722,27.506923656523504,3.2884794188737168,0
SRCV,0.17,0.4,18,HistGB,KNN,28.915144639978127,25.751301404565957,3.1638432354121697,0
SRCV,0.17,0.4,19,HistGB,KNN,28.586058710871352,25.36051788480377,3.225540826067583,0
SRCV,0.17,0.4,20,HistGB,KNN,28.90296152191095,26.323880275010467,2.5790812469004827,0
SRCV,0.17,0.4,21,HistGB,KNN,30.33042188933338,27.56509882832943,2.7653230610039508,0
SRCV,0.17,0.4,22,HistGB,KNN,30.205591444939312,26.97384541341878,3.231746031520533,0
SRCV,0.17,0.4,23,HistGB,KNN,29.56692175934774,26.81887054429276,2.7480512150549785,0
SRCV,0.17,0.4,24,HistGB,KNN,29.05916420698302,26.826243061722764,2.2329211452602564,0
SRCV,0.17,0.5,0,HistGB,KNN,34.3356818953042,29.36104864314475,4.97463325215945,0
SRCV,0.17,0.5,1,HistGB,KNN,35.45798108963929,30.78564658343057,4.6723345062087205,0
SRCV,0.17,0.5,2,HistGB,KNN,34.576328258809134,30.042510211973912,4.533818046835222,0
SRCV,0.17,0.5,3,HistGB,KNN,34.792656147750726,29.873883258001964,4.918772889748762,0
SRCV,0.17,0.5,4,HistGB,KNN,34.238497999689834,29.807820739177387,4.4306772605124465,0
SRCV,0.17,0.5,5,HistGB,KNN,35.27559090791475,30.71450700402392,4.561083903890829,0
SRCV,0.17,0.5,6,HistGB,KNN,37.69306887075829,31.49381187242601,6.199256998332277,0
SRCV,0.17,0.5,7,HistGB,KNN,33.714303799759946,28.83981311651348,4.874490683246467,0
SRCV,0.17,0.5,8,HistGB,KNN,34.41627098104753,29.623591813472316,4.792679167575216,0
SRCV,0.17,0.5,9,HistGB,KNN,34.73783599713518,30.300257701423387,4.437578295711791,0
SRCV,0.17,0.5,10,HistGB,KNN,33.910208514081305,29.824404136662483,4.085804377418821,0
SRCV,0.17,0.5,11,HistGB,KNN,33.62775139723734,29.60491639036404,4.022835006873301,0
SRCV,0.17,0.5,12,HistGB,KNN,34.021207929695294,29.14937495424439,4.8718329754509035,0
SRCV,0.17,0.5,13,HistGB,KNN,34.977502260566304,30.73761449320112,4.2398877673651825,0
SRCV,0.17,0.5,14,HistGB,KNN,34.802166158897485,30.22898594801385,4.573180210883635,0
SRCV,0.17,0.5,15,HistGB,KNN,34.57634793205066,29.482012823758883,5.0943351082917765,0
SRCV,0.17,0.5,16,HistGB,KNN,35.87939472326243,31.00229592672065,4.87709879654178,0
SRCV,0.17,0.5,17,RandomForest,KNN,37.62765464495779,32.00073805865598,5.62691658630181,0
SRCV,0.17,0.5,18,HistGB,KNN,34.50305373795179,29.334123989500338,5.1689297484514505,0
SRCV,0.17,0.5,19,HistGB,KNN,34.60327848170751,29.727904717251747,4.875373764455766,0
SRCV,0.17,0.5,20,HistGB,KNN,34.325370645190155,30.386612943510592,3.938757701679563,0
SRCV,0.17,0.5,21,HistGB,KNN,36.63164043905123,32.05521614959351,4.576424289457719,0
SRCV,0.17,0.5,22,HistGB,KNN,36.0951832132667,30.834582638855917,5.260600574410784,0
SRCV,0.17,0.5,23,HistGB,KNN,35.70825739251677,31.138388285827343,4.569869106689428,0
SRCV,0.17,0.5,24,HistGB,KNN,34.82354914689996,30.66380562129224,4.159743525607716,0
SRCV,0.18,0.0,0,HistGB,HistGB,11.76015510447522,11.76015510447522,0.0,1
SRCV,0.18,0.0,1,HistGB,HistGB,13.73168860179165,13.73168860179165,0.0,1
SRCV,0.18,0.0,2,HistGB,HistGB,12.03246102203424,12.03246102203424,0.0,1
SRCV,0.18,0.0,3,HistGB,HistGB,12.507296971676508,12.507296971676508,0.0,1
SRCV,0.18,0.0,4,HistGB,HistGB,11.663767967150225,11.663767967150225,0.0,1
SRCV,0.18,0.0,5,HistGB,HistGB,12.788000461342667,12.788000461342667,0.0,1
SRCV,0.18,0.0,6,HistGB,HistGB,15.137088661400586,15.137088661400586,0.0,1
SRCV,0.18,0.0,7,HistGB,HistGB,11.832086758523523,11.832086758523523,0.0,1
SRCV,0.18,0.0,8,HistGB,HistGB,11.80698803744633,11.80698803744633,0.0,1
SRCV,0.18,0.0,9,HistGB,HistGB,12.556532991757797,12.556532991757797,0.0,1
SRCV,0.18,0.0,10,HistGB,HistGB,12.006766732493656,12.006766732493656,0.0,1
SRCV,0.18,0.0,11,HistGB,HistGB,11.346172695771273,11.346172695771273,0.0,1
SRCV,0.18,0.0,12,HistGB,HistGB,11.53607012306929,11.53607012306929,0.0,1
SRCV,0.18,0.0,13,HistGB,HistGB,12.501230435307573,12.501230435307573,0.0,1
SRCV,0.18,0.0,14,HistGB,HistGB,12.374390426143172,12.374390426143172,0.0,1
SRCV,0.18,0.0,15,HistGB,HistGB,12.425630433445932,12.425630433445932,0.0,1
SRCV,0.18,0.0,16,HistGB,HistGB,13.0920493003693,13.0920493003693,0.0,1
SRCV,0.18,0.0,17,HistGB,HistGB,14.474854688524555,14.474854688524555,0.0,1
SRCV,0.18,0.0,18,KNN,HistGB,17.532936016468177,12.72431903276434,4.808616983703837,0
SRCV,0.18,0.0,19,HistGB,HistGB,12.38932481964971,12.38932481964971,0.0,1
SRCV,0.18,0.0,20,HistGB,HistGB,13.18137194824744,13.18137194824744,0.0,1
SRCV,0.18,0.0,21,HistGB,HistGB,13.996657000066351,13.996657000066351,0.0,1
SRCV,0.18,0.0,22,HistGB,HistGB,13.811627922541728,13.811627922541728,0.0,1
SRCV,0.18,0.0,23,KNN,HistGB,18.63753147195054,13.32873782866024,5.308793643290299,0
SRCV,0.18,0.0,24,HistGB,HistGB,13.136467261751262,13.136467261751262,0.0,1
SRCV,0.18,0.025,0,HistGB,HistGB,13.790624657970188,13.790624657970188,0.0,1
SRCV,0.18,0.025,1,HistGB,HistGB,15.569190624933023,15.569190624933023,0.0,1
SRCV,0.18,0.025,2,HistGB,HistGB,14.088427543524208,14.088427543524208,0.0,1
SRCV,0.18,0.025,3,HistGB,HistGB,14.466111791412365,14.466111791412365,0.0,1
SRCV,0.18,0.025,4,HistGB,HistGB,13.735054816062018,13.735054816062018,0.0,1
SRCV,0.18,0.025,5,HistGB,HistGB,14.867893327492942,14.867893327492942,0.0,1
SRCV,0.18,0.025,6,HistGB,HistGB,17.17176789089314,17.17176789089314,0.0,1
SRCV,0.18,0.025,7,HistGB,HistGB,13.928703035242147,13.928703035242147,0.0,1
SRCV,0.18,0.025,8,HistGB,HistGB,14.035703406909802,14.035703406909802,0.0,1
SRCV,0.18,0.025,9,HistGB,HistGB,14.77125823960297,14.77125823960297,0.0,1
SRCV,0.18,0.025,10,HistGB,HistGB,14.180458644223837,14.180458644223837,0.0,1
SRCV,0.18,0.025,11,HistGB,HistGB,13.50742579877159,13.50742579877159,0.0,1
SRCV,0.18,0.025,12,HistGB,HistGB,13.758001907403685,13.758001907403685,0.0,1
SRCV,0.18,0.025,13,HistGB,HistGB,14.626656518553975,14.626656518553975,0.0,1
SRCV,0.18,0.025,14,HistGB,HistGB,14.533640708116964,14.533640708116964,0.0,1
SRCV,0.18,0.025,15,HistGB,HistGB,14.46272762558578,14.46272762558578,0.0,1
SRCV,0.18,0.025,16,HistGB,HistGB,15.171306018649071,15.171306018649071,0.0,1
SRCV,0.18,0.025,17,HistGB,HistGB,16.52161216946523,16.52161216946523,0.0,1
SRCV,0.18,0.025,18,KNN,HistGB,17.63792841663326,14.780199693916028,2.8577287227172334,0
SRCV,0.18,0.025,19,HistGB,HistGB,14.493836285631524,14.493836285631524,0.0,1
SRCV,0.18,0.025,20,HistGB,HistGB,15.368108126940594,15.368108126940594,0.0,1
SRCV,0.18,0.025,21,HistGB,HistGB,16.055770073743247,16.055770073743247,0.0,1
SRCV,0.18,0.025,22,HistGB,HistGB,15.713546741354476,15.713546741354476,0.0,1
SRCV,0.18,0.025,23,KNN,HistGB,18.77027097829567,15.55503612142687,3.2152348568688005,0
SRCV,0.18,0.025,24,HistGB,HistGB,15.081413399945886,15.081413399945886,0.0,1
SRCV,0.18,0.1,0,HistGB,HistGB,16.06918849714951,16.06918849714951,0.0,1
SRCV,0.18,0.1,1,HistGB,HistGB,17.715227486371926,17.715227486371926,0.0,1
SRCV,0.18,0.1,2,HistGB,HistGB,16.59812152428756,16.59812152428756,0.0,1
SRCV,0.18,0.1,3,HistGB,HistGB,16.681998568610286,16.681998568610286,0.0,1
SRCV,0.18,0.1,4,HistGB,HistGB,16.108514635915505,16.108514635915505,0.0,1
SRCV,0.18,0.1,5,HistGB,HistGB,17.268672823209283,17.268672823209283,0.0,1
SRCV,0.18,0.1,6,HistGB,HistGB,19.40432003734352,19.40432003734352,0.0,1
SRCV,0.18,0.1,7,HistGB,HistGB,16.082236395832705,16.082236395832705,0.0,1
SRCV,0.18,0.1,8,HistGB,HistGB,16.407129732211875,16.407129732211875,0.0,1
SRCV,0.18,0.1,9,HistGB,HistGB,17.16320210267766,17.16320210267766,0.0,1
SRCV,0.18,0.1,10,HistGB,HistGB,16.50268958110556,16.50268958110556,0.0,1
SRCV,0.18,0.1,11,HistGB,HistGB,15.964533676765804,15.964533676765804,0.0,1
SRCV,0.18,0.1,12,HistGB,HistGB,15.955340858425544,15.955340858425544,0.0,1
SRCV,0.18,0.1,13,HistGB,HistGB,16.931967619416174,16.931967619416174,0.0,1
SRCV,0.18,0.1,14,HistGB,HistGB,16.92890955586985,16.92890955586985,0.0,1
SRCV,0.18,0.1,15,HistGB,HistGB,16.861669366598026,16.861669366598026,0.0,1
SRCV,0.18,0.1,16,HistGB,HistGB,17.657517204616237,17.657517204616237,0.0,1
SRCV,0.18,0.1,17,HistGB,HistGB,18.682009768699448,18.682009768699448,0.0,1
SRCV,0.18,0.1,18,KNN,HistGB,18.312341343757318,17.15936754113902,1.1529738026182983,0
SRCV,0.18,0.1,19,HistGB,HistGB,16.832397587873736,16.832397587873736,0.0,1
SRCV,0.18,0.1,20,HistGB,HistGB,17.57369629098549,17.57369629098549,0.0,1
SRCV,0.18,0.1,21,HistGB,HistGB,18.21056570240688,18.21056570240688,0.0,1
SRCV,0.18,0.1,22,HistGB,HistGB,17.918651632655692,17.918651632655692,0.0,1
SRCV,0.18,0.1,23,KNN,HistGB,19.465028851441705,17.87434674116678,1.5906821102749262,0
SRCV,0.18,0.1,24,HistGB,HistGB,17.41484728033265,17.41484728033265,0.0,1
SRCV,0.18,0.15,0,HistGB,HistGB,17.541973445772758,17.541973445772758,0.0,1
SRCV,0.18,0.15,1,HistGB,HistGB,19.010878031887327,19.010878031887327,0.0,1
SRCV,0.18,0.15,2,HistGB,HistGB,17.80100779364431,17.80100779364431,0.0,1
SRCV,0.18,0.15,3,HistGB,HistGB,18.01452453786513,18.01452453786513,0.0,1
SRCV,0.18,0.15,4,HistGB,HistGB,17.437948123990314,17.437948123990314,0.0,1
SRCV,0.18,0.15,5,HistGB,HistGB,18.58285094234233,18.58285094234233,0.0,1
SRCV,0.18,0.15,6,HistGB,KNN,20.66574103016756,20.55617663708099,0.1095643930865684,0
SRCV,0.18,0.15,7,HistGB,HistGB,17.529586892481948,17.529586892481948,0.0,1
SRCV,0.18,0.15,8,HistGB,HistGB,17.8122895281797,17.8122895281797,0.0,1
SRCV,0.18,0.15,9,HistGB,HistGB,18.495670339370204,18.495670339370204,0.0,1
SRCV,0.18,0.15,10,HistGB,RandomForest,17.97117283362848,17.920692448422127,0.05048038520635245,0
SRCV,0.18,0.15,11,HistGB,RandomForest,17.484846230170547,17.41666006093395,0.06818616923659704,0
SRCV,0.18,0.15,12,HistGB,HistGB,17.466672392177024,17.466672392177024,0.0,1
SRCV,0.18,0.15,13,HistGB,HistGB,18.257215445819707,18.257215445819707,0.0,1
SRCV,0.18,0.15,14,HistGB,HistGB,18.137408455216548,18.137408455216548,0.0,1
SRCV,0.18,0.15,15,HistGB,HistGB,18.107544438260927,18.107544438260927,0.0,1
SRCV,0.18,0.15,16,HistGB,HistGB,18.78614046980045,18.78614046980045,0.0,1
SRCV,0.18,0.15,17,HistGB,HistGB,20.041240568377912,20.041240568377912,0.0,1
SRCV,0.18,0.15,18,KNN,HistGB,19.05821184825198,18.367784803289087,0.6904270449628918,0
SRCV,0.18,0.15,19,HistGB,HistGB,18.104123699192264,18.104123699192264,0.0,1
SRCV,0.18,0.15,20,HistGB,HistGB,18.801855062804623,18.801855062804623,0.0,1
SRCV,0.18,0.15,21,HistGB,HistGB,19.59619733176809,19.59619733176809,0.0,1
SRCV,0.18,0.15,22,HistGB,HistGB,19.298586066791096,19.298586066791096,0.0,1
SRCV,0.18,0.15,23,KNN,HistGB,20.17233384941767,19.173574821481136,0.9987590279365328,0
SRCV,0.18,0.15,24,HistGB,HistGB,18.65781447093841,18.65781447093841,0.0,1
SRCV,0.18,0.19,0,HistGB,HistGB,18.928739010266547,18.928739010266547,0.0,1
SRCV,0.18,0.19,1,HistGB,HistGB,20.143835873105846,20.143835873105846,0.0,1
SRCV,0.18,0.19,2,HistGB,RandomForest,19.26838422455713,19.25223313590072,0.016151088656410906,0
SRCV,0.18,0.19,3,HistGB,HistGB,19.443279896968026,19.443279896968026,0.0,1
SRCV,0.18,0.19,4,HistGB,HistGB,18.91392220590144,18.91392220590144,0.0,1
SRCV,0.18,0.19,5,HistGB,HistGB,19.95917516081851,19.95917516081851,0.0,1
SRCV,0.18,0.19,6,HistGB,KNN,21.81613605324205,21.221317844771534,0.5948182084705174,0
SRCV,0.18,0.19,7,HistGB,HistGB,18.7343657051764,18.7343657051764,0.0,1
SRCV,0.18,0.19,8,HistGB,HistGB,19.090144255140743,19.090144255140743,0.0,1
SRCV,0.18,0.19,9,HistGB,HistGB,19.75986807523372,19.75986807523372,0.0,1
SRCV,0.18,0.19,10,HistGB,RandomForest,19.228897842651488,19.11294703331267,0.11595080933881974,0
SRCV,0.18,0.19,11,HistGB,HistGB,18.667847445401883,18.667847445401883,0.0,1
SRCV,0.18,0.19,12,HistGB,HistGB,18.74800249831791,18.74800249831791,0.0,1
SRCV,0.18,0.19,13,HistGB,HistGB,19.487413662156857,19.487413662156857,0.0,1
SRCV,0.18,0.19,14,HistGB,HistGB,19.805729525276647,19.805729525276647,0.0,1
SRCV,0.18,0.19,15,HistGB,HistGB,19.53354628711148,19.53354628711148,0.0,1
SRCV,0.18,0.19,16,HistGB,HistGB,20.42138389973512,20.42138389973512,0.0,1
SRCV,0.18,0.19,17,HistGB,HistGB,21.336585653266862,21.336585653266862,0.0,1
SRCV,0.18,0.19,18,KNN,HistGB,19.727747830033994,19.63875503262111,0.08899279741288524,0
SRCV,0.18,0.19,19,HistGB,HistGB,19.237587544515986,19.237587544515986,0.0,1
SRCV,0.18,0.19,20,HistGB,HistGB,19.92591817042073,19.92591817042073,0.0,1
SRCV,0.18,0.19,21,HistGB,HistGB,21.007827210990577,21.007827210990577,0.0,1
SRCV,0.18,0.19,22,HistGB,HistGB,20.67660900892144,20.67660900892144,0.0,1
SRCV,0.18,0.19,23,KNN,RandomForest,20.975719808111897,20.554130699292205,0.4215891088196919,0
SRCV,0.18,0.19,24,HistGB,HistGB,19.83663934120755,19.83663934120755,0.0,1
SRCV,0.18,0.2,0,HistGB,HistGB,19.31695977824297,19.31695977824297,0.0,1
SRCV,0.18,0.2,1,HistGB,HistGB,20.633704058890523,20.633704058890523,0.0,1
SRCV,0.18,0.2,2,HistGB,RandomForest,19.60198171985055,19.530966200000307,0.07101551985024201,0
SRCV,0.18,0.2,3,HistGB,HistGB,19.40246723251745,19.40246723251745,0.0,1
SRCV,0.18,0.2,4,HistGB,HistGB,19.19879919002628,19.19879919002628,0.0,1
SRCV,0.18,0.2,5,HistGB,HistGB,20.309646525902178,20.309646525902178,0.0,1
SRCV,0.18,0.2,6,HistGB,KNN,22.22715469741236,21.45106211319845,0.7760925842139095,0
SRCV,0.18,0.2,7,HistGB,KNN,19.087134768957217,18.91466158420148,0.17247318475573792,0
SRCV,0.18,0.2,8,HistGB,HistGB,19.353522301384245,19.353522301384245,0.0,1
SRCV,0.18,0.2,9,HistGB,HistGB,20.244280483753503,20.244280483753503,0.0,1
SRCV,0.18,0.2,10,HistGB,RandomForest,19.482679894775195,19.397262692891125,0.08541720188406998,0
SRCV,0.18,0.2,11,HistGB,HistGB,18.81764877008533,18.81764877008533,0.0,1
SRCV,0.18,0.2,12,HistGB,HistGB,19.156116543683805,19.156116543683805,0.0,1
SRCV,0.18,0.2,13,HistGB,HistGB,20.01349433745357,20.01349433745357,0.0,1
SRCV,0.18,0.2,14,HistGB,HistGB,20.033455238923583,20.033455238923583,0.0,1
SRCV,0.18,0.2,15,HistGB,KNN,19.86983031134916,19.770319702527317,0.09951060882184137,0
SRCV,0.18,0.2,16,HistGB,HistGB,20.56981023209017,20.56981023209017,0.0,1
SRCV,0.18,0.2,17,HistGB,KNN,21.90020836235615,21.8467341910282,0.05347417132794874,0
SRCV,0.18,0.2,18,KNN,KNN,20.099350238418523,20.099350238418523,0.0,1
SRCV,0.18,0.2,19,HistGB,HistGB,19.59435135708357,19.59435135708357,0.0,1
SRCV,0.18,0.2,20,HistGB,HistGB,20.38206963513907,20.38206963513907,0.0,1
SRCV,0.18,0.2,21,HistGB,HistGB,21.186528023649814,21.186528023649814,0.0,1
SRCV,0.18,0.2,22,HistGB,HistGB,20.970762127732502,20.970762127732502,0.0,1
SRCV,0.18,0.2,23,KNN,HistGB,21.09697164614846,20.731601966614555,0.36536967953390587,0
SRCV,0.18,0.2,24,HistGB,HistGB,20.04810559903347,20.04810559903347,0.0,1
SRCV,0.18,0.21,0,HistGB,KNN,19.712347729890087,19.62070076050922,0.09164696938086792,0
SRCV,0.18,0.21,1,HistGB,HistGB,20.883479751389164,20.883479751389164,0.0,1
SRCV,0.18,0.21,2,HistGB,RandomForest,19.80436562213185,19.776411638303763,0.02795398382808756,0
SRCV,0.18,0.21,3,HistGB,HistGB,19.79962845112105,19.79962845112105,0.0,1
SRCV,0.18,0.21,4,HistGB,HistGB,19.524084711512717,19.524084711512717,0.0,1
SRCV,0.18,0.21,5,HistGB,HistGB,20.691741037075957,20.691741037075957,0.0,1
SRCV,0.18,0.21,6,HistGB,KNN,22.638128623682924,21.735449205266427,0.902679418416497,0
SRCV,0.18,0.21,7,HistGB,KNN,19.563223774521383,19.129134412148225,0.43408936237315743,0
SRCV,0.18,0.21,8,HistGB,KNN,19.949149133827166,19.754159286311616,0.1949898475155507,0
SRCV,0.18,0.21,9,HistGB,HistGB,20.53946391412387,20.53946391412387,0.0,1
SRCV,0.18,0.21,10,HistGB,RandomForest,19.791512389893278,19.766638000384397,0.024874389508880768,0
SRCV,0.18,0.21,11,HistGB,HistGB,19.12476153385831,19.12476153385831,0.0,1
SRCV,0.18,0.21,12,HistGB,HistGB,19.62285011346803,19.62285011346803,0.0,1
SRCV,0.18,0.21,13,HistGB,HistGB,20.1912750022628,20.1912750022628,0.0,1
SRCV,0.18,0.21,14,HistGB,HistGB,20.17871752830445,20.17871752830445,0.0,1
SRCV,0.18,0.21,15,HistGB,KNN,20.35635435076348,20.008689836811453,0.3476645139520258,0
SRCV,0.18,0.21,16,HistGB,RandomForest,20.844016484607646,20.833181161887754,0.010835322719891849,0
SRCV,0.18,0.21,17,HistGB,KNN,22.20143236502758,21.9739723674224,0.22745999760517677,0
SRCV,0.18,0.21,18,KNN,KNN,20.18731917985644,20.18731917985644,0.0,1
SRCV,0.18,0.21,19,HistGB,HistGB,19.97509701714303,19.97509701714303,0.0,1
SRCV,0.18,0.21,20,HistGB,HistGB,20.63839378129152,20.63839378129152,0.0,1
SRCV,0.18,0.21,21,HistGB,HistGB,21.40956894525845,21.40956894525845,0.0,1
SRCV,0.18,0.21,22,HistGB,KNN,21.279054027647227,21.24068021908822,0.03837380855900818,0
SRCV,0.18,0.21,23,KNN,HistGB,21.334876409437367,21.073886705689358,0.26098970374800956,0
SRCV,0.18,0.21,24,HistGB,HistGB,20.58508699071329,20.58508699071329,0.0,1
SRCV,0.18,0.24,0,HistGB,KNN,20.982521657856744,20.33664056590208,0.6458810919546636,0
SRCV,0.18,0.24,1,HistGB,KNN,22.064357590263988,21.92280236504782,0.1415552252161696,0
SRCV,0.18,0.24,2,HistGB,KNN,20.79592375371037,20.741214770005676,0.05470898370469257,0
SRCV,0.18,0.24,3,HistGB,KNN,20.84463885093164,20.4321294687124,0.41250938221924116,0
SRCV,0.18,0.24,4,HistGB,HistGB,20.575640835804094,20.575640835804094,0.0,1
SRCV,0.18,0.24,5,HistGB,KNN,21.85542178703425,21.582918404859733,0.2725033821745164,0
SRCV,0.18,0.24,6,HistGB,KNN,24.16724330250814,22.650935540068332,1.5163077624398085,0
SRCV,0.18,0.24,7,HistGB,KNN,20.526325030059937,19.87952199459999,0.6468030354599463,0
SRCV,0.18,0.24,8,HistGB,KNN,21.085049356636727,20.522281621260348,0.5627677353763794,0
SRCV,0.18,0.24,9,HistGB,HistGB,21.50120439198769,21.50120439198769,0.0,1
SRCV,0.18,0.24,10,HistGB,HistGB,20.799187355071187,20.799187355071187,0.0,1
SRCV,0.18,0.24,11,HistGB,RandomForest,20.46050823698773,20.371659546986443,0.08884869000128859,0
SRCV,0.18,0.24,12,HistGB,KNN,20.42873796577705,20.153818096825816,0.2749198689512333,0
SRCV,0.18,0.24,13,HistGB,HistGB,21.2669017233842,21.2669017233842,0.0,1
SRCV,0.18,0.24,14,HistGB,KNN,21.462084175510437,21.3226337532928,0.1394504222176387,0
SRCV,0.18,0.24,15,HistGB,KNN,21.109553749660595,20.52767563958444,0.5818781100761541,0
SRCV,0.18,0.24,16,HistGB,KNN,22.00953698747326,21.60327312063129,0.4062638668419716,0
SRCV,0.18,0.24,17,HistGB,KNN,23.25946017164457,22.6236646265378,0.6357955451067703,0
SRCV,0.18,0.24,18,KNN,KNN,20.865332927318907,20.865332927318907,0.0,1
SRCV,0.18,0.24,19,HistGB,KNN,20.93072529938225,20.611027408455104,0.31969789092714507,0
SRCV,0.18,0.24,20,HistGB,KNN,21.74925183304476,21.538000917902348,0.21125091514241134,0
SRCV,0.18,0.24,21,HistGB,KNN,22.651067969927944,22.618736893558317,0.03233107636962629,0
SRCV,0.18,0.24,22,HistGB,KNN,22.46146878945244,22.050215114306518,0.4112536751459217,0
SRCV,0.18,0.24,23,KNN,KNN,22.08033187991192,22.08033187991192,0.0,1
SRCV,0.18,0.24,24,HistGB,HistGB,21.588328318789458,21.588328318789458,0.0,1
SRCV,0.18,0.32,0,HistGB,KNN,24.12467046999476,22.3410975641612,1.7835729058335623,0
SRCV,0.18,0.32,1,HistGB,KNN,25.77070627354392,24.167646892408506,1.603059381135413,0
SRCV,0.18,0.32,2,HistGB,KNN,24.59572377329288,23.22830694722482,1.3674168260680624,0
SRCV,0.18,0.32,3,HistGB,KNN,24.09274391415105,22.651724084282822,1.4410198298682282,0
SRCV,0.18,0.32,4,HistGB,KNN,23.90705141032773,22.899209031890777,1.0078423784369512,0
SRCV,0.18,0.32,5,HistGB,KNN,25.212724593070813,23.74077037955543,1.4719542135153851,0
SRCV,0.18,0.32,6,HistGB,KNN,27.269805798524292,24.58426841601279,2.6855373825115016,0
SRCV,0.18,0.32,7,HistGB,KNN,23.968635975943368,21.897619039501325,2.0710169364420423,0
SRCV,0.18,0.32,8,HistGB,KNN,24.47320734454739,22.56198727539633,1.9112200691510601,0
SRCV,0.18,0.32,9,HistGB,KNN,24.803594090704078,23.726477980773108,1.0771161099309694,0
SRCV,0.18,0.32,10,HistGB,KNN,24.47934381390138,23.392268978535643,1.087074835365737,0
SRCV,0.18,0.32,11,HistGB,KNN,23.72661797910468,22.911206803547127,0.8154111755575535,0
SRCV,0.18,0.32,12,HistGB,KNN,24.111346473464494,22.468416540666528,1.6429299327979656,0
SRCV,0.18,0.32,13,HistGB,KNN,24.99542252363374,23.978926219057577,1.0164963045761617,0
SRCV,0.18,0.32,14,HistGB,KNN,24.742605611228107,23.408361493293267,1.3342441179348405,0
SRCV,0.18,0.32,15,HistGB,KNN,24.416176662644283,22.5382140343824,1.8779626282618835,0
SRCV,0.18,0.32,16,HistGB,KNN,25.54446516039962,23.889956814327707,1.654508346071914,0
SRCV,0.18,0.32,17,HistGB,KNN,26.4958612951784,24.784073695291784,1.711787599886616,0
SRCV,0.18,0.32,18,KNN,KNN,23.16494399329765,23.16494399329765,0.0,1
SRCV,0.18,0.32,19,HistGB,KNN,24.573643527987716,22.967426539513063,1.606216988474653,0
SRCV,0.18,0.32,20,HistGB,KNN,25.04910344930528,23.79135534710681,1.257748102198473,0
SRCV,0.18,0.32,21,HistGB,KNN,26.31016837981644,24.97102970206068,1.3391386777557592,0
SRCV,0.18,0.32,22,HistGB,KNN,26.098178562014315,24.39051221352639,1.7076663484879262,0
SRCV,0.18,0.32,23,KNN,KNN,24.187060837810005,24.187060837810005,0.0,1
SRCV,0.18,0.32,24,HistGB,KNN,25.003697301266914,24.039705867231064,0.9639914340358509,0
SRCV,0.18,0.4,0,HistGB,KNN,28.049609361827816,25.10814862318806,2.941460738639755,0
SRCV,0.18,0.4,1,HistGB,KNN,29.31611875614641,26.672735103263133,2.6433836528832764,0
SRCV,0.18,0.4,2,HistGB,KNN,28.384727103233185,25.81692397000759,2.5678031332255955,0
SRCV,0.18,0.4,3,HistGB,KNN,28.010289959071308,25.423661872844157,2.586628086227151,0
SRCV,0.18,0.4,4,HistGB,KNN,28.31516006865912,25.844904882373577,2.470255186285545,0
SRCV,0.18,0.4,5,HistGB,KNN,29.138612727054603,26.34733170986748,2.7912810171871243,0
SRCV,0.18,0.4,6,HistGB,KNN,31.47206094214324,27.471419439501894,4.000641502641347,0
SRCV,0.18,0.4,7,HistGB,KNN,27.888774713460062,24.65403390525961,3.2347408082004527,0
SRCV,0.18,0.4,8,HistGB,KNN,28.11039177616971,25.132597624958056,2.977794151211654,0
SRCV,0.18,0.4,9,HistGB,KNN,29.266611766794703,26.551948517294797,2.714663249499907,0
SRCV,0.18,0.4,10,HistGB,KNN,27.891574895247988,25.81186367292943,2.079711222318558,0
SRCV,0.18,0.4,11,HistGB,KNN,27.79176127114822,25.676760069446004,2.115001201702217,0
SRCV,0.18,0.4,12,HistGB,KNN,28.33763090957668,25.233865931244623,3.103764978332059,0
SRCV,0.18,0.4,13,HistGB,KNN,28.798902297381467,26.54460857267338,2.254293724708088,0
SRCV,0.18,0.4,14,HistGB,KNN,29.211910296743884,26.522075989221285,2.6898343075225988,0
SRCV,0.18,0.4,15,HistGB,KNN,28.65193876540236,25.34232298472043,3.3096157806819306,0
SRCV,0.18,0.4,16,HistGB,KNN,30.078513900930812,26.84998999315152,3.228523907779291,0
SRCV,0.18,0.4,17,HistGB,KNN,30.5095007137395,27.506923656523504,3.002577057215994,0
SRCV,0.18,0.4,18,KNN,KNN,25.751301404565957,25.751301404565957,0.0,1
SRCV,0.18,0.4,19,HistGB,KNN,28.586058710871352,25.36051788480377,3.225540826067583,0
SRCV,0.18,0.4,20,HistGB,KNN,28.90296152191095,26.323880275010467,2.5790812469004827,0
SRCV,0.18,0.4,21,HistGB,KNN,30.33042188933338,27.56509882832943,2.7653230610039508,0
SRCV,0.18,0.4,22,HistGB,KNN,30.205591444939312,26.97384541341878,3.231746031520533,0
SRCV,0.18,0.4,23,KNN,KNN,26.81887054429276,26.81887054429276,0.0,1
SRCV,0.18,0.4,24,HistGB,KNN,29.05916420698302,26.826243061722764,2.2329211452602564,0
SRCV,0.18,0.5,0,HistGB,KNN,34.3356818953042,29.36104864314475,4.97463325215945,0
SRCV,0.18,0.5,1,HistGB,KNN,35.45798108963929,30.78564658343057,4.6723345062087205,0
SRCV,0.18,0.5,2,HistGB,KNN,34.576328258809134,30.042510211973912,4.533818046835222,0
SRCV,0.18,0.5,3,HistGB,KNN,34.792656147750726,29.873883258001964,4.918772889748762,0
SRCV,0.18,0.5,4,HistGB,KNN,34.238497999689834,29.807820739177387,4.4306772605124465,0
SRCV,0.18,0.5,5,HistGB,KNN,35.27559090791475,30.71450700402392,4.561083903890829,0
SRCV,0.18,0.5,6,HistGB,KNN,37.69306887075829,31.49381187242601,6.199256998332277,0
SRCV,0.18,0.5,7,HistGB,KNN,33.714303799759946,28.83981311651348,4.874490683246467,0
SRCV,0.18,0.5,8,HistGB,KNN,34.41627098104753,29.623591813472316,4.792679167575216,0
SRCV,0.18,0.5,9,HistGB,KNN,34.73783599713518,30.300257701423387,4.437578295711791,0
SRCV,0.18,0.5,10,HistGB,KNN,33.910208514081305,29.824404136662483,4.085804377418821,0
SRCV,0.18,0.5,11,HistGB,KNN,33.62775139723734,29.60491639036404,4.022835006873301,0
SRCV,0.18,0.5,12,HistGB,KNN,34.021207929695294,29.14937495424439,4.8718329754509035,0
SRCV,0.18,0.5,13,HistGB,KNN,34.977502260566304,30.73761449320112,4.2398877673651825,0
SRCV,0.18,0.5,14,HistGB,KNN,34.802166158897485,30.22898594801385,4.573180210883635,0
SRCV,0.18,0.5,15,HistGB,KNN,34.57634793205066,29.482012823758883,5.0943351082917765,0
SRCV,0.18,0.5,16,HistGB,KNN,35.87939472326243,31.00229592672065,4.87709879654178,0
SRCV,0.18,0.5,17,HistGB,KNN,36.963845356749495,32.00073805865598,4.963107298093512,0
SRCV,0.18,0.5,18,KNN,KNN,29.334123989500338,29.334123989500338,0.0,1
SRCV,0.18,0.5,19,HistGB,KNN,34.60327848170751,29.727904717251747,4.875373764455766,0
SRCV,0.18,0.5,20,HistGB,KNN,34.325370645190155,30.386612943510592,3.938757701679563,0
SRCV,0.18,0.5,21,HistGB,KNN,36.63164043905123,32.05521614959351,4.576424289457719,0
SRCV,0.18,0.5,22,HistGB,KNN,36.0951832132667,30.834582638855917,5.260600574410784,0
SRCV,0.18,0.5,23,KNN,KNN,31.138388285827343,31.138388285827343,0.0,1
SRCV,0.18,0.5,24,HistGB,KNN,34.82354914689996,30.66380562129224,4.159743525607716,0
SRCV,0.19,0.0,0,RandomForest,HistGB,15.021511178214515,11.76015510447522,3.261356073739295,0
SRCV,0.19,0.0,1,HistGB,HistGB,13.73168860179165,13.73168860179165,0.0,1
SRCV,0.19,0.0,2,HistGB,HistGB,12.03246102203424,12.03246102203424,0.0,1
SRCV,0.19,0.0,3,HistGB,HistGB,12.507296971676508,12.507296971676508,0.0,1
SRCV,0.19,0.0,4,HistGB,HistGB,11.663767967150225,11.663767967150225,0.0,1
SRCV,0.19,0.0,5,HistGB,HistGB,12.788000461342667,12.788000461342667,0.0,1
SRCV,0.19,0.0,6,HistGB,HistGB,15.137088661400586,15.137088661400586,0.0,1
SRCV,0.19,0.0,7,KNN,HistGB,16.401418327290294,11.832086758523523,4.569331568766771,0
SRCV,0.19,0.0,8,HistGB,HistGB,11.80698803744633,11.80698803744633,0.0,1
SRCV,0.19,0.0,9,HistGB,HistGB,12.556532991757797,12.556532991757797,0.0,1
SRCV,0.19,0.0,10,HistGB,HistGB,12.006766732493656,12.006766732493656,0.0,1
SRCV,0.19,0.0,11,HistGB,HistGB,11.346172695771273,11.346172695771273,0.0,1
SRCV,0.19,0.0,12,HistGB,HistGB,11.53607012306929,11.53607012306929,0.0,1
SRCV,0.19,0.0,13,HistGB,HistGB,12.501230435307573,12.501230435307573,0.0,1
SRCV,0.19,0.0,14,HistGB,HistGB,12.374390426143172,12.374390426143172,0.0,1
SRCV,0.19,0.0,15,HistGB,HistGB,12.425630433445932,12.425630433445932,0.0,1
SRCV,0.19,0.0,16,HistGB,HistGB,13.0920493003693,13.0920493003693,0.0,1
SRCV,0.19,0.0,17,HistGB,HistGB,14.474854688524555,14.474854688524555,0.0,1
SRCV,0.19,0.0,18,HistGB,HistGB,12.72431903276434,12.72431903276434,0.0,1
SRCV,0.19,0.0,19,HistGB,HistGB,12.38932481964971,12.38932481964971,0.0,1
SRCV,0.19,0.0,20,HistGB,HistGB,13.18137194824744,13.18137194824744,0.0,1
SRCV,0.19,0.0,21,HistGB,HistGB,13.996657000066351,13.996657000066351,0.0,1
SRCV,0.19,0.0,22,HistGB,HistGB,13.811627922541728,13.811627922541728,0.0,1
SRCV,0.19,0.0,23,HistGB,HistGB,13.32873782866024,13.32873782866024,0.0,1
SRCV,0.19,0.0,24,HistGB,HistGB,13.136467261751262,13.136467261751262,0.0,1
SRCV,0.19,0.025,0,RandomForest,HistGB,15.396293647582617,13.790624657970188,1.605668989612429,0
SRCV,0.19,0.025,1,HistGB,HistGB,15.569190624933023,15.569190624933023,0.0,1
SRCV,0.19,0.025,2,HistGB,HistGB,14.088427543524208,14.088427543524208,0.0,1
SRCV,0.19,0.025,3,HistGB,HistGB,14.466111791412365,14.466111791412365,0.0,1
SRCV,0.19,0.025,4,HistGB,HistGB,13.735054816062018,13.735054816062018,0.0,1
SRCV,0.19,0.025,5,HistGB,HistGB,14.867893327492942,14.867893327492942,0.0,1
SRCV,0.19,0.025,6,HistGB,HistGB,17.17176789089314,17.17176789089314,0.0,1
SRCV,0.19,0.025,7,KNN,HistGB,16.51491861598398,13.928703035242147,2.5862155807418326,0
SRCV,0.19,0.025,8,HistGB,HistGB,14.035703406909802,14.035703406909802,0.0,1
SRCV,0.19,0.025,9,HistGB,HistGB,14.77125823960297,14.77125823960297,0.0,1
SRCV,0.19,0.025,10,HistGB,HistGB,14.180458644223837,14.180458644223837,0.0,1
SRCV,0.19,0.025,11,HistGB,HistGB,13.50742579877159,13.50742579877159,0.0,1
SRCV,0.19,0.025,12,HistGB,HistGB,13.758001907403685,13.758001907403685,0.0,1
SRCV,0.19,0.025,13,HistGB,HistGB,14.626656518553975,14.626656518553975,0.0,1
SRCV,0.19,0.025,14,HistGB,HistGB,14.533640708116964,14.533640708116964,0.0,1
SRCV,0.19,0.025,15,HistGB,HistGB,14.46272762558578,14.46272762558578,0.0,1
SRCV,0.19,0.025,16,HistGB,HistGB,15.171306018649071,15.171306018649071,0.0,1
SRCV,0.19,0.025,17,HistGB,HistGB,16.52161216946523,16.52161216946523,0.0,1
SRCV,0.19,0.025,18,HistGB,HistGB,14.780199693916028,14.780199693916028,0.0,1
SRCV,0.19,0.025,19,HistGB,HistGB,14.493836285631524,14.493836285631524,0.0,1
SRCV,0.19,0.025,20,HistGB,HistGB,15.368108126940594,15.368108126940594,0.0,1
SRCV,0.19,0.025,21,HistGB,HistGB,16.055770073743247,16.055770073743247,0.0,1
SRCV,0.19,0.025,22,HistGB,HistGB,15.713546741354476,15.713546741354476,0.0,1
SRCV,0.19,0.025,23,HistGB,HistGB,15.55503612142687,15.55503612142687,0.0,1
SRCV,0.19,0.025,24,HistGB,HistGB,15.081413399945886,15.081413399945886,0.0,1
SRCV,0.19,0.1,0,RandomForest,HistGB,16.61502278917208,16.06918849714951,0.545834292022569,0
SRCV,0.19,0.1,1,HistGB,HistGB,17.715227486371926,17.715227486371926,0.0,1
SRCV,0.19,0.1,2,HistGB,HistGB,16.59812152428756,16.59812152428756,0.0,1
SRCV,0.19,0.1,3,HistGB,HistGB,16.681998568610286,16.681998568610286,0.0,1
SRCV,0.19,0.1,4,HistGB,HistGB,16.108514635915505,16.108514635915505,0.0,1
SRCV,0.19,0.1,5,HistGB,HistGB,17.268672823209283,17.268672823209283,0.0,1
SRCV,0.19,0.1,6,HistGB,HistGB,19.40432003734352,19.40432003734352,0.0,1
SRCV,0.19,0.1,7,KNN,HistGB,17.211537249203268,16.082236395832705,1.1293008533705624,0
SRCV,0.19,0.1,8,HistGB,HistGB,16.407129732211875,16.407129732211875,0.0,1
SRCV,0.19,0.1,9,HistGB,HistGB,17.16320210267766,17.16320210267766,0.0,1
SRCV,0.19,0.1,10,HistGB,HistGB,16.50268958110556,16.50268958110556,0.0,1
SRCV,0.19,0.1,11,HistGB,HistGB,15.964533676765804,15.964533676765804,0.0,1
SRCV,0.19,0.1,12,HistGB,HistGB,15.955340858425544,15.955340858425544,0.0,1
SRCV,0.19,0.1,13,HistGB,HistGB,16.931967619416174,16.931967619416174,0.0,1
SRCV,0.19,0.1,14,HistGB,HistGB,16.92890955586985,16.92890955586985,0.0,1
SRCV,0.19,0.1,15,HistGB,HistGB,16.861669366598026,16.861669366598026,0.0,1
SRCV,0.19,0.1,16,HistGB,HistGB,17.657517204616237,17.657517204616237,0.0,1
SRCV,0.19,0.1,17,HistGB,HistGB,18.682009768699448,18.682009768699448,0.0,1
SRCV,0.19,0.1,18,HistGB,HistGB,17.15936754113902,17.15936754113902,0.0,1
SRCV,0.19,0.1,19,HistGB,HistGB,16.832397587873736,16.832397587873736,0.0,1
SRCV,0.19,0.1,20,HistGB,HistGB,17.57369629098549,17.57369629098549,0.0,1
SRCV,0.19,0.1,21,HistGB,HistGB,18.21056570240688,18.21056570240688,0.0,1
SRCV,0.19,0.1,22,HistGB,HistGB,17.918651632655692,17.918651632655692,0.0,1
SRCV,0.19,0.1,23,HistGB,HistGB,17.87434674116678,17.87434674116678,0.0,1
SRCV,0.19,0.1,24,HistGB,HistGB,17.41484728033265,17.41484728033265,0.0,1
SRCV,0.19,0.15,0,RandomForest,HistGB,17.916017546302676,17.541973445772758,0.3740441005299182,0
SRCV,0.19,0.15,1,HistGB,HistGB,19.010878031887327,19.010878031887327,0.0,1
SRCV,0.19,0.15,2,HistGB,HistGB,17.80100779364431,17.80100779364431,0.0,1
SRCV,0.19,0.15,3,HistGB,HistGB,18.01452453786513,18.01452453786513,0.0,1
SRCV,0.19,0.15,4,HistGB,HistGB,17.437948123990314,17.437948123990314,0.0,1
SRCV,0.19,0.15,5,HistGB,HistGB,18.58285094234233,18.58285094234233,0.0,1
SRCV,0.19,0.15,6,HistGB,KNN,20.66574103016756,20.55617663708099,0.1095643930865684,0
SRCV,0.19,0.15,7,KNN,HistGB,17.970398911809447,17.529586892481948,0.4408120193274989,0
SRCV,0.19,0.15,8,HistGB,HistGB,17.8122895281797,17.8122895281797,0.0,1
SRCV,0.19,0.15,9,HistGB,HistGB,18.495670339370204,18.495670339370204,0.0,1
SRCV,0.19,0.15,10,HistGB,RandomForest,17.97117283362848,17.920692448422127,0.05048038520635245,0
SRCV,0.19,0.15,11,HistGB,RandomForest,17.484846230170547,17.41666006093395,0.06818616923659704,0
SRCV,0.19,0.15,12,HistGB,HistGB,17.466672392177024,17.466672392177024,0.0,1
SRCV,0.19,0.15,13,HistGB,HistGB,18.257215445819707,18.257215445819707,0.0,1
SRCV,0.19,0.15,14,HistGB,HistGB,18.137408455216548,18.137408455216548,0.0,1
SRCV,0.19,0.15,15,HistGB,HistGB,18.107544438260927,18.107544438260927,0.0,1
SRCV,0.19,0.15,16,HistGB,HistGB,18.78614046980045,18.78614046980045,0.0,1
SRCV,0.19,0.15,17,HistGB,HistGB,20.041240568377912,20.041240568377912,0.0,1
SRCV,0.19,0.15,18,HistGB,HistGB,18.367784803289087,18.367784803289087,0.0,1
SRCV,0.19,0.15,19,HistGB,HistGB,18.104123699192264,18.104123699192264,0.0,1
SRCV,0.19,0.15,20,HistGB,HistGB,18.801855062804623,18.801855062804623,0.0,1
SRCV,0.19,0.15,21,HistGB,HistGB,19.59619733176809,19.59619733176809,0.0,1
SRCV,0.19,0.15,22,HistGB,HistGB,19.298586066791096,19.298586066791096,0.0,1
SRCV,0.19,0.15,23,HistGB,HistGB,19.173574821481136,19.173574821481136,0.0,1
SRCV,0.19,0.15,24,HistGB,HistGB,18.65781447093841,18.65781447093841,0.0,1
SRCV,0.19,0.19,0,RandomForest,HistGB,19.21791347834085,18.928739010266547,0.2891744680743038,0
SRCV,0.19,0.19,1,HistGB,HistGB,20.143835873105846,20.143835873105846,0.0,1
SRCV,0.19,0.19,2,HistGB,RandomForest,19.26838422455713,19.25223313590072,0.016151088656410906,0
SRCV,0.19,0.19,3,HistGB,HistGB,19.443279896968026,19.443279896968026,0.0,1
SRCV,0.19,0.19,4,HistGB,HistGB,18.91392220590144,18.91392220590144,0.0,1
SRCV,0.19,0.19,5,HistGB,HistGB,19.95917516081851,19.95917516081851,0.0,1
SRCV,0.19,0.19,6,HistGB,KNN,21.81613605324205,21.221317844771534,0.5948182084705174,0
SRCV,0.19,0.19,7,KNN,HistGB,18.77454186131733,18.7343657051764,0.040176156140930175,0
SRCV,0.19,0.19,8,HistGB,HistGB,19.090144255140743,19.090144255140743,0.0,1
SRCV,0.19,0.19,9,HistGB,HistGB,19.75986807523372,19.75986807523372,0.0,1
SRCV,0.19,0.19,10,HistGB,RandomForest,19.228897842651488,19.11294703331267,0.11595080933881974,0
SRCV,0.19,0.19,11,HistGB,HistGB,18.667847445401883,18.667847445401883,0.0,1
SRCV,0.19,0.19,12,HistGB,HistGB,18.74800249831791,18.74800249831791,0.0,1
SRCV,0.19,0.19,13,HistGB,HistGB,19.487413662156857,19.487413662156857,0.0,1
SRCV,0.19,0.19,14,HistGB,HistGB,19.805729525276647,19.805729525276647,0.0,1
SRCV,0.19,0.19,15,HistGB,HistGB,19.53354628711148,19.53354628711148,0.0,1
SRCV,0.19,0.19,16,HistGB,HistGB,20.42138389973512,20.42138389973512,0.0,1
SRCV,0.19,0.19,17,HistGB,HistGB,21.336585653266862,21.336585653266862,0.0,1
SRCV,0.19,0.19,18,HistGB,HistGB,19.63875503262111,19.63875503262111,0.0,1
SRCV,0.19,0.19,19,HistGB,HistGB,19.237587544515986,19.237587544515986,0.0,1
SRCV,0.19,0.19,20,HistGB,HistGB,19.92591817042073,19.92591817042073,0.0,1
SRCV,0.19,0.19,21,HistGB,HistGB,21.007827210990577,21.007827210990577,0.0,1
SRCV,0.19,0.19,22,HistGB,HistGB,20.67660900892144,20.67660900892144,0.0,1
SRCV,0.19,0.19,23,HistGB,RandomForest,20.6083352155968,20.554130699292205,0.05420451630459411,0
SRCV,0.19,0.19,24,HistGB,HistGB,19.83663934120755,19.83663934120755,0.0,1
SRCV,0.19,0.2,0,RandomForest,HistGB,19.469680576996257,19.31695977824297,0.15272079875328615,0
SRCV,0.19,0.2,1,HistGB,HistGB,20.633704058890523,20.633704058890523,0.0,1
SRCV,0.19,0.2,2,HistGB,RandomForest,19.60198171985055,19.530966200000307,0.07101551985024201,0
SRCV,0.19,0.2,3,HistGB,HistGB,19.40246723251745,19.40246723251745,0.0,1
SRCV,0.19,0.2,4,HistGB,HistGB,19.19879919002628,19.19879919002628,0.0,1
SRCV,0.19,0.2,5,HistGB,HistGB,20.309646525902178,20.309646525902178,0.0,1
SRCV,0.19,0.2,6,HistGB,KNN,22.22715469741236,21.45106211319845,0.7760925842139095,0
SRCV,0.19,0.2,7,KNN,KNN,18.91466158420148,18.91466158420148,0.0,1
SRCV,0.19,0.2,8,HistGB,HistGB,19.353522301384245,19.353522301384245,0.0,1
SRCV,0.19,0.2,9,HistGB,HistGB,20.244280483753503,20.244280483753503,0.0,1
SRCV,0.19,0.2,10,HistGB,RandomForest,19.482679894775195,19.397262692891125,0.08541720188406998,0
SRCV,0.19,0.2,11,HistGB,HistGB,18.81764877008533,18.81764877008533,0.0,1
SRCV,0.19,0.2,12,HistGB,HistGB,19.156116543683805,19.156116543683805,0.0,1
SRCV,0.19,0.2,13,HistGB,HistGB,20.01349433745357,20.01349433745357,0.0,1
SRCV,0.19,0.2,14,HistGB,HistGB,20.033455238923583,20.033455238923583,0.0,1
SRCV,0.19,0.2,15,HistGB,KNN,19.86983031134916,19.770319702527317,0.09951060882184137,0
SRCV,0.19,0.2,16,HistGB,HistGB,20.56981023209017,20.56981023209017,0.0,1
SRCV,0.19,0.2,17,HistGB,KNN,21.90020836235615,21.8467341910282,0.05347417132794874,0
SRCV,0.19,0.2,18,HistGB,KNN,20.13102128441388,20.099350238418523,0.031671045995356195,0
SRCV,0.19,0.2,19,HistGB,HistGB,19.59435135708357,19.59435135708357,0.0,1
SRCV,0.19,0.2,20,HistGB,HistGB,20.38206963513907,20.38206963513907,0.0,1
SRCV,0.19,0.2,21,HistGB,HistGB,21.186528023649814,21.186528023649814,0.0,1
SRCV,0.19,0.2,22,HistGB,HistGB,20.970762127732502,20.970762127732502,0.0,1
SRCV,0.19,0.2,23,HistGB,HistGB,20.731601966614555,20.731601966614555,0.0,1
SRCV,0.19,0.2,24,HistGB,HistGB,20.04810559903347,20.04810559903347,0.0,1
SRCV,0.19,0.21,0,RandomForest,KNN,19.987705383791567,19.62070076050922,0.36700462328234806,0
SRCV,0.19,0.21,1,HistGB,HistGB,20.883479751389164,20.883479751389164,0.0,1
SRCV,0.19,0.21,2,HistGB,RandomForest,19.80436562213185,19.776411638303763,0.02795398382808756,0
SRCV,0.19,0.21,3,HistGB,HistGB,19.79962845112105,19.79962845112105,0.0,1
SRCV,0.19,0.21,4,HistGB,HistGB,19.524084711512717,19.524084711512717,0.0,1
SRCV,0.19,0.21,5,HistGB,HistGB,20.691741037075957,20.691741037075957,0.0,1
SRCV,0.19,0.21,6,HistGB,KNN,22.638128623682924,21.735449205266427,0.902679418416497,0
SRCV,0.19,0.21,7,KNN,KNN,19.129134412148225,19.129134412148225,0.0,1
SRCV,0.19,0.21,8,HistGB,KNN,19.949149133827166,19.754159286311616,0.1949898475155507,0
SRCV,0.19,0.21,9,HistGB,HistGB,20.53946391412387,20.53946391412387,0.0,1
SRCV,0.19,0.21,10,HistGB,RandomForest,19.791512389893278,19.766638000384397,0.024874389508880768,0
SRCV,0.19,0.21,11,HistGB,HistGB,19.12476153385831,19.12476153385831,0.0,1
SRCV,0.19,0.21,12,HistGB,HistGB,19.62285011346803,19.62285011346803,0.0,1
SRCV,0.19,0.21,13,HistGB,HistGB,20.1912750022628,20.1912750022628,0.0,1
SRCV,0.19,0.21,14,HistGB,HistGB,20.17871752830445,20.17871752830445,0.0,1
SRCV,0.19,0.21,15,HistGB,KNN,20.35635435076348,20.008689836811453,0.3476645139520258,0
SRCV,0.19,0.21,16,HistGB,RandomForest,20.844016484607646,20.833181161887754,0.010835322719891849,0
SRCV,0.19,0.21,17,HistGB,KNN,22.20143236502758,21.9739723674224,0.22745999760517677,0
SRCV,0.19,0.21,18,HistGB,KNN,20.435337004508213,20.18731917985644,0.2480178246517717,0
SRCV,0.19,0.21,19,HistGB,HistGB,19.97509701714303,19.97509701714303,0.0,1
SRCV,0.19,0.21,20,HistGB,HistGB,20.63839378129152,20.63839378129152,0.0,1
SRCV,0.19,0.21,21,HistGB,HistGB,21.40956894525845,21.40956894525845,0.0,1
SRCV,0.19,0.21,22,HistGB,KNN,21.279054027647227,21.24068021908822,0.03837380855900818,0
SRCV,0.19,0.21,23,HistGB,HistGB,21.073886705689358,21.073886705689358,0.0,1
SRCV,0.19,0.21,24,HistGB,HistGB,20.58508699071329,20.58508699071329,0.0,1
SRCV,0.19,0.24,0,RandomForest,KNN,20.982827727030124,20.33664056590208,0.6461871611280436,0
SRCV,0.19,0.24,1,HistGB,KNN,22.064357590263988,21.92280236504782,0.1415552252161696,0
SRCV,0.19,0.24,2,HistGB,KNN,20.79592375371037,20.741214770005676,0.05470898370469257,0
SRCV,0.19,0.24,3,HistGB,KNN,20.84463885093164,20.4321294687124,0.41250938221924116,0
SRCV,0.19,0.24,4,HistGB,HistGB,20.575640835804094,20.575640835804094,0.0,1
SRCV,0.19,0.24,5,HistGB,KNN,21.85542178703425,21.582918404859733,0.2725033821745164,0
SRCV,0.19,0.24,6,HistGB,KNN,24.16724330250814,22.650935540068332,1.5163077624398085,0
SRCV,0.19,0.24,7,KNN,KNN,19.87952199459999,19.87952199459999,0.0,1
SRCV,0.19,0.24,8,HistGB,KNN,21.085049356636727,20.522281621260348,0.5627677353763794,0
SRCV,0.19,0.24,9,HistGB,HistGB,21.50120439198769,21.50120439198769,0.0,1
SRCV,0.19,0.24,10,HistGB,HistGB,20.799187355071187,20.799187355071187,0.0,1
SRCV,0.19,0.24,11,HistGB,RandomForest,20.46050823698773,20.371659546986443,0.08884869000128859,0
SRCV,0.19,0.24,12,HistGB,KNN,20.42873796577705,20.153818096825816,0.2749198689512333,0
SRCV,0.19,0.24,13,HistGB,HistGB,21.2669017233842,21.2669017233842,0.0,1
SRCV,0.19,0.24,14,HistGB,KNN,21.462084175510437,21.3226337532928,0.1394504222176387,0
SRCV,0.19,0.24,15,HistGB,KNN,21.109553749660595,20.52767563958444,0.5818781100761541,0
SRCV,0.19,0.24,16,HistGB,KNN,22.00953698747326,21.60327312063129,0.4062638668419716,0
SRCV,0.19,0.24,17,HistGB,KNN,23.25946017164457,22.6236646265378,0.6357955451067703,0
SRCV,0.19,0.24,18,HistGB,KNN,21.322163342513168,20.865332927318907,0.45683041519426126,0
SRCV,0.19,0.24,19,HistGB,KNN,20.93072529938225,20.611027408455104,0.31969789092714507,0
SRCV,0.19,0.24,20,HistGB,KNN,21.74925183304476,21.538000917902348,0.21125091514241134,0
SRCV,0.19,0.24,21,HistGB,KNN,22.651067969927944,22.618736893558317,0.03233107636962629,0
SRCV,0.19,0.24,22,HistGB,KNN,22.46146878945244,22.050215114306518,0.4112536751459217,0
SRCV,0.19,0.24,23,HistGB,KNN,22.339223359037533,22.08033187991192,0.2588914791256123,0
SRCV,0.19,0.24,24,HistGB,HistGB,21.588328318789458,21.588328318789458,0.0,1
SRCV,0.19,0.32,0,RandomForest,KNN,24.14679185991885,22.3410975641612,1.8056942957576503,0
SRCV,0.19,0.32,1,HistGB,KNN,25.77070627354392,24.167646892408506,1.603059381135413,0
SRCV,0.19,0.32,2,HistGB,KNN,24.59572377329288,23.22830694722482,1.3674168260680624,0
SRCV,0.19,0.32,3,HistGB,KNN,24.09274391415105,22.651724084282822,1.4410198298682282,0
SRCV,0.19,0.32,4,HistGB,KNN,23.90705141032773,22.899209031890777,1.0078423784369512,0
SRCV,0.19,0.32,5,HistGB,KNN,25.212724593070813,23.74077037955543,1.4719542135153851,0
SRCV,0.19,0.32,6,HistGB,KNN,27.269805798524292,24.58426841601279,2.6855373825115016,0
SRCV,0.19,0.32,7,KNN,KNN,21.897619039501325,21.897619039501325,0.0,1
SRCV,0.19,0.32,8,HistGB,KNN,24.47320734454739,22.56198727539633,1.9112200691510601,0
SRCV,0.19,0.32,9,HistGB,KNN,24.803594090704078,23.726477980773108,1.0771161099309694,0
SRCV,0.19,0.32,10,HistGB,KNN,24.47934381390138,23.392268978535643,1.087074835365737,0
SRCV,0.19,0.32,11,HistGB,KNN,23.72661797910468,22.911206803547127,0.8154111755575535,0
SRCV,0.19,0.32,12,HistGB,KNN,24.111346473464494,22.468416540666528,1.6429299327979656,0
SRCV,0.19,0.32,13,HistGB,KNN,24.99542252363374,23.978926219057577,1.0164963045761617,0
SRCV,0.19,0.32,14,HistGB,KNN,24.742605611228107,23.408361493293267,1.3342441179348405,0
SRCV,0.19,0.32,15,HistGB,KNN,24.416176662644283,22.5382140343824,1.8779626282618835,0
SRCV,0.19,0.32,16,HistGB,KNN,25.54446516039962,23.889956814327707,1.654508346071914,0
SRCV,0.19,0.32,17,HistGB,KNN,26.4958612951784,24.784073695291784,1.711787599886616,0
SRCV,0.19,0.32,18,HistGB,KNN,24.88464519023908,23.16494399329765,1.719701196941429,0
SRCV,0.19,0.32,19,HistGB,KNN,24.573643527987716,22.967426539513063,1.606216988474653,0
SRCV,0.19,0.32,20,HistGB,KNN,25.04910344930528,23.79135534710681,1.257748102198473,0
SRCV,0.19,0.32,21,HistGB,KNN,26.31016837981644,24.97102970206068,1.3391386777557592,0
SRCV,0.19,0.32,22,HistGB,KNN,26.098178562014315,24.39051221352639,1.7076663484879262,0
SRCV,0.19,0.32,23,HistGB,KNN,25.557866068906574,24.187060837810005,1.3708052310965684,0
SRCV,0.19,0.32,24,HistGB,KNN,25.003697301266914,24.039705867231064,0.9639914340358509,0
SRCV,0.19,0.4,0,RandomForest,KNN,28.16306661821418,25.10814862318806,3.05491799502612,0
SRCV,0.19,0.4,1,HistGB,KNN,29.31611875614641,26.672735103263133,2.6433836528832764,0
SRCV,0.19,0.4,2,HistGB,KNN,28.384727103233185,25.81692397000759,2.5678031332255955,0
SRCV,0.19,0.4,3,HistGB,KNN,28.010289959071308,25.423661872844157,2.586628086227151,0
SRCV,0.19,0.4,4,HistGB,KNN,28.31516006865912,25.844904882373577,2.470255186285545,0
SRCV,0.19,0.4,5,HistGB,KNN,29.138612727054603,26.34733170986748,2.7912810171871243,0
SRCV,0.19,0.4,6,HistGB,KNN,31.47206094214324,27.471419439501894,4.000641502641347,0
SRCV,0.19,0.4,7,KNN,KNN,24.65403390525961,24.65403390525961,0.0,1
SRCV,0.19,0.4,8,HistGB,KNN,28.11039177616971,25.132597624958056,2.977794151211654,0
SRCV,0.19,0.4,9,HistGB,KNN,29.266611766794703,26.551948517294797,2.714663249499907,0
SRCV,0.19,0.4,10,HistGB,KNN,27.891574895247988,25.81186367292943,2.079711222318558,0
SRCV,0.19,0.4,11,HistGB,KNN,27.79176127114822,25.676760069446004,2.115001201702217,0
SRCV,0.19,0.4,12,HistGB,KNN,28.33763090957668,25.233865931244623,3.103764978332059,0
SRCV,0.19,0.4,13,HistGB,KNN,28.798902297381467,26.54460857267338,2.254293724708088,0
SRCV,0.19,0.4,14,HistGB,KNN,29.211910296743884,26.522075989221285,2.6898343075225988,0
SRCV,0.19,0.4,15,HistGB,KNN,28.65193876540236,25.34232298472043,3.3096157806819306,0
SRCV,0.19,0.4,16,HistGB,KNN,30.078513900930812,26.84998999315152,3.228523907779291,0
SRCV,0.19,0.4,17,HistGB,KNN,30.5095007137395,27.506923656523504,3.002577057215994,0
SRCV,0.19,0.4,18,HistGB,KNN,28.915144639978127,25.751301404565957,3.1638432354121697,0
SRCV,0.19,0.4,19,HistGB,KNN,28.586058710871352,25.36051788480377,3.225540826067583,0
SRCV,0.19,0.4,20,HistGB,KNN,28.90296152191095,26.323880275010467,2.5790812469004827,0
SRCV,0.19,0.4,21,HistGB,KNN,30.33042188933338,27.56509882832943,2.7653230610039508,0
SRCV,0.19,0.4,22,HistGB,KNN,30.205591444939312,26.97384541341878,3.231746031520533,0
SRCV,0.19,0.4,23,HistGB,KNN,29.56692175934774,26.81887054429276,2.7480512150549785,0
SRCV,0.19,0.4,24,HistGB,KNN,29.05916420698302,26.826243061722764,2.2329211452602564,0
SRCV,0.19,0.5,0,RandomForest,KNN,34.548568958652645,29.36104864314475,5.187520315507896,0
SRCV,0.19,0.5,1,HistGB,KNN,35.45798108963929,30.78564658343057,4.6723345062087205,0
SRCV,0.19,0.5,2,HistGB,KNN,34.576328258809134,30.042510211973912,4.533818046835222,0
SRCV,0.19,0.5,3,HistGB,KNN,34.792656147750726,29.873883258001964,4.918772889748762,0
SRCV,0.19,0.5,4,HistGB,KNN,34.238497999689834,29.807820739177387,4.4306772605124465,0
SRCV,0.19,0.5,5,HistGB,KNN,35.27559090791475,30.71450700402392,4.561083903890829,0
SRCV,0.19,0.5,6,HistGB,KNN,37.69306887075829,31.49381187242601,6.199256998332277,0
SRCV,0.19,0.5,7,KNN,KNN,28.83981311651348,28.83981311651348,0.0,1
SRCV,0.19,0.5,8,HistGB,KNN,34.41627098104753,29.623591813472316,4.792679167575216,0
SRCV,0.19,0.5,9,HistGB,KNN,34.73783599713518,30.300257701423387,4.437578295711791,0
SRCV,0.19,0.5,10,HistGB,KNN,33.910208514081305,29.824404136662483,4.085804377418821,0
SRCV,0.19,0.5,11,HistGB,KNN,33.62775139723734,29.60491639036404,4.022835006873301,0
SRCV,0.19,0.5,12,HistGB,KNN,34.021207929695294,29.14937495424439,4.8718329754509035,0
SRCV,0.19,0.5,13,HistGB,KNN,34.977502260566304,30.73761449320112,4.2398877673651825,0
SRCV,0.19,0.5,14,HistGB,KNN,34.802166158897485,30.22898594801385,4.573180210883635,0
SRCV,0.19,0.5,15,HistGB,KNN,34.57634793205066,29.482012823758883,5.0943351082917765,0
SRCV,0.19,0.5,16,HistGB,KNN,35.87939472326243,31.00229592672065,4.87709879654178,0
SRCV,0.19,0.5,17,HistGB,KNN,36.963845356749495,32.00073805865598,4.963107298093512,0
SRCV,0.19,0.5,18,HistGB,KNN,34.50305373795179,29.334123989500338,5.1689297484514505,0
SRCV,0.19,0.5,19,HistGB,KNN,34.60327848170751,29.727904717251747,4.875373764455766,0
SRCV,0.19,0.5,20,HistGB,KNN,34.325370645190155,30.386612943510592,3.938757701679563,0
SRCV,0.19,0.5,21,HistGB,KNN,36.63164043905123,32.05521614959351,4.576424289457719,0
SRCV,0.19,0.5,22,HistGB,KNN,36.0951832132667,30.834582638855917,5.260600574410784,0
SRCV,0.19,0.5,23,HistGB,KNN,35.70825739251677,31.138388285827343,4.569869106689428,0
SRCV,0.19,0.5,24,HistGB,KNN,34.82354914689996,30.66380562129224,4.159743525607716,0
SRCV,0.195,0.0,0,HistGB,HistGB,11.76015510447522,11.76015510447522,0.0,1
SRCV,0.195,0.0,1,HistGB,HistGB,13.73168860179165,13.73168860179165,0.0,1
SRCV,0.195,0.0,2,HistGB,HistGB,12.03246102203424,12.03246102203424,0.0,1
SRCV,0.195,0.0,3,HistGB,HistGB,12.507296971676508,12.507296971676508,0.0,1
SRCV,0.195,0.0,4,HistGB,HistGB,11.663767967150225,11.663767967150225,0.0,1
SRCV,0.195,0.0,5,RandomForest,HistGB,15.878629438730396,12.788000461342667,3.0906289773877287,0
SRCV,0.195,0.0,6,HistGB,HistGB,15.137088661400586,15.137088661400586,0.0,1
SRCV,0.195,0.0,7,HistGB,HistGB,11.832086758523523,11.832086758523523,0.0,1
SRCV,0.195,0.0,8,HistGB,HistGB,11.80698803744633,11.80698803744633,0.0,1
SRCV,0.195,0.0,9,HistGB,HistGB,12.556532991757797,12.556532991757797,0.0,1
SRCV,0.195,0.0,10,HistGB,HistGB,12.006766732493656,12.006766732493656,0.0,1
SRCV,0.195,0.0,11,HistGB,HistGB,11.346172695771273,11.346172695771273,0.0,1
SRCV,0.195,0.0,12,HistGB,HistGB,11.53607012306929,11.53607012306929,0.0,1
SRCV,0.195,0.0,13,HistGB,HistGB,12.501230435307573,12.501230435307573,0.0,1
SRCV,0.195,0.0,14,HistGB,HistGB,12.374390426143172,12.374390426143172,0.0,1
SRCV,0.195,0.0,15,HistGB,HistGB,12.425630433445932,12.425630433445932,0.0,1
SRCV,0.195,0.0,16,HistGB,HistGB,13.0920493003693,13.0920493003693,0.0,1
SRCV,0.195,0.0,17,HistGB,HistGB,14.474854688524555,14.474854688524555,0.0,1
SRCV,0.195,0.0,18,HistGB,HistGB,12.72431903276434,12.72431903276434,0.0,1
SRCV,0.195,0.0,19,KNN,HistGB,17.274932376884575,12.38932481964971,4.885607557234865,0
SRCV,0.195,0.0,20,HistGB,HistGB,13.18137194824744,13.18137194824744,0.0,1
SRCV,0.195,0.0,21,HistGB,HistGB,13.996657000066351,13.996657000066351,0.0,1
SRCV,0.195,0.0,22,HistGB,HistGB,13.811627922541728,13.811627922541728,0.0,1
SRCV,0.195,0.0,23,HistGB,HistGB,13.32873782866024,13.32873782866024,0.0,1
SRCV,0.195,0.0,24,HistGB,HistGB,13.136467261751262,13.136467261751262,0.0,1
SRCV,0.195,0.025,0,HistGB,HistGB,13.790624657970188,13.790624657970188,0.0,1
SRCV,0.195,0.025,1,HistGB,HistGB,15.569190624933023,15.569190624933023,0.0,1
SRCV,0.195,0.025,2,HistGB,HistGB,14.088427543524208,14.088427543524208,0.0,1
SRCV,0.195,0.025,3,HistGB,HistGB,14.466111791412365,14.466111791412365,0.0,1
SRCV,0.195,0.025,4,HistGB,HistGB,13.735054816062018,13.735054816062018,0.0,1
SRCV,0.195,0.025,5,RandomForest,HistGB,16.2788752351348,14.867893327492942,1.41098190764186,0
SRCV,0.195,0.025,6,HistGB,HistGB,17.17176789089314,17.17176789089314,0.0,1
SRCV,0.195,0.025,7,HistGB,HistGB,13.928703035242147,13.928703035242147,0.0,1
SRCV,0.195,0.025,8,HistGB,HistGB,14.035703406909802,14.035703406909802,0.0,1
SRCV,0.195,0.025,9,HistGB,HistGB,14.77125823960297,14.77125823960297,0.0,1
SRCV,0.195,0.025,10,HistGB,HistGB,14.180458644223837,14.180458644223837,0.0,1
SRCV,0.195,0.025,11,HistGB,HistGB,13.50742579877159,13.50742579877159,0.0,1
SRCV,0.195,0.025,12,HistGB,HistGB,13.758001907403685,13.758001907403685,0.0,1
SRCV,0.195,0.025,13,HistGB,HistGB,14.626656518553975,14.626656518553975,0.0,1
SRCV,0.195,0.025,14,HistGB,HistGB,14.533640708116964,14.533640708116964,0.0,1
SRCV,0.195,0.025,15,HistGB,HistGB,14.46272762558578,14.46272762558578,0.0,1
SRCV,0.195,0.025,16,HistGB,HistGB,15.171306018649071,15.171306018649071,0.0,1
SRCV,0.195,0.025,17,HistGB,HistGB,16.52161216946523,16.52161216946523,0.0,1
SRCV,0.195,0.025,18,HistGB,HistGB,14.780199693916028,14.780199693916028,0.0,1
SRCV,0.195,0.025,19,KNN,HistGB,17.372599683056805,14.493836285631524,2.8787633974252813,0
SRCV,0.195,0.025,20,HistGB,HistGB,15.368108126940594,15.368108126940594,0.0,1
SRCV,0.195,0.025,21,HistGB,HistGB,16.055770073743247,16.055770073743247,0.0,1
SRCV,0.195,0.025,22,HistGB,HistGB,15.713546741354476,15.713546741354476,0.0,1
SRCV,0.195,0.025,23,HistGB,HistGB,15.55503612142687,15.55503612142687,0.0,1
SRCV,0.195,0.025,24,HistGB,HistGB,15.081413399945886,15.081413399945886,0.0,1
SRCV,0.195,0.1,0,HistGB,HistGB,16.06918849714951,16.06918849714951,0.0,1
SRCV,0.195,0.1,1,HistGB,HistGB,17.715227486371926,17.715227486371926,0.0,1
SRCV,0.195,0.1,2,HistGB,HistGB,16.59812152428756,16.59812152428756,0.0,1
SRCV,0.195,0.1,3,HistGB,HistGB,16.681998568610286,16.681998568610286,0.0,1
SRCV,0.195,0.1,4,HistGB,HistGB,16.108514635915505,16.108514635915505,0.0,1
SRCV,0.195,0.1,5,RandomForest,HistGB,17.675023604872088,17.268672823209283,0.40635078166280536,0
SRCV,0.195,0.1,6,HistGB,HistGB,19.40432003734352,19.40432003734352,0.0,1
SRCV,0.195,0.1,7,HistGB,HistGB,16.082236395832705,16.082236395832705,0.0,1
SRCV,0.195,0.1,8,HistGB,HistGB,16.407129732211875,16.407129732211875,0.0,1
SRCV,0.195,0.1,9,HistGB,HistGB,17.16320210267766,17.16320210267766,0.0,1
SRCV,0.195,0.1,10,HistGB,HistGB,16.50268958110556,16.50268958110556,0.0,1
SRCV,0.195,0.1,11,HistGB,HistGB,15.964533676765804,15.964533676765804,0.0,1
SRCV,0.195,0.1,12,HistGB,HistGB,15.955340858425544,15.955340858425544,0.0,1
SRCV,0.195,0.1,13,HistGB,HistGB,16.931967619416174,16.931967619416174,0.0,1
SRCV,0.195,0.1,14,HistGB,HistGB,16.92890955586985,16.92890955586985,0.0,1
SRCV,0.195,0.1,15,HistGB,HistGB,16.861669366598026,16.861669366598026,0.0,1
SRCV,0.195,0.1,16,HistGB,HistGB,17.657517204616237,17.657517204616237,0.0,1
SRCV,0.195,0.1,17,HistGB,HistGB,18.682009768699448,18.682009768699448,0.0,1
SRCV,0.195,0.1,18,HistGB,HistGB,17.15936754113902,17.15936754113902,0.0,1
SRCV,0.195,0.1,19,KNN,HistGB,18.145966862039437,16.832397587873736,1.313569274165701,0
SRCV,0.195,0.1,20,HistGB,HistGB,17.57369629098549,17.57369629098549,0.0,1
SRCV,0.195,0.1,21,HistGB,HistGB,18.21056570240688,18.21056570240688,0.0,1
SRCV,0.195,0.1,22,HistGB,HistGB,17.918651632655692,17.918651632655692,0.0,1
SRCV,0.195,0.1,23,HistGB,HistGB,17.87434674116678,17.87434674116678,0.0,1
SRCV,0.195,0.1,24,HistGB,HistGB,17.41484728033265,17.41484728033265,0.0,1
SRCV,0.195,0.15,0,HistGB,HistGB,17.541973445772758,17.541973445772758,0.0,1
SRCV,0.195,0.15,1,HistGB,HistGB,19.010878031887327,19.010878031887327,0.0,1
SRCV,0.195,0.15,2,HistGB,HistGB,17.80100779364431,17.80100779364431,0.0,1
SRCV,0.195,0.15,3,HistGB,HistGB,18.01452453786513,18.01452453786513,0.0,1
SRCV,0.195,0.15,4,HistGB,HistGB,17.437948123990314,17.437948123990314,0.0,1
SRCV,0.195,0.15,5,RandomForest,HistGB,18.91160094330895,18.58285094234233,0.32875000096662177,0
SRCV,0.195,0.15,6,HistGB,KNN,20.66574103016756,20.55617663708099,0.1095643930865684,0
SRCV,0.195,0.15,7,HistGB,HistGB,17.529586892481948,17.529586892481948,0.0,1
SRCV,0.195,0.15,8,HistGB,HistGB,17.8122895281797,17.8122895281797,0.0,1
SRCV,0.195,0.15,9,HistGB,HistGB,18.495670339370204,18.495670339370204,0.0,1
SRCV,0.195,0.15,10,HistGB,RandomForest,17.97117283362848,17.920692448422127,0.05048038520635245,0
SRCV,0.195,0.15,11,HistGB,RandomForest,17.484846230170547,17.41666006093395,0.06818616923659704,0
SRCV,0.195,0.15,12,HistGB,HistGB,17.466672392177024,17.466672392177024,0.0,1
SRCV,0.195,0.15,13,HistGB,HistGB,18.257215445819707,18.257215445819707,0.0,1
SRCV,0.195,0.15,14,HistGB,HistGB,18.137408455216548,18.137408455216548,0.0,1
SRCV,0.195,0.15,15,HistGB,HistGB,18.107544438260927,18.107544438260927,0.0,1
SRCV,0.195,0.15,16,HistGB,HistGB,18.78614046980045,18.78614046980045,0.0,1
SRCV,0.195,0.15,17,HistGB,HistGB,20.041240568377912,20.041240568377912,0.0,1
SRCV,0.195,0.15,18,HistGB,HistGB,18.367784803289087,18.367784803289087,0.0,1
SRCV,0.195,0.15,19,KNN,HistGB,18.868378910996704,18.104123699192264,0.7642552118044392,0
SRCV,0.195,0.15,20,HistGB,HistGB,18.801855062804623,18.801855062804623,0.0,1
SRCV,0.195,0.15,21,HistGB,HistGB,19.59619733176809,19.59619733176809,0.0,1
SRCV,0.195,0.15,22,HistGB,HistGB,19.298586066791096,19.298586066791096,0.0,1
SRCV,0.195,0.15,23,HistGB,HistGB,19.173574821481136,19.173574821481136,0.0,1
SRCV,0.195,0.15,24,HistGB,HistGB,18.65781447093841,18.65781447093841,0.0,1
SRCV,0.195,0.19,0,HistGB,HistGB,18.928739010266547,18.928739010266547,0.0,1
SRCV,0.195,0.19,1,HistGB,HistGB,20.143835873105846,20.143835873105846,0.0,1
SRCV,0.195,0.19,2,HistGB,RandomForest,19.26838422455713,19.25223313590072,0.016151088656410906,0
SRCV,0.195,0.19,3,HistGB,HistGB,19.443279896968026,19.443279896968026,0.0,1
SRCV,0.195,0.19,4,HistGB,HistGB,18.91392220590144,18.91392220590144,0.0,1
SRCV,0.195,0.19,5,RandomForest,HistGB,20.171624517914054,19.95917516081851,0.2124493570955437,0
SRCV,0.195,0.19,6,HistGB,KNN,21.81613605324205,21.221317844771534,0.5948182084705174,0
SRCV,0.195,0.19,7,HistGB,HistGB,18.7343657051764,18.7343657051764,0.0,1
SRCV,0.195,0.19,8,HistGB,HistGB,19.090144255140743,19.090144255140743,0.0,1
SRCV,0.195,0.19,9,HistGB,HistGB,19.75986807523372,19.75986807523372,0.0,1
SRCV,0.195,0.19,10,HistGB,RandomForest,19.228897842651488,19.11294703331267,0.11595080933881974,0
SRCV,0.195,0.19,11,HistGB,HistGB,18.667847445401883,18.667847445401883,0.0,1
SRCV,0.195,0.19,12,HistGB,HistGB,18.74800249831791,18.74800249831791,0.0,1
SRCV,0.195,0.19,13,HistGB,HistGB,19.487413662156857,19.487413662156857,0.0,1
SRCV,0.195,0.19,14,HistGB,HistGB,19.805729525276647,19.805729525276647,0.0,1
SRCV,0.195,0.19,15,HistGB,HistGB,19.53354628711148,19.53354628711148,0.0,1
SRCV,0.195,0.19,16,HistGB,HistGB,20.42138389973512,20.42138389973512,0.0,1
SRCV,0.195,0.19,17,HistGB,HistGB,21.336585653266862,21.336585653266862,0.0,1
SRCV,0.195,0.19,18,HistGB,HistGB,19.63875503262111,19.63875503262111,0.0,1
SRCV,0.195,0.19,19,KNN,HistGB,19.547908981423685,19.237587544515986,0.3103214369076994,0
SRCV,0.195,0.19,20,HistGB,HistGB,19.92591817042073,19.92591817042073,0.0,1
SRCV,0.195,0.19,21,HistGB,HistGB,21.007827210990577,21.007827210990577,0.0,1
SRCV,0.195,0.19,22,HistGB,HistGB,20.67660900892144,20.67660900892144,0.0,1
SRCV,0.195,0.19,23,HistGB,RandomForest,20.6083352155968,20.554130699292205,0.05420451630459411,0
SRCV,0.195,0.19,24,HistGB,HistGB,19.83663934120755,19.83663934120755,0.0,1
SRCV,0.195,0.2,0,HistGB,HistGB,19.31695977824297,19.31695977824297,0.0,1
SRCV,0.195,0.2,1,HistGB,HistGB,20.633704058890523,20.633704058890523,0.0,1
SRCV,0.195,0.2,2,HistGB,RandomForest,19.60198171985055,19.530966200000307,0.07101551985024201,0
SRCV,0.195,0.2,3,HistGB,HistGB,19.40246723251745,19.40246723251745,0.0,1
SRCV,0.195,0.2,4,HistGB,HistGB,19.19879919002628,19.19879919002628,0.0,1
SRCV,0.195,0.2,5,RandomForest,HistGB,20.4800338935398,20.309646525902178,0.1703873676376233,0
SRCV,0.195,0.2,6,HistGB,KNN,22.22715469741236,21.45106211319845,0.7760925842139095,0
SRCV,0.195,0.2,7,HistGB,KNN,19.087134768957217,18.91466158420148,0.17247318475573792,0
SRCV,0.195,0.2,8,HistGB,HistGB,19.353522301384245,19.353522301384245,0.0,1
SRCV,0.195,0.2,9,HistGB,HistGB,20.244280483753503,20.244280483753503,0.0,1
SRCV,0.195,0.2,10,HistGB,RandomForest,19.482679894775195,19.397262692891125,0.08541720188406998,0
SRCV,0.195,0.2,11,HistGB,HistGB,18.81764877008533,18.81764877008533,0.0,1
SRCV,0.195,0.2,12,HistGB,HistGB,19.156116543683805,19.156116543683805,0.0,1
SRCV,0.195,0.2,13,HistGB,HistGB,20.01349433745357,20.01349433745357,0.0,1
SRCV,0.195,0.2,14,HistGB,HistGB,20.033455238923583,20.033455238923583,0.0,1
SRCV,0.195,0.2,15,HistGB,KNN,19.86983031134916,19.770319702527317,0.09951060882184137,0
SRCV,0.195,0.2,16,HistGB,HistGB,20.56981023209017,20.56981023209017,0.0,1
SRCV,0.195,0.2,17,HistGB,KNN,21.90020836235615,21.8467341910282,0.05347417132794874,0
SRCV,0.195,0.2,18,HistGB,KNN,20.13102128441388,20.099350238418523,0.031671045995356195,0
SRCV,0.195,0.2,19,KNN,HistGB,19.747357179175573,19.59435135708357,0.15300582209200186,0
SRCV,0.195,0.2,20,HistGB,HistGB,20.38206963513907,20.38206963513907,0.0,1
SRCV,0.195,0.2,21,HistGB,HistGB,21.186528023649814,21.186528023649814,0.0,1
SRCV,0.195,0.2,22,HistGB,HistGB,20.970762127732502,20.970762127732502,0.0,1
SRCV,0.195,0.2,23,HistGB,HistGB,20.731601966614555,20.731601966614555,0.0,1
SRCV,0.195,0.2,24,HistGB,HistGB,20.04810559903347,20.04810559903347,0.0,1
SRCV,0.195,0.21,0,HistGB,KNN,19.712347729890087,19.62070076050922,0.09164696938086792,0
SRCV,0.195,0.21,1,HistGB,HistGB,20.883479751389164,20.883479751389164,0.0,1
SRCV,0.195,0.21,2,HistGB,RandomForest,19.80436562213185,19.776411638303763,0.02795398382808756,0
SRCV,0.195,0.21,3,HistGB,HistGB,19.79962845112105,19.79962845112105,0.0,1
SRCV,0.195,0.21,4,HistGB,HistGB,19.524084711512717,19.524084711512717,0.0,1
SRCV,0.195,0.21,5,RandomForest,HistGB,20.75732847813665,20.691741037075957,0.0655874410606927,0
SRCV,0.195,0.21,6,HistGB,KNN,22.638128623682924,21.735449205266427,0.902679418416497,0
SRCV,0.195,0.21,7,HistGB,KNN,19.563223774521383,19.129134412148225,0.43408936237315743,0
SRCV,0.195,0.21,8,HistGB,KNN,19.949149133827166,19.754159286311616,0.1949898475155507,0
SRCV,0.195,0.21,9,HistGB,HistGB,20.53946391412387,20.53946391412387,0.0,1
SRCV,0.195,0.21,10,HistGB,RandomForest,19.791512389893278,19.766638000384397,0.024874389508880768,0
SRCV,0.195,0.21,11,HistGB,HistGB,19.12476153385831,19.12476153385831,0.0,1
SRCV,0.195,0.21,12,HistGB,HistGB,19.62285011346803,19.62285011346803,0.0,1
SRCV,0.195,0.21,13,HistGB,HistGB,20.1912750022628,20.1912750022628,0.0,1
SRCV,0.195,0.21,14,HistGB,HistGB,20.17871752830445,20.17871752830445,0.0,1
SRCV,0.195,0.21,15,HistGB,KNN,20.35635435076348,20.008689836811453,0.3476645139520258,0
SRCV,0.195,0.21,16,HistGB,RandomForest,20.844016484607646,20.833181161887754,0.010835322719891849,0
SRCV,0.195,0.21,17,HistGB,KNN,22.20143236502758,21.9739723674224,0.22745999760517677,0
SRCV,0.195,0.21,18,HistGB,KNN,20.435337004508213,20.18731917985644,0.2480178246517717,0
SRCV,0.195,0.21,19,KNN,HistGB,20.032694142887376,19.97509701714303,0.05759712574434417,0
SRCV,0.195,0.21,20,HistGB,HistGB,20.63839378129152,20.63839378129152,0.0,1
SRCV,0.195,0.21,21,HistGB,HistGB,21.40956894525845,21.40956894525845,0.0,1
SRCV,0.195,0.21,22,HistGB,KNN,21.279054027647227,21.24068021908822,0.03837380855900818,0
SRCV,0.195,0.21,23,HistGB,HistGB,21.073886705689358,21.073886705689358,0.0,1
SRCV,0.195,0.21,24,HistGB,HistGB,20.58508699071329,20.58508699071329,0.0,1
SRCV,0.195,0.24,0,HistGB,KNN,20.982521657856744,20.33664056590208,0.6458810919546636,0
SRCV,0.195,0.24,1,HistGB,KNN,22.064357590263988,21.92280236504782,0.1415552252161696,0
SRCV,0.195,0.24,2,HistGB,KNN,20.79592375371037,20.741214770005676,0.05470898370469257,0
SRCV,0.195,0.24,3,HistGB,KNN,20.84463885093164,20.4321294687124,0.41250938221924116,0
SRCV,0.195,0.24,4,HistGB,HistGB,20.575640835804094,20.575640835804094,0.0,1
SRCV,0.195,0.24,5,RandomForest,KNN,21.884072398380336,21.582918404859733,0.3011539935206038,0
SRCV,0.195,0.24,6,HistGB,KNN,24.16724330250814,22.650935540068332,1.5163077624398085,0
SRCV,0.195,0.24,7,HistGB,KNN,20.526325030059937,19.87952199459999,0.6468030354599463,0
SRCV,0.195,0.24,8,HistGB,KNN,21.085049356636727,20.522281621260348,0.5627677353763794,0
SRCV,0.195,0.24,9,HistGB,HistGB,21.50120439198769,21.50120439198769,0.0,1
SRCV,0.195,0.24,10,HistGB,HistGB,20.799187355071187,20.799187355071187,0.0,1
SRCV,0.195,0.24,11,HistGB,RandomForest,20.46050823698773,20.371659546986443,0.08884869000128859,0
SRCV,0.195,0.24,12,HistGB,KNN,20.42873796577705,20.153818096825816,0.2749198689512333,0
SRCV,0.195,0.24,13,HistGB,HistGB,21.2669017233842,21.2669017233842,0.0,1
SRCV,0.195,0.24,14,HistGB,KNN,21.462084175510437,21.3226337532928,0.1394504222176387,0
SRCV,0.195,0.24,15,HistGB,KNN,21.109553749660595,20.52767563958444,0.5818781100761541,0
SRCV,0.195,0.24,16,HistGB,KNN,22.00953698747326,21.60327312063129,0.4062638668419716,0
SRCV,0.195,0.24,17,HistGB,KNN,23.25946017164457,22.6236646265378,0.6357955451067703,0
SRCV,0.195,0.24,18,HistGB,KNN,21.322163342513168,20.865332927318907,0.45683041519426126,0
SRCV,0.195,0.24,19,KNN,KNN,20.611027408455104,20.611027408455104,0.0,1
SRCV,0.195,0.24,20,HistGB,KNN,21.74925183304476,21.538000917902348,0.21125091514241134,0
SRCV,0.195,0.24,21,HistGB,KNN,22.651067969927944,22.618736893558317,0.03233107636962629,0
SRCV,0.195,0.24,22,HistGB,KNN,22.46146878945244,22.050215114306518,0.4112536751459217,0
SRCV,0.195,0.24,23,HistGB,KNN,22.339223359037533,22.08033187991192,0.2588914791256123,0
SRCV,0.195,0.24,24,HistGB,HistGB,21.588328318789458,21.588328318789458,0.0,1
SRCV,0.195,0.32,0,HistGB,KNN,24.12467046999476,22.3410975641612,1.7835729058335623,0
SRCV,0.195,0.32,1,HistGB,KNN,25.77070627354392,24.167646892408506,1.603059381135413,0
SRCV,0.195,0.32,2,HistGB,KNN,24.59572377329288,23.22830694722482,1.3674168260680624,0
SRCV,0.195,0.32,3,HistGB,KNN,24.09274391415105,22.651724084282822,1.4410198298682282,0
SRCV,0.195,0.32,4,HistGB,KNN,23.90705141032773,22.899209031890777,1.0078423784369512,0
SRCV,0.195,0.32,5,RandomForest,KNN,25.19861294619728,23.74077037955543,1.457842566641851,0
SRCV,0.195,0.32,6,HistGB,KNN,27.269805798524292,24.58426841601279,2.6855373825115016,0
SRCV,0.195,0.32,7,HistGB,KNN,23.968635975943368,21.897619039501325,2.0710169364420423,0
SRCV,0.195,0.32,8,HistGB,KNN,24.47320734454739,22.56198727539633,1.9112200691510601,0
SRCV,0.195,0.32,9,HistGB,KNN,24.803594090704078,23.726477980773108,1.0771161099309694,0
SRCV,0.195,0.32,10,HistGB,KNN,24.47934381390138,23.392268978535643,1.087074835365737,0
SRCV,0.195,0.32,11,HistGB,KNN,23.72661797910468,22.911206803547127,0.8154111755575535,0
SRCV,0.195,0.32,12,HistGB,KNN,24.111346473464494,22.468416540666528,1.6429299327979656,0
SRCV,0.195,0.32,13,HistGB,KNN,24.99542252363374,23.978926219057577,1.0164963045761617,0
SRCV,0.195,0.32,14,HistGB,KNN,24.742605611228107,23.408361493293267,1.3342441179348405,0
SRCV,0.195,0.32,15,HistGB,KNN,24.416176662644283,22.5382140343824,1.8779626282618835,0
SRCV,0.195,0.32,16,HistGB,KNN,25.54446516039962,23.889956814327707,1.654508346071914,0
SRCV,0.195,0.32,17,HistGB,KNN,26.4958612951784,24.784073695291784,1.711787599886616,0
SRCV,0.195,0.32,18,HistGB,KNN,24.88464519023908,23.16494399329765,1.719701196941429,0
SRCV,0.195,0.32,19,KNN,KNN,22.967426539513063,22.967426539513063,0.0,1
SRCV,0.195,0.32,20,HistGB,KNN,25.04910344930528,23.79135534710681,1.257748102198473,0
SRCV,0.195,0.32,21,HistGB,KNN,26.31016837981644,24.97102970206068,1.3391386777557592,0
SRCV,0.195,0.32,22,HistGB,KNN,26.098178562014315,24.39051221352639,1.7076663484879262,0
SRCV,0.195,0.32,23,HistGB,KNN,25.557866068906574,24.187060837810005,1.3708052310965684,0
SRCV,0.195,0.32,24,HistGB,KNN,25.003697301266914,24.039705867231064,0.9639914340358509,0
SRCV,0.195,0.4,0,HistGB,KNN,28.049609361827816,25.10814862318806,2.941460738639755,0
SRCV,0.195,0.4,1,HistGB,KNN,29.31611875614641,26.672735103263133,2.6433836528832764,0
SRCV,0.195,0.4,2,HistGB,KNN,28.384727103233185,25.81692397000759,2.5678031332255955,0
SRCV,0.195,0.4,3,HistGB,KNN,28.010289959071308,25.423661872844157,2.586628086227151,0
SRCV,0.195,0.4,4,HistGB,KNN,28.31516006865912,25.844904882373577,2.470255186285545,0
SRCV,0.195,0.4,5,RandomForest,KNN,29.430681308592952,26.34733170986748,3.083349598725473,0
SRCV,0.195,0.4,6,HistGB,KNN,31.47206094214324,27.471419439501894,4.000641502641347,0
SRCV,0.195,0.4,7,HistGB,KNN,27.888774713460062,24.65403390525961,3.2347408082004527,0
SRCV,0.195,0.4,8,HistGB,KNN,28.11039177616971,25.132597624958056,2.977794151211654,0
SRCV,0.195,0.4,9,HistGB,KNN,29.266611766794703,26.551948517294797,2.714663249499907,0
SRCV,0.195,0.4,10,HistGB,KNN,27.891574895247988,25.81186367292943,2.079711222318558,0
SRCV,0.195,0.4,11,HistGB,KNN,27.79176127114822,25.676760069446004,2.115001201702217,0
SRCV,0.195,0.4,12,HistGB,KNN,28.33763090957668,25.233865931244623,3.103764978332059,0
SRCV,0.195,0.4,13,HistGB,KNN,28.798902297381467,26.54460857267338,2.254293724708088,0
SRCV,0.195,0.4,14,HistGB,KNN,29.211910296743884,26.522075989221285,2.6898343075225988,0
SRCV,0.195,0.4,15,HistGB,KNN,28.65193876540236,25.34232298472043,3.3096157806819306,0
SRCV,0.195,0.4,16,HistGB,KNN,30.078513900930812,26.84998999315152,3.228523907779291,0
SRCV,0.195,0.4,17,HistGB,KNN,30.5095007137395,27.506923656523504,3.002577057215994,0
SRCV,0.195,0.4,18,HistGB,KNN,28.915144639978127,25.751301404565957,3.1638432354121697,0
SRCV,0.195,0.4,19,KNN,KNN,25.36051788480377,25.36051788480377,0.0,1
SRCV,0.195,0.4,20,HistGB,KNN,28.90296152191095,26.323880275010467,2.5790812469004827,0
SRCV,0.195,0.4,21,HistGB,KNN,30.33042188933338,27.56509882832943,2.7653230610039508,0
SRCV,0.195,0.4,22,HistGB,KNN,30.205591444939312,26.97384541341878,3.231746031520533,0
SRCV,0.195,0.4,23,HistGB,KNN,29.56692175934774,26.81887054429276,2.7480512150549785,0
SRCV,0.195,0.4,24,HistGB,KNN,29.05916420698302,26.826243061722764,2.2329211452602564,0
SRCV,0.195,0.5,0,HistGB,KNN,34.3356818953042,29.36104864314475,4.97463325215945,0
SRCV,0.195,0.5,1,HistGB,KNN,35.45798108963929,30.78564658343057,4.6723345062087205,0
SRCV,0.195,0.5,2,HistGB,KNN,34.576328258809134,30.042510211973912,4.533818046835222,0
SRCV,0.195,0.5,3,HistGB,KNN,34.792656147750726,29.873883258001964,4.918772889748762,0
SRCV,0.195,0.5,4,HistGB,KNN,34.238497999689834,29.807820739177387,4.4306772605124465,0
SRCV,0.195,0.5,5,RandomForest,KNN,35.79451809255951,30.71450700402392,5.0800110885355885,0
SRCV,0.195,0.5,6,HistGB,KNN,37.69306887075829,31.49381187242601,6.199256998332277,0
SRCV,0.195,0.5,7,HistGB,KNN,33.714303799759946,28.83981311651348,4.874490683246467,0
SRCV,0.195,0.5,8,HistGB,KNN,34.41627098104753,29.623591813472316,4.792679167575216,0
SRCV,0.195,0.5,9,HistGB,KNN,34.73783599713518,30.300257701423387,4.437578295711791,0
SRCV,0.195,0.5,10,HistGB,KNN,33.910208514081305,29.824404136662483,4.085804377418821,0
SRCV,0.195,0.5,11,HistGB,KNN,33.62775139723734,29.60491639036404,4.022835006873301,0
SRCV,0.195,0.5,12,HistGB,KNN,34.021207929695294,29.14937495424439,4.8718329754509035,0
SRCV,0.195,0.5,13,HistGB,KNN,34.977502260566304,30.73761449320112,4.2398877673651825,0
SRCV,0.195,0.5,14,HistGB,KNN,34.802166158897485,30.22898594801385,4.573180210883635,0
SRCV,0.195,0.5,15,HistGB,KNN,34.57634793205066,29.482012823758883,5.0943351082917765,0
SRCV,0.195,0.5,16,HistGB,KNN,35.87939472326243,31.00229592672065,4.87709879654178,0
SRCV,0.195,0.5,17,HistGB,KNN,36.963845356749495,32.00073805865598,4.963107298093512,0
SRCV,0.195,0.5,18,HistGB,KNN,34.50305373795179,29.334123989500338,5.1689297484514505,0
SRCV,0.195,0.5,19,KNN,KNN,29.727904717251747,29.727904717251747,0.0,1
SRCV,0.195,0.5,20,HistGB,KNN,34.325370645190155,30.386612943510592,3.938757701679563,0
SRCV,0.195,0.5,21,HistGB,KNN,36.63164043905123,32.05521614959351,4.576424289457719,0
SRCV,0.195,0.5,22,HistGB,KNN,36.0951832132667,30.834582638855917,5.260600574410784,0
SRCV,0.195,0.5,23,HistGB,KNN,35.70825739251677,31.138388285827343,4.569869106689428,0
SRCV,0.195,0.5,24,HistGB,KNN,34.82354914689996,30.66380562129224,4.159743525607716,0
SRCV,0.2,0.0,0,HistGB,HistGB,11.76015510447522,11.76015510447522,0.0,1
SRCV,0.2,0.0,1,HistGB,HistGB,13.73168860179165,13.73168860179165,0.0,1
SRCV,0.2,0.0,2,HistGB,HistGB,12.03246102203424,12.03246102203424,0.0,1
SRCV,0.2,0.0,3,HistGB,HistGB,12.507296971676508,12.507296971676508,0.0,1
SRCV,0.2,0.0,4,HistGB,HistGB,11.663767967150225,11.663767967150225,0.0,1
SRCV,0.2,0.0,5,HistGB,HistGB,12.788000461342667,12.788000461342667,0.0,1
SRCV,0.2,0.0,6,HistGB,HistGB,15.137088661400586,15.137088661400586,0.0,1
SRCV,0.2,0.0,7,HistGB,HistGB,11.832086758523523,11.832086758523523,0.0,1
SRCV,0.2,0.0,8,RandomForest,HistGB,14.8460465528431,11.80698803744633,3.0390585153967713,0
SRCV,0.2,0.0,9,HistGB,HistGB,12.556532991757797,12.556532991757797,0.0,1
SRCV,0.2,0.0,10,HistGB,HistGB,12.006766732493656,12.006766732493656,0.0,1
SRCV,0.2,0.0,11,KNN,HistGB,17.126978919479217,11.346172695771273,5.780806223707945,0
SRCV,0.2,0.0,12,HistGB,HistGB,11.53607012306929,11.53607012306929,0.0,1
SRCV,0.2,0.0,13,KNN,HistGB,18.31367704428567,12.501230435307573,5.812446608978096,0
SRCV,0.2,0.0,14,HistGB,HistGB,12.374390426143172,12.374390426143172,0.0,1
SRCV,0.2,0.0,15,HistGB,HistGB,12.425630433445932,12.425630433445932,0.0,1
SRCV,0.2,0.0,16,HistGB,HistGB,13.0920493003693,13.0920493003693,0.0,1
SRCV,0.2,0.0,17,KNN,HistGB,19.164317183569533,14.474854688524555,4.689462495044978,0
SRCV,0.2,0.0,18,KNN,HistGB,17.532936016468177,12.72431903276434,4.808616983703837,0
SRCV,0.2,0.0,19,KNN,HistGB,17.274932376884575,12.38932481964971,4.885607557234865,0
SRCV,0.2,0.0,20,HistGB,HistGB,13.18137194824744,13.18137194824744,0.0,1
SRCV,0.2,0.0,21,HistGB,HistGB,13.996657000066351,13.996657000066351,0.0,1
SRCV,0.2,0.0,22,HistGB,HistGB,13.811627922541728,13.811627922541728,0.0,1
SRCV,0.2,0.0,23,RandomForest,HistGB,16.37076992079601,13.32873782866024,3.0420320921357717,0
SRCV,0.2,0.0,24,HistGB,HistGB,13.136467261751262,13.136467261751262,0.0,1
SRCV,0.2,0.025,0,HistGB,HistGB,13.790624657970188,13.790624657970188,0.0,1
SRCV,0.2,0.025,1,HistGB,HistGB,15.569190624933023,15.569190624933023,0.0,1
SRCV,0.2,0.025,2,HistGB,HistGB,14.088427543524208,14.088427543524208,0.0,1
SRCV,0.2,0.025,3,HistGB,HistGB,14.466111791412365,14.466111791412365,0.0,1
SRCV,0.2,0.025,4,HistGB,HistGB,13.735054816062018,13.735054816062018,0.0,1
SRCV,0.2,0.025,5,HistGB,HistGB,14.867893327492942,14.867893327492942,0.0,1
SRCV,0.2,0.025,6,HistGB,HistGB,17.17176789089314,17.17176789089314,0.0,1
SRCV,0.2,0.025,7,HistGB,HistGB,13.928703035242147,13.928703035242147,0.0,1
SRCV,0.2,0.025,8,RandomForest,HistGB,15.329942988688536,14.035703406909802,1.2942395817787347,0
SRCV,0.2,0.025,9,HistGB,HistGB,14.77125823960297,14.77125823960297,0.0,1
SRCV,0.2,0.025,10,HistGB,HistGB,14.180458644223837,14.180458644223837,0.0,1
SRCV,0.2,0.025,11,KNN,HistGB,17.229563111821,13.50742579877159,3.7221373130494104,0
SRCV,0.2,0.025,12,HistGB,HistGB,13.758001907403685,13.758001907403685,0.0,1
SRCV,0.2,0.025,13,KNN,HistGB,18.40566096022652,14.626656518553975,3.7790044416725443,0
SRCV,0.2,0.025,14,HistGB,HistGB,14.533640708116964,14.533640708116964,0.0,1
SRCV,0.2,0.025,15,HistGB,HistGB,14.46272762558578,14.46272762558578,0.0,1
SRCV,0.2,0.025,16,HistGB,HistGB,15.171306018649071,15.171306018649071,0.0,1
SRCV,0.2,0.025,17,KNN,HistGB,19.30686133645113,16.52161216946523,2.7852491669859027,0
SRCV,0.2,0.025,18,KNN,HistGB,17.63792841663326,14.780199693916028,2.8577287227172334,0
SRCV,0.2,0.025,19,KNN,HistGB,17.372599683056805,14.493836285631524,2.8787633974252813,0
SRCV,0.2,0.025,20,HistGB,HistGB,15.368108126940594,15.368108126940594,0.0,1
SRCV,0.2,0.025,21,HistGB,HistGB,16.055770073743247,16.055770073743247,0.0,1
SRCV,0.2,0.025,22,HistGB,HistGB,15.713546741354476,15.713546741354476,0.0,1
SRCV,0.2,0.025,23,RandomForest,HistGB,16.79268312066264,15.55503612142687,1.2376469992357713,0
SRCV,0.2,0.025,24,HistGB,HistGB,15.081413399945886,15.081413399945886,0.0,1
SRCV,0.2,0.1,0,HistGB,HistGB,16.06918849714951,16.06918849714951,0.0,1
SRCV,0.2,0.1,1,HistGB,HistGB,17.715227486371926,17.715227486371926,0.0,1
SRCV,0.2,0.1,2,HistGB,HistGB,16.59812152428756,16.59812152428756,0.0,1
SRCV,0.2,0.1,3,HistGB,HistGB,16.681998568610286,16.681998568610286,0.0,1
SRCV,0.2,0.1,4,HistGB,HistGB,16.108514635915505,16.108514635915505,0.0,1
SRCV,0.2,0.1,5,HistGB,HistGB,17.268672823209283,17.268672823209283,0.0,1
SRCV,0.2,0.1,6,HistGB,HistGB,19.40432003734352,19.40432003734352,0.0,1
SRCV,0.2,0.1,7,HistGB,HistGB,16.082236395832705,16.082236395832705,0.0,1
SRCV,0.2,0.1,8,RandomForest,HistGB,16.73423313147043,16.407129732211875,0.32710339925855436,0
SRCV,0.2,0.1,9,HistGB,HistGB,17.16320210267766,17.16320210267766,0.0,1
SRCV,0.2,0.1,10,HistGB,HistGB,16.50268958110556,16.50268958110556,0.0,1
SRCV,0.2,0.1,11,KNN,HistGB,17.96719913149301,15.964533676765804,2.0026654547272074,0
SRCV,0.2,0.1,12,HistGB,HistGB,15.955340858425544,15.955340858425544,0.0,1
SRCV,0.2,0.1,13,KNN,HistGB,19.15551732759574,16.931967619416174,2.223549708179565,0
SRCV,0.2,0.1,14,HistGB,HistGB,16.92890955586985,16.92890955586985,0.0,1
SRCV,0.2,0.1,15,HistGB,HistGB,16.861669366598026,16.861669366598026,0.0,1
SRCV,0.2,0.1,16,HistGB,HistGB,17.657517204616237,17.657517204616237,0.0,1
SRCV,0.2,0.1,17,KNN,HistGB,19.95574950153938,18.682009768699448,1.2737397328399318,0
SRCV,0.2,0.1,18,KNN,HistGB,18.312341343757318,17.15936754113902,1.1529738026182983,0
SRCV,0.2,0.1,19,KNN,HistGB,18.145966862039437,16.832397587873736,1.313569274165701,0
SRCV,0.2,0.1,20,HistGB,HistGB,17.57369629098549,17.57369629098549,0.0,1
SRCV,0.2,0.1,21,HistGB,HistGB,18.21056570240688,18.21056570240688,0.0,1
SRCV,0.2,0.1,22,HistGB,HistGB,17.918651632655692,17.918651632655692,0.0,1
SRCV,0.2,0.1,23,RandomForest,HistGB,18.010011515936938,17.87434674116678,0.13566477477015937,0
SRCV,0.2,0.1,24,HistGB,HistGB,17.41484728033265,17.41484728033265,0.0,1
SRCV,0.2,0.15,0,HistGB,HistGB,17.541973445772758,17.541973445772758,0.0,1
SRCV,0.2,0.15,1,HistGB,HistGB,19.010878031887327,19.010878031887327,0.0,1
SRCV,0.2,0.15,2,HistGB,HistGB,17.80100779364431,17.80100779364431,0.0,1
SRCV,0.2,0.15,3,HistGB,HistGB,18.01452453786513,18.01452453786513,0.0,1
SRCV,0.2,0.15,4,HistGB,HistGB,17.437948123990314,17.437948123990314,0.0,1
SRCV,0.2,0.15,5,HistGB,HistGB,18.58285094234233,18.58285094234233,0.0,1
SRCV,0.2,0.15,6,HistGB,KNN,20.66574103016756,20.55617663708099,0.1095643930865684,0
SRCV,0.2,0.15,7,HistGB,HistGB,17.529586892481948,17.529586892481948,0.0,1
SRCV,0.2,0.15,8,RandomForest,HistGB,18.057389694897616,17.8122895281797,0.2451001667179149,0
SRCV,0.2,0.15,9,HistGB,HistGB,18.495670339370204,18.495670339370204,0.0,1
SRCV,0.2,0.15,10,HistGB,RandomForest,17.97117283362848,17.920692448422127,0.05048038520635245,0
SRCV,0.2,0.15,11,KNN,RandomForest,18.79563082489245,17.41666006093395,1.378970763958499,0
SRCV,0.2,0.15,12,HistGB,HistGB,17.466672392177024,17.466672392177024,0.0,1
SRCV,0.2,0.15,13,KNN,HistGB,19.915783478472257,18.257215445819707,1.6585680326525498,0
SRCV,0.2,0.15,14,HistGB,HistGB,18.137408455216548,18.137408455216548,0.0,1
SRCV,0.2,0.15,15,HistGB,HistGB,18.107544438260927,18.107544438260927,0.0,1
SRCV,0.2,0.15,16,HistGB,HistGB,18.78614046980045,18.78614046980045,0.0,1
SRCV,0.2,0.15,17,KNN,HistGB,20.666777338238568,20.041240568377912,0.6255367698606555,0
SRCV,0.2,0.15,18,KNN,HistGB,19.05821184825198,18.367784803289087,0.6904270449628918,0
SRCV,0.2,0.15,19,KNN,HistGB,18.868378910996704,18.104123699192264,0.7642552118044392,0
SRCV,0.2,0.15,20,HistGB,HistGB,18.801855062804623,18.801855062804623,0.0,1
SRCV,0.2,0.15,21,HistGB,HistGB,19.59619733176809,19.59619733176809,0.0,1
SRCV,0.2,0.15,22,HistGB,HistGB,19.298586066791096,19.298586066791096,0.0,1
SRCV,0.2,0.15,23,RandomForest,HistGB,19.20027550651421,19.173574821481136,0.026700685033073768,0
SRCV,0.2,0.15,24,HistGB,HistGB,18.65781447093841,18.65781447093841,0.0,1
SRCV,0.2,0.19,0,HistGB,HistGB,18.928739010266547,18.928739010266547,0.0,1
SRCV,0.2,0.19,1,HistGB,HistGB,20.143835873105846,20.143835873105846,0.0,1
SRCV,0.2,0.19,2,HistGB,RandomForest,19.26838422455713,19.25223313590072,0.016151088656410906,0
SRCV,0.2,0.19,3,HistGB,HistGB,19.443279896968026,19.443279896968026,0.0,1
SRCV,0.2,0.19,4,HistGB,HistGB,18.91392220590144,18.91392220590144,0.0,1
SRCV,0.2,0.19,5,HistGB,HistGB,19.95917516081851,19.95917516081851,0.0,1
SRCV,0.2,0.19,6,HistGB,KNN,21.81613605324205,21.221317844771534,0.5948182084705174,0
SRCV,0.2,0.19,7,HistGB,HistGB,18.7343657051764,18.7343657051764,0.0,1
SRCV,0.2,0.19,8,RandomForest,HistGB,19.25148661567489,19.090144255140743,0.16134236053414597,0
SRCV,0.2,0.19,9,HistGB,HistGB,19.75986807523372,19.75986807523372,0.0,1
SRCV,0.2,0.19,10,HistGB,RandomForest,19.228897842651488,19.11294703331267,0.11595080933881974,0
SRCV,0.2,0.19,11,KNN,HistGB,19.620868000509937,18.667847445401883,0.9530205551080542,0
SRCV,0.2,0.19,12,HistGB,HistGB,18.74800249831791,18.74800249831791,0.0,1
SRCV,0.2,0.19,13,KNN,HistGB,20.627911515357205,19.487413662156857,1.1404978532003476,0
SRCV,0.2,0.19,14,HistGB,HistGB,19.805729525276647,19.805729525276647,0.0,1
SRCV,0.2,0.19,15,HistGB,HistGB,19.53354628711148,19.53354628711148,0.0,1
SRCV,0.2,0.19,16,HistGB,HistGB,20.42138389973512,20.42138389973512,0.0,1
SRCV,0.2,0.19,17,KNN,HistGB,21.420566899318523,21.336585653266862,0.08398124605166046,0
SRCV,0.2,0.19,18,KNN,HistGB,19.727747830033994,19.63875503262111,0.08899279741288524,0
SRCV,0.2,0.19,19,KNN,HistGB,19.547908981423685,19.237587544515986,0.3103214369076994,0
SRCV,0.2,0.19,20,HistGB,HistGB,19.92591817042073,19.92591817042073,0.0,1
SRCV,0.2,0.19,21,HistGB,HistGB,21.007827210990577,21.007827210990577,0.0,1
SRCV,0.2,0.19,22,HistGB,HistGB,20.67660900892144,20.67660900892144,0.0,1
SRCV,0.2,0.19,23,RandomForest,RandomForest,20.554130699292205,20.554130699292205,0.0,1
SRCV,0.2,0.19,24,HistGB,HistGB,19.83663934120755,19.83663934120755,0.0,1
SRCV,0.2,0.2,0,HistGB,HistGB,19.31695977824297,19.31695977824297,0.0,1
SRCV,0.2,0.2,1,HistGB,HistGB,20.633704058890523,20.633704058890523,0.0,1
SRCV,0.2,0.2,2,HistGB,RandomForest,19.60198171985055,19.530966200000307,0.07101551985024201,0
SRCV,0.2,0.2,3,HistGB,HistGB,19.40246723251745,19.40246723251745,0.0,1
SRCV,0.2,0.2,4,HistGB,HistGB,19.19879919002628,19.19879919002628,0.0,1
SRCV,0.2,0.2,5,HistGB,HistGB,20.309646525902178,20.309646525902178,0.0,1
SRCV,0.2,0.2,6,HistGB,KNN,22.22715469741236,21.45106211319845,0.7760925842139095,0
SRCV,0.2,0.2,7,HistGB,KNN,19.087134768957217,18.91466158420148,0.17247318475573792,0
SRCV,0.2,0.2,8,RandomForest,HistGB,19.63534307788345,19.353522301384245,0.281820776499206,0
SRCV,0.2,0.2,9,HistGB,HistGB,20.244280483753503,20.244280483753503,0.0,1
SRCV,0.2,0.2,10,HistGB,RandomForest,19.482679894775195,19.397262692891125,0.08541720188406998,0
SRCV,0.2,0.2,11,KNN,HistGB,19.72074783192237,18.81764877008533,0.9030990618370396,0
SRCV,0.2,0.2,12,HistGB,HistGB,19.156116543683805,19.156116543683805,0.0,1
SRCV,0.2,0.2,13,KNN,HistGB,20.993866750009243,20.01349433745357,0.9803724125556741,0
SRCV,0.2,0.2,14,HistGB,HistGB,20.033455238923583,20.033455238923583,0.0,1
SRCV,0.2,0.2,15,HistGB,KNN,19.86983031134916,19.770319702527317,0.09951060882184137,0
SRCV,0.2,0.2,16,HistGB,HistGB,20.56981023209017,20.56981023209017,0.0,1
SRCV,0.2,0.2,17,KNN,KNN,21.8467341910282,21.8467341910282,0.0,1
SRCV,0.2,0.2,18,KNN,KNN,20.099350238418523,20.099350238418523,0.0,1
SRCV,0.2,0.2,19,KNN,HistGB,19.747357179175573,19.59435135708357,0.15300582209200186,0
SRCV,0.2,0.2,20,HistGB,HistGB,20.38206963513907,20.38206963513907,0.0,1
SRCV,0.2,0.2,21,HistGB,HistGB,21.186528023649814,21.186528023649814,0.0,1
SRCV,0.2,0.2,22,HistGB,HistGB,20.970762127732502,20.970762127732502,0.0,1
SRCV,0.2,0.2,23,RandomForest,HistGB,20.825750995009155,20.731601966614555,0.09414902839460026,0
SRCV,0.2,0.2,24,HistGB,HistGB,20.04810559903347,20.04810559903347,0.0,1
SRCV,0.2,0.21,0,HistGB,KNN,19.712347729890087,19.62070076050922,0.09164696938086792,0
SRCV,0.2,0.21,1,HistGB,HistGB,20.883479751389164,20.883479751389164,0.0,1
SRCV,0.2,0.21,2,HistGB,RandomForest,19.80436562213185,19.776411638303763,0.02795398382808756,0
SRCV,0.2,0.21,3,HistGB,HistGB,19.79962845112105,19.79962845112105,0.0,1
SRCV,0.2,0.21,4,HistGB,HistGB,19.524084711512717,19.524084711512717,0.0,1
SRCV,0.2,0.21,5,HistGB,HistGB,20.691741037075957,20.691741037075957,0.0,1
SRCV,0.2,0.21,6,HistGB,KNN,22.638128623682924,21.735449205266427,0.902679418416497,0
SRCV,0.2,0.21,7,HistGB,KNN,19.563223774521383,19.129134412148225,0.43408936237315743,0
SRCV,0.2,0.21,8,RandomForest,KNN,20.07947616685195,19.754159286311616,0.3253168805403348,0
SRCV,0.2,0.21,9,HistGB,HistGB,20.53946391412387,20.53946391412387,0.0,1
SRCV,0.2,0.21,10,HistGB,RandomForest,19.791512389893278,19.766638000384397,0.024874389508880768,0
SRCV,0.2,0.21,11,KNN,HistGB,19.811427834637808,19.12476153385831,0.6866663007794962,0
SRCV,0.2,0.21,12,HistGB,HistGB,19.62285011346803,19.62285011346803,0.0,1
SRCV,0.2,0.21,13,KNN,HistGB,21.13758289117044,20.1912750022628,0.94630788890764,0
SRCV,0.2,0.21,14,HistGB,HistGB,20.17871752830445,20.17871752830445,0.0,1
SRCV,0.2,0.21,15,HistGB,KNN,20.35635435076348,20.008689836811453,0.3476645139520258,0
SRCV,0.2,0.21,16,HistGB,RandomForest,20.844016484607646,20.833181161887754,0.010835322719891849,0
SRCV,0.2,0.21,17,KNN,KNN,21.9739723674224,21.9739723674224,0.0,1
SRCV,0.2,0.21,18,KNN,KNN,20.18731917985644,20.18731917985644,0.0,1
SRCV,0.2,0.21,19,KNN,HistGB,20.032694142887376,19.97509701714303,0.05759712574434417,0
SRCV,0.2,0.21,20,HistGB,HistGB,20.63839378129152,20.63839378129152,0.0,1
SRCV,0.2,0.21,21,HistGB,HistGB,21.40956894525845,21.40956894525845,0.0,1
SRCV,0.2,0.21,22,HistGB,KNN,21.279054027647227,21.24068021908822,0.03837380855900818,0
SRCV,0.2,0.21,23,RandomForest,HistGB,21.201334656731,21.073886705689358,0.12744795104164197,0
SRCV,0.2,0.21,24,HistGB,HistGB,20.58508699071329,20.58508699071329,0.0,1
SRCV,0.2,0.24,0,HistGB,KNN,20.982521657856744,20.33664056590208,0.6458810919546636,0
SRCV,0.2,0.24,1,HistGB,KNN,22.064357590263988,21.92280236504782,0.1415552252161696,0
SRCV,0.2,0.24,2,HistGB,KNN,20.79592375371037,20.741214770005676,0.05470898370469257,0
SRCV,0.2,0.24,3,HistGB,KNN,20.84463885093164,20.4321294687124,0.41250938221924116,0
SRCV,0.2,0.24,4,HistGB,HistGB,20.575640835804094,20.575640835804094,0.0,1
SRCV,0.2,0.24,5,HistGB,KNN,21.85542178703425,21.582918404859733,0.2725033821745164,0
SRCV,0.2,0.24,6,HistGB,KNN,24.16724330250814,22.650935540068332,1.5163077624398085,0
SRCV,0.2,0.24,7,HistGB,KNN,20.526325030059937,19.87952199459999,0.6468030354599463,0
SRCV,0.2,0.24,8,RandomForest,KNN,21.14254723031775,20.522281621260348,0.6202656090574017,0
SRCV,0.2,0.24,9,HistGB,HistGB,21.50120439198769,21.50120439198769,0.0,1
SRCV,0.2,0.24,10,HistGB,HistGB,20.799187355071187,20.799187355071187,0.0,1
SRCV,0.2,0.24,11,KNN,RandomForest,20.65526578250647,20.371659546986443,0.2836062355200255,0
SRCV,0.2,0.24,12,HistGB,KNN,20.42873796577705,20.153818096825816,0.2749198689512333,0
SRCV,0.2,0.24,13,KNN,HistGB,21.73248689390209,21.2669017233842,0.4655851705178904,0
SRCV,0.2,0.24,14,HistGB,KNN,21.462084175510437,21.3226337532928,0.1394504222176387,0
SRCV,0.2,0.24,15,HistGB,KNN,21.109553749660595,20.52767563958444,0.5818781100761541,0
SRCV,0.2,0.24,16,HistGB,KNN,22.00953698747326,21.60327312063129,0.4062638668419716,0
SRCV,0.2,0.24,17,KNN,KNN,22.6236646265378,22.6236646265378,0.0,1
SRCV,0.2,0.24,18,KNN,KNN,20.865332927318907,20.865332927318907,0.0,1
SRCV,0.2,0.24,19,KNN,KNN,20.611027408455104,20.611027408455104,0.0,1
SRCV,0.2,0.24,20,HistGB,KNN,21.74925183304476,21.538000917902348,0.21125091514241134,0
SRCV,0.2,0.24,21,HistGB,KNN,22.651067969927944,22.618736893558317,0.03233107636962629,0
SRCV,0.2,0.24,22,HistGB,KNN,22.46146878945244,22.050215114306518,0.4112536751459217,0
SRCV,0.2,0.24,23,RandomForest,KNN,22.350294922813195,22.08033187991192,0.26996304290127426,0
SRCV,0.2,0.24,24,HistGB,HistGB,21.588328318789458,21.588328318789458,0.0,1
SRCV,0.2,0.32,0,HistGB,KNN,24.12467046999476,22.3410975641612,1.7835729058335623,0
SRCV,0.2,0.32,1,HistGB,KNN,25.77070627354392,24.167646892408506,1.603059381135413,0
SRCV,0.2,0.32,2,HistGB,KNN,24.59572377329288,23.22830694722482,1.3674168260680624,0
SRCV,0.2,0.32,3,HistGB,KNN,24.09274391415105,22.651724084282822,1.4410198298682282,0
SRCV,0.2,0.32,4,HistGB,KNN,23.90705141032773,22.899209031890777,1.0078423784369512,0
SRCV,0.2,0.32,5,HistGB,KNN,25.212724593070813,23.74077037955543,1.4719542135153851,0
SRCV,0.2,0.32,6,HistGB,KNN,27.269805798524292,24.58426841601279,2.6855373825115016,0
SRCV,0.2,0.32,7,HistGB,KNN,23.968635975943368,21.897619039501325,2.0710169364420423,0
SRCV,0.2,0.32,8,RandomForest,KNN,24.532014936415223,22.56198727539633,1.970027661018893,0
SRCV,0.2,0.32,9,HistGB,KNN,24.803594090704078,23.726477980773108,1.0771161099309694,0
SRCV,0.2,0.32,10,HistGB,KNN,24.47934381390138,23.392268978535643,1.087074835365737,0
SRCV,0.2,0.32,11,KNN,KNN,22.911206803547127,22.911206803547127,0.0,1
SRCV,0.2,0.32,12,HistGB,KNN,24.111346473464494,22.468416540666528,1.6429299327979656,0
SRCV,0.2,0.32,13,KNN,KNN,23.978926219057577,23.978926219057577,0.0,1
SRCV,0.2,0.32,14,HistGB,KNN,24.742605611228107,23.408361493293267,1.3342441179348405,0
SRCV,0.2,0.32,15,HistGB,KNN,24.416176662644283,22.5382140343824,1.8779626282618835,0
SRCV,0.2,0.32,16,HistGB,KNN,25.54446516039962,23.889956814327707,1.654508346071914,0
SRCV,0.2,0.32,17,KNN,KNN,24.784073695291784,24.784073695291784,0.0,1
SRCV,0.2,0.32,18,KNN,KNN,23.16494399329765,23.16494399329765,0.0,1
SRCV,0.2,0.32,19,KNN,KNN,22.967426539513063,22.967426539513063,0.0,1
SRCV,0.2,0.32,20,HistGB,KNN,25.04910344930528,23.79135534710681,1.257748102198473,0
SRCV,0.2,0.32,21,HistGB,KNN,26.31016837981644,24.97102970206068,1.3391386777557592,0
SRCV,0.2,0.32,22,HistGB,KNN,26.098178562014315,24.39051221352639,1.7076663484879262,0
SRCV,0.2,0.32,23,RandomForest,KNN,25.84933112943988,24.187060837810005,1.6622702916298735,0
SRCV,0.2,0.32,24,HistGB,KNN,25.003697301266914,24.039705867231064,0.9639914340358509,0
SRCV,0.2,0.4,0,HistGB,KNN,28.049609361827816,25.10814862318806,2.941460738639755,0
SRCV,0.2,0.4,1,HistGB,KNN,29.31611875614641,26.672735103263133,2.6433836528832764,0
SRCV,0.2,0.4,2,HistGB,KNN,28.384727103233185,25.81692397000759,2.5678031332255955,0
SRCV,0.2,0.4,3,HistGB,KNN,28.010289959071308,25.423661872844157,2.586628086227151,0
SRCV,0.2,0.4,4,HistGB,KNN,28.31516006865912,25.844904882373577,2.470255186285545,0
SRCV,0.2,0.4,5,HistGB,KNN,29.138612727054603,26.34733170986748,2.7912810171871243,0
SRCV,0.2,0.4,6,HistGB,KNN,31.47206094214324,27.471419439501894,4.000641502641347,0
SRCV,0.2,0.4,7,HistGB,KNN,27.888774713460062,24.65403390525961,3.2347408082004527,0
SRCV,0.2,0.4,8,RandomForest,KNN,28.41845469875516,25.132597624958056,3.2858570737971036,0
SRCV,0.2,0.4,9,HistGB,KNN,29.266611766794703,26.551948517294797,2.714663249499907,0
SRCV,0.2,0.4,10,HistGB,KNN,27.891574895247988,25.81186367292943,2.079711222318558,0
SRCV,0.2,0.4,11,KNN,KNN,25.676760069446004,25.676760069446004,0.0,1
SRCV,0.2,0.4,12,HistGB,KNN,28.33763090957668,25.233865931244623,3.103764978332059,0
SRCV,0.2,0.4,13,KNN,KNN,26.54460857267338,26.54460857267338,0.0,1
SRCV,0.2,0.4,14,HistGB,KNN,29.211910296743884,26.522075989221285,2.6898343075225988,0
SRCV,0.2,0.4,15,HistGB,KNN,28.65193876540236,25.34232298472043,3.3096157806819306,0
SRCV,0.2,0.4,16,HistGB,KNN,30.078513900930812,26.84998999315152,3.228523907779291,0
SRCV,0.2,0.4,17,KNN,KNN,27.506923656523504,27.506923656523504,0.0,1
SRCV,0.2,0.4,18,KNN,KNN,25.751301404565957,25.751301404565957,0.0,1
SRCV,0.2,0.4,19,KNN,KNN,25.36051788480377,25.36051788480377,0.0,1
SRCV,0.2,0.4,20,HistGB,KNN,28.90296152191095,26.323880275010467,2.5790812469004827,0
SRCV,0.2,0.4,21,HistGB,KNN,30.33042188933338,27.56509882832943,2.7653230610039508,0
SRCV,0.2,0.4,22,HistGB,KNN,30.205591444939312,26.97384541341878,3.231746031520533,0
SRCV,0.2,0.4,23,RandomForest,KNN,29.754182633517523,26.81887054429276,2.9353120892247624,0
SRCV,0.2,0.4,24,HistGB,KNN,29.05916420698302,26.826243061722764,2.2329211452602564,0
SRCV,0.2,0.5,0,HistGB,KNN,34.3356818953042,29.36104864314475,4.97463325215945,0
SRCV,0.2,0.5,1,HistGB,KNN,35.45798108963929,30.78564658343057,4.6723345062087205,0
SRCV,0.2,0.5,2,HistGB,KNN,34.576328258809134,30.042510211973912,4.533818046835222,0
SRCV,0.2,0.5,3,HistGB,KNN,34.792656147750726,29.873883258001964,4.918772889748762,0
SRCV,0.2,0.5,4,HistGB,KNN,34.238497999689834,29.807820739177387,4.4306772605124465,0
SRCV,0.2,0.5,5,HistGB,KNN,35.27559090791475,30.71450700402392,4.561083903890829,0
SRCV,0.2,0.5,6,HistGB,KNN,37.69306887075829,31.49381187242601,6.199256998332277,0
SRCV,0.2,0.5,7,HistGB,KNN,33.714303799759946,28.83981311651348,4.874490683246467,0
SRCV,0.2,0.5,8,RandomForest,KNN,35.08650671188612,29.623591813472316,5.462914898413807,0
SRCV,0.2,0.5,9,HistGB,KNN,34.73783599713518,30.300257701423387,4.437578295711791,0
SRCV,0.2,0.5,10,HistGB,KNN,33.910208514081305,29.824404136662483,4.085804377418821,0
SRCV,0.2,0.5,11,KNN,KNN,29.60491639036404,29.60491639036404,0.0,1
SRCV,0.2,0.5,12,HistGB,KNN,34.021207929695294,29.14937495424439,4.8718329754509035,0
SRCV,0.2,0.5,13,KNN,KNN,30.73761449320112,30.73761449320112,0.0,1
SRCV,0.2,0.5,14,HistGB,KNN,34.802166158897485,30.22898594801385,4.573180210883635,0
SRCV,0.2,0.5,15,HistGB,KNN,34.57634793205066,29.482012823758883,5.0943351082917765,0
SRCV,0.2,0.5,16,HistGB,KNN,35.87939472326243,31.00229592672065,4.87709879654178,0
SRCV,0.2,0.5,17,KNN,KNN,32.00073805865598,32.00073805865598,0.0,1
SRCV,0.2,0.5,18,KNN,KNN,29.334123989500338,29.334123989500338,0.0,1
SRCV,0.2,0.5,19,KNN,KNN,29.727904717251747,29.727904717251747,0.0,1
SRCV,0.2,0.5,20,HistGB,KNN,34.325370645190155,30.386612943510592,3.938757701679563,0
SRCV,0.2,0.5,21,HistGB,KNN,36.63164043905123,32.05521614959351,4.576424289457719,0
SRCV,0.2,0.5,22,HistGB,KNN,36.0951832132667,30.834582638855917,5.260600574410784,0
SRCV,0.2,0.5,23,RandomForest,KNN,36.34216946737237,31.138388285827343,5.203781181545029,0
SRCV,0.2,0.5,24,HistGB,KNN,34.82354914689996,30.66380562129224,4.159743525607716,0
SRCV,0.205,0.0,0,KNN,HistGB,16.712860826663256,11.76015510447522,4.9527057221880355,0
SRCV,0.205,0.0,1,HistGB,HistGB,13.73168860179165,13.73168860179165,0.0,1
SRCV,0.205,0.0,2,HistGB,HistGB,12.03246102203424,12.03246102203424,0.0,1
SRCV,0.205,0.0,3,HistGB,HistGB,12.507296971676508,12.507296971676508,0.0,1
SRCV,0.205,0.0,4,RandomForest,HistGB,14.939391802679976,11.663767967150225,3.2756238355297516,0
SRCV,0.205,0.0,5,HistGB,HistGB,12.788000461342667,12.788000461342667,0.0,1
SRCV,0.205,0.0,6,HistGB,HistGB,15.137088661400586,15.137088661400586,0.0,1
SRCV,0.205,0.0,7,HistGB,HistGB,11.832086758523523,11.832086758523523,0.0,1
SRCV,0.205,0.0,8,HistGB,HistGB,11.80698803744633,11.80698803744633,0.0,1
SRCV,0.205,0.0,9,HistGB,HistGB,12.556532991757797,12.556532991757797,0.0,1
SRCV,0.205,0.0,10,HistGB,HistGB,12.006766732493656,12.006766732493656,0.0,1
SRCV,0.205,0.0,11,KNN,HistGB,17.126978919479217,11.346172695771273,5.780806223707945,0
SRCV,0.205,0.0,12,HistGB,HistGB,11.53607012306929,11.53607012306929,0.0,1
SRCV,0.205,0.0,13,HistGB,HistGB,12.501230435307573,12.501230435307573,0.0,1
SRCV,0.205,0.0,14,KNN,HistGB,17.8750387525064,12.374390426143172,5.500648326363226,0
SRCV,0.205,0.0,15,HistGB,HistGB,12.425630433445932,12.425630433445932,0.0,1
SRCV,0.205,0.0,16,KNN,HistGB,17.942796416201624,13.0920493003693,4.850747115832323,0
SRCV,0.205,0.0,17,KNN,HistGB,19.164317183569533,14.474854688524555,4.689462495044978,0
SRCV,0.205,0.0,18,KNN,HistGB,17.532936016468177,12.72431903276434,4.808616983703837,0
SRCV,0.205,0.0,19,HistGB,HistGB,12.38932481964971,12.38932481964971,0.0,1
SRCV,0.205,0.0,20,HistGB,HistGB,13.18137194824744,13.18137194824744,0.0,1
SRCV,0.205,0.0,21,KNN,HistGB,19.15831170114261,13.996657000066351,5.161654701076257,0
SRCV,0.205,0.0,22,HistGB,HistGB,13.811627922541728,13.811627922541728,0.0,1
SRCV,0.205,0.0,23,HistGB,HistGB,13.32873782866024,13.32873782866024,0.0,1
SRCV,0.205,0.0,24,HistGB,HistGB,13.136467261751262,13.136467261751262,0.0,1
SRCV,0.205,0.025,0,KNN,HistGB,16.79379038457811,13.790624657970188,3.0031657266079215,0
SRCV,0.205,0.025,1,HistGB,HistGB,15.569190624933023,15.569190624933023,0.0,1
SRCV,0.205,0.025,2,HistGB,HistGB,14.088427543524208,14.088427543524208,0.0,1
SRCV,0.205,0.025,3,HistGB,HistGB,14.466111791412365,14.466111791412365,0.0,1
SRCV,0.205,0.025,4,RandomForest,HistGB,15.364243200882632,13.735054816062018,1.6291883848206137,0
SRCV,0.205,0.025,5,HistGB,HistGB,14.867893327492942,14.867893327492942,0.0,1
SRCV,0.205,0.025,6,HistGB,HistGB,17.17176789089314,17.17176789089314,0.0,1
SRCV,0.205,0.025,7,HistGB,HistGB,13.928703035242147,13.928703035242147,0.0,1
SRCV,0.205,0.025,8,HistGB,HistGB,14.035703406909802,14.035703406909802,0.0,1
SRCV,0.205,0.025,9,HistGB,HistGB,14.77125823960297,14.77125823960297,0.0,1
SRCV,0.205,0.025,10,HistGB,HistGB,14.180458644223837,14.180458644223837,0.0,1
SRCV,0.205,0.025,11,KNN,HistGB,17.229563111821,13.50742579877159,3.7221373130494104,0
SRCV,0.205,0.025,12,HistGB,HistGB,13.758001907403685,13.758001907403685,0.0,1
SRCV,0.205,0.025,13,HistGB,HistGB,14.626656518553975,14.626656518553975,0.0,1
SRCV,0.205,0.025,14,KNN,HistGB,17.992725973192467,14.533640708116964,3.459085265075503,0
SRCV,0.205,0.025,15,HistGB,HistGB,14.46272762558578,14.46272762558578,0.0,1
SRCV,0.205,0.025,16,KNN,HistGB,18.070556963880964,15.171306018649071,2.899250945231893,0
SRCV,0.205,0.025,17,KNN,HistGB,19.30686133645113,16.52161216946523,2.7852491669859027,0
SRCV,0.205,0.025,18,KNN,HistGB,17.63792841663326,14.780199693916028,2.8577287227172334,0
SRCV,0.205,0.025,19,HistGB,HistGB,14.493836285631524,14.493836285631524,0.0,1
SRCV,0.205,0.025,20,HistGB,HistGB,15.368108126940594,15.368108126940594,0.0,1
SRCV,0.205,0.025,21,KNN,HistGB,19.25557234649906,16.055770073743247,3.1998022727558144,0
SRCV,0.205,0.025,22,HistGB,HistGB,15.713546741354476,15.713546741354476,0.0,1
SRCV,0.205,0.025,23,HistGB,HistGB,15.55503612142687,15.55503612142687,0.0,1
SRCV,0.205,0.025,24,HistGB,HistGB,15.081413399945886,15.081413399945886,0.0,1
SRCV,0.205,0.1,0,KNN,HistGB,17.5231621823255,16.06918849714951,1.4539736851759884,0
SRCV,0.205,0.1,1,HistGB,HistGB,17.715227486371926,17.715227486371926,0.0,1
SRCV,0.205,0.1,2,HistGB,HistGB,16.59812152428756,16.59812152428756,0.0,1
SRCV,0.205,0.1,3,HistGB,HistGB,16.681998568610286,16.681998568610286,0.0,1
SRCV,0.205,0.1,4,RandomForest,HistGB,16.533723138602546,16.108514635915505,0.4252085026870418,0
SRCV,0.205,0.1,5,HistGB,HistGB,17.268672823209283,17.268672823209283,0.0,1
SRCV,0.205,0.1,6,HistGB,HistGB,19.40432003734352,19.40432003734352,0.0,1
SRCV,0.205,0.1,7,HistGB,HistGB,16.082236395832705,16.082236395832705,0.0,1
SRCV,0.205,0.1,8,HistGB,HistGB,16.407129732211875,16.407129732211875,0.0,1
SRCV,0.205,0.1,9,HistGB,HistGB,17.16320210267766,17.16320210267766,0.0,1
SRCV,0.205,0.1,10,HistGB,HistGB,16.50268958110556,16.50268958110556,0.0,1
SRCV,0.205,0.1,11,KNN,HistGB,17.96719913149301,15.964533676765804,2.0026654547272074,0
SRCV,0.205,0.1,12,HistGB,HistGB,15.955340858425544,15.955340858425544,0.0,1
SRCV,0.205,0.1,13,HistGB,HistGB,16.931967619416174,16.931967619416174,0.0,1
SRCV,0.205,0.1,14,KNN,HistGB,18.72975835972648,16.92890955586985,1.8008488038566277,0
SRCV,0.205,0.1,15,HistGB,HistGB,16.861669366598026,16.861669366598026,0.0,1
SRCV,0.205,0.1,16,KNN,HistGB,18.896520323914547,17.657517204616237,1.2390031192983102,0
SRCV,0.205,0.1,17,KNN,HistGB,19.95574950153938,18.682009768699448,1.2737397328399318,0
SRCV,0.205,0.1,18,KNN,HistGB,18.312341343757318,17.15936754113902,1.1529738026182983,0
SRCV,0.205,0.1,19,HistGB,HistGB,16.832397587873736,16.832397587873736,0.0,1
SRCV,0.205,0.1,20,HistGB,HistGB,17.57369629098549,17.57369629098549,0.0,1
SRCV,0.205,0.1,21,KNN,HistGB,19.975424731932844,18.21056570240688,1.7648590295259652,0
SRCV,0.205,0.1,22,HistGB,HistGB,17.918651632655692,17.918651632655692,0.0,1
SRCV,0.205,0.1,23,HistGB,HistGB,17.87434674116678,17.87434674116678,0.0,1
SRCV,0.205,0.1,24,HistGB,HistGB,17.41484728033265,17.41484728033265,0.0,1
SRCV,0.205,0.15,0,KNN,HistGB,18.388477153771547,17.541973445772758,0.8465037079987887,0
SRCV,0.205,0.15,1,HistGB,HistGB,19.010878031887327,19.010878031887327,0.0,1
SRCV,0.205,0.15,2,HistGB,HistGB,17.80100779364431,17.80100779364431,0.0,1
SRCV,0.205,0.15,3,HistGB,HistGB,18.01452453786513,18.01452453786513,0.0,1
SRCV,0.205,0.15,4,RandomForest,HistGB,17.746706784823584,17.437948123990314,0.30875866083326997,0
SRCV,0.205,0.15,5,HistGB,HistGB,18.58285094234233,18.58285094234233,0.0,1
SRCV,0.205,0.15,6,HistGB,KNN,20.66574103016756,20.55617663708099,0.1095643930865684,0
SRCV,0.205,0.15,7,HistGB,HistGB,17.529586892481948,17.529586892481948,0.0,1
SRCV,0.205,0.15,8,HistGB,HistGB,17.8122895281797,17.8122895281797,0.0,1
SRCV,0.205,0.15,9,HistGB,HistGB,18.495670339370204,18.495670339370204,0.0,1
SRCV,0.205,0.15,10,HistGB,RandomForest,17.97117283362848,17.920692448422127,0.05048038520635245,0
SRCV,0.205,0.15,11,KNN,RandomForest,18.79563082489245,17.41666006093395,1.378970763958499,0
SRCV,0.205,0.15,12,HistGB,HistGB,17.466672392177024,17.466672392177024,0.0,1
SRCV,0.205,0.15,13,HistGB,HistGB,18.257215445819707,18.257215445819707,0.0,1
SRCV,0.205,0.15,14,KNN,HistGB,19.375277867166645,18.137408455216548,1.237869411950097,0
SRCV,0.205,0.15,15,HistGB,HistGB,18.107544438260927,18.107544438260927,0.0,1
SRCV,0.205,0.15,16,KNN,HistGB,19.630078267995007,18.78614046980045,0.8439377981945562,0
SRCV,0.205,0.15,17,KNN,HistGB,20.666777338238568,20.041240568377912,0.6255367698606555,0
SRCV,0.205,0.15,18,KNN,HistGB,19.05821184825198,18.367784803289087,0.6904270449628918,0
SRCV,0.205,0.15,19,HistGB,HistGB,18.104123699192264,18.104123699192264,0.0,1
SRCV,0.205,0.15,20,HistGB,HistGB,18.801855062804623,18.801855062804623,0.0,1
SRCV,0.205,0.15,21,KNN,HistGB,20.86997319134168,19.59619733176809,1.2737758595735897,0
SRCV,0.205,0.15,22,HistGB,HistGB,19.298586066791096,19.298586066791096,0.0,1
SRCV,0.205,0.15,23,HistGB,HistGB,19.173574821481136,19.173574821481136,0.0,1
SRCV,0.205,0.15,24,HistGB,HistGB,18.65781447093841,18.65781447093841,0.0,1
SRCV,0.205,0.19,0,KNN,HistGB,19.139543512488924,18.928739010266547,0.210804502222377,0
SRCV,0.205,0.19,1,HistGB,HistGB,20.143835873105846,20.143835873105846,0.0,1
SRCV,0.205,0.19,2,HistGB,RandomForest,19.26838422455713,19.25223313590072,0.016151088656410906,0
SRCV,0.205,0.19,3,HistGB,HistGB,19.443279896968026,19.443279896968026,0.0,1
SRCV,0.205,0.19,4,RandomForest,HistGB,19.062090399378448,18.91392220590144,0.14816819347700871,0
SRCV,0.205,0.19,5,HistGB,HistGB,19.95917516081851,19.95917516081851,0.0,1
SRCV,0.205,0.19,6,HistGB,KNN,21.81613605324205,21.221317844771534,0.5948182084705174,0
SRCV,0.205,0.19,7,HistGB,HistGB,18.7343657051764,18.7343657051764,0.0,1
SRCV,0.205,0.19,8,HistGB,HistGB,19.090144255140743,19.090144255140743,0.0,1
SRCV,0.205,0.19,9,HistGB,HistGB,19.75986807523372,19.75986807523372,0.0,1
SRCV,0.205,0.19,10,HistGB,RandomForest,19.228897842651488,19.11294703331267,0.11595080933881974,0
SRCV,0.205,0.19,11,KNN,HistGB,19.620868000509937,18.667847445401883,0.9530205551080542,0
SRCV,0.205,0.19,12,HistGB,HistGB,18.74800249831791,18.74800249831791,0.0,1
SRCV,0.205,0.19,13,HistGB,HistGB,19.487413662156857,19.487413662156857,0.0,1
SRCV,0.205,0.19,14,KNN,HistGB,20.362011714757084,19.805729525276647,0.556282189480438,0
SRCV,0.205,0.19,15,HistGB,HistGB,19.53354628711148,19.53354628711148,0.0,1
SRCV,0.205,0.19,16,KNN,HistGB,20.533975780645825,20.42138389973512,0.11259188091070627,0
SRCV,0.205,0.19,17,KNN,HistGB,21.420566899318523,21.336585653266862,0.08398124605166046,0
SRCV,0.205,0.19,18,KNN,HistGB,19.727747830033994,19.63875503262111,0.08899279741288524,0
SRCV,0.205,0.19,19,HistGB,HistGB,19.237587544515986,19.237587544515986,0.0,1
SRCV,0.205,0.19,20,HistGB,HistGB,19.92591817042073,19.92591817042073,0.0,1
SRCV,0.205,0.19,21,KNN,HistGB,21.53452339813407,21.007827210990577,0.526696187143493,0
SRCV,0.205,0.19,22,HistGB,HistGB,20.67660900892144,20.67660900892144,0.0,1
SRCV,0.205,0.19,23,HistGB,RandomForest,20.6083352155968,20.554130699292205,0.05420451630459411,0
SRCV,0.205,0.19,24,HistGB,HistGB,19.83663934120755,19.83663934120755,0.0,1
SRCV,0.205,0.2,0,KNN,HistGB,19.33529642412818,19.31695977824297,0.01833664588520989,0
SRCV,0.205,0.2,1,HistGB,HistGB,20.633704058890523,20.633704058890523,0.0,1
SRCV,0.205,0.2,2,HistGB,RandomForest,19.60198171985055,19.530966200000307,0.07101551985024201,0
SRCV,0.205,0.2,3,HistGB,HistGB,19.40246723251745,19.40246723251745,0.0,1
SRCV,0.205,0.2,4,RandomForest,HistGB,19.43808560125952,19.19879919002628,0.23928641123324113,0
SRCV,0.205,0.2,5,HistGB,HistGB,20.309646525902178,20.309646525902178,0.0,1
SRCV,0.205,0.2,6,HistGB,KNN,22.22715469741236,21.45106211319845,0.7760925842139095,0
SRCV,0.205,0.2,7,HistGB,KNN,19.087134768957217,18.91466158420148,0.17247318475573792,0
SRCV,0.205,0.2,8,HistGB,HistGB,19.353522301384245,19.353522301384245,0.0,1
SRCV,0.205,0.2,9,HistGB,HistGB,20.244280483753503,20.244280483753503,0.0,1
SRCV,0.205,0.2,10,HistGB,RandomForest,19.482679894775195,19.397262692891125,0.08541720188406998,0
SRCV,0.205,0.2,11,KNN,HistGB,19.72074783192237,18.81764877008533,0.9030990618370396,0
SRCV,0.205,0.2,12,HistGB,HistGB,19.156116543683805,19.156116543683805,0.0,1
SRCV,0.205,0.2,13,HistGB,HistGB,20.01349433745357,20.01349433745357,0.0,1
SRCV,0.205,0.2,14,KNN,HistGB,20.484338702816657,20.033455238923583,0.4508834638930743,0
SRCV,0.205,0.2,15,HistGB,KNN,19.86983031134916,19.770319702527317,0.09951060882184137,0
SRCV,0.205,0.2,16,KNN,HistGB,20.74824864265046,20.56981023209017,0.17843841056028964,0
SRCV,0.205,0.2,17,KNN,KNN,21.8467341910282,21.8467341910282,0.0,1
SRCV,0.205,0.2,18,KNN,KNN,20.099350238418523,20.099350238418523,0.0,1
SRCV,0.205,0.2,19,HistGB,HistGB,19.59435135708357,19.59435135708357,0.0,1
SRCV,0.205,0.2,20,HistGB,HistGB,20.38206963513907,20.38206963513907,0.0,1
SRCV,0.205,0.2,21,KNN,HistGB,21.671517042573598,21.186528023649814,0.484989018923784,0
SRCV,0.205,0.2,22,HistGB,HistGB,20.970762127732502,20.970762127732502,0.0,1
SRCV,0.205,0.2,23,HistGB,HistGB,20.731601966614555,20.731601966614555,0.0,1
SRCV,0.205,0.2,24,HistGB,HistGB,20.04810559903347,20.04810559903347,0.0,1
SRCV,0.205,0.21,0,KNN,KNN,19.62070076050922,19.62070076050922,0.0,1
SRCV,0.205,0.21,1,HistGB,HistGB,20.883479751389164,20.883479751389164,0.0,1
SRCV,0.205,0.21,2,HistGB,RandomForest,19.80436562213185,19.776411638303763,0.02795398382808756,0
SRCV,0.205,0.21,3,HistGB,HistGB,19.79962845112105,19.79962845112105,0.0,1
SRCV,0.205,0.21,4,RandomForest,HistGB,19.60336226259007,19.524084711512717,0.07927755107735379,0
SRCV,0.205,0.21,5,HistGB,HistGB,20.691741037075957,20.691741037075957,0.0,1
SRCV,0.205,0.21,6,HistGB,KNN,22.638128623682924,21.735449205266427,0.902679418416497,0
SRCV,0.205,0.21,7,HistGB,KNN,19.563223774521383,19.129134412148225,0.43408936237315743,0
SRCV,0.205,0.21,8,HistGB,KNN,19.949149133827166,19.754159286311616,0.1949898475155507,0
SRCV,0.205,0.21,9,HistGB,HistGB,20.53946391412387,20.53946391412387,0.0,1
SRCV,0.205,0.21,10,HistGB,RandomForest,19.791512389893278,19.766638000384397,0.024874389508880768,0
SRCV,0.205,0.21,11,KNN,HistGB,19.811427834637808,19.12476153385831,0.6866663007794962,0
SRCV,0.205,0.21,12,HistGB,HistGB,19.62285011346803,19.62285011346803,0.0,1
SRCV,0.205,0.21,13,HistGB,HistGB,20.1912750022628,20.1912750022628,0.0,1
SRCV,0.205,0.21,14,KNN,HistGB,20.58014152468207,20.17871752830445,0.40142399637761983,0
SRCV,0.205,0.21,15,HistGB,KNN,20.35635435076348,20.008689836811453,0.3476645139520258,0
SRCV,0.205,0.21,16,KNN,RandomForest,20.84034429185012,20.833181161887754,0.007163129962364678,0
SRCV,0.205,0.21,17,KNN,KNN,21.9739723674224,21.9739723674224,0.0,1
SRCV,0.205,0.21,18,KNN,KNN,20.18731917985644,20.18731917985644,0.0,1
SRCV,0.205,0.21,19,HistGB,HistGB,19.97509701714303,19.97509701714303,0.0,1
SRCV,0.205,0.21,20,HistGB,HistGB,20.63839378129152,20.63839378129152,0.0,1
SRCV,0.205,0.21,21,KNN,HistGB,21.887328352862333,21.40956894525845,0.4777594076038838,0
SRCV,0.205,0.21,22,HistGB,KNN,21.279054027647227,21.24068021908822,0.03837380855900818,0
SRCV,0.205,0.21,23,HistGB,HistGB,21.073886705689358,21.073886705689358,0.0,1
SRCV,0.205,0.21,24,HistGB,HistGB,20.58508699071329,20.58508699071329,0.0,1
SRCV,0.205,0.24,0,KNN,KNN,20.33664056590208,20.33664056590208,0.0,1
SRCV,0.205,0.24,1,HistGB,KNN,22.064357590263988,21.92280236504782,0.1415552252161696,0
SRCV,0.205,0.24,2,HistGB,KNN,20.79592375371037,20.741214770005676,0.05470898370469257,0
SRCV,0.205,0.24,3,HistGB,KNN,20.84463885093164,20.4321294687124,0.41250938221924116,0
SRCV,0.205,0.24,4,RandomForest,HistGB,20.74685812711077,20.575640835804094,0.17121729130667518,0
SRCV,0.205,0.24,5,HistGB,KNN,21.85542178703425,21.582918404859733,0.2725033821745164,0
SRCV,0.205,0.24,6,HistGB,KNN,24.16724330250814,22.650935540068332,1.5163077624398085,0
SRCV,0.205,0.24,7,HistGB,KNN,20.526325030059937,19.87952199459999,0.6468030354599463,0
SRCV,0.205,0.24,8,HistGB,KNN,21.085049356636727,20.522281621260348,0.5627677353763794,0
SRCV,0.205,0.24,9,HistGB,HistGB,21.50120439198769,21.50120439198769,0.0,1
SRCV,0.205,0.24,10,HistGB,HistGB,20.799187355071187,20.799187355071187,0.0,1
SRCV,0.205,0.24,11,KNN,RandomForest,20.65526578250647,20.371659546986443,0.2836062355200255,0
SRCV,0.205,0.24,12,HistGB,KNN,20.42873796577705,20.153818096825816,0.2749198689512333,0
SRCV,0.205,0.24,13,HistGB,HistGB,21.2669017233842,21.2669017233842,0.0,1
SRCV,0.205,0.24,14,KNN,KNN,21.3226337532928,21.3226337532928,0.0,1
SRCV,0.205,0.24,15,HistGB,KNN,21.109553749660595,20.52767563958444,0.5818781100761541,0
SRCV,0.205,0.24,16,KNN,KNN,21.60327312063129,21.60327312063129,0.0,1
SRCV,0.205,0.24,17,KNN,KNN,22.6236646265378,22.6236646265378,0.0,1
SRCV,0.205,0.24,18,KNN,KNN,20.865332927318907,20.865332927318907,0.0,1
SRCV,0.205,0.24,19,HistGB,KNN,20.93072529938225,20.611027408455104,0.31969789092714507,0
SRCV,0.205,0.24,20,HistGB,KNN,21.74925183304476,21.538000917902348,0.21125091514241134,0
SRCV,0.205,0.24,21,KNN,KNN,22.618736893558317,22.618736893558317,0.0,1
SRCV,0.205,0.24,22,HistGB,KNN,22.46146878945244,22.050215114306518,0.4112536751459217,0
SRCV,0.205,0.24,23,HistGB,KNN,22.339223359037533,22.08033187991192,0.2588914791256123,0
SRCV,0.205,0.24,24,HistGB,HistGB,21.588328318789458,21.588328318789458,0.0,1
SRCV,0.205,0.32,0,KNN,KNN,22.3410975641612,22.3410975641612,0.0,1
SRCV,0.205,0.32,1,HistGB,KNN,25.77070627354392,24.167646892408506,1.603059381135413,0
SRCV,0.205,0.32,2,HistGB,KNN,24.59572377329288,23.22830694722482,1.3674168260680624,0
SRCV,0.205,0.32,3,HistGB,KNN,24.09274391415105,22.651724084282822,1.4410198298682282,0
SRCV,0.205,0.32,4,RandomForest,KNN,23.92099620351343,22.899209031890777,1.0217871716226519,0
SRCV,0.205,0.32,5,HistGB,KNN,25.212724593070813,23.74077037955543,1.4719542135153851,0
SRCV,0.205,0.32,6,HistGB,KNN,27.269805798524292,24.58426841601279,2.6855373825115016,0
SRCV,0.205,0.32,7,HistGB,KNN,23.968635975943368,21.897619039501325,2.0710169364420423,0
SRCV,0.205,0.32,8,HistGB,KNN,24.47320734454739,22.56198727539633,1.9112200691510601,0
SRCV,0.205,0.32,9,HistGB,KNN,24.803594090704078,23.726477980773108,1.0771161099309694,0
SRCV,0.205,0.32,10,HistGB,KNN,24.47934381390138,23.392268978535643,1.087074835365737,0
SRCV,0.205,0.32,11,KNN,KNN,22.911206803547127,22.911206803547127,0.0,1
SRCV,0.205,0.32,12,HistGB,KNN,24.111346473464494,22.468416540666528,1.6429299327979656,0
SRCV,0.205,0.32,13,HistGB,KNN,24.99542252363374,23.978926219057577,1.0164963045761617,0
SRCV,0.205,0.32,14,KNN,KNN,23.408361493293267,23.408361493293267,0.0,1
SRCV,0.205,0.32,15,HistGB,KNN,24.416176662644283,22.5382140343824,1.8779626282618835,0
SRCV,0.205,0.32,16,KNN,KNN,23.889956814327707,23.889956814327707,0.0,1
SRCV,0.205,0.32,17,KNN,KNN,24.784073695291784,24.784073695291784,0.0,1
SRCV,0.205,0.32,18,KNN,KNN,23.16494399329765,23.16494399329765,0.0,1
SRCV,0.205,0.32,19,HistGB,KNN,24.573643527987716,22.967426539513063,1.606216988474653,0
SRCV,0.205,0.32,20,HistGB,KNN,25.04910344930528,23.79135534710681,1.257748102198473,0
SRCV,0.205,0.32,21,KNN,KNN,24.97102970206068,24.97102970206068,0.0,1
SRCV,0.205,0.32,22,HistGB,KNN,26.098178562014315,24.39051221352639,1.7076663484879262,0
SRCV,0.205,0.32,23,HistGB,KNN,25.557866068906574,24.187060837810005,1.3708052310965684,0
SRCV,0.205,0.32,24,HistGB,KNN,25.003697301266914,24.039705867231064,0.9639914340358509,0
SRCV,0.205,0.4,0,KNN,KNN,25.10814862318806,25.10814862318806,0.0,1
SRCV,0.205,0.4,1,HistGB,KNN,29.31611875614641,26.672735103263133,2.6433836528832764,0
SRCV,0.205,0.4,2,HistGB,KNN,28.384727103233185,25.81692397000759,2.5678031332255955,0
SRCV,0.205,0.4,3,HistGB,KNN,28.010289959071308,25.423661872844157,2.586628086227151,0
SRCV,0.205,0.4,4,RandomForest,KNN,28.521099046587636,25.844904882373577,2.67619416421406,0
SRCV,0.205,0.4,5,HistGB,KNN,29.138612727054603,26.34733170986748,2.7912810171871243,0
SRCV,0.205,0.4,6,HistGB,KNN,31.47206094214324,27.471419439501894,4.000641502641347,0
SRCV,0.205,0.4,7,HistGB,KNN,27.888774713460062,24.65403390525961,3.2347408082004527,0
SRCV,0.205,0.4,8,HistGB,KNN,28.11039177616971,25.132597624958056,2.977794151211654,0
SRCV,0.205,0.4,9,HistGB,KNN,29.266611766794703,26.551948517294797,2.714663249499907,0
SRCV,0.205,0.4,10,HistGB,KNN,27.891574895247988,25.81186367292943,2.079711222318558,0
SRCV,0.205,0.4,11,KNN,KNN,25.676760069446004,25.676760069446004,0.0,1
SRCV,0.205,0.4,12,HistGB,KNN,28.33763090957668,25.233865931244623,3.103764978332059,0
SRCV,0.205,0.4,13,HistGB,KNN,28.798902297381467,26.54460857267338,2.254293724708088,0
SRCV,0.205,0.4,14,KNN,KNN,26.522075989221285,26.522075989221285,0.0,1
SRCV,0.205,0.4,15,HistGB,KNN,28.65193876540236,25.34232298472043,3.3096157806819306,0
SRCV,0.205,0.4,16,KNN,KNN,26.84998999315152,26.84998999315152,0.0,1
SRCV,0.205,0.4,17,KNN,KNN,27.506923656523504,27.506923656523504,0.0,1
SRCV,0.205,0.4,18,KNN,KNN,25.751301404565957,25.751301404565957,0.0,1
SRCV,0.205,0.4,19,HistGB,KNN,28.586058710871352,25.36051788480377,3.225540826067583,0
SRCV,0.205,0.4,20,HistGB,KNN,28.90296152191095,26.323880275010467,2.5790812469004827,0
SRCV,0.205,0.4,21,KNN,KNN,27.56509882832943,27.56509882832943,0.0,1
SRCV,0.205,0.4,22,HistGB,KNN,30.205591444939312,26.97384541341878,3.231746031520533,0
SRCV,0.205,0.4,23,HistGB,KNN,29.56692175934774,26.81887054429276,2.7480512150549785,0
SRCV,0.205,0.4,24,HistGB,KNN,29.05916420698302,26.826243061722764,2.2329211452602564,0
SRCV,0.205,0.5,0,KNN,KNN,29.36104864314475,29.36104864314475,0.0,1
SRCV,0.205,0.5,1,HistGB,KNN,35.45798108963929,30.78564658343057,4.6723345062087205,0
SRCV,0.205,0.5,2,HistGB,KNN,34.576328258809134,30.042510211973912,4.533818046835222,0
SRCV,0.205,0.5,3,HistGB,KNN,34.792656147750726,29.873883258001964,4.918772889748762,0
SRCV,0.205,0.5,4,RandomForest,KNN,34.518806966877555,29.807820739177387,4.710986227700168,0
SRCV,0.205,0.5,5,HistGB,KNN,35.27559090791475,30.71450700402392,4.561083903890829,0
SRCV,0.205,0.5,6,HistGB,KNN,37.69306887075829,31.49381187242601,6.199256998332277,0
SRCV,0.205,0.5,7,HistGB,KNN,33.714303799759946,28.83981311651348,4.874490683246467,0
SRCV,0.205,0.5,8,HistGB,KNN,34.41627098104753,29.623591813472316,4.792679167575216,0
SRCV,0.205,0.5,9,HistGB,KNN,34.73783599713518,30.300257701423387,4.437578295711791,0
SRCV,0.205,0.5,10,HistGB,KNN,33.910208514081305,29.824404136662483,4.085804377418821,0
SRCV,0.205,0.5,11,KNN,KNN,29.60491639036404,29.60491639036404,0.0,1
SRCV,0.205,0.5,12,HistGB,KNN,34.021207929695294,29.14937495424439,4.8718329754509035,0
SRCV,0.205,0.5,13,HistGB,KNN,34.977502260566304,30.73761449320112,4.2398877673651825,0
SRCV,0.205,0.5,14,KNN,KNN,30.22898594801385,30.22898594801385,0.0,1
SRCV,0.205,0.5,15,HistGB,KNN,34.57634793205066,29.482012823758883,5.0943351082917765,0
SRCV,0.205,0.5,16,KNN,KNN,31.00229592672065,31.00229592672065,0.0,1
SRCV,0.205,0.5,17,KNN,KNN,32.00073805865598,32.00073805865598,0.0,1
SRCV,0.205,0.5,18,KNN,KNN,29.334123989500338,29.334123989500338,0.0,1
SRCV,0.205,0.5,19,HistGB,KNN,34.60327848170751,29.727904717251747,4.875373764455766,0
SRCV,0.205,0.5,20,HistGB,KNN,34.325370645190155,30.386612943510592,3.938757701679563,0
SRCV,0.205,0.5,21,KNN,KNN,32.05521614959351,32.05521614959351,0.0,1
SRCV,0.205,0.5,22,HistGB,KNN,36.0951832132667,30.834582638855917,5.260600574410784,0
SRCV,0.205,0.5,23,HistGB,KNN,35.70825739251677,31.138388285827343,4.569869106689428,0
SRCV,0.205,0.5,24,HistGB,KNN,34.82354914689996,30.66380562129224,4.159743525607716,0
SRCV,0.21,0.0,0,HistGB,HistGB,11.76015510447522,11.76015510447522,0.0,1
SRCV,0.21,0.0,1,HistGB,HistGB,13.73168860179165,13.73168860179165,0.0,1
SRCV,0.21,0.0,2,HistGB,HistGB,12.03246102203424,12.03246102203424,0.0,1
SRCV,0.21,0.0,3,HistGB,HistGB,12.507296971676508,12.507296971676508,0.0,1
SRCV,0.21,0.0,4,HistGB,HistGB,11.663767967150225,11.663767967150225,0.0,1
SRCV,0.21,0.0,5,HistGB,HistGB,12.788000461342667,12.788000461342667,0.0,1
SRCV,0.21,0.0,6,HistGB,HistGB,15.137088661400586,15.137088661400586,0.0,1
SRCV,0.21,0.0,7,HistGB,HistGB,11.832086758523523,11.832086758523523,0.0,1
SRCV,0.21,0.0,8,KNN,HistGB,16.860979045119617,11.80698803744633,5.053991007673288,0
SRCV,0.21,0.0,9,KNN,HistGB,18.208051796429302,12.556532991757797,5.651518804671506,0
SRCV,0.21,0.0,10,HistGB,HistGB,12.006766732493656,12.006766732493656,0.0,1
SRCV,0.21,0.0,11,HistGB,HistGB,11.346172695771273,11.346172695771273,0.0,1
SRCV,0.21,0.0,12,HistGB,HistGB,11.53607012306929,11.53607012306929,0.0,1
SRCV,0.21,0.0,13,HistGB,HistGB,12.501230435307573,12.501230435307573,0.0,1
SRCV,0.21,0.0,14,HistGB,HistGB,12.374390426143172,12.374390426143172,0.0,1
SRCV,0.21,0.0,15,HistGB,HistGB,12.425630433445932,12.425630433445932,0.0,1
SRCV,0.21,0.0,16,KNN,HistGB,17.942796416201624,13.0920493003693,4.850747115832323,0
SRCV,0.21,0.0,17,KNN,HistGB,19.164317183569533,14.474854688524555,4.689462495044978,0
SRCV,0.21,0.0,18,HistGB,HistGB,12.72431903276434,12.72431903276434,0.0,1
SRCV,0.21,0.0,19,KNN,HistGB,17.274932376884575,12.38932481964971,4.885607557234865,0
SRCV,0.21,0.0,20,HistGB,HistGB,13.18137194824744,13.18137194824744,0.0,1
SRCV,0.21,0.0,21,HistGB,HistGB,13.996657000066351,13.996657000066351,0.0,1
SRCV,0.21,0.0,22,HistGB,HistGB,13.811627922541728,13.811627922541728,0.0,1
SRCV,0.21,0.0,23,HistGB,HistGB,13.32873782866024,13.32873782866024,0.0,1
SRCV,0.21,0.0,24,KNN,HistGB,18.530273423408048,13.136467261751262,5.393806161656785,0
SRCV,0.21,0.025,0,HistGB,HistGB,13.790624657970188,13.790624657970188,0.0,1
SRCV,0.21,0.025,1,HistGB,HistGB,15.569190624933023,15.569190624933023,0.0,1
SRCV,0.21,0.025,2,HistGB,HistGB,14.088427543524208,14.088427543524208,0.0,1
SRCV,0.21,0.025,3,HistGB,HistGB,14.466111791412365,14.466111791412365,0.0,1
SRCV,0.21,0.025,4,HistGB,HistGB,13.735054816062018,13.735054816062018,0.0,1
SRCV,0.21,0.025,5,HistGB,HistGB,14.867893327492942,14.867893327492942,0.0,1
SRCV,0.21,0.025,6,HistGB,HistGB,17.17176789089314,17.17176789089314,0.0,1
SRCV,0.21,0.025,7,HistGB,HistGB,13.928703035242147,13.928703035242147,0.0,1
SRCV,0.21,0.025,8,KNN,HistGB,16.948554250638526,14.035703406909802,2.912850843728725,0
SRCV,0.21,0.025,9,KNN,HistGB,18.322813115694636,14.77125823960297,3.551554876091666,0
SRCV,0.21,0.025,10,HistGB,HistGB,14.180458644223837,14.180458644223837,0.0,1
SRCV,0.21,0.025,11,HistGB,HistGB,13.50742579877159,13.50742579877159,0.0,1
SRCV,0.21,0.025,12,HistGB,HistGB,13.758001907403685,13.758001907403685,0.0,1
SRCV,0.21,0.025,13,HistGB,HistGB,14.626656518553975,14.626656518553975,0.0,1
SRCV,0.21,0.025,14,HistGB,HistGB,14.533640708116964,14.533640708116964,0.0,1
SRCV,0.21,0.025,15,HistGB,HistGB,14.46272762558578,14.46272762558578,0.0,1
SRCV,0.21,0.025,16,KNN,HistGB,18.070556963880964,15.171306018649071,2.899250945231893,0
SRCV,0.21,0.025,17,KNN,HistGB,19.30686133645113,16.52161216946523,2.7852491669859027,0
SRCV,0.21,0.025,18,HistGB,HistGB,14.780199693916028,14.780199693916028,0.0,1
SRCV,0.21,0.025,19,KNN,HistGB,17.372599683056805,14.493836285631524,2.8787633974252813,0
SRCV,0.21,0.025,20,HistGB,HistGB,15.368108126940594,15.368108126940594,0.0,1
SRCV,0.21,0.025,21,HistGB,HistGB,16.055770073743247,16.055770073743247,0.0,1
SRCV,0.21,0.025,22,HistGB,HistGB,15.713546741354476,15.713546741354476,0.0,1
SRCV,0.21,0.025,23,HistGB,HistGB,15.55503612142687,15.55503612142687,0.0,1
SRCV,0.21,0.025,24,KNN,HistGB,18.665538668244785,15.081413399945886,3.5841252682988998,0
SRCV,0.21,0.1,0,HistGB,HistGB,16.06918849714951,16.06918849714951,0.0,1
SRCV,0.21,0.1,1,HistGB,HistGB,17.715227486371926,17.715227486371926,0.0,1
SRCV,0.21,0.1,2,HistGB,HistGB,16.59812152428756,16.59812152428756,0.0,1
SRCV,0.21,0.1,3,HistGB,HistGB,16.681998568610286,16.681998568610286,0.0,1
SRCV,0.21,0.1,4,HistGB,HistGB,16.108514635915505,16.108514635915505,0.0,1
SRCV,0.21,0.1,5,HistGB,HistGB,17.268672823209283,17.268672823209283,0.0,1
SRCV,0.21,0.1,6,HistGB,HistGB,19.40432003734352,19.40432003734352,0.0,1
SRCV,0.21,0.1,7,HistGB,HistGB,16.082236395832705,16.082236395832705,0.0,1
SRCV,0.21,0.1,8,KNN,HistGB,17.746024009013,16.407129732211875,1.338894276801124,0
SRCV,0.21,0.1,9,KNN,HistGB,19.06570127667792,17.16320210267766,1.902499174000262,0
SRCV,0.21,0.1,10,HistGB,HistGB,16.50268958110556,16.50268958110556,0.0,1
SRCV,0.21,0.1,11,HistGB,HistGB,15.964533676765804,15.964533676765804,0.0,1
SRCV,0.21,0.1,12,HistGB,HistGB,15.955340858425544,15.955340858425544,0.0,1
SRCV,0.21,0.1,13,HistGB,HistGB,16.931967619416174,16.931967619416174,0.0,1
SRCV,0.21,0.1,14,HistGB,HistGB,16.92890955586985,16.92890955586985,0.0,1
SRCV,0.21,0.1,15,HistGB,HistGB,16.861669366598026,16.861669366598026,0.0,1
SRCV,0.21,0.1,16,KNN,HistGB,18.896520323914547,17.657517204616237,1.2390031192983102,0
SRCV,0.21,0.1,17,KNN,HistGB,19.95574950153938,18.682009768699448,1.2737397328399318,0
SRCV,0.21,0.1,18,HistGB,HistGB,17.15936754113902,17.15936754113902,0.0,1
SRCV,0.21,0.1,19,KNN,HistGB,18.145966862039437,16.832397587873736,1.313569274165701,0
SRCV,0.21,0.1,20,HistGB,HistGB,17.57369629098549,17.57369629098549,0.0,1
SRCV,0.21,0.1,21,HistGB,HistGB,18.21056570240688,18.21056570240688,0.0,1
SRCV,0.21,0.1,22,HistGB,HistGB,17.918651632655692,17.918651632655692,0.0,1
SRCV,0.21,0.1,23,HistGB,HistGB,17.87434674116678,17.87434674116678,0.0,1
SRCV,0.21,0.1,24,KNN,HistGB,19.442251999825764,17.41484728033265,2.027404719493113,0
SRCV,0.21,0.15,0,HistGB,HistGB,17.541973445772758,17.541973445772758,0.0,1
SRCV,0.21,0.15,1,HistGB,HistGB,19.010878031887327,19.010878031887327,0.0,1
SRCV,0.21,0.15,2,HistGB,HistGB,17.80100779364431,17.80100779364431,0.0,1
SRCV,0.21,0.15,3,HistGB,HistGB,18.01452453786513,18.01452453786513,0.0,1
SRCV,0.21,0.15,4,HistGB,HistGB,17.437948123990314,17.437948123990314,0.0,1
SRCV,0.21,0.15,5,HistGB,HistGB,18.58285094234233,18.58285094234233,0.0,1
SRCV,0.21,0.15,6,HistGB,KNN,20.66574103016756,20.55617663708099,0.1095643930865684,0
SRCV,0.21,0.15,7,HistGB,HistGB,17.529586892481948,17.529586892481948,0.0,1
SRCV,0.21,0.15,8,KNN,HistGB,18.44987914993896,17.8122895281797,0.6375896217592576,0
SRCV,0.21,0.15,9,KNN,HistGB,19.78419240715848,18.495670339370204,1.288522067788275,0
SRCV,0.21,0.15,10,HistGB,RandomForest,17.97117283362848,17.920692448422127,0.05048038520635245,0
SRCV,0.21,0.15,11,HistGB,RandomForest,17.484846230170547,17.41666006093395,0.06818616923659704,0
SRCV,0.21,0.15,12,HistGB,HistGB,17.466672392177024,17.466672392177024,0.0,1
SRCV,0.21,0.15,13,HistGB,HistGB,18.257215445819707,18.257215445819707,0.0,1
SRCV,0.21,0.15,14,HistGB,HistGB,18.137408455216548,18.137408455216548,0.0,1
SRCV,0.21,0.15,15,HistGB,HistGB,18.107544438260927,18.107544438260927,0.0,1
SRCV,0.21,0.15,16,KNN,HistGB,19.630078267995007,18.78614046980045,0.8439377981945562,0
SRCV,0.21,0.15,17,KNN,HistGB,20.666777338238568,20.041240568377912,0.6255367698606555,0
SRCV,0.21,0.15,18,HistGB,HistGB,18.367784803289087,18.367784803289087,0.0,1
SRCV,0.21,0.15,19,KNN,HistGB,18.868378910996704,18.104123699192264,0.7642552118044392,0
SRCV,0.21,0.15,20,HistGB,HistGB,18.801855062804623,18.801855062804623,0.0,1
SRCV,0.21,0.15,21,HistGB,HistGB,19.59619733176809,19.59619733176809,0.0,1
SRCV,0.21,0.15,22,HistGB,HistGB,19.298586066791096,19.298586066791096,0.0,1
SRCV,0.21,0.15,23,HistGB,HistGB,19.173574821481136,19.173574821481136,0.0,1
SRCV,0.21,0.15,24,KNN,HistGB,20.2282352313486,18.65781447093841,1.5704207604101903,0
SRCV,0.21,0.19,0,HistGB,HistGB,18.928739010266547,18.928739010266547,0.0,1
SRCV,0.21,0.19,1,HistGB,HistGB,20.143835873105846,20.143835873105846,0.0,1
SRCV,0.21,0.19,2,HistGB,RandomForest,19.26838422455713,19.25223313590072,0.016151088656410906,0
SRCV,0.21,0.19,3,HistGB,HistGB,19.443279896968026,19.443279896968026,0.0,1
SRCV,0.21,0.19,4,HistGB,HistGB,18.91392220590144,18.91392220590144,0.0,1
SRCV,0.21,0.19,5,HistGB,HistGB,19.95917516081851,19.95917516081851,0.0,1
SRCV,0.21,0.19,6,HistGB,KNN,21.81613605324205,21.221317844771534,0.5948182084705174,0
SRCV,0.21,0.19,7,HistGB,HistGB,18.7343657051764,18.7343657051764,0.0,1
SRCV,0.21,0.19,8,KNN,HistGB,19.202362722887752,19.090144255140743,0.1122184677470095,0
SRCV,0.21,0.19,9,KNN,HistGB,20.597441146180746,19.75986807523372,0.8375730709470268,0
SRCV,0.21,0.19,10,HistGB,RandomForest,19.228897842651488,19.11294703331267,0.11595080933881974,0
SRCV,0.21,0.19,11,HistGB,HistGB,18.667847445401883,18.667847445401883,0.0,1
SRCV,0.21,0.19,12,HistGB,HistGB,18.74800249831791,18.74800249831791,0.0,1
SRCV,0.21,0.19,13,HistGB,HistGB,19.487413662156857,19.487413662156857,0.0,1
SRCV,0.21,0.19,14,HistGB,HistGB,19.805729525276647,19.805729525276647,0.0,1
SRCV,0.21,0.19,15,HistGB,HistGB,19.53354628711148,19.53354628711148,0.0,1
SRCV,0.21,0.19,16,KNN,HistGB,20.533975780645825,20.42138389973512,0.11259188091070627,0
SRCV,0.21,0.19,17,KNN,HistGB,21.420566899318523,21.336585653266862,0.08398124605166046,0
SRCV,0.21,0.19,18,HistGB,HistGB,19.63875503262111,19.63875503262111,0.0,1
SRCV,0.21,0.19,19,KNN,HistGB,19.547908981423685,19.237587544515986,0.3103214369076994,0
SRCV,0.21,0.19,20,HistGB,HistGB,19.92591817042073,19.92591817042073,0.0,1
SRCV,0.21,0.19,21,HistGB,HistGB,21.007827210990577,21.007827210990577,0.0,1
SRCV,0.21,0.19,22,HistGB,HistGB,20.67660900892144,20.67660900892144,0.0,1
SRCV,0.21,0.19,23,HistGB,RandomForest,20.6083352155968,20.554130699292205,0.05420451630459411,0
SRCV,0.21,0.19,24,KNN,HistGB,20.889895387910965,19.83663934120755,1.0532560467034138,0
SRCV,0.21,0.2,0,HistGB,HistGB,19.31695977824297,19.31695977824297,0.0,1
SRCV,0.21,0.2,1,HistGB,HistGB,20.633704058890523,20.633704058890523,0.0,1
SRCV,0.21,0.2,2,HistGB,RandomForest,19.60198171985055,19.530966200000307,0.07101551985024201,0
SRCV,0.21,0.2,3,HistGB,HistGB,19.40246723251745,19.40246723251745,0.0,1
SRCV,0.21,0.2,4,HistGB,HistGB,19.19879919002628,19.19879919002628,0.0,1
SRCV,0.21,0.2,5,HistGB,HistGB,20.309646525902178,20.309646525902178,0.0,1
SRCV,0.21,0.2,6,HistGB,KNN,22.22715469741236,21.45106211319845,0.7760925842139095,0
SRCV,0.21,0.2,7,HistGB,KNN,19.087134768957217,18.91466158420148,0.17247318475573792,0
SRCV,0.21,0.2,8,KNN,HistGB,19.4297476825972,19.353522301384245,0.07622538121295364,0
SRCV,0.21,0.2,9,KNN,HistGB,20.759517003218598,20.244280483753503,0.5152365194650947,0
SRCV,0.21,0.2,10,HistGB,RandomForest,19.482679894775195,19.397262692891125,0.08541720188406998,0
SRCV,0.21,0.2,11,HistGB,HistGB,18.81764877008533,18.81764877008533,0.0,1
SRCV,0.21,0.2,12,HistGB,HistGB,19.156116543683805,19.156116543683805,0.0,1
SRCV,0.21,0.2,13,HistGB,HistGB,20.01349433745357,20.01349433745357,0.0,1
SRCV,0.21,0.2,14,HistGB,HistGB,20.033455238923583,20.033455238923583,0.0,1
SRCV,0.21,0.2,15,HistGB,KNN,19.86983031134916,19.770319702527317,0.09951060882184137,0
SRCV,0.21,0.2,16,KNN,HistGB,20.74824864265046,20.56981023209017,0.17843841056028964,0
SRCV,0.21,0.2,17,KNN,KNN,21.8467341910282,21.8467341910282,0.0,1
SRCV,0.21,0.2,18,HistGB,KNN,20.13102128441388,20.099350238418523,0.031671045995356195,0
SRCV,0.21,0.2,19,KNN,HistGB,19.747357179175573,19.59435135708357,0.15300582209200186,0
SRCV,0.21,0.2,20,HistGB,HistGB,20.38206963513907,20.38206963513907,0.0,1
SRCV,0.21,0.2,21,HistGB,HistGB,21.186528023649814,21.186528023649814,0.0,1
SRCV,0.21,0.2,22,HistGB,HistGB,20.970762127732502,20.970762127732502,0.0,1
SRCV,0.21,0.2,23,HistGB,HistGB,20.731601966614555,20.731601966614555,0.0,1
SRCV,0.21,0.2,24,KNN,HistGB,21.136811627411657,20.04810559903347,1.088706028378187,0
SRCV,0.21,0.21,0,HistGB,KNN,19.712347729890087,19.62070076050922,0.09164696938086792,0
SRCV,0.21,0.21,1,HistGB,HistGB,20.883479751389164,20.883479751389164,0.0,1
SRCV,0.21,0.21,2,HistGB,RandomForest,19.80436562213185,19.776411638303763,0.02795398382808756,0
SRCV,0.21,0.21,3,HistGB,HistGB,19.79962845112105,19.79962845112105,0.0,1
SRCV,0.21,0.21,4,HistGB,HistGB,19.524084711512717,19.524084711512717,0.0,1
SRCV,0.21,0.21,5,HistGB,HistGB,20.691741037075957,20.691741037075957,0.0,1
SRCV,0.21,0.21,6,HistGB,KNN,22.638128623682924,21.735449205266427,0.902679418416497,0
SRCV,0.21,0.21,7,HistGB,KNN,19.563223774521383,19.129134412148225,0.43408936237315743,0
SRCV,0.21,0.21,8,KNN,KNN,19.754159286311616,19.754159286311616,0.0,1
SRCV,0.21,0.21,9,KNN,HistGB,20.98288232106584,20.53946391412387,0.4434184069419693,0
SRCV,0.21,0.21,10,HistGB,RandomForest,19.791512389893278,19.766638000384397,0.024874389508880768,0
SRCV,0.21,0.21,11,HistGB,HistGB,19.12476153385831,19.12476153385831,0.0,1
SRCV,0.21,0.21,12,HistGB,HistGB,19.62285011346803,19.62285011346803,0.0,1
SRCV,0.21,0.21,13,HistGB,HistGB,20.1912750022628,20.1912750022628,0.0,1
SRCV,0.21,0.21,14,HistGB,HistGB,20.17871752830445,20.17871752830445,0.0,1
SRCV,0.21,0.21,15,HistGB,KNN,20.35635435076348,20.008689836811453,0.3476645139520258,0
SRCV,0.21,0.21,16,KNN,RandomForest,20.84034429185012,20.833181161887754,0.007163129962364678,0
SRCV,0.21,0.21,17,KNN,KNN,21.9739723674224,21.9739723674224,0.0,1
SRCV,0.21,0.21,18,HistGB,KNN,20.435337004508213,20.18731917985644,0.2480178246517717,0
SRCV,0.21,0.21,19,KNN,HistGB,20.032694142887376,19.97509701714303,0.05759712574434417,0
SRCV,0.21,0.21,20,HistGB,HistGB,20.63839378129152,20.63839378129152,0.0,1
SRCV,0.21,0.21,21,HistGB,HistGB,21.40956894525845,21.40956894525845,0.0,1
SRCV,0.21,0.21,22,HistGB,KNN,21.279054027647227,21.24068021908822,0.03837380855900818,0
SRCV,0.21,0.21,23,HistGB,HistGB,21.073886705689358,21.073886705689358,0.0,1
SRCV,0.21,0.21,24,KNN,HistGB,21.435227269307976,20.58508699071329,0.8501402785946865,0
SRCV,0.21,0.24,0,HistGB,KNN,20.982521657856744,20.33664056590208,0.6458810919546636,0
SRCV,0.21,0.24,1,HistGB,KNN,22.064357590263988,21.92280236504782,0.1415552252161696,0
SRCV,0.21,0.24,2,HistGB,KNN,20.79592375371037,20.741214770005676,0.05470898370469257,0
SRCV,0.21,0.24,3,HistGB,KNN,20.84463885093164,20.4321294687124,0.41250938221924116,0
SRCV,0.21,0.24,4,HistGB,HistGB,20.575640835804094,20.575640835804094,0.0,1
SRCV,0.21,0.24,5,HistGB,KNN,21.85542178703425,21.582918404859733,0.2725033821745164,0
SRCV,0.21,0.24,6,HistGB,KNN,24.16724330250814,22.650935540068332,1.5163077624398085,0
SRCV,0.21,0.24,7,HistGB,KNN,20.526325030059937,19.87952199459999,0.6468030354599463,0
SRCV,0.21,0.24,8,KNN,KNN,20.522281621260348,20.522281621260348,0.0,1
SRCV,0.21,0.24,9,KNN,HistGB,21.528784485732302,21.50120439198769,0.02758009374461068,0
SRCV,0.21,0.24,10,HistGB,HistGB,20.799187355071187,20.799187355071187,0.0,1
SRCV,0.21,0.24,11,HistGB,RandomForest,20.46050823698773,20.371659546986443,0.08884869000128859,0
SRCV,0.21,0.24,12,HistGB,KNN,20.42873796577705,20.153818096825816,0.2749198689512333,0
SRCV,0.21,0.24,13,HistGB,HistGB,21.2669017233842,21.2669017233842,0.0,1
SRCV,0.21,0.24,14,HistGB,KNN,21.462084175510437,21.3226337532928,0.1394504222176387,0
SRCV,0.21,0.24,15,HistGB,KNN,21.109553749660595,20.52767563958444,0.5818781100761541,0
SRCV,0.21,0.24,16,KNN,KNN,21.60327312063129,21.60327312063129,0.0,1
SRCV,0.21,0.24,17,KNN,KNN,22.6236646265378,22.6236646265378,0.0,1
SRCV,0.21,0.24,18,HistGB,KNN,21.322163342513168,20.865332927318907,0.45683041519426126,0
SRCV,0.21,0.24,19,KNN,KNN,20.611027408455104,20.611027408455104,0.0,1
SRCV,0.21,0.24,20,HistGB,KNN,21.74925183304476,21.538000917902348,0.21125091514241134,0
SRCV,0.21,0.24,21,HistGB,KNN,22.651067969927944,22.618736893558317,0.03233107636962629,0
SRCV,0.21,0.24,22,HistGB,KNN,22.46146878945244,22.050215114306518,0.4112536751459217,0
SRCV,0.21,0.24,23,HistGB,KNN,22.339223359037533,22.08033187991192,0.2588914791256123,0
SRCV,0.21,0.24,24,KNN,HistGB,22.02600495833237,21.588328318789458,0.4376766395429108,0
SRCV,0.21,0.32,0,HistGB,KNN,24.12467046999476,22.3410975641612,1.7835729058335623,0
SRCV,0.21,0.32,1,HistGB,KNN,25.77070627354392,24.167646892408506,1.603059381135413,0
SRCV,0.21,0.32,2,HistGB,KNN,24.59572377329288,23.22830694722482,1.3674168260680624,0
SRCV,0.21,0.32,3,HistGB,KNN,24.09274391415105,22.651724084282822,1.4410198298682282,0
SRCV,0.21,0.32,4,HistGB,KNN,23.90705141032773,22.899209031890777,1.0078423784369512,0
SRCV,0.21,0.32,5,HistGB,KNN,25.212724593070813,23.74077037955543,1.4719542135153851,0
SRCV,0.21,0.32,6,HistGB,KNN,27.269805798524292,24.58426841601279,2.6855373825115016,0
SRCV,0.21,0.32,7,HistGB,KNN,23.968635975943368,21.897619039501325,2.0710169364420423,0
SRCV,0.21,0.32,8,KNN,KNN,22.56198727539633,22.56198727539633,0.0,1
SRCV,0.21,0.32,9,KNN,KNN,23.726477980773108,23.726477980773108,0.0,1
SRCV,0.21,0.32,10,HistGB,KNN,24.47934381390138,23.392268978535643,1.087074835365737,0
SRCV,0.21,0.32,11,HistGB,KNN,23.72661797910468,22.911206803547127,0.8154111755575535,0
SRCV,0.21,0.32,12,HistGB,KNN,24.111346473464494,22.468416540666528,1.6429299327979656,0
SRCV,0.21,0.32,13,HistGB,KNN,24.99542252363374,23.978926219057577,1.0164963045761617,0
SRCV,0.21,0.32,14,HistGB,KNN,24.742605611228107,23.408361493293267,1.3342441179348405,0
SRCV,0.21,0.32,15,HistGB,KNN,24.416176662644283,22.5382140343824,1.8779626282618835,0
SRCV,0.21,0.32,16,KNN,KNN,23.889956814327707,23.889956814327707,0.0,1
SRCV,0.21,0.32,17,KNN,KNN,24.784073695291784,24.784073695291784,0.0,1
SRCV,0.21,0.32,18,HistGB,KNN,24.88464519023908,23.16494399329765,1.719701196941429,0
SRCV,0.21,0.32,19,KNN,KNN,22.967426539513063,22.967426539513063,0.0,1
SRCV,0.21,0.32,20,HistGB,KNN,25.04910344930528,23.79135534710681,1.257748102198473,0
SRCV,0.21,0.32,21,HistGB,KNN,26.31016837981644,24.97102970206068,1.3391386777557592,0
SRCV,0.21,0.32,22,HistGB,KNN,26.098178562014315,24.39051221352639,1.7076663484879262,0
SRCV,0.21,0.32,23,HistGB,KNN,25.557866068906574,24.187060837810005,1.3708052310965684,0
SRCV,0.21,0.32,24,KNN,KNN,24.039705867231064,24.039705867231064,0.0,1
SRCV,0.21,0.4,0,HistGB,KNN,28.049609361827816,25.10814862318806,2.941460738639755,0
SRCV,0.21,0.4,1,HistGB,KNN,29.31611875614641,26.672735103263133,2.6433836528832764,0
SRCV,0.21,0.4,2,HistGB,KNN,28.384727103233185,25.81692397000759,2.5678031332255955,0
SRCV,0.21,0.4,3,HistGB,KNN,28.010289959071308,25.423661872844157,2.586628086227151,0
SRCV,0.21,0.4,4,HistGB,KNN,28.31516006865912,25.844904882373577,2.470255186285545,0
SRCV,0.21,0.4,5,HistGB,KNN,29.138612727054603,26.34733170986748,2.7912810171871243,0
SRCV,0.21,0.4,6,HistGB,KNN,31.47206094214324,27.471419439501894,4.000641502641347,0
SRCV,0.21,0.4,7,HistGB,KNN,27.888774713460062,24.65403390525961,3.2347408082004527,0
SRCV,0.21,0.4,8,KNN,KNN,25.132597624958056,25.132597624958056,0.0,1
SRCV,0.21,0.4,9,KNN,KNN,26.551948517294797,26.551948517294797,0.0,1
SRCV,0.21,0.4,10,HistGB,KNN,27.891574895247988,25.81186367292943,2.079711222318558,0
SRCV,0.21,0.4,11,HistGB,KNN,27.79176127114822,25.676760069446004,2.115001201702217,0
SRCV,0.21,0.4,12,HistGB,KNN,28.33763090957668,25.233865931244623,3.103764978332059,0
SRCV,0.21,0.4,13,HistGB,KNN,28.798902297381467,26.54460857267338,2.254293724708088,0
SRCV,0.21,0.4,14,HistGB,KNN,29.211910296743884,26.522075989221285,2.6898343075225988,0
SRCV,0.21,0.4,15,HistGB,KNN,28.65193876540236,25.34232298472043,3.3096157806819306,0
SRCV,0.21,0.4,16,KNN,KNN,26.84998999315152,26.84998999315152,0.0,1
SRCV,0.21,0.4,17,KNN,KNN,27.506923656523504,27.506923656523504,0.0,1
SRCV,0.21,0.4,18,HistGB,KNN,28.915144639978127,25.751301404565957,3.1638432354121697,0
SRCV,0.21,0.4,19,KNN,KNN,25.36051788480377,25.36051788480377,0.0,1
SRCV,0.21,0.4,20,HistGB,KNN,28.90296152191095,26.323880275010467,2.5790812469004827,0
SRCV,0.21,0.4,21,HistGB,KNN,30.33042188933338,27.56509882832943,2.7653230610039508,0
SRCV,0.21,0.4,22,HistGB,KNN,30.205591444939312,26.97384541341878,3.231746031520533,0
SRCV,0.21,0.4,23,HistGB,KNN,29.56692175934774,26.81887054429276,2.7480512150549785,0
SRCV,0.21,0.4,24,KNN,KNN,26.826243061722764,26.826243061722764,0.0,1
SRCV,0.21,0.5,0,HistGB,KNN,34.3356818953042,29.36104864314475,4.97463325215945,0
SRCV,0.21,0.5,1,HistGB,KNN,35.45798108963929,30.78564658343057,4.6723345062087205,0
SRCV,0.21,0.5,2,HistGB,KNN,34.576328258809134,30.042510211973912,4.533818046835222,0
SRCV,0.21,0.5,3,HistGB,KNN,34.792656147750726,29.873883258001964,4.918772889748762,0
SRCV,0.21,0.5,4,HistGB,KNN,34.238497999689834,29.807820739177387,4.4306772605124465,0
SRCV,0.21,0.5,5,HistGB,KNN,35.27559090791475,30.71450700402392,4.561083903890829,0
SRCV,0.21,0.5,6,HistGB,KNN,37.69306887075829,31.49381187242601,6.199256998332277,0
SRCV,0.21,0.5,7,HistGB,KNN,33.714303799759946,28.83981311651348,4.874490683246467,0
SRCV,0.21,0.5,8,KNN,KNN,29.623591813472316,29.623591813472316,0.0,1
SRCV,0.21,0.5,9,KNN,KNN,30.300257701423387,30.300257701423387,0.0,1
SRCV,0.21,0.5,10,HistGB,KNN,33.910208514081305,29.824404136662483,4.085804377418821,0
SRCV,0.21,0.5,11,HistGB,KNN,33.62775139723734,29.60491639036404,4.022835006873301,0
SRCV,0.21,0.5,12,HistGB,KNN,34.021207929695294,29.14937495424439,4.8718329754509035,0
SRCV,0.21,0.5,13,HistGB,KNN,34.977502260566304,30.73761449320112,4.2398877673651825,0
SRCV,0.21,0.5,14,HistGB,KNN,34.802166158897485,30.22898594801385,4.573180210883635,0
SRCV,0.21,0.5,15,HistGB,KNN,34.57634793205066,29.482012823758883,5.0943351082917765,0
SRCV,0.21,0.5,16,KNN,KNN,31.00229592672065,31.00229592672065,0.0,1
SRCV,0.21,0.5,17,KNN,KNN,32.00073805865598,32.00073805865598,0.0,1
SRCV,0.21,0.5,18,HistGB,KNN,34.50305373795179,29.334123989500338,5.1689297484514505,0
SRCV,0.21,0.5,19,KNN,KNN,29.727904717251747,29.727904717251747,0.0,1
SRCV,0.21,0.5,20,HistGB,KNN,34.325370645190155,30.386612943510592,3.938757701679563,0
SRCV,0.21,0.5,21,HistGB,KNN,36.63164043905123,32.05521614959351,4.576424289457719,0
SRCV,0.21,0.5,22,HistGB,KNN,36.0951832132667,30.834582638855917,5.260600574410784,0
SRCV,0.21,0.5,23,HistGB,KNN,35.70825739251677,31.138388285827343,4.569869106689428,0
SRCV,0.21,0.5,24,KNN,KNN,30.66380562129224,30.66380562129224,0.0,1
SRCV,0.22,0.0,0,KNN,HistGB,16.712860826663256,11.76015510447522,4.9527057221880355,0
SRCV,0.22,0.0,1,KNN,HistGB,18.554607271747013,13.73168860179165,4.822918669955364,0
SRCV,0.22,0.0,2,KNN,HistGB,17.294565601799835,12.03246102203424,5.2621045797655945,0
SRCV,0.22,0.0,3,KNN,HistGB,17.083764160481746,12.507296971676508,4.576467188805237,0
SRCV,0.22,0.0,4,HistGB,HistGB,11.663767967150225,11.663767967150225,0.0,1
SRCV,0.22,0.0,5,HistGB,HistGB,12.788000461342667,12.788000461342667,0.0,1
SRCV,0.22,0.0,6,KNN,HistGB,18.91809526396279,15.137088661400586,3.781006602562204,0
SRCV,0.22,0.0,7,KNN,HistGB,16.401418327290294,11.832086758523523,4.569331568766771,0
SRCV,0.22,0.0,8,KNN,HistGB,16.860979045119617,11.80698803744633,5.053991007673288,0
SRCV,0.22,0.0,9,HistGB,HistGB,12.556532991757797,12.556532991757797,0.0,1
SRCV,0.22,0.0,10,HistGB,HistGB,12.006766732493656,12.006766732493656,0.0,1
SRCV,0.22,0.0,11,KNN,HistGB,17.126978919479217,11.346172695771273,5.780806223707945,0
SRCV,0.22,0.0,12,KNN,HistGB,16.711416334917228,11.53607012306929,5.175346211847938,0
SRCV,0.22,0.0,13,HistGB,HistGB,12.501230435307573,12.501230435307573,0.0,1
SRCV,0.22,0.0,14,KNN,HistGB,17.8750387525064,12.374390426143172,5.500648326363226,0
SRCV,0.22,0.0,15,HistGB,HistGB,12.425630433445932,12.425630433445932,0.0,1
SRCV,0.22,0.0,16,KNN,HistGB,17.942796416201624,13.0920493003693,4.850747115832323,0
SRCV,0.22,0.0,17,KNN,HistGB,19.164317183569533,14.474854688524555,4.689462495044978,0
SRCV,0.22,0.0,18,KNN,HistGB,17.532936016468177,12.72431903276434,4.808616983703837,0
SRCV,0.22,0.0,19,KNN,HistGB,17.274932376884575,12.38932481964971,4.885607557234865,0
SRCV,0.22,0.0,20,KNN,HistGB,18.07931347354128,13.18137194824744,4.89794152529384,0
SRCV,0.22,0.0,21,HistGB,HistGB,13.996657000066351,13.996657000066351,0.0,1
SRCV,0.22,0.0,22,KNN,HistGB,18.441009499620225,13.811627922541728,4.629381577078497,0
SRCV,0.22,0.0,23,KNN,HistGB,18.63753147195054,13.32873782866024,5.308793643290299,0
SRCV,0.22,0.0,24,KNN,HistGB,18.530273423408048,13.136467261751262,5.393806161656785,0
SRCV,0.22,0.025,0,KNN,HistGB,16.79379038457811,13.790624657970188,3.0031657266079215,0
SRCV,0.22,0.025,1,KNN,HistGB,18.644386250237933,15.569190624933023,3.075195625304909,0
SRCV,0.22,0.025,2,KNN,HistGB,17.40844408082005,14.088427543524208,3.3200165372958423,0
SRCV,0.22,0.025,3,KNN,HistGB,17.18234353972315,14.466111791412365,2.7162317483107845,0
SRCV,0.22,0.025,4,HistGB,HistGB,13.735054816062018,13.735054816062018,0.0,1
SRCV,0.22,0.025,5,HistGB,HistGB,14.867893327492942,14.867893327492942,0.0,1
SRCV,0.22,0.025,6,KNN,HistGB,19.050968396735676,17.17176789089314,1.8792005058425367,0
SRCV,0.22,0.025,7,KNN,HistGB,16.51491861598398,13.928703035242147,2.5862155807418326,0
SRCV,0.22,0.025,8,KNN,HistGB,16.948554250638526,14.035703406909802,2.912850843728725,0
SRCV,0.22,0.025,9,HistGB,HistGB,14.77125823960297,14.77125823960297,0.0,1
SRCV,0.22,0.025,10,HistGB,HistGB,14.180458644223837,14.180458644223837,0.0,1
SRCV,0.22,0.025,11,KNN,HistGB,17.229563111821,13.50742579877159,3.7221373130494104,0
SRCV,0.22,0.025,12,KNN,HistGB,16.827734555015816,13.758001907403685,3.069732647612131,0
SRCV,0.22,0.025,13,HistGB,HistGB,14.626656518553975,14.626656518553975,0.0,1
SRCV,0.22,0.025,14,KNN,HistGB,17.992725973192467,14.533640708116964,3.459085265075503,0
SRCV,0.22,0.025,15,HistGB,HistGB,14.46272762558578,14.46272762558578,0.0,1
SRCV,0.22,0.025,16,KNN,HistGB,18.070556963880964,15.171306018649071,2.899250945231893,0
SRCV,0.22,0.025,17,KNN,HistGB,19.30686133645113,16.52161216946523,2.7852491669859027,0
SRCV,0.22,0.025,18,KNN,HistGB,17.63792841663326,14.780199693916028,2.8577287227172334,0
SRCV,0.22,0.025,19,KNN,HistGB,17.372599683056805,14.493836285631524,2.8787633974252813,0
SRCV,0.22,0.025,20,KNN,HistGB,18.178895905265563,15.368108126940594,2.8107877783249684,0
SRCV,0.22,0.025,21,HistGB,HistGB,16.055770073743247,16.055770073743247,0.0,1
SRCV,0.22,0.025,22,KNN,HistGB,18.566793121873637,15.713546741354476,2.8532463805191615,0
SRCV,0.22,0.025,23,KNN,HistGB,18.77027097829567,15.55503612142687,3.2152348568688005,0
SRCV,0.22,0.025,24,KNN,HistGB,18.665538668244785,15.081413399945886,3.5841252682988998,0
SRCV,0.22,0.1,0,KNN,HistGB,17.5231621823255,16.06918849714951,1.4539736851759884,0
SRCV,0.22,0.1,1,KNN,HistGB,19.32869326584255,17.715227486371926,1.6134657794706229,0
SRCV,0.22,0.1,2,KNN,HistGB,18.17558155965749,16.59812152428756,1.5774600353699313,0
SRCV,0.22,0.1,3,KNN,HistGB,17.925438981719108,16.681998568610286,1.2434404131088215,0
SRCV,0.22,0.1,4,HistGB,HistGB,16.108514635915505,16.108514635915505,0.0,1
SRCV,0.22,0.1,5,HistGB,HistGB,17.268672823209283,17.268672823209283,0.0,1
SRCV,0.22,0.1,6,KNN,HistGB,19.745096589509156,19.40432003734352,0.34077655216563585,0
SRCV,0.22,0.1,7,KNN,HistGB,17.211537249203268,16.082236395832705,1.1293008533705624,0
SRCV,0.22,0.1,8,KNN,HistGB,17.746024009013,16.407129732211875,1.338894276801124,0
SRCV,0.22,0.1,9,HistGB,HistGB,17.16320210267766,17.16320210267766,0.0,1
SRCV,0.22,0.1,10,HistGB,HistGB,16.50268958110556,16.50268958110556,0.0,1
SRCV,0.22,0.1,11,KNN,HistGB,17.96719913149301,15.964533676765804,2.0026654547272074,0
SRCV,0.22,0.1,12,KNN,HistGB,17.54851771166636,15.955340858425544,1.5931768532408164,0
SRCV,0.22,0.1,13,HistGB,HistGB,16.931967619416174,16.931967619416174,0.0,1
SRCV,0.22,0.1,14,KNN,HistGB,18.72975835972648,16.92890955586985,1.8008488038566277,0
SRCV,0.22,0.1,15,HistGB,HistGB,16.861669366598026,16.861669366598026,0.0,1
SRCV,0.22,0.1,16,KNN,HistGB,18.896520323914547,17.657517204616237,1.2390031192983102,0
SRCV,0.22,0.1,17,KNN,HistGB,19.95574950153938,18.682009768699448,1.2737397328399318,0
SRCV,0.22,0.1,18,KNN,HistGB,18.312341343757318,17.15936754113902,1.1529738026182983,0
SRCV,0.22,0.1,19,KNN,HistGB,18.145966862039437,16.832397587873736,1.313569274165701,0
SRCV,0.22,0.1,20,KNN,HistGB,18.992819541985696,17.57369629098549,1.4191232510002045,0
SRCV,0.22,0.1,21,HistGB,HistGB,18.21056570240688,18.21056570240688,0.0,1
SRCV,0.22,0.1,22,KNN,HistGB,19.27823232860887,17.918651632655692,1.359580695953177,0
SRCV,0.22,0.1,23,KNN,HistGB,19.465028851441705,17.87434674116678,1.5906821102749262,0
SRCV,0.22,0.1,24,KNN,HistGB,19.442251999825764,17.41484728033265,2.027404719493113,0
SRCV,0.22,0.15,0,KNN,HistGB,18.388477153771547,17.541973445772758,0.8465037079987887,0
SRCV,0.22,0.15,1,KNN,HistGB,20.103658813730984,19.010878031887327,1.0927807818436577,0
SRCV,0.22,0.15,2,KNN,HistGB,18.92963424576875,17.80100779364431,1.1286264521244398,0
SRCV,0.22,0.15,3,KNN,HistGB,18.711842001889416,18.01452453786513,0.6973174640242839,0
SRCV,0.22,0.15,4,HistGB,HistGB,17.437948123990314,17.437948123990314,0.0,1
SRCV,0.22,0.15,5,HistGB,HistGB,18.58285094234233,18.58285094234233,0.0,1
SRCV,0.22,0.15,6,KNN,KNN,20.55617663708099,20.55617663708099,0.0,1
SRCV,0.22,0.15,7,KNN,HistGB,17.970398911809447,17.529586892481948,0.4408120193274989,0
SRCV,0.22,0.15,8,KNN,HistGB,18.44987914993896,17.8122895281797,0.6375896217592576,0
SRCV,0.22,0.15,9,HistGB,HistGB,18.495670339370204,18.495670339370204,0.0,1
SRCV,0.22,0.15,10,HistGB,RandomForest,17.97117283362848,17.920692448422127,0.05048038520635245,0
SRCV,0.22,0.15,11,KNN,RandomForest,18.79563082489245,17.41666006093395,1.378970763958499,0
SRCV,0.22,0.15,12,KNN,HistGB,18.42456477911524,17.466672392177024,0.9578923869382159,0
SRCV,0.22,0.15,13,HistGB,HistGB,18.257215445819707,18.257215445819707,0.0,1
SRCV,0.22,0.15,14,KNN,HistGB,19.375277867166645,18.137408455216548,1.237869411950097,0
SRCV,0.22,0.15,15,HistGB,HistGB,18.107544438260927,18.107544438260927,0.0,1
SRCV,0.22,0.15,16,KNN,HistGB,19.630078267995007,18.78614046980045,0.8439377981945562,0
SRCV,0.22,0.15,17,KNN,HistGB,20.666777338238568,20.041240568377912,0.6255367698606555,0
SRCV,0.22,0.15,18,KNN,HistGB,19.05821184825198,18.367784803289087,0.6904270449628918,0
SRCV,0.22,0.15,19,KNN,HistGB,18.868378910996704,18.104123699192264,0.7642552118044392,0
SRCV,0.22,0.15,20,KNN,HistGB,19.705015054608563,18.801855062804623,0.903159991803939,0
SRCV,0.22,0.15,21,HistGB,HistGB,19.59619733176809,19.59619733176809,0.0,1
SRCV,0.22,0.15,22,KNN,HistGB,20.08406841921086,19.298586066791096,0.7854823524197627,0
SRCV,0.22,0.15,23,KNN,HistGB,20.17233384941767,19.173574821481136,0.9987590279365328,0
SRCV,0.22,0.15,24,KNN,HistGB,20.2282352313486,18.65781447093841,1.5704207604101903,0
SRCV,0.22,0.19,0,KNN,HistGB,19.139543512488924,18.928739010266547,0.210804502222377,0
SRCV,0.22,0.19,1,KNN,HistGB,20.755594195270135,20.143835873105846,0.6117583221642882,0
SRCV,0.22,0.19,2,KNN,RandomForest,19.696144316545364,19.25223313590072,0.4439111806446441,0
SRCV,0.22,0.19,3,KNN,HistGB,19.529605467282504,19.443279896968026,0.08632557031447874,0
SRCV,0.22,0.19,4,HistGB,HistGB,18.91392220590144,18.91392220590144,0.0,1
SRCV,0.22,0.19,5,HistGB,HistGB,19.95917516081851,19.95917516081851,0.0,1
SRCV,0.22,0.19,6,KNN,KNN,21.221317844771534,21.221317844771534,0.0,1
SRCV,0.22,0.19,7,KNN,HistGB,18.77454186131733,18.7343657051764,0.040176156140930175,0
SRCV,0.22,0.19,8,KNN,HistGB,19.202362722887752,19.090144255140743,0.1122184677470095,0
SRCV,0.22,0.19,9,HistGB,HistGB,19.75986807523372,19.75986807523372,0.0,1
SRCV,0.22,0.19,10,HistGB,RandomForest,19.228897842651488,19.11294703331267,0.11595080933881974,0
SRCV,0.22,0.19,11,KNN,HistGB,19.620868000509937,18.667847445401883,0.9530205551080542,0
SRCV,0.22,0.19,12,KNN,HistGB,19.0309632448056,18.74800249831791,0.2829607464876922,0
SRCV,0.22,0.19,13,HistGB,HistGB,19.487413662156857,19.487413662156857,0.0,1
SRCV,0.22,0.19,14,KNN,HistGB,20.362011714757084,19.805729525276647,0.556282189480438,0
SRCV,0.22,0.19,15,HistGB,HistGB,19.53354628711148,19.53354628711148,0.0,1
SRCV,0.22,0.19,16,KNN,HistGB,20.533975780645825,20.42138389973512,0.11259188091070627,0
SRCV,0.22,0.19,17,KNN,HistGB,21.420566899318523,21.336585653266862,0.08398124605166046,0
SRCV,0.22,0.19,18,KNN,HistGB,19.727747830033994,19.63875503262111,0.08899279741288524,0
SRCV,0.22,0.19,19,KNN,HistGB,19.547908981423685,19.237587544515986,0.3103214369076994,0
SRCV,0.22,0.19,20,KNN,HistGB,20.41783160970748,19.92591817042073,0.49191343928675124,0
SRCV,0.22,0.19,21,HistGB,HistGB,21.007827210990577,21.007827210990577,0.0,1
SRCV,0.22,0.19,22,KNN,HistGB,20.824194069788632,20.67660900892144,0.14758506086719336,0
SRCV,0.22,0.19,23,KNN,RandomForest,20.975719808111897,20.554130699292205,0.4215891088196919,0
SRCV,0.22,0.19,24,KNN,HistGB,20.889895387910965,19.83663934120755,1.0532560467034138,0
SRCV,0.22,0.2,0,KNN,HistGB,19.33529642412818,19.31695977824297,0.01833664588520989,0
SRCV,0.22,0.2,1,KNN,HistGB,20.988118869736013,20.633704058890523,0.35441481084549054,0
SRCV,0.22,0.2,2,KNN,RandomForest,19.89029596386833,19.530966200000307,0.35932976386802196,0
SRCV,0.22,0.2,3,KNN,HistGB,19.55057030403988,19.40246723251745,0.1481030715224314,0
SRCV,0.22,0.2,4,HistGB,HistGB,19.19879919002628,19.19879919002628,0.0,1
SRCV,0.22,0.2,5,HistGB,HistGB,20.309646525902178,20.309646525902178,0.0,1
SRCV,0.22,0.2,6,KNN,KNN,21.45106211319845,21.45106211319845,0.0,1
SRCV,0.22,0.2,7,KNN,KNN,18.91466158420148,18.91466158420148,0.0,1
SRCV,0.22,0.2,8,KNN,HistGB,19.4297476825972,19.353522301384245,0.07622538121295364,0
SRCV,0.22,0.2,9,HistGB,HistGB,20.244280483753503,20.244280483753503,0.0,1
SRCV,0.22,0.2,10,HistGB,RandomForest,19.482679894775195,19.397262692891125,0.08541720188406998,0
SRCV,0.22,0.2,11,KNN,HistGB,19.72074783192237,18.81764877008533,0.9030990618370396,0
SRCV,0.22,0.2,12,KNN,HistGB,19.28080431886713,19.156116543683805,0.1246877751833253,0
SRCV,0.22,0.2,13,HistGB,HistGB,20.01349433745357,20.01349433745357,0.0,1
SRCV,0.22,0.2,14,KNN,HistGB,20.484338702816657,20.033455238923583,0.4508834638930743,0
SRCV,0.22,0.2,15,HistGB,KNN,19.86983031134916,19.770319702527317,0.09951060882184137,0
SRCV,0.22,0.2,16,KNN,HistGB,20.74824864265046,20.56981023209017,0.17843841056028964,0
SRCV,0.22,0.2,17,KNN,KNN,21.8467341910282,21.8467341910282,0.0,1
SRCV,0.22,0.2,18,KNN,KNN,20.099350238418523,20.099350238418523,0.0,1
SRCV,0.22,0.2,19,KNN,HistGB,19.747357179175573,19.59435135708357,0.15300582209200186,0
SRCV,0.22,0.2,20,KNN,HistGB,20.64765181172246,20.38206963513907,0.2655821765833899,0
SRCV,0.22,0.2,21,HistGB,HistGB,21.186528023649814,21.186528023649814,0.0,1
SRCV,0.22,0.2,22,KNN,HistGB,21.063528092176284,20.970762127732502,0.09276596444378171,0
SRCV,0.22,0.2,23,KNN,HistGB,21.09697164614846,20.731601966614555,0.36536967953390587,0
SRCV,0.22,0.2,24,KNN,HistGB,21.136811627411657,20.04810559903347,1.088706028378187,0
SRCV,0.22,0.21,0,KNN,KNN,19.62070076050922,19.62070076050922,0.0,1
SRCV,0.22,0.21,1,KNN,HistGB,21.281338824066957,20.883479751389164,0.3978590726777931,0
SRCV,0.22,0.21,2,KNN,RandomForest,20.03087367709801,19.776411638303763,0.254462038794248,0
SRCV,0.22,0.21,3,KNN,HistGB,19.96191041898597,19.79962845112105,0.16228196786492077,0
SRCV,0.22,0.21,4,HistGB,HistGB,19.524084711512717,19.524084711512717,0.0,1
SRCV,0.22,0.21,5,HistGB,HistGB,20.691741037075957,20.691741037075957,0.0,1
SRCV,0.22,0.21,6,KNN,KNN,21.735449205266427,21.735449205266427,0.0,1
SRCV,0.22,0.21,7,KNN,KNN,19.129134412148225,19.129134412148225,0.0,1
SRCV,0.22,0.21,8,KNN,KNN,19.754159286311616,19.754159286311616,0.0,1
SRCV,0.22,0.21,9,HistGB,HistGB,20.53946391412387,20.53946391412387,0.0,1
SRCV,0.22,0.21,10,HistGB,RandomForest,19.791512389893278,19.766638000384397,0.024874389508880768,0
SRCV,0.22,0.21,11,KNN,HistGB,19.811427834637808,19.12476153385831,0.6866663007794962,0
SRCV,0.22,0.21,12,KNN,HistGB,19.63675067855227,19.62285011346803,0.01390056508424209,0
SRCV,0.22,0.21,13,HistGB,HistGB,20.1912750022628,20.1912750022628,0.0,1
SRCV,0.22,0.21,14,KNN,HistGB,20.58014152468207,20.17871752830445,0.40142399637761983,0
SRCV,0.22,0.21,15,HistGB,KNN,20.35635435076348,20.008689836811453,0.3476645139520258,0
SRCV,0.22,0.21,16,KNN,RandomForest,20.84034429185012,20.833181161887754,0.007163129962364678,0
SRCV,0.22,0.21,17,KNN,KNN,21.9739723674224,21.9739723674224,0.0,1
SRCV,0.22,0.21,18,KNN,KNN,20.18731917985644,20.18731917985644,0.0,1
SRCV,0.22,0.21,19,KNN,HistGB,20.032694142887376,19.97509701714303,0.05759712574434417,0
SRCV,0.22,0.21,20,KNN,HistGB,20.77611016022536,20.63839378129152,0.1377163789338418,0
SRCV,0.22,0.21,21,HistGB,HistGB,21.40956894525845,21.40956894525845,0.0,1
SRCV,0.22,0.21,22,KNN,KNN,21.24068021908822,21.24068021908822,0.0,1
SRCV,0.22,0.21,23,KNN,HistGB,21.334876409437367,21.073886705689358,0.26098970374800956,0
SRCV,0.22,0.21,24,KNN,HistGB,21.435227269307976,20.58508699071329,0.8501402785946865,0
SRCV,0.22,0.24,0,KNN,KNN,20.33664056590208,20.33664056590208,0.0,1
SRCV,0.22,0.24,1,KNN,KNN,21.92280236504782,21.92280236504782,0.0,1
SRCV,0.22,0.24,2,KNN,KNN,20.741214770005676,20.741214770005676,0.0,1
SRCV,0.22,0.24,3,KNN,KNN,20.4321294687124,20.4321294687124,0.0,1
SRCV,0.22,0.24,4,HistGB,HistGB,20.575640835804094,20.575640835804094,0.0,1
SRCV,0.22,0.24,5,HistGB,KNN,21.85542178703425,21.582918404859733,0.2725033821745164,0
SRCV,0.22,0.24,6,KNN,KNN,22.650935540068332,22.650935540068332,0.0,1
SRCV,0.22,0.24,7,KNN,KNN,19.87952199459999,19.87952199459999,0.0,1
SRCV,0.22,0.24,8,KNN,KNN,20.522281621260348,20.522281621260348,0.0,1
SRCV,0.22,0.24,9,HistGB,HistGB,21.50120439198769,21.50120439198769,0.0,1
SRCV,0.22,0.24,10,HistGB,HistGB,20.799187355071187,20.799187355071187,0.0,1
SRCV,0.22,0.24,11,KNN,RandomForest,20.65526578250647,20.371659546986443,0.2836062355200255,0
SRCV,0.22,0.24,12,KNN,KNN,20.153818096825816,20.153818096825816,0.0,1
SRCV,0.22,0.24,13,HistGB,HistGB,21.2669017233842,21.2669017233842,0.0,1
SRCV,0.22,0.24,14,KNN,KNN,21.3226337532928,21.3226337532928,0.0,1
SRCV,0.22,0.24,15,HistGB,KNN,21.109553749660595,20.52767563958444,0.5818781100761541,0
SRCV,0.22,0.24,16,KNN,KNN,21.60327312063129,21.60327312063129,0.0,1
SRCV,0.22,0.24,17,KNN,KNN,22.6236646265378,22.6236646265378,0.0,1
SRCV,0.22,0.24,18,KNN,KNN,20.865332927318907,20.865332927318907,0.0,1
SRCV,0.22,0.24,19,KNN,KNN,20.611027408455104,20.611027408455104,0.0,1
SRCV,0.22,0.24,20,KNN,KNN,21.538000917902348,21.538000917902348,0.0,1
SRCV,0.22,0.24,21,HistGB,KNN,22.651067969927944,22.618736893558317,0.03233107636962629,0
SRCV,0.22,0.24,22,KNN,KNN,22.050215114306518,22.050215114306518,0.0,1
SRCV,0.22,0.24,23,KNN,KNN,22.08033187991192,22.08033187991192,0.0,1
SRCV,0.22,0.24,24,KNN,HistGB,22.02600495833237,21.588328318789458,0.4376766395429108,0
SRCV,0.22,0.32,0,KNN,KNN,22.3410975641612,22.3410975641612,0.0,1
SRCV,0.22,0.32,1,KNN,KNN,24.167646892408506,24.167646892408506,0.0,1
SRCV,0.22,0.32,2,KNN,KNN,23.22830694722482,23.22830694722482,0.0,1
SRCV,0.22,0.32,3,KNN,KNN,22.651724084282822,22.651724084282822,0.0,1
SRCV,0.22,0.32,4,HistGB,KNN,23.90705141032773,22.899209031890777,1.0078423784369512,0
SRCV,0.22,0.32,5,HistGB,KNN,25.212724593070813,23.74077037955543,1.4719542135153851,0
SRCV,0.22,0.32,6,KNN,KNN,24.58426841601279,24.58426841601279,0.0,1
SRCV,0.22,0.32,7,KNN,KNN,21.897619039501325,21.897619039501325,0.0,1
SRCV,0.22,0.32,8,KNN,KNN,22.56198727539633,22.56198727539633,0.0,1
SRCV,0.22,0.32,9,HistGB,KNN,24.803594090704078,23.726477980773108,1.0771161099309694,0
SRCV,0.22,0.32,10,HistGB,KNN,24.47934381390138,23.392268978535643,1.087074835365737,0
SRCV,0.22,0.32,11,KNN,KNN,22.911206803547127,22.911206803547127,0.0,1
SRCV,0.22,0.32,12,KNN,KNN,22.468416540666528,22.468416540666528,0.0,1
SRCV,0.22,0.32,13,HistGB,KNN,24.99542252363374,23.978926219057577,1.0164963045761617,0
SRCV,0.22,0.32,14,KNN,KNN,23.408361493293267,23.408361493293267,0.0,1
SRCV,0.22,0.32,15,HistGB,KNN,24.416176662644283,22.5382140343824,1.8779626282618835,0
SRCV,0.22,0.32,16,KNN,KNN,23.889956814327707,23.889956814327707,0.0,1
SRCV,0.22,0.32,17,KNN,KNN,24.784073695291784,24.784073695291784,0.0,1
SRCV,0.22,0.32,18,KNN,KNN,23.16494399329765,23.16494399329765,0.0,1
SRCV,0.22,0.32,19,KNN,KNN,22.967426539513063,22.967426539513063,0.0,1
SRCV,0.22,0.32,20,KNN,KNN,23.79135534710681,23.79135534710681,0.0,1
SRCV,0.22,0.32,21,HistGB,KNN,26.31016837981644,24.97102970206068,1.3391386777557592,0
SRCV,0.22,0.32,22,KNN,KNN,24.39051221352639,24.39051221352639,0.0,1
SRCV,0.22,0.32,23,KNN,KNN,24.187060837810005,24.187060837810005,0.0,1
SRCV,0.22,0.32,24,KNN,KNN,24.039705867231064,24.039705867231064,0.0,1
SRCV,0.22,0.4,0,KNN,KNN,25.10814862318806,25.10814862318806,0.0,1
SRCV,0.22,0.4,1,KNN,KNN,26.672735103263133,26.672735103263133,0.0,1
SRCV,0.22,0.4,2,KNN,KNN,25.81692397000759,25.81692397000759,0.0,1
SRCV,0.22,0.4,3,KNN,KNN,25.423661872844157,25.423661872844157,0.0,1
SRCV,0.22,0.4,4,HistGB,KNN,28.31516006865912,25.844904882373577,2.470255186285545,0
SRCV,0.22,0.4,5,HistGB,KNN,29.138612727054603,26.34733170986748,2.7912810171871243,0
SRCV,0.22,0.4,6,KNN,KNN,27.471419439501894,27.471419439501894,0.0,1
SRCV,0.22,0.4,7,KNN,KNN,24.65403390525961,24.65403390525961,0.0,1
SRCV,0.22,0.4,8,KNN,KNN,25.132597624958056,25.132597624958056,0.0,1
SRCV,0.22,0.4,9,HistGB,KNN,29.266611766794703,26.551948517294797,2.714663249499907,0
SRCV,0.22,0.4,10,HistGB,KNN,27.891574895247988,25.81186367292943,2.079711222318558,0
SRCV,0.22,0.4,11,KNN,KNN,25.676760069446004,25.676760069446004,0.0,1
SRCV,0.22,0.4,12,KNN,KNN,25.233865931244623,25.233865931244623,0.0,1
SRCV,0.22,0.4,13,HistGB,KNN,28.798902297381467,26.54460857267338,2.254293724708088,0
SRCV,0.22,0.4,14,KNN,KNN,26.522075989221285,26.522075989221285,0.0,1
SRCV,0.22,0.4,15,HistGB,KNN,28.65193876540236,25.34232298472043,3.3096157806819306,0
SRCV,0.22,0.4,16,KNN,KNN,26.84998999315152,26.84998999315152,0.0,1
SRCV,0.22,0.4,17,KNN,KNN,27.506923656523504,27.506923656523504,0.0,1
SRCV,0.22,0.4,18,KNN,KNN,25.751301404565957,25.751301404565957,0.0,1
SRCV,0.22,0.4,19,KNN,KNN,25.36051788480377,25.36051788480377,0.0,1
SRCV,0.22,0.4,20,KNN,KNN,26.323880275010467,26.323880275010467,0.0,1
SRCV,0.22,0.4,21,HistGB,KNN,30.33042188933338,27.56509882832943,2.7653230610039508,0
SRCV,0.22,0.4,22,KNN,KNN,26.97384541341878,26.97384541341878,0.0,1
SRCV,0.22,0.4,23,KNN,KNN,26.81887054429276,26.81887054429276,0.0,1
SRCV,0.22,0.4,24,KNN,KNN,26.826243061722764,26.826243061722764,0.0,1
SRCV,0.22,0.5,0,KNN,KNN,29.36104864314475,29.36104864314475,0.0,1
SRCV,0.22,0.5,1,KNN,KNN,30.78564658343057,30.78564658343057,0.0,1
SRCV,0.22,0.5,2,KNN,KNN,30.042510211973912,30.042510211973912,0.0,1
SRCV,0.22,0.5,3,KNN,KNN,29.873883258001964,29.873883258001964,0.0,1
SRCV,0.22,0.5,4,HistGB,KNN,34.238497999689834,29.807820739177387,4.4306772605124465,0
SRCV,0.22,0.5,5,HistGB,KNN,35.27559090791475,30.71450700402392,4.561083903890829,0
SRCV,0.22,0.5,6,KNN,KNN,31.49381187242601,31.49381187242601,0.0,1
SRCV,0.22,0.5,7,KNN,KNN,28.83981311651348,28.83981311651348,0.0,1
SRCV,0.22,0.5,8,KNN,KNN,29.623591813472316,29.623591813472316,0.0,1
SRCV,0.22,0.5,9,HistGB,KNN,34.73783599713518,30.300257701423387,4.437578295711791,0
SRCV,0.22,0.5,10,HistGB,KNN,33.910208514081305,29.824404136662483,4.085804377418821,0
SRCV,0.22,0.5,11,KNN,KNN,29.60491639036404,29.60491639036404,0.0,1
SRCV,0.22,0.5,12,KNN,KNN,29.14937495424439,29.14937495424439,0.0,1
SRCV,0.22,0.5,13,HistGB,KNN,34.977502260566304,30.73761449320112,4.2398877673651825,0
SRCV,0.22,0.5,14,KNN,KNN,30.22898594801385,30.22898594801385,0.0,1
SRCV,0.22,0.5,15,HistGB,KNN,34.57634793205066,29.482012823758883,5.0943351082917765,0
SRCV,0.22,0.5,16,KNN,KNN,31.00229592672065,31.00229592672065,0.0,1
SRCV,0.22,0.5,17,KNN,KNN,32.00073805865598,32.00073805865598,0.0,1
SRCV,0.22,0.5,18,KNN,KNN,29.334123989500338,29.334123989500338,0.0,1
SRCV,0.22,0.5,19,KNN,KNN,29.727904717251747,29.727904717251747,0.0,1
SRCV,0.22,0.5,20,KNN,KNN,30.386612943510592,30.386612943510592,0.0,1
SRCV,0.22,0.5,21,HistGB,KNN,36.63164043905123,32.05521614959351,4.576424289457719,0
SRCV,0.22,0.5,22,KNN,KNN,30.834582638855917,30.834582638855917,0.0,1
SRCV,0.22,0.5,23,KNN,KNN,31.138388285827343,31.138388285827343,0.0,1
SRCV,0.22,0.5,24,KNN,KNN,30.66380562129224,30.66380562129224,0.0,1
SRCV,0.24,0.0,0,KNN,HistGB,16.712860826663256,11.76015510447522,4.9527057221880355,0
SRCV,0.24,0.0,1,KNN,HistGB,18.554607271747013,13.73168860179165,4.822918669955364,0
SRCV,0.24,0.0,2,KNN,HistGB,17.294565601799835,12.03246102203424,5.2621045797655945,0
SRCV,0.24,0.0,3,KNN,HistGB,17.083764160481746,12.507296971676508,4.576467188805237,0
SRCV,0.24,0.0,4,HistGB,HistGB,11.663767967150225,11.663767967150225,0.0,1
SRCV,0.24,0.0,5,KNN,HistGB,17.909664222574467,12.788000461342667,5.121663761231799,0
SRCV,0.24,0.0,6,KNN,HistGB,18.91809526396279,15.137088661400586,3.781006602562204,0
SRCV,0.24,0.0,7,KNN,HistGB,16.401418327290294,11.832086758523523,4.569331568766771,0
SRCV,0.24,0.0,8,KNN,HistGB,16.860979045119617,11.80698803744633,5.053991007673288,0
SRCV,0.24,0.0,9,KNN,HistGB,18.208051796429302,12.556532991757797,5.651518804671506,0
SRCV,0.24,0.0,10,KNN,HistGB,17.662682533055555,12.006766732493656,5.6559158005619,0
SRCV,0.24,0.0,11,KNN,HistGB,17.126978919479217,11.346172695771273,5.780806223707945,0
SRCV,0.24,0.0,12,KNN,HistGB,16.711416334917228,11.53607012306929,5.175346211847938,0
SRCV,0.24,0.0,13,KNN,HistGB,18.31367704428567,12.501230435307573,5.812446608978096,0
SRCV,0.24,0.0,14,KNN,HistGB,17.8750387525064,12.374390426143172,5.500648326363226,0
SRCV,0.24,0.0,15,KNN,HistGB,17.154024846008546,12.425630433445932,4.728394412562615,0
SRCV,0.24,0.0,16,KNN,HistGB,17.942796416201624,13.0920493003693,4.850747115832323,0
SRCV,0.24,0.0,17,KNN,HistGB,19.164317183569533,14.474854688524555,4.689462495044978,0
SRCV,0.24,0.0,18,KNN,HistGB,17.532936016468177,12.72431903276434,4.808616983703837,0
SRCV,0.24,0.0,19,KNN,HistGB,17.274932376884575,12.38932481964971,4.885607557234865,0
SRCV,0.24,0.0,20,KNN,HistGB,18.07931347354128,13.18137194824744,4.89794152529384,0
SRCV,0.24,0.0,21,KNN,HistGB,19.15831170114261,13.996657000066351,5.161654701076257,0
SRCV,0.24,0.0,22,KNN,HistGB,18.441009499620225,13.811627922541728,4.629381577078497,0
SRCV,0.24,0.0,23,KNN,HistGB,18.63753147195054,13.32873782866024,5.308793643290299,0
SRCV,0.24,0.0,24,KNN,HistGB,18.530273423408048,13.136467261751262,5.393806161656785,0
SRCV,0.24,0.025,0,KNN,HistGB,16.79379038457811,13.790624657970188,3.0031657266079215,0
SRCV,0.24,0.025,1,KNN,HistGB,18.644386250237933,15.569190624933023,3.075195625304909,0
SRCV,0.24,0.025,2,KNN,HistGB,17.40844408082005,14.088427543524208,3.3200165372958423,0
SRCV,0.24,0.025,3,KNN,HistGB,17.18234353972315,14.466111791412365,2.7162317483107845,0
SRCV,0.24,0.025,4,HistGB,HistGB,13.735054816062018,13.735054816062018,0.0,1
SRCV,0.24,0.025,5,KNN,HistGB,18.03232002466543,14.867893327492942,3.1644266971724893,0
SRCV,0.24,0.025,6,KNN,HistGB,19.050968396735676,17.17176789089314,1.8792005058425367,0
SRCV,0.24,0.025,7,KNN,HistGB,16.51491861598398,13.928703035242147,2.5862155807418326,0
SRCV,0.24,0.025,8,KNN,HistGB,16.948554250638526,14.035703406909802,2.912850843728725,0
SRCV,0.24,0.025,9,KNN,HistGB,18.322813115694636,14.77125823960297,3.551554876091666,0
SRCV,0.24,0.025,10,KNN,HistGB,17.800550289558565,14.180458644223837,3.6200916453347283,0
SRCV,0.24,0.025,11,KNN,HistGB,17.229563111821,13.50742579877159,3.7221373130494104,0
SRCV,0.24,0.025,12,KNN,HistGB,16.827734555015816,13.758001907403685,3.069732647612131,0
SRCV,0.24,0.025,13,KNN,HistGB,18.40566096022652,14.626656518553975,3.7790044416725443,0
SRCV,0.24,0.025,14,KNN,HistGB,17.992725973192467,14.533640708116964,3.459085265075503,0
SRCV,0.24,0.025,15,KNN,HistGB,17.28838926437569,14.46272762558578,2.825661638789912,0
SRCV,0.24,0.025,16,KNN,HistGB,18.070556963880964,15.171306018649071,2.899250945231893,0
SRCV,0.24,0.025,17,KNN,HistGB,19.30686133645113,16.52161216946523,2.7852491669859027,0
SRCV,0.24,0.025,18,KNN,HistGB,17.63792841663326,14.780199693916028,2.8577287227172334,0
SRCV,0.24,0.025,19,KNN,HistGB,17.372599683056805,14.493836285631524,2.8787633974252813,0
SRCV,0.24,0.025,20,KNN,HistGB,18.178895905265563,15.368108126940594,2.8107877783249684,0
SRCV,0.24,0.025,21,KNN,HistGB,19.25557234649906,16.055770073743247,3.1998022727558144,0
SRCV,0.24,0.025,22,KNN,HistGB,18.566793121873637,15.713546741354476,2.8532463805191615,0
SRCV,0.24,0.025,23,KNN,HistGB,18.77027097829567,15.55503612142687,3.2152348568688005,0
SRCV,0.24,0.025,24,KNN,HistGB,18.665538668244785,15.081413399945886,3.5841252682988998,0
SRCV,0.24,0.1,0,KNN,HistGB,17.5231621823255,16.06918849714951,1.4539736851759884,0
SRCV,0.24,0.1,1,KNN,HistGB,19.32869326584255,17.715227486371926,1.6134657794706229,0
SRCV,0.24,0.1,2,KNN,HistGB,18.17558155965749,16.59812152428756,1.5774600353699313,0
SRCV,0.24,0.1,3,KNN,HistGB,17.925438981719108,16.681998568610286,1.2434404131088215,0
SRCV,0.24,0.1,4,HistGB,HistGB,16.108514635915505,16.108514635915505,0.0,1
SRCV,0.24,0.1,5,KNN,HistGB,18.794459096153552,17.268672823209283,1.52578627294427,0
SRCV,0.24,0.1,6,KNN,HistGB,19.745096589509156,19.40432003734352,0.34077655216563585,0
SRCV,0.24,0.1,7,KNN,HistGB,17.211537249203268,16.082236395832705,1.1293008533705624,0
SRCV,0.24,0.1,8,KNN,HistGB,17.746024009013,16.407129732211875,1.338894276801124,0
SRCV,0.24,0.1,9,KNN,HistGB,19.06570127667792,17.16320210267766,1.902499174000262,0
SRCV,0.24,0.1,10,KNN,HistGB,18.527082647635567,16.50268958110556,2.0243930665300063,0
SRCV,0.24,0.1,11,KNN,HistGB,17.96719913149301,15.964533676765804,2.0026654547272074,0
SRCV,0.24,0.1,12,KNN,HistGB,17.54851771166636,15.955340858425544,1.5931768532408164,0
SRCV,0.24,0.1,13,KNN,HistGB,19.15551732759574,16.931967619416174,2.223549708179565,0
SRCV,0.24,0.1,14,KNN,HistGB,18.72975835972648,16.92890955586985,1.8008488038566277,0
SRCV,0.24,0.1,15,KNN,HistGB,18.030242339464674,16.861669366598026,1.1685729728666487,0
SRCV,0.24,0.1,16,KNN,HistGB,18.896520323914547,17.657517204616237,1.2390031192983102,0
SRCV,0.24,0.1,17,KNN,HistGB,19.95574950153938,18.682009768699448,1.2737397328399318,0
SRCV,0.24,0.1,18,KNN,HistGB,18.312341343757318,17.15936754113902,1.1529738026182983,0
SRCV,0.24,0.1,19,KNN,HistGB,18.145966862039437,16.832397587873736,1.313569274165701,0
SRCV,0.24,0.1,20,KNN,HistGB,18.992819541985696,17.57369629098549,1.4191232510002045,0
SRCV,0.24,0.1,21,KNN,HistGB,19.975424731932844,18.21056570240688,1.7648590295259652,0
SRCV,0.24,0.1,22,KNN,HistGB,19.27823232860887,17.918651632655692,1.359580695953177,0
SRCV,0.24,0.1,23,KNN,HistGB,19.465028851441705,17.87434674116678,1.5906821102749262,0
SRCV,0.24,0.1,24,KNN,HistGB,19.442251999825764,17.41484728033265,2.027404719493113,0
SRCV,0.24,0.15,0,KNN,HistGB,18.388477153771547,17.541973445772758,0.8465037079987887,0
SRCV,0.24,0.15,1,KNN,HistGB,20.103658813730984,19.010878031887327,1.0927807818436577,0
SRCV,0.24,0.15,2,KNN,HistGB,18.92963424576875,17.80100779364431,1.1286264521244398,0
SRCV,0.24,0.15,3,KNN,HistGB,18.711842001889416,18.01452453786513,0.6973174640242839,0
SRCV,0.24,0.15,4,HistGB,HistGB,17.437948123990314,17.437948123990314,0.0,1
SRCV,0.24,0.15,5,KNN,HistGB,19.56493339318045,18.58285094234233,0.9820824508381207,0
SRCV,0.24,0.15,6,KNN,KNN,20.55617663708099,20.55617663708099,0.0,1
SRCV,0.24,0.15,7,KNN,HistGB,17.970398911809447,17.529586892481948,0.4408120193274989,0
SRCV,0.24,0.15,8,KNN,HistGB,18.44987914993896,17.8122895281797,0.6375896217592576,0
SRCV,0.24,0.15,9,KNN,HistGB,19.78419240715848,18.495670339370204,1.288522067788275,0
SRCV,0.24,0.15,10,KNN,RandomForest,19.292430684389867,17.920692448422127,1.3717382359677401,0
SRCV,0.24,0.15,11,KNN,RandomForest,18.79563082489245,17.41666006093395,1.378970763958499,0
SRCV,0.24,0.15,12,KNN,HistGB,18.42456477911524,17.466672392177024,0.9578923869382159,0
SRCV,0.24,0.15,13,KNN,HistGB,19.915783478472257,18.257215445819707,1.6585680326525498,0
SRCV,0.24,0.15,14,KNN,HistGB,19.375277867166645,18.137408455216548,1.237869411950097,0
SRCV,0.24,0.15,15,KNN,HistGB,18.7588221069636,18.107544438260927,0.6512776687026722,0
SRCV,0.24,0.15,16,KNN,HistGB,19.630078267995007,18.78614046980045,0.8439377981945562,0
SRCV,0.24,0.15,17,KNN,HistGB,20.666777338238568,20.041240568377912,0.6255367698606555,0
SRCV,0.24,0.15,18,KNN,HistGB,19.05821184825198,18.367784803289087,0.6904270449628918,0
SRCV,0.24,0.15,19,KNN,HistGB,18.868378910996704,18.104123699192264,0.7642552118044392,0
SRCV,0.24,0.15,20,KNN,HistGB,19.705015054608563,18.801855062804623,0.903159991803939,0
SRCV,0.24,0.15,21,KNN,HistGB,20.86997319134168,19.59619733176809,1.2737758595735897,0
SRCV,0.24,0.15,22,KNN,HistGB,20.08406841921086,19.298586066791096,0.7854823524197627,0
SRCV,0.24,0.15,23,KNN,HistGB,20.17233384941767,19.173574821481136,0.9987590279365328,0
SRCV,0.24,0.15,24,KNN,HistGB,20.2282352313486,18.65781447093841,1.5704207604101903,0
SRCV,0.24,0.19,0,KNN,HistGB,19.139543512488924,18.928739010266547,0.210804502222377,0
SRCV,0.24,0.19,1,KNN,HistGB,20.755594195270135,20.143835873105846,0.6117583221642882,0
SRCV,0.24,0.19,2,KNN,RandomForest,19.696144316545364,19.25223313590072,0.4439111806446441,0
SRCV,0.24,0.19,3,KNN,HistGB,19.529605467282504,19.443279896968026,0.08632557031447874,0
SRCV,0.24,0.19,4,HistGB,HistGB,18.91392220590144,18.91392220590144,0.0,1
SRCV,0.24,0.19,5,KNN,HistGB,20.21902028126916,19.95917516081851,0.2598451204506489,0
SRCV,0.24,0.19,6,KNN,KNN,21.221317844771534,21.221317844771534,0.0,1
SRCV,0.24,0.19,7,KNN,HistGB,18.77454186131733,18.7343657051764,0.040176156140930175,0
SRCV,0.24,0.19,8,KNN,HistGB,19.202362722887752,19.090144255140743,0.1122184677470095,0
SRCV,0.24,0.19,9,KNN,HistGB,20.597441146180746,19.75986807523372,0.8375730709470268,0
SRCV,0.24,0.19,10,KNN,RandomForest,20.053448562375703,19.11294703331267,0.9405015290630345,0
SRCV,0.24,0.19,11,KNN,HistGB,19.620868000509937,18.667847445401883,0.9530205551080542,0
SRCV,0.24,0.19,12,KNN,HistGB,19.0309632448056,18.74800249831791,0.2829607464876922,0
SRCV,0.24,0.19,13,KNN,HistGB,20.627911515357205,19.487413662156857,1.1404978532003476,0
SRCV,0.24,0.19,14,KNN,HistGB,20.362011714757084,19.805729525276647,0.556282189480438,0
SRCV,0.24,0.19,15,KNN,HistGB,19.618598375178443,19.53354628711148,0.08505208806696274,0
SRCV,0.24,0.19,16,KNN,HistGB,20.533975780645825,20.42138389973512,0.11259188091070627,0
SRCV,0.24,0.19,17,KNN,HistGB,21.420566899318523,21.336585653266862,0.08398124605166046,0
SRCV,0.24,0.19,18,KNN,HistGB,19.727747830033994,19.63875503262111,0.08899279741288524,0
SRCV,0.24,0.19,19,KNN,HistGB,19.547908981423685,19.237587544515986,0.3103214369076994,0
SRCV,0.24,0.19,20,KNN,HistGB,20.41783160970748,19.92591817042073,0.49191343928675124,0
SRCV,0.24,0.19,21,KNN,HistGB,21.53452339813407,21.007827210990577,0.526696187143493,0
SRCV,0.24,0.19,22,KNN,HistGB,20.824194069788632,20.67660900892144,0.14758506086719336,0
SRCV,0.24,0.19,23,KNN,RandomForest,20.975719808111897,20.554130699292205,0.4215891088196919,0
SRCV,0.24,0.19,24,KNN,HistGB,20.889895387910965,19.83663934120755,1.0532560467034138,0
SRCV,0.24,0.2,0,KNN,HistGB,19.33529642412818,19.31695977824297,0.01833664588520989,0
SRCV,0.24,0.2,1,KNN,HistGB,20.988118869736013,20.633704058890523,0.35441481084549054,0
SRCV,0.24,0.2,2,KNN,RandomForest,19.89029596386833,19.530966200000307,0.35932976386802196,0
SRCV,0.24,0.2,3,KNN,HistGB,19.55057030403988,19.40246723251745,0.1481030715224314,0
SRCV,0.24,0.2,4,HistGB,HistGB,19.19879919002628,19.19879919002628,0.0,1
SRCV,0.24,0.2,5,KNN,HistGB,20.544638077401657,20.309646525902178,0.2349915514994798,0
SRCV,0.24,0.2,6,KNN,KNN,21.45106211319845,21.45106211319845,0.0,1
SRCV,0.24,0.2,7,KNN,KNN,18.91466158420148,18.91466158420148,0.0,1
SRCV,0.24,0.2,8,KNN,HistGB,19.4297476825972,19.353522301384245,0.07622538121295364,0
SRCV,0.24,0.2,9,KNN,HistGB,20.759517003218598,20.244280483753503,0.5152365194650947,0
SRCV,0.24,0.2,10,KNN,RandomForest,20.183306255017214,19.397262692891125,0.7860435621260891,0
SRCV,0.24,0.2,11,KNN,HistGB,19.72074783192237,18.81764877008533,0.9030990618370396,0
SRCV,0.24,0.2,12,KNN,HistGB,19.28080431886713,19.156116543683805,0.1246877751833253,0
SRCV,0.24,0.2,13,KNN,HistGB,20.993866750009243,20.01349433745357,0.9803724125556741,0
SRCV,0.24,0.2,14,KNN,HistGB,20.484338702816657,20.033455238923583,0.4508834638930743,0
SRCV,0.24,0.2,15,KNN,KNN,19.770319702527317,19.770319702527317,0.0,1
SRCV,0.24,0.2,16,KNN,HistGB,20.74824864265046,20.56981023209017,0.17843841056028964,0
SRCV,0.24,0.2,17,KNN,KNN,21.8467341910282,21.8467341910282,0.0,1
SRCV,0.24,0.2,18,KNN,KNN,20.099350238418523,20.099350238418523,0.0,1
SRCV,0.24,0.2,19,KNN,HistGB,19.747357179175573,19.59435135708357,0.15300582209200186,0
SRCV,0.24,0.2,20,KNN,HistGB,20.64765181172246,20.38206963513907,0.2655821765833899,0
SRCV,0.24,0.2,21,KNN,HistGB,21.671517042573598,21.186528023649814,0.484989018923784,0
SRCV,0.24,0.2,22,KNN,HistGB,21.063528092176284,20.970762127732502,0.09276596444378171,0
SRCV,0.24,0.2,23,KNN,HistGB,21.09697164614846,20.731601966614555,0.36536967953390587,0
SRCV,0.24,0.2,24,KNN,HistGB,21.136811627411657,20.04810559903347,1.088706028378187,0
SRCV,0.24,0.21,0,KNN,KNN,19.62070076050922,19.62070076050922,0.0,1
SRCV,0.24,0.21,1,KNN,HistGB,21.281338824066957,20.883479751389164,0.3978590726777931,0
SRCV,0.24,0.21,2,KNN,RandomForest,20.03087367709801,19.776411638303763,0.254462038794248,0
SRCV,0.24,0.21,3,KNN,HistGB,19.96191041898597,19.79962845112105,0.16228196786492077,0
SRCV,0.24,0.21,4,HistGB,HistGB,19.524084711512717,19.524084711512717,0.0,1
SRCV,0.24,0.21,5,KNN,HistGB,20.77670411585632,20.691741037075957,0.08496307878036191,0
SRCV,0.24,0.21,6,KNN,KNN,21.735449205266427,21.735449205266427,0.0,1
SRCV,0.24,0.21,7,KNN,KNN,19.129134412148225,19.129134412148225,0.0,1
SRCV,0.24,0.21,8,KNN,KNN,19.754159286311616,19.754159286311616,0.0,1
SRCV,0.24,0.21,9,KNN,HistGB,20.98288232106584,20.53946391412387,0.4434184069419693,0
SRCV,0.24,0.21,10,KNN,RandomForest,20.48470595716269,19.766638000384397,0.7180679567782917,0
SRCV,0.24,0.21,11,KNN,HistGB,19.811427834637808,19.12476153385831,0.6866663007794962,0
SRCV,0.24,0.21,12,KNN,HistGB,19.63675067855227,19.62285011346803,0.01390056508424209,0
SRCV,0.24,0.21,13,KNN,HistGB,21.13758289117044,20.1912750022628,0.94630788890764,0
SRCV,0.24,0.21,14,KNN,HistGB,20.58014152468207,20.17871752830445,0.40142399637761983,0
SRCV,0.24,0.21,15,KNN,KNN,20.008689836811453,20.008689836811453,0.0,1
SRCV,0.24,0.21,16,KNN,RandomForest,20.84034429185012,20.833181161887754,0.007163129962364678,0
SRCV,0.24,0.21,17,KNN,KNN,21.9739723674224,21.9739723674224,0.0,1
SRCV,0.24,0.21,18,KNN,KNN,20.18731917985644,20.18731917985644,0.0,1
SRCV,0.24,0.21,19,KNN,HistGB,20.032694142887376,19.97509701714303,0.05759712574434417,0
SRCV,0.24,0.21,20,KNN,HistGB,20.77611016022536,20.63839378129152,0.1377163789338418,0
SRCV,0.24,0.21,21,KNN,HistGB,21.887328352862333,21.40956894525845,0.4777594076038838,0
SRCV,0.24,0.21,22,KNN,KNN,21.24068021908822,21.24068021908822,0.0,1
SRCV,0.24,0.21,23,KNN,HistGB,21.334876409437367,21.073886705689358,0.26098970374800956,0
SRCV,0.24,0.21,24,KNN,HistGB,21.435227269307976,20.58508699071329,0.8501402785946865,0
SRCV,0.24,0.24,0,KNN,KNN,20.33664056590208,20.33664056590208,0.0,1
SRCV,0.24,0.24,1,KNN,KNN,21.92280236504782,21.92280236504782,0.0,1
SRCV,0.24,0.24,2,KNN,KNN,20.741214770005676,20.741214770005676,0.0,1
SRCV,0.24,0.24,3,KNN,KNN,20.4321294687124,20.4321294687124,0.0,1
SRCV,0.24,0.24,4,HistGB,HistGB,20.575640835804094,20.575640835804094,0.0,1
SRCV,0.24,0.24,5,KNN,KNN,21.582918404859733,21.582918404859733,0.0,1
SRCV,0.24,0.24,6,KNN,KNN,22.650935540068332,22.650935540068332,0.0,1
SRCV,0.24,0.24,7,KNN,KNN,19.87952199459999,19.87952199459999,0.0,1
SRCV,0.24,0.24,8,KNN,KNN,20.522281621260348,20.522281621260348,0.0,1
SRCV,0.24,0.24,9,KNN,HistGB,21.528784485732302,21.50120439198769,0.02758009374461068,0
SRCV,0.24,0.24,10,KNN,HistGB,21.171760104487944,20.799187355071187,0.3725727494167579,0
SRCV,0.24,0.24,11,KNN,RandomForest,20.65526578250647,20.371659546986443,0.2836062355200255,0
SRCV,0.24,0.24,12,KNN,KNN,20.153818096825816,20.153818096825816,0.0,1
SRCV,0.24,0.24,13,KNN,HistGB,21.73248689390209,21.2669017233842,0.4655851705178904,0
SRCV,0.24,0.24,14,KNN,KNN,21.3226337532928,21.3226337532928,0.0,1
SRCV,0.24,0.24,15,KNN,KNN,20.52767563958444,20.52767563958444,0.0,1
SRCV,0.24,0.24,16,KNN,KNN,21.60327312063129,21.60327312063129,0.0,1
SRCV,0.24,0.24,17,KNN,KNN,22.6236646265378,22.6236646265378,0.0,1
SRCV,0.24,0.24,18,KNN,KNN,20.865332927318907,20.865332927318907,0.0,1
SRCV,0.24,0.24,19,KNN,KNN,20.611027408455104,20.611027408455104,0.0,1
SRCV,0.24,0.24,20,KNN,KNN,21.538000917902348,21.538000917902348,0.0,1
SRCV,0.24,0.24,21,KNN,KNN,22.618736893558317,22.618736893558317,0.0,1
SRCV,0.24,0.24,22,KNN,KNN,22.050215114306518,22.050215114306518,0.0,1
SRCV,0.24,0.24,23,KNN,KNN,22.08033187991192,22.08033187991192,0.0,1
SRCV,0.24,0.24,24,KNN,HistGB,22.02600495833237,21.588328318789458,0.4376766395429108,0
SRCV,0.24,0.32,0,KNN,KNN,22.3410975641612,22.3410975641612,0.0,1
SRCV,0.24,0.32,1,KNN,KNN,24.167646892408506,24.167646892408506,0.0,1
SRCV,0.24,0.32,2,KNN,KNN,23.22830694722482,23.22830694722482,0.0,1
SRCV,0.24,0.32,3,KNN,KNN,22.651724084282822,22.651724084282822,0.0,1
SRCV,0.24,0.32,4,HistGB,KNN,23.90705141032773,22.899209031890777,1.0078423784369512,0
SRCV,0.24,0.32,5,KNN,KNN,23.74077037955543,23.74077037955543,0.0,1
SRCV,0.24,0.32,6,KNN,KNN,24.58426841601279,24.58426841601279,0.0,1
SRCV,0.24,0.32,7,KNN,KNN,21.897619039501325,21.897619039501325,0.0,1
SRCV,0.24,0.32,8,KNN,KNN,22.56198727539633,22.56198727539633,0.0,1
SRCV,0.24,0.32,9,KNN,KNN,23.726477980773108,23.726477980773108,0.0,1
SRCV,0.24,0.32,10,KNN,KNN,23.392268978535643,23.392268978535643,0.0,1
SRCV,0.24,0.32,11,KNN,KNN,22.911206803547127,22.911206803547127,0.0,1
SRCV,0.24,0.32,12,KNN,KNN,22.468416540666528,22.468416540666528,0.0,1
SRCV,0.24,0.32,13,KNN,KNN,23.978926219057577,23.978926219057577,0.0,1
SRCV,0.24,0.32,14,KNN,KNN,23.408361493293267,23.408361493293267,0.0,1
SRCV,0.24,0.32,15,KNN,KNN,22.5382140343824,22.5382140343824,0.0,1
SRCV,0.24,0.32,16,KNN,KNN,23.889956814327707,23.889956814327707,0.0,1
SRCV,0.24,0.32,17,KNN,KNN,24.784073695291784,24.784073695291784,0.0,1
SRCV,0.24,0.32,18,KNN,KNN,23.16494399329765,23.16494399329765,0.0,1
SRCV,0.24,0.32,19,KNN,KNN,22.967426539513063,22.967426539513063,0.0,1
SRCV,0.24,0.32,20,KNN,KNN,23.79135534710681,23.79135534710681,0.0,1
SRCV,0.24,0.32,21,KNN,KNN,24.97102970206068,24.97102970206068,0.0,1
SRCV,0.24,0.32,22,KNN,KNN,24.39051221352639,24.39051221352639,0.0,1
SRCV,0.24,0.32,23,KNN,KNN,24.187060837810005,24.187060837810005,0.0,1
SRCV,0.24,0.32,24,KNN,KNN,24.039705867231064,24.039705867231064,0.0,1
SRCV,0.24,0.4,0,KNN,KNN,25.10814862318806,25.10814862318806,0.0,1
SRCV,0.24,0.4,1,KNN,KNN,26.672735103263133,26.672735103263133,0.0,1
SRCV,0.24,0.4,2,KNN,KNN,25.81692397000759,25.81692397000759,0.0,1
SRCV,0.24,0.4,3,KNN,KNN,25.423661872844157,25.423661872844157,0.0,1
SRCV,0.24,0.4,4,HistGB,KNN,28.31516006865912,25.844904882373577,2.470255186285545,0
SRCV,0.24,0.4,5,KNN,KNN,26.34733170986748,26.34733170986748,0.0,1
SRCV,0.24,0.4,6,KNN,KNN,27.471419439501894,27.471419439501894,0.0,1
SRCV,0.24,0.4,7,KNN,KNN,24.65403390525961,24.65403390525961,0.0,1
SRCV,0.24,0.4,8,KNN,KNN,25.132597624958056,25.132597624958056,0.0,1
SRCV,0.24,0.4,9,KNN,KNN,26.551948517294797,26.551948517294797,0.0,1
SRCV,0.24,0.4,10,KNN,KNN,25.81186367292943,25.81186367292943,0.0,1
SRCV,0.24,0.4,11,KNN,KNN,25.676760069446004,25.676760069446004,0.0,1
SRCV,0.24,0.4,12,KNN,KNN,25.233865931244623,25.233865931244623,0.0,1
SRCV,0.24,0.4,13,KNN,KNN,26.54460857267338,26.54460857267338,0.0,1
SRCV,0.24,0.4,14,KNN,KNN,26.522075989221285,26.522075989221285,0.0,1
SRCV,0.24,0.4,15,KNN,KNN,25.34232298472043,25.34232298472043,0.0,1
SRCV,0.24,0.4,16,KNN,KNN,26.84998999315152,26.84998999315152,0.0,1
SRCV,0.24,0.4,17,KNN,KNN,27.506923656523504,27.506923656523504,0.0,1
SRCV,0.24,0.4,18,KNN,KNN,25.751301404565957,25.751301404565957,0.0,1
SRCV,0.24,0.4,19,KNN,KNN,25.36051788480377,25.36051788480377,0.0,1
SRCV,0.24,0.4,20,KNN,KNN,26.323880275010467,26.323880275010467,0.0,1
SRCV,0.24,0.4,21,KNN,KNN,27.56509882832943,27.56509882832943,0.0,1
SRCV,0.24,0.4,22,KNN,KNN,26.97384541341878,26.97384541341878,0.0,1
SRCV,0.24,0.4,23,KNN,KNN,26.81887054429276,26.81887054429276,0.0,1
SRCV,0.24,0.4,24,KNN,KNN,26.826243061722764,26.826243061722764,0.0,1
SRCV,0.24,0.5,0,KNN,KNN,29.36104864314475,29.36104864314475,0.0,1
SRCV,0.24,0.5,1,KNN,KNN,30.78564658343057,30.78564658343057,0.0,1
SRCV,0.24,0.5,2,KNN,KNN,30.042510211973912,30.042510211973912,0.0,1
SRCV,0.24,0.5,3,KNN,KNN,29.873883258001964,29.873883258001964,0.0,1
SRCV,0.24,0.5,4,HistGB,KNN,34.238497999689834,29.807820739177387,4.4306772605124465,0
SRCV,0.24,0.5,5,KNN,KNN,30.71450700402392,30.71450700402392,0.0,1
SRCV,0.24,0.5,6,KNN,KNN,31.49381187242601,31.49381187242601,0.0,1
SRCV,0.24,0.5,7,KNN,KNN,28.83981311651348,28.83981311651348,0.0,1
SRCV,0.24,0.5,8,KNN,KNN,29.623591813472316,29.623591813472316,0.0,1
SRCV,0.24,0.5,9,KNN,KNN,30.300257701423387,30.300257701423387,0.0,1
SRCV,0.24,0.5,10,KNN,KNN,29.824404136662483,29.824404136662483,0.0,1
SRCV,0.24,0.5,11,KNN,KNN,29.60491639036404,29.60491639036404,0.0,1
SRCV,0.24,0.5,12,KNN,KNN,29.14937495424439,29.14937495424439,0.0,1
SRCV,0.24,0.5,13,KNN,KNN,30.73761449320112,30.73761449320112,0.0,1
SRCV,0.24,0.5,14,KNN,KNN,30.22898594801385,30.22898594801385,0.0,1
SRCV,0.24,0.5,15,KNN,KNN,29.482012823758883,29.482012823758883,0.0,1
SRCV,0.24,0.5,16,KNN,KNN,31.00229592672065,31.00229592672065,0.0,1
SRCV,0.24,0.5,17,KNN,KNN,32.00073805865598,32.00073805865598,0.0,1
SRCV,0.24,0.5,18,KNN,KNN,29.334123989500338,29.334123989500338,0.0,1
SRCV,0.24,0.5,19,KNN,KNN,29.727904717251747,29.727904717251747,0.0,1
SRCV,0.24,0.5,20,KNN,KNN,30.386612943510592,30.386612943510592,0.0,1
SRCV,0.24,0.5,21,KNN,KNN,32.05521614959351,32.05521614959351,0.0,1
SRCV,0.24,0.5,22,KNN,KNN,30.834582638855917,30.834582638855917,0.0,1
SRCV,0.24,0.5,23,KNN,KNN,31.138388285827343,31.138388285827343,0.0,1
SRCV,0.24,0.5,24,KNN,KNN,30.66380562129224,30.66380562129224,0.0,1
SRCV,0.27,0.0,0,KNN,HistGB,16.712860826663256,11.76015510447522,4.9527057221880355,0
SRCV,0.27,0.0,1,KNN,HistGB,18.554607271747013,13.73168860179165,4.822918669955364,0
SRCV,0.27,0.0,2,KNN,HistGB,17.294565601799835,12.03246102203424,5.2621045797655945,0
SRCV,0.27,0.0,3,KNN,HistGB,17.083764160481746,12.507296971676508,4.576467188805237,0
SRCV,0.27,0.0,4,KNN,HistGB,17.097545822077784,11.663767967150225,5.433777854927559,0
SRCV,0.27,0.0,5,KNN,HistGB,17.909664222574467,12.788000461342667,5.121663761231799,0
SRCV,0.27,0.0,6,KNN,HistGB,18.91809526396279,15.137088661400586,3.781006602562204,0
SRCV,0.27,0.0,7,KNN,HistGB,16.401418327290294,11.832086758523523,4.569331568766771,0
SRCV,0.27,0.0,8,KNN,HistGB,16.860979045119617,11.80698803744633,5.053991007673288,0
SRCV,0.27,0.0,9,KNN,HistGB,18.208051796429302,12.556532991757797,5.651518804671506,0
SRCV,0.27,0.0,10,KNN,HistGB,17.662682533055555,12.006766732493656,5.6559158005619,0
SRCV,0.27,0.0,11,KNN,HistGB,17.126978919479217,11.346172695771273,5.780806223707945,0
SRCV,0.27,0.0,12,KNN,HistGB,16.711416334917228,11.53607012306929,5.175346211847938,0
SRCV,0.27,0.0,13,KNN,HistGB,18.31367704428567,12.501230435307573,5.812446608978096,0
SRCV,0.27,0.0,14,KNN,HistGB,17.8750387525064,12.374390426143172,5.500648326363226,0
SRCV,0.27,0.0,15,KNN,HistGB,17.154024846008546,12.425630433445932,4.728394412562615,0
SRCV,0.27,0.0,16,KNN,HistGB,17.942796416201624,13.0920493003693,4.850747115832323,0
SRCV,0.27,0.0,17,KNN,HistGB,19.164317183569533,14.474854688524555,4.689462495044978,0
SRCV,0.27,0.0,18,KNN,HistGB,17.532936016468177,12.72431903276434,4.808616983703837,0
SRCV,0.27,0.0,19,KNN,HistGB,17.274932376884575,12.38932481964971,4.885607557234865,0
SRCV,0.27,0.0,20,KNN,HistGB,18.07931347354128,13.18137194824744,4.89794152529384,0
SRCV,0.27,0.0,21,KNN,HistGB,19.15831170114261,13.996657000066351,5.161654701076257,0
SRCV,0.27,0.0,22,KNN,HistGB,18.441009499620225,13.811627922541728,4.629381577078497,0
SRCV,0.27,0.0,23,KNN,HistGB,18.63753147195054,13.32873782866024,5.308793643290299,0
SRCV,0.27,0.0,24,KNN,HistGB,18.530273423408048,13.136467261751262,5.393806161656785,0
SRCV,0.27,0.025,0,KNN,HistGB,16.79379038457811,13.790624657970188,3.0031657266079215,0
SRCV,0.27,0.025,1,KNN,HistGB,18.644386250237933,15.569190624933023,3.075195625304909,0
SRCV,0.27,0.025,2,KNN,HistGB,17.40844408082005,14.088427543524208,3.3200165372958423,0
SRCV,0.27,0.025,3,KNN,HistGB,17.18234353972315,14.466111791412365,2.7162317483107845,0
SRCV,0.27,0.025,4,KNN,HistGB,17.200604715351112,13.735054816062018,3.465549899289094,0
SRCV,0.27,0.025,5,KNN,HistGB,18.03232002466543,14.867893327492942,3.1644266971724893,0
SRCV,0.27,0.025,6,KNN,HistGB,19.050968396735676,17.17176789089314,1.8792005058425367,0
SRCV,0.27,0.025,7,KNN,HistGB,16.51491861598398,13.928703035242147,2.5862155807418326,0
SRCV,0.27,0.025,8,KNN,HistGB,16.948554250638526,14.035703406909802,2.912850843728725,0
SRCV,0.27,0.025,9,KNN,HistGB,18.322813115694636,14.77125823960297,3.551554876091666,0
SRCV,0.27,0.025,10,KNN,HistGB,17.800550289558565,14.180458644223837,3.6200916453347283,0
SRCV,0.27,0.025,11,KNN,HistGB,17.229563111821,13.50742579877159,3.7221373130494104,0
SRCV,0.27,0.025,12,KNN,HistGB,16.827734555015816,13.758001907403685,3.069732647612131,0
SRCV,0.27,0.025,13,KNN,HistGB,18.40566096022652,14.626656518553975,3.7790044416725443,0
SRCV,0.27,0.025,14,KNN,HistGB,17.992725973192467,14.533640708116964,3.459085265075503,0
SRCV,0.27,0.025,15,KNN,HistGB,17.28838926437569,14.46272762558578,2.825661638789912,0
SRCV,0.27,0.025,16,KNN,HistGB,18.070556963880964,15.171306018649071,2.899250945231893,0
SRCV,0.27,0.025,17,KNN,HistGB,19.30686133645113,16.52161216946523,2.7852491669859027,0
SRCV,0.27,0.025,18,KNN,HistGB,17.63792841663326,14.780199693916028,2.8577287227172334,0
SRCV,0.27,0.025,19,KNN,HistGB,17.372599683056805,14.493836285631524,2.8787633974252813,0
SRCV,0.27,0.025,20,KNN,HistGB,18.178895905265563,15.368108126940594,2.8107877783249684,0
SRCV,0.27,0.025,21,KNN,HistGB,19.25557234649906,16.055770073743247,3.1998022727558144,0
SRCV,0.27,0.025,22,KNN,HistGB,18.566793121873637,15.713546741354476,2.8532463805191615,0
SRCV,0.27,0.025,23,KNN,HistGB,18.77027097829567,15.55503612142687,3.2152348568688005,0
SRCV,0.27,0.025,24,KNN,HistGB,18.665538668244785,15.081413399945886,3.5841252682988998,0
SRCV,0.27,0.1,0,KNN,HistGB,17.5231621823255,16.06918849714951,1.4539736851759884,0
SRCV,0.27,0.1,1,KNN,HistGB,19.32869326584255,17.715227486371926,1.6134657794706229,0
SRCV,0.27,0.1,2,KNN,HistGB,18.17558155965749,16.59812152428756,1.5774600353699313,0
SRCV,0.27,0.1,3,KNN,HistGB,17.925438981719108,16.681998568610286,1.2434404131088215,0
SRCV,0.27,0.1,4,KNN,HistGB,18.0326556297444,16.108514635915505,1.924140993828896,0
SRCV,0.27,0.1,5,KNN,HistGB,18.794459096153552,17.268672823209283,1.52578627294427,0
SRCV,0.27,0.1,6,KNN,HistGB,19.745096589509156,19.40432003734352,0.34077655216563585,0
SRCV,0.27,0.1,7,KNN,HistGB,17.211537249203268,16.082236395832705,1.1293008533705624,0
SRCV,0.27,0.1,8,KNN,HistGB,17.746024009013,16.407129732211875,1.338894276801124,0
SRCV,0.27,0.1,9,KNN,HistGB,19.06570127667792,17.16320210267766,1.902499174000262,0
SRCV,0.27,0.1,10,KNN,HistGB,18.527082647635567,16.50268958110556,2.0243930665300063,0
SRCV,0.27,0.1,11,KNN,HistGB,17.96719913149301,15.964533676765804,2.0026654547272074,0
SRCV,0.27,0.1,12,KNN,HistGB,17.54851771166636,15.955340858425544,1.5931768532408164,0
SRCV,0.27,0.1,13,KNN,HistGB,19.15551732759574,16.931967619416174,2.223549708179565,0
SRCV,0.27,0.1,14,KNN,HistGB,18.72975835972648,16.92890955586985,1.8008488038566277,0
SRCV,0.27,0.1,15,KNN,HistGB,18.030242339464674,16.861669366598026,1.1685729728666487,0
SRCV,0.27,0.1,16,KNN,HistGB,18.896520323914547,17.657517204616237,1.2390031192983102,0
SRCV,0.27,0.1,17,KNN,HistGB,19.95574950153938,18.682009768699448,1.2737397328399318,0
SRCV,0.27,0.1,18,KNN,HistGB,18.312341343757318,17.15936754113902,1.1529738026182983,0
SRCV,0.27,0.1,19,KNN,HistGB,18.145966862039437,16.832397587873736,1.313569274165701,0
SRCV,0.27,0.1,20,KNN,HistGB,18.992819541985696,17.57369629098549,1.4191232510002045,0
SRCV,0.27,0.1,21,KNN,HistGB,19.975424731932844,18.21056570240688,1.7648590295259652,0
SRCV,0.27,0.1,22,KNN,HistGB,19.27823232860887,17.918651632655692,1.359580695953177,0
SRCV,0.27,0.1,23,KNN,HistGB,19.465028851441705,17.87434674116678,1.5906821102749262,0
SRCV,0.27,0.1,24,KNN,HistGB,19.442251999825764,17.41484728033265,2.027404719493113,0
SRCV,0.27,0.15,0,KNN,HistGB,18.388477153771547,17.541973445772758,0.8465037079987887,0
SRCV,0.27,0.15,1,KNN,HistGB,20.103658813730984,19.010878031887327,1.0927807818436577,0
SRCV,0.27,0.15,2,KNN,HistGB,18.92963424576875,17.80100779364431,1.1286264521244398,0
SRCV,0.27,0.15,3,KNN,HistGB,18.711842001889416,18.01452453786513,0.6973174640242839,0
SRCV,0.27,0.15,4,KNN,HistGB,18.776584593256363,17.437948123990314,1.3386364692660493,0
SRCV,0.27,0.15,5,KNN,HistGB,19.56493339318045,18.58285094234233,0.9820824508381207,0
SRCV,0.27,0.15,6,KNN,KNN,20.55617663708099,20.55617663708099,0.0,1
SRCV,0.27,0.15,7,KNN,HistGB,17.970398911809447,17.529586892481948,0.4408120193274989,0
SRCV,0.27,0.15,8,KNN,HistGB,18.44987914993896,17.8122895281797,0.6375896217592576,0
SRCV,0.27,0.15,9,KNN,HistGB,19.78419240715848,18.495670339370204,1.288522067788275,0
SRCV,0.27,0.15,10,KNN,RandomForest,19.292430684389867,17.920692448422127,1.3717382359677401,0
SRCV,0.27,0.15,11,KNN,RandomForest,18.79563082489245,17.41666006093395,1.378970763958499,0
SRCV,0.27,0.15,12,KNN,HistGB,18.42456477911524,17.466672392177024,0.9578923869382159,0
SRCV,0.27,0.15,13,KNN,HistGB,19.915783478472257,18.257215445819707,1.6585680326525498,0
SRCV,0.27,0.15,14,KNN,HistGB,19.375277867166645,18.137408455216548,1.237869411950097,0
SRCV,0.27,0.15,15,KNN,HistGB,18.7588221069636,18.107544438260927,0.6512776687026722,0
SRCV,0.27,0.15,16,KNN,HistGB,19.630078267995007,18.78614046980045,0.8439377981945562,0
SRCV,0.27,0.15,17,KNN,HistGB,20.666777338238568,20.041240568377912,0.6255367698606555,0
SRCV,0.27,0.15,18,KNN,HistGB,19.05821184825198,18.367784803289087,0.6904270449628918,0
SRCV,0.27,0.15,19,KNN,HistGB,18.868378910996704,18.104123699192264,0.7642552118044392,0
SRCV,0.27,0.15,20,KNN,HistGB,19.705015054608563,18.801855062804623,0.903159991803939,0
SRCV,0.27,0.15,21,KNN,HistGB,20.86997319134168,19.59619733176809,1.2737758595735897,0
SRCV,0.27,0.15,22,KNN,HistGB,20.08406841921086,19.298586066791096,0.7854823524197627,0
SRCV,0.27,0.15,23,KNN,HistGB,20.17233384941767,19.173574821481136,0.9987590279365328,0
SRCV,0.27,0.15,24,KNN,HistGB,20.2282352313486,18.65781447093841,1.5704207604101903,0
SRCV,0.27,0.19,0,KNN,HistGB,19.139543512488924,18.928739010266547,0.210804502222377,0
SRCV,0.27,0.19,1,KNN,HistGB,20.755594195270135,20.143835873105846,0.6117583221642882,0
SRCV,0.27,0.19,2,KNN,RandomForest,19.696144316545364,19.25223313590072,0.4439111806446441,0
SRCV,0.27,0.19,3,KNN,HistGB,19.529605467282504,19.443279896968026,0.08632557031447874,0
SRCV,0.27,0.19,4,KNN,HistGB,19.613071957734302,18.91392220590144,0.6991497518328629,0
SRCV,0.27,0.19,5,KNN,HistGB,20.21902028126916,19.95917516081851,0.2598451204506489,0
SRCV,0.27,0.19,6,KNN,KNN,21.221317844771534,21.221317844771534,0.0,1
SRCV,0.27,0.19,7,KNN,HistGB,18.77454186131733,18.7343657051764,0.040176156140930175,0
SRCV,0.27,0.19,8,KNN,HistGB,19.202362722887752,19.090144255140743,0.1122184677470095,0
SRCV,0.27,0.19,9,KNN,HistGB,20.597441146180746,19.75986807523372,0.8375730709470268,0
SRCV,0.27,0.19,10,KNN,RandomForest,20.053448562375703,19.11294703331267,0.9405015290630345,0
SRCV,0.27,0.19,11,KNN,HistGB,19.620868000509937,18.667847445401883,0.9530205551080542,0
SRCV,0.27,0.19,12,KNN,HistGB,19.0309632448056,18.74800249831791,0.2829607464876922,0
SRCV,0.27,0.19,13,KNN,HistGB,20.627911515357205,19.487413662156857,1.1404978532003476,0
SRCV,0.27,0.19,14,KNN,HistGB,20.362011714757084,19.805729525276647,0.556282189480438,0
SRCV,0.27,0.19,15,KNN,HistGB,19.618598375178443,19.53354628711148,0.08505208806696274,0
SRCV,0.27,0.19,16,KNN,HistGB,20.533975780645825,20.42138389973512,0.11259188091070627,0
SRCV,0.27,0.19,17,KNN,HistGB,21.420566899318523,21.336585653266862,0.08398124605166046,0
SRCV,0.27,0.19,18,KNN,HistGB,19.727747830033994,19.63875503262111,0.08899279741288524,0
SRCV,0.27,0.19,19,KNN,HistGB,19.547908981423685,19.237587544515986,0.3103214369076994,0
SRCV,0.27,0.19,20,KNN,HistGB,20.41783160970748,19.92591817042073,0.49191343928675124,0
SRCV,0.27,0.19,21,KNN,HistGB,21.53452339813407,21.007827210990577,0.526696187143493,0
SRCV,0.27,0.19,22,KNN,HistGB,20.824194069788632,20.67660900892144,0.14758506086719336,0
SRCV,0.27,0.19,23,KNN,RandomForest,20.975719808111897,20.554130699292205,0.4215891088196919,0
SRCV,0.27,0.19,24,KNN,HistGB,20.889895387910965,19.83663934120755,1.0532560467034138,0
SRCV,0.27,0.2,0,KNN,HistGB,19.33529642412818,19.31695977824297,0.01833664588520989,0
SRCV,0.27,0.2,1,KNN,HistGB,20.988118869736013,20.633704058890523,0.35441481084549054,0
SRCV,0.27,0.2,2,KNN,RandomForest,19.89029596386833,19.530966200000307,0.35932976386802196,0
SRCV,0.27,0.2,3,KNN,HistGB,19.55057030403988,19.40246723251745,0.1481030715224314,0
SRCV,0.27,0.2,4,KNN,HistGB,19.812968172484528,19.19879919002628,0.6141689824582492,0
SRCV,0.27,0.2,5,KNN,HistGB,20.544638077401657,20.309646525902178,0.2349915514994798,0
SRCV,0.27,0.2,6,KNN,KNN,21.45106211319845,21.45106211319845,0.0,1
SRCV,0.27,0.2,7,KNN,KNN,18.91466158420148,18.91466158420148,0.0,1
SRCV,0.27,0.2,8,KNN,HistGB,19.4297476825972,19.353522301384245,0.07622538121295364,0
SRCV,0.27,0.2,9,KNN,HistGB,20.759517003218598,20.244280483753503,0.5152365194650947,0
SRCV,0.27,0.2,10,KNN,RandomForest,20.183306255017214,19.397262692891125,0.7860435621260891,0
SRCV,0.27,0.2,11,KNN,HistGB,19.72074783192237,18.81764877008533,0.9030990618370396,0
SRCV,0.27,0.2,12,KNN,HistGB,19.28080431886713,19.156116543683805,0.1246877751833253,0
SRCV,0.27,0.2,13,KNN,HistGB,20.993866750009243,20.01349433745357,0.9803724125556741,0
SRCV,0.27,0.2,14,KNN,HistGB,20.484338702816657,20.033455238923583,0.4508834638930743,0
SRCV,0.27,0.2,15,KNN,KNN,19.770319702527317,19.770319702527317,0.0,1
SRCV,0.27,0.2,16,KNN,HistGB,20.74824864265046,20.56981023209017,0.17843841056028964,0
SRCV,0.27,0.2,17,KNN,KNN,21.8467341910282,21.8467341910282,0.0,1
SRCV,0.27,0.2,18,KNN,KNN,20.099350238418523,20.099350238418523,0.0,1
SRCV,0.27,0.2,19,KNN,HistGB,19.747357179175573,19.59435135708357,0.15300582209200186,0
SRCV,0.27,0.2,20,KNN,HistGB,20.64765181172246,20.38206963513907,0.2655821765833899,0
SRCV,0.27,0.2,21,KNN,HistGB,21.671517042573598,21.186528023649814,0.484989018923784,0
SRCV,0.27,0.2,22,KNN,HistGB,21.063528092176284,20.970762127732502,0.09276596444378171,0
SRCV,0.27,0.2,23,KNN,HistGB,21.09697164614846,20.731601966614555,0.36536967953390587,0
SRCV,0.27,0.2,24,KNN,HistGB,21.136811627411657,20.04810559903347,1.088706028378187,0
SRCV,0.27,0.21,0,KNN,KNN,19.62070076050922,19.62070076050922,0.0,1
SRCV,0.27,0.21,1,KNN,HistGB,21.281338824066957,20.883479751389164,0.3978590726777931,0
SRCV,0.27,0.21,2,KNN,RandomForest,20.03087367709801,19.776411638303763,0.254462038794248,0
SRCV,0.27,0.21,3,KNN,HistGB,19.96191041898597,19.79962845112105,0.16228196786492077,0
SRCV,0.27,0.21,4,KNN,HistGB,19.90297371969373,19.524084711512717,0.37888900818101234,0
SRCV,0.27,0.21,5,KNN,HistGB,20.77670411585632,20.691741037075957,0.08496307878036191,0
SRCV,0.27,0.21,6,KNN,KNN,21.735449205266427,21.735449205266427,0.0,1
SRCV,0.27,0.21,7,KNN,KNN,19.129134412148225,19.129134412148225,0.0,1
SRCV,0.27,0.21,8,KNN,KNN,19.754159286311616,19.754159286311616,0.0,1
SRCV,0.27,0.21,9,KNN,HistGB,20.98288232106584,20.53946391412387,0.4434184069419693,0
SRCV,0.27,0.21,10,KNN,RandomForest,20.48470595716269,19.766638000384397,0.7180679567782917,0
SRCV,0.27,0.21,11,KNN,HistGB,19.811427834637808,19.12476153385831,0.6866663007794962,0
SRCV,0.27,0.21,12,KNN,HistGB,19.63675067855227,19.62285011346803,0.01390056508424209,0
SRCV,0.27,0.21,13,KNN,HistGB,21.13758289117044,20.1912750022628,0.94630788890764,0
SRCV,0.27,0.21,14,KNN,HistGB,20.58014152468207,20.17871752830445,0.40142399637761983,0
SRCV,0.27,0.21,15,KNN,KNN,20.008689836811453,20.008689836811453,0.0,1
SRCV,0.27,0.21,16,KNN,RandomForest,20.84034429185012,20.833181161887754,0.007163129962364678,0
SRCV,0.27,0.21,17,KNN,KNN,21.9739723674224,21.9739723674224,0.0,1
SRCV,0.27,0.21,18,KNN,KNN,20.18731917985644,20.18731917985644,0.0,1
SRCV,0.27,0.21,19,KNN,HistGB,20.032694142887376,19.97509701714303,0.05759712574434417,0
SRCV,0.27,0.21,20,KNN,HistGB,20.77611016022536,20.63839378129152,0.1377163789338418,0
SRCV,0.27,0.21,21,KNN,HistGB,21.887328352862333,21.40956894525845,0.4777594076038838,0
SRCV,0.27,0.21,22,KNN,KNN,21.24068021908822,21.24068021908822,0.0,1
SRCV,0.27,0.21,23,KNN,HistGB,21.334876409437367,21.073886705689358,0.26098970374800956,0
SRCV,0.27,0.21,24,KNN,HistGB,21.435227269307976,20.58508699071329,0.8501402785946865,0
SRCV,0.27,0.24,0,KNN,KNN,20.33664056590208,20.33664056590208,0.0,1
SRCV,0.27,0.24,1,KNN,KNN,21.92280236504782,21.92280236504782,0.0,1
SRCV,0.27,0.24,2,KNN,KNN,20.741214770005676,20.741214770005676,0.0,1
SRCV,0.27,0.24,3,KNN,KNN,20.4321294687124,20.4321294687124,0.0,1
SRCV,0.27,0.24,4,KNN,HistGB,20.61534906547144,20.575640835804094,0.03970822966734744,0
SRCV,0.27,0.24,5,KNN,KNN,21.582918404859733,21.582918404859733,0.0,1
SRCV,0.27,0.24,6,KNN,KNN,22.650935540068332,22.650935540068332,0.0,1
SRCV,0.27,0.24,7,KNN,KNN,19.87952199459999,19.87952199459999,0.0,1
SRCV,0.27,0.24,8,KNN,KNN,20.522281621260348,20.522281621260348,0.0,1
SRCV,0.27,0.24,9,KNN,HistGB,21.528784485732302,21.50120439198769,0.02758009374461068,0
SRCV,0.27,0.24,10,KNN,HistGB,21.171760104487944,20.799187355071187,0.3725727494167579,0
SRCV,0.27,0.24,11,KNN,RandomForest,20.65526578250647,20.371659546986443,0.2836062355200255,0
SRCV,0.27,0.24,12,KNN,KNN,20.153818096825816,20.153818096825816,0.0,1
SRCV,0.27,0.24,13,KNN,HistGB,21.73248689390209,21.2669017233842,0.4655851705178904,0
SRCV,0.27,0.24,14,KNN,KNN,21.3226337532928,21.3226337532928,0.0,1
SRCV,0.27,0.24,15,KNN,KNN,20.52767563958444,20.52767563958444,0.0,1
SRCV,0.27,0.24,16,KNN,KNN,21.60327312063129,21.60327312063129,0.0,1
SRCV,0.27,0.24,17,KNN,KNN,22.6236646265378,22.6236646265378,0.0,1
SRCV,0.27,0.24,18,KNN,KNN,20.865332927318907,20.865332927318907,0.0,1
SRCV,0.27,0.24,19,KNN,KNN,20.611027408455104,20.611027408455104,0.0,1
SRCV,0.27,0.24,20,KNN,KNN,21.538000917902348,21.538000917902348,0.0,1
SRCV,0.27,0.24,21,KNN,KNN,22.618736893558317,22.618736893558317,0.0,1
SRCV,0.27,0.24,22,KNN,KNN,22.050215114306518,22.050215114306518,0.0,1
SRCV,0.27,0.24,23,KNN,KNN,22.08033187991192,22.08033187991192,0.0,1
SRCV,0.27,0.24,24,KNN,HistGB,22.02600495833237,21.588328318789458,0.4376766395429108,0
SRCV,0.27,0.32,0,KNN,KNN,22.3410975641612,22.3410975641612,0.0,1
SRCV,0.27,0.32,1,KNN,KNN,24.167646892408506,24.167646892408506,0.0,1
SRCV,0.27,0.32,2,KNN,KNN,23.22830694722482,23.22830694722482,0.0,1
SRCV,0.27,0.32,3,KNN,KNN,22.651724084282822,22.651724084282822,0.0,1
SRCV,0.27,0.32,4,KNN,KNN,22.899209031890777,22.899209031890777,0.0,1
SRCV,0.27,0.32,5,KNN,KNN,23.74077037955543,23.74077037955543,0.0,1
SRCV,0.27,0.32,6,KNN,KNN,24.58426841601279,24.58426841601279,0.0,1
SRCV,0.27,0.32,7,KNN,KNN,21.897619039501325,21.897619039501325,0.0,1
SRCV,0.27,0.32,8,KNN,KNN,22.56198727539633,22.56198727539633,0.0,1
SRCV,0.27,0.32,9,KNN,KNN,23.726477980773108,23.726477980773108,0.0,1
SRCV,0.27,0.32,10,KNN,KNN,23.392268978535643,23.392268978535643,0.0,1
SRCV,0.27,0.32,11,KNN,KNN,22.911206803547127,22.911206803547127,0.0,1
SRCV,0.27,0.32,12,KNN,KNN,22.468416540666528,22.468416540666528,0.0,1
SRCV,0.27,0.32,13,KNN,KNN,23.978926219057577,23.978926219057577,0.0,1
SRCV,0.27,0.32,14,KNN,KNN,23.408361493293267,23.408361493293267,0.0,1
SRCV,0.27,0.32,15,KNN,KNN,22.5382140343824,22.5382140343824,0.0,1
SRCV,0.27,0.32,16,KNN,KNN,23.889956814327707,23.889956814327707,0.0,1
SRCV,0.27,0.32,17,KNN,KNN,24.784073695291784,24.784073695291784,0.0,1
SRCV,0.27,0.32,18,KNN,KNN,23.16494399329765,23.16494399329765,0.0,1
SRCV,0.27,0.32,19,KNN,KNN,22.967426539513063,22.967426539513063,0.0,1
SRCV,0.27,0.32,20,KNN,KNN,23.79135534710681,23.79135534710681,0.0,1
SRCV,0.27,0.32,21,KNN,KNN,24.97102970206068,24.97102970206068,0.0,1
SRCV,0.27,0.32,22,KNN,KNN,24.39051221352639,24.39051221352639,0.0,1
SRCV,0.27,0.32,23,KNN,KNN,24.187060837810005,24.187060837810005,0.0,1
SRCV,0.27,0.32,24,KNN,KNN,24.039705867231064,24.039705867231064,0.0,1
SRCV,0.27,0.4,0,KNN,KNN,25.10814862318806,25.10814862318806,0.0,1
SRCV,0.27,0.4,1,KNN,KNN,26.672735103263133,26.672735103263133,0.0,1
SRCV,0.27,0.4,2,KNN,KNN,25.81692397000759,25.81692397000759,0.0,1
SRCV,0.27,0.4,3,KNN,KNN,25.423661872844157,25.423661872844157,0.0,1
SRCV,0.27,0.4,4,KNN,KNN,25.844904882373577,25.844904882373577,0.0,1
SRCV,0.27,0.4,5,KNN,KNN,26.34733170986748,26.34733170986748,0.0,1
SRCV,0.27,0.4,6,KNN,KNN,27.471419439501894,27.471419439501894,0.0,1
SRCV,0.27,0.4,7,KNN,KNN,24.65403390525961,24.65403390525961,0.0,1
SRCV,0.27,0.4,8,KNN,KNN,25.132597624958056,25.132597624958056,0.0,1
SRCV,0.27,0.4,9,KNN,KNN,26.551948517294797,26.551948517294797,0.0,1
SRCV,0.27,0.4,10,KNN,KNN,25.81186367292943,25.81186367292943,0.0,1
SRCV,0.27,0.4,11,KNN,KNN,25.676760069446004,25.676760069446004,0.0,1
SRCV,0.27,0.4,12,KNN,KNN,25.233865931244623,25.233865931244623,0.0,1
SRCV,0.27,0.4,13,KNN,KNN,26.54460857267338,26.54460857267338,0.0,1
SRCV,0.27,0.4,14,KNN,KNN,26.522075989221285,26.522075989221285,0.0,1
SRCV,0.27,0.4,15,KNN,KNN,25.34232298472043,25.34232298472043,0.0,1
SRCV,0.27,0.4,16,KNN,KNN,26.84998999315152,26.84998999315152,0.0,1
SRCV,0.27,0.4,17,KNN,KNN,27.506923656523504,27.506923656523504,0.0,1
SRCV,0.27,0.4,18,KNN,KNN,25.751301404565957,25.751301404565957,0.0,1
SRCV,0.27,0.4,19,KNN,KNN,25.36051788480377,25.36051788480377,0.0,1
SRCV,0.27,0.4,20,KNN,KNN,26.323880275010467,26.323880275010467,0.0,1
SRCV,0.27,0.4,21,KNN,KNN,27.56509882832943,27.56509882832943,0.0,1
SRCV,0.27,0.4,22,KNN,KNN,26.97384541341878,26.97384541341878,0.0,1
SRCV,0.27,0.4,23,KNN,KNN,26.81887054429276,26.81887054429276,0.0,1
SRCV,0.27,0.4,24,KNN,KNN,26.826243061722764,26.826243061722764,0.0,1
SRCV,0.27,0.5,0,KNN,KNN,29.36104864314475,29.36104864314475,0.0,1
SRCV,0.27,0.5,1,KNN,KNN,30.78564658343057,30.78564658343057,0.0,1
SRCV,0.27,0.5,2,KNN,KNN,30.042510211973912,30.042510211973912,0.0,1
SRCV,0.27,0.5,3,KNN,KNN,29.873883258001964,29.873883258001964,0.0,1
SRCV,0.27,0.5,4,KNN,KNN,29.807820739177387,29.807820739177387,0.0,1
SRCV,0.27,0.5,5,KNN,KNN,30.71450700402392,30.71450700402392,0.0,1
SRCV,0.27,0.5,6,KNN,KNN,31.49381187242601,31.49381187242601,0.0,1
SRCV,0.27,0.5,7,KNN,KNN,28.83981311651348,28.83981311651348,0.0,1
SRCV,0.27,0.5,8,KNN,KNN,29.623591813472316,29.623591813472316,0.0,1
SRCV,0.27,0.5,9,KNN,KNN,30.300257701423387,30.300257701423387,0.0,1
SRCV,0.27,0.5,10,KNN,KNN,29.824404136662483,29.824404136662483,0.0,1
SRCV,0.27,0.5,11,KNN,KNN,29.60491639036404,29.60491639036404,0.0,1
SRCV,0.27,0.5,12,KNN,KNN,29.14937495424439,29.14937495424439,0.0,1
SRCV,0.27,0.5,13,KNN,KNN,30.73761449320112,30.73761449320112,0.0,1
SRCV,0.27,0.5,14,KNN,KNN,30.22898594801385,30.22898594801385,0.0,1
SRCV,0.27,0.5,15,KNN,KNN,29.482012823758883,29.482012823758883,0.0,1
SRCV,0.27,0.5,16,KNN,KNN,31.00229592672065,31.00229592672065,0.0,1
SRCV,0.27,0.5,17,KNN,KNN,32.00073805865598,32.00073805865598,0.0,1
SRCV,0.27,0.5,18,KNN,KNN,29.334123989500338,29.334123989500338,0.0,1
SRCV,0.27,0.5,19,KNN,KNN,29.727904717251747,29.727904717251747,0.0,1
SRCV,0.27,0.5,20,KNN,KNN,30.386612943510592,30.386612943510592,0.0,1
SRCV,0.27,0.5,21,KNN,KNN,32.05521614959351,32.05521614959351,0.0,1
SRCV,0.27,0.5,22,KNN,KNN,30.834582638855917,30.834582638855917,0.0,1
SRCV,0.27,0.5,23,KNN,KNN,31.138388285827343,31.138388285827343,0.0,1
SRCV,0.27,0.5,24,KNN,KNN,30.66380562129224,30.66380562129224,0.0,1
SRCV,0.32,0.0,0,KNN,HistGB,16.712860826663256,11.76015510447522,4.9527057221880355,0
SRCV,0.32,0.0,1,KNN,HistGB,18.554607271747013,13.73168860179165,4.822918669955364,0
SRCV,0.32,0.0,2,KNN,HistGB,17.294565601799835,12.03246102203424,5.2621045797655945,0
SRCV,0.32,0.0,3,KNN,HistGB,17.083764160481746,12.507296971676508,4.576467188805237,0
SRCV,0.32,0.0,4,KNN,HistGB,17.097545822077784,11.663767967150225,5.433777854927559,0
SRCV,0.32,0.0,5,KNN,HistGB,17.909664222574467,12.788000461342667,5.121663761231799,0
SRCV,0.32,0.0,6,KNN,HistGB,18.91809526396279,15.137088661400586,3.781006602562204,0
SRCV,0.32,0.0,7,KNN,HistGB,16.401418327290294,11.832086758523523,4.569331568766771,0
SRCV,0.32,0.0,8,KNN,HistGB,16.860979045119617,11.80698803744633,5.053991007673288,0
SRCV,0.32,0.0,9,KNN,HistGB,18.208051796429302,12.556532991757797,5.651518804671506,0
SRCV,0.32,0.0,10,KNN,HistGB,17.662682533055555,12.006766732493656,5.6559158005619,0
SRCV,0.32,0.0,11,KNN,HistGB,17.126978919479217,11.346172695771273,5.780806223707945,0
SRCV,0.32,0.0,12,KNN,HistGB,16.711416334917228,11.53607012306929,5.175346211847938,0
SRCV,0.32,0.0,13,KNN,HistGB,18.31367704428567,12.501230435307573,5.812446608978096,0
SRCV,0.32,0.0,14,KNN,HistGB,17.8750387525064,12.374390426143172,5.500648326363226,0
SRCV,0.32,0.0,15,KNN,HistGB,17.154024846008546,12.425630433445932,4.728394412562615,0
SRCV,0.32,0.0,16,KNN,HistGB,17.942796416201624,13.0920493003693,4.850747115832323,0
SRCV,0.32,0.0,17,KNN,HistGB,19.164317183569533,14.474854688524555,4.689462495044978,0
SRCV,0.32,0.0,18,KNN,HistGB,17.532936016468177,12.72431903276434,4.808616983703837,0
SRCV,0.32,0.0,19,KNN,HistGB,17.274932376884575,12.38932481964971,4.885607557234865,0
SRCV,0.32,0.0,20,KNN,HistGB,18.07931347354128,13.18137194824744,4.89794152529384,0
SRCV,0.32,0.0,21,KNN,HistGB,19.15831170114261,13.996657000066351,5.161654701076257,0
SRCV,0.32,0.0,22,KNN,HistGB,18.441009499620225,13.811627922541728,4.629381577078497,0
SRCV,0.32,0.0,23,KNN,HistGB,18.63753147195054,13.32873782866024,5.308793643290299,0
SRCV,0.32,0.0,24,KNN,HistGB,18.530273423408048,13.136467261751262,5.393806161656785,0
SRCV,0.32,0.025,0,KNN,HistGB,16.79379038457811,13.790624657970188,3.0031657266079215,0
SRCV,0.32,0.025,1,KNN,HistGB,18.644386250237933,15.569190624933023,3.075195625304909,0
SRCV,0.32,0.025,2,KNN,HistGB,17.40844408082005,14.088427543524208,3.3200165372958423,0
SRCV,0.32,0.025,3,KNN,HistGB,17.18234353972315,14.466111791412365,2.7162317483107845,0
SRCV,0.32,0.025,4,KNN,HistGB,17.200604715351112,13.735054816062018,3.465549899289094,0
SRCV,0.32,0.025,5,KNN,HistGB,18.03232002466543,14.867893327492942,3.1644266971724893,0
SRCV,0.32,0.025,6,KNN,HistGB,19.050968396735676,17.17176789089314,1.8792005058425367,0
SRCV,0.32,0.025,7,KNN,HistGB,16.51491861598398,13.928703035242147,2.5862155807418326,0
SRCV,0.32,0.025,8,KNN,HistGB,16.948554250638526,14.035703406909802,2.912850843728725,0
SRCV,0.32,0.025,9,KNN,HistGB,18.322813115694636,14.77125823960297,3.551554876091666,0
SRCV,0.32,0.025,10,KNN,HistGB,17.800550289558565,14.180458644223837,3.6200916453347283,0
SRCV,0.32,0.025,11,KNN,HistGB,17.229563111821,13.50742579877159,3.7221373130494104,0
SRCV,0.32,0.025,12,KNN,HistGB,16.827734555015816,13.758001907403685,3.069732647612131,0
SRCV,0.32,0.025,13,KNN,HistGB,18.40566096022652,14.626656518553975,3.7790044416725443,0
SRCV,0.32,0.025,14,KNN,HistGB,17.992725973192467,14.533640708116964,3.459085265075503,0
SRCV,0.32,0.025,15,KNN,HistGB,17.28838926437569,14.46272762558578,2.825661638789912,0
SRCV,0.32,0.025,16,KNN,HistGB,18.070556963880964,15.171306018649071,2.899250945231893,0
SRCV,0.32,0.025,17,KNN,HistGB,19.30686133645113,16.52161216946523,2.7852491669859027,0
SRCV,0.32,0.025,18,KNN,HistGB,17.63792841663326,14.780199693916028,2.8577287227172334,0
SRCV,0.32,0.025,19,KNN,HistGB,17.372599683056805,14.493836285631524,2.8787633974252813,0
SRCV,0.32,0.025,20,KNN,HistGB,18.178895905265563,15.368108126940594,2.8107877783249684,0
SRCV,0.32,0.025,21,KNN,HistGB,19.25557234649906,16.055770073743247,3.1998022727558144,0
SRCV,0.32,0.025,22,KNN,HistGB,18.566793121873637,15.713546741354476,2.8532463805191615,0
SRCV,0.32,0.025,23,KNN,HistGB,18.77027097829567,15.55503612142687,3.2152348568688005,0
SRCV,0.32,0.025,24,KNN,HistGB,18.665538668244785,15.081413399945886,3.5841252682988998,0
SRCV,0.32,0.1,0,KNN,HistGB,17.5231621823255,16.06918849714951,1.4539736851759884,0
SRCV,0.32,0.1,1,KNN,HistGB,19.32869326584255,17.715227486371926,1.6134657794706229,0
SRCV,0.32,0.1,2,KNN,HistGB,18.17558155965749,16.59812152428756,1.5774600353699313,0
SRCV,0.32,0.1,3,KNN,HistGB,17.925438981719108,16.681998568610286,1.2434404131088215,0
SRCV,0.32,0.1,4,KNN,HistGB,18.0326556297444,16.108514635915505,1.924140993828896,0
SRCV,0.32,0.1,5,KNN,HistGB,18.794459096153552,17.268672823209283,1.52578627294427,0
SRCV,0.32,0.1,6,KNN,HistGB,19.745096589509156,19.40432003734352,0.34077655216563585,0
SRCV,0.32,0.1,7,KNN,HistGB,17.211537249203268,16.082236395832705,1.1293008533705624,0
SRCV,0.32,0.1,8,KNN,HistGB,17.746024009013,16.407129732211875,1.338894276801124,0
SRCV,0.32,0.1,9,KNN,HistGB,19.06570127667792,17.16320210267766,1.902499174000262,0
SRCV,0.32,0.1,10,KNN,HistGB,18.527082647635567,16.50268958110556,2.0243930665300063,0
SRCV,0.32,0.1,11,KNN,HistGB,17.96719913149301,15.964533676765804,2.0026654547272074,0
SRCV,0.32,0.1,12,KNN,HistGB,17.54851771166636,15.955340858425544,1.5931768532408164,0
SRCV,0.32,0.1,13,KNN,HistGB,19.15551732759574,16.931967619416174,2.223549708179565,0
SRCV,0.32,0.1,14,KNN,HistGB,18.72975835972648,16.92890955586985,1.8008488038566277,0
SRCV,0.32,0.1,15,KNN,HistGB,18.030242339464674,16.861669366598026,1.1685729728666487,0
SRCV,0.32,0.1,16,KNN,HistGB,18.896520323914547,17.657517204616237,1.2390031192983102,0
SRCV,0.32,0.1,17,KNN,HistGB,19.95574950153938,18.682009768699448,1.2737397328399318,0
SRCV,0.32,0.1,18,KNN,HistGB,18.312341343757318,17.15936754113902,1.1529738026182983,0
SRCV,0.32,0.1,19,KNN,HistGB,18.145966862039437,16.832397587873736,1.313569274165701,0
SRCV,0.32,0.1,20,KNN,HistGB,18.992819541985696,17.57369629098549,1.4191232510002045,0
SRCV,0.32,0.1,21,KNN,HistGB,19.975424731932844,18.21056570240688,1.7648590295259652,0
SRCV,0.32,0.1,22,KNN,HistGB,19.27823232860887,17.918651632655692,1.359580695953177,0
SRCV,0.32,0.1,23,KNN,HistGB,19.465028851441705,17.87434674116678,1.5906821102749262,0
SRCV,0.32,0.1,24,KNN,HistGB,19.442251999825764,17.41484728033265,2.027404719493113,0
SRCV,0.32,0.15,0,KNN,HistGB,18.388477153771547,17.541973445772758,0.8465037079987887,0
SRCV,0.32,0.15,1,KNN,HistGB,20.103658813730984,19.010878031887327,1.0927807818436577,0
SRCV,0.32,0.15,2,KNN,HistGB,18.92963424576875,17.80100779364431,1.1286264521244398,0
SRCV,0.32,0.15,3,KNN,HistGB,18.711842001889416,18.01452453786513,0.6973174640242839,0
SRCV,0.32,0.15,4,KNN,HistGB,18.776584593256363,17.437948123990314,1.3386364692660493,0
SRCV,0.32,0.15,5,KNN,HistGB,19.56493339318045,18.58285094234233,0.9820824508381207,0
SRCV,0.32,0.15,6,KNN,KNN,20.55617663708099,20.55617663708099,0.0,1
SRCV,0.32,0.15,7,KNN,HistGB,17.970398911809447,17.529586892481948,0.4408120193274989,0
SRCV,0.32,0.15,8,KNN,HistGB,18.44987914993896,17.8122895281797,0.6375896217592576,0
SRCV,0.32,0.15,9,KNN,HistGB,19.78419240715848,18.495670339370204,1.288522067788275,0
SRCV,0.32,0.15,10,KNN,RandomForest,19.292430684389867,17.920692448422127,1.3717382359677401,0
SRCV,0.32,0.15,11,KNN,RandomForest,18.79563082489245,17.41666006093395,1.378970763958499,0
SRCV,0.32,0.15,12,KNN,HistGB,18.42456477911524,17.466672392177024,0.9578923869382159,0
SRCV,0.32,0.15,13,KNN,HistGB,19.915783478472257,18.257215445819707,1.6585680326525498,0
SRCV,0.32,0.15,14,KNN,HistGB,19.375277867166645,18.137408455216548,1.237869411950097,0
SRCV,0.32,0.15,15,KNN,HistGB,18.7588221069636,18.107544438260927,0.6512776687026722,0
SRCV,0.32,0.15,16,KNN,HistGB,19.630078267995007,18.78614046980045,0.8439377981945562,0
SRCV,0.32,0.15,17,KNN,HistGB,20.666777338238568,20.041240568377912,0.6255367698606555,0
SRCV,0.32,0.15,18,KNN,HistGB,19.05821184825198,18.367784803289087,0.6904270449628918,0
SRCV,0.32,0.15,19,KNN,HistGB,18.868378910996704,18.104123699192264,0.7642552118044392,0
SRCV,0.32,0.15,20,KNN,HistGB,19.705015054608563,18.801855062804623,0.903159991803939,0
SRCV,0.32,0.15,21,KNN,HistGB,20.86997319134168,19.59619733176809,1.2737758595735897,0
SRCV,0.32,0.15,22,KNN,HistGB,20.08406841921086,19.298586066791096,0.7854823524197627,0
SRCV,0.32,0.15,23,KNN,HistGB,20.17233384941767,19.173574821481136,0.9987590279365328,0
SRCV,0.32,0.15,24,KNN,HistGB,20.2282352313486,18.65781447093841,1.5704207604101903,0
SRCV,0.32,0.19,0,KNN,HistGB,19.139543512488924,18.928739010266547,0.210804502222377,0
SRCV,0.32,0.19,1,KNN,HistGB,20.755594195270135,20.143835873105846,0.6117583221642882,0
SRCV,0.32,0.19,2,KNN,RandomForest,19.696144316545364,19.25223313590072,0.4439111806446441,0
SRCV,0.32,0.19,3,KNN,HistGB,19.529605467282504,19.443279896968026,0.08632557031447874,0
SRCV,0.32,0.19,4,KNN,HistGB,19.613071957734302,18.91392220590144,0.6991497518328629,0
SRCV,0.32,0.19,5,KNN,HistGB,20.21902028126916,19.95917516081851,0.2598451204506489,0
SRCV,0.32,0.19,6,KNN,KNN,21.221317844771534,21.221317844771534,0.0,1
SRCV,0.32,0.19,7,KNN,HistGB,18.77454186131733,18.7343657051764,0.040176156140930175,0
SRCV,0.32,0.19,8,KNN,HistGB,19.202362722887752,19.090144255140743,0.1122184677470095,0
SRCV,0.32,0.19,9,KNN,HistGB,20.597441146180746,19.75986807523372,0.8375730709470268,0
SRCV,0.32,0.19,10,KNN,RandomForest,20.053448562375703,19.11294703331267,0.9405015290630345,0
SRCV,0.32,0.19,11,KNN,HistGB,19.620868000509937,18.667847445401883,0.9530205551080542,0
SRCV,0.32,0.19,12,KNN,HistGB,19.0309632448056,18.74800249831791,0.2829607464876922,0
SRCV,0.32,0.19,13,KNN,HistGB,20.627911515357205,19.487413662156857,1.1404978532003476,0
SRCV,0.32,0.19,14,KNN,HistGB,20.362011714757084,19.805729525276647,0.556282189480438,0
SRCV,0.32,0.19,15,KNN,HistGB,19.618598375178443,19.53354628711148,0.08505208806696274,0
SRCV,0.32,0.19,16,KNN,HistGB,20.533975780645825,20.42138389973512,0.11259188091070627,0
SRCV,0.32,0.19,17,KNN,HistGB,21.420566899318523,21.336585653266862,0.08398124605166046,0
SRCV,0.32,0.19,18,KNN,HistGB,19.727747830033994,19.63875503262111,0.08899279741288524,0
SRCV,0.32,0.19,19,KNN,HistGB,19.547908981423685,19.237587544515986,0.3103214369076994,0
SRCV,0.32,0.19,20,KNN,HistGB,20.41783160970748,19.92591817042073,0.49191343928675124,0
SRCV,0.32,0.19,21,KNN,HistGB,21.53452339813407,21.007827210990577,0.526696187143493,0
SRCV,0.32,0.19,22,KNN,HistGB,20.824194069788632,20.67660900892144,0.14758506086719336,0
SRCV,0.32,0.19,23,KNN,RandomForest,20.975719808111897,20.554130699292205,0.4215891088196919,0
SRCV,0.32,0.19,24,KNN,HistGB,20.889895387910965,19.83663934120755,1.0532560467034138,0
SRCV,0.32,0.2,0,KNN,HistGB,19.33529642412818,19.31695977824297,0.01833664588520989,0
SRCV,0.32,0.2,1,KNN,HistGB,20.988118869736013,20.633704058890523,0.35441481084549054,0
SRCV,0.32,0.2,2,KNN,RandomForest,19.89029596386833,19.530966200000307,0.35932976386802196,0
SRCV,0.32,0.2,3,KNN,HistGB,19.55057030403988,19.40246723251745,0.1481030715224314,0
SRCV,0.32,0.2,4,KNN,HistGB,19.812968172484528,19.19879919002628,0.6141689824582492,0
SRCV,0.32,0.2,5,KNN,HistGB,20.544638077401657,20.309646525902178,0.2349915514994798,0
SRCV,0.32,0.2,6,KNN,KNN,21.45106211319845,21.45106211319845,0.0,1
SRCV,0.32,0.2,7,KNN,KNN,18.91466158420148,18.91466158420148,0.0,1
SRCV,0.32,0.2,8,KNN,HistGB,19.4297476825972,19.353522301384245,0.07622538121295364,0
SRCV,0.32,0.2,9,KNN,HistGB,20.759517003218598,20.244280483753503,0.5152365194650947,0
SRCV,0.32,0.2,10,KNN,RandomForest,20.183306255017214,19.397262692891125,0.7860435621260891,0
SRCV,0.32,0.2,11,KNN,HistGB,19.72074783192237,18.81764877008533,0.9030990618370396,0
SRCV,0.32,0.2,12,KNN,HistGB,19.28080431886713,19.156116543683805,0.1246877751833253,0
SRCV,0.32,0.2,13,KNN,HistGB,20.993866750009243,20.01349433745357,0.9803724125556741,0
SRCV,0.32,0.2,14,KNN,HistGB,20.484338702816657,20.033455238923583,0.4508834638930743,0
SRCV,0.32,0.2,15,KNN,KNN,19.770319702527317,19.770319702527317,0.0,1
SRCV,0.32,0.2,16,KNN,HistGB,20.74824864265046,20.56981023209017,0.17843841056028964,0
SRCV,0.32,0.2,17,KNN,KNN,21.8467341910282,21.8467341910282,0.0,1
SRCV,0.32,0.2,18,KNN,KNN,20.099350238418523,20.099350238418523,0.0,1
SRCV,0.32,0.2,19,KNN,HistGB,19.747357179175573,19.59435135708357,0.15300582209200186,0
SRCV,0.32,0.2,20,KNN,HistGB,20.64765181172246,20.38206963513907,0.2655821765833899,0
SRCV,0.32,0.2,21,KNN,HistGB,21.671517042573598,21.186528023649814,0.484989018923784,0
SRCV,0.32,0.2,22,KNN,HistGB,21.063528092176284,20.970762127732502,0.09276596444378171,0
SRCV,0.32,0.2,23,KNN,HistGB,21.09697164614846,20.731601966614555,0.36536967953390587,0
SRCV,0.32,0.2,24,KNN,HistGB,21.136811627411657,20.04810559903347,1.088706028378187,0
SRCV,0.32,0.21,0,KNN,KNN,19.62070076050922,19.62070076050922,0.0,1
SRCV,0.32,0.21,1,KNN,HistGB,21.281338824066957,20.883479751389164,0.3978590726777931,0
SRCV,0.32,0.21,2,KNN,RandomForest,20.03087367709801,19.776411638303763,0.254462038794248,0
SRCV,0.32,0.21,3,KNN,HistGB,19.96191041898597,19.79962845112105,0.16228196786492077,0
SRCV,0.32,0.21,4,KNN,HistGB,19.90297371969373,19.524084711512717,0.37888900818101234,0
SRCV,0.32,0.21,5,KNN,HistGB,20.77670411585632,20.691741037075957,0.08496307878036191,0
SRCV,0.32,0.21,6,KNN,KNN,21.735449205266427,21.735449205266427,0.0,1
SRCV,0.32,0.21,7,KNN,KNN,19.129134412148225,19.129134412148225,0.0,1
SRCV,0.32,0.21,8,KNN,KNN,19.754159286311616,19.754159286311616,0.0,1
SRCV,0.32,0.21,9,KNN,HistGB,20.98288232106584,20.53946391412387,0.4434184069419693,0
SRCV,0.32,0.21,10,KNN,RandomForest,20.48470595716269,19.766638000384397,0.7180679567782917,0
SRCV,0.32,0.21,11,KNN,HistGB,19.811427834637808,19.12476153385831,0.6866663007794962,0
SRCV,0.32,0.21,12,KNN,HistGB,19.63675067855227,19.62285011346803,0.01390056508424209,0
SRCV,0.32,0.21,13,KNN,HistGB,21.13758289117044,20.1912750022628,0.94630788890764,0
SRCV,0.32,0.21,14,KNN,HistGB,20.58014152468207,20.17871752830445,0.40142399637761983,0
SRCV,0.32,0.21,15,KNN,KNN,20.008689836811453,20.008689836811453,0.0,1
SRCV,0.32,0.21,16,KNN,RandomForest,20.84034429185012,20.833181161887754,0.007163129962364678,0
SRCV,0.32,0.21,17,KNN,KNN,21.9739723674224,21.9739723674224,0.0,1
SRCV,0.32,0.21,18,KNN,KNN,20.18731917985644,20.18731917985644,0.0,1
SRCV,0.32,0.21,19,KNN,HistGB,20.032694142887376,19.97509701714303,0.05759712574434417,0
SRCV,0.32,0.21,20,KNN,HistGB,20.77611016022536,20.63839378129152,0.1377163789338418,0
SRCV,0.32,0.21,21,KNN,HistGB,21.887328352862333,21.40956894525845,0.4777594076038838,0
SRCV,0.32,0.21,22,KNN,KNN,21.24068021908822,21.24068021908822,0.0,1
SRCV,0.32,0.21,23,KNN,HistGB,21.334876409437367,21.073886705689358,0.26098970374800956,0
SRCV,0.32,0.21,24,KNN,HistGB,21.435227269307976,20.58508699071329,0.8501402785946865,0
SRCV,0.32,0.24,0,KNN,KNN,20.33664056590208,20.33664056590208,0.0,1
SRCV,0.32,0.24,1,KNN,KNN,21.92280236504782,21.92280236504782,0.0,1
SRCV,0.32,0.24,2,KNN,KNN,20.741214770005676,20.741214770005676,0.0,1
SRCV,0.32,0.24,3,KNN,KNN,20.4321294687124,20.4321294687124,0.0,1
SRCV,0.32,0.24,4,KNN,HistGB,20.61534906547144,20.575640835804094,0.03970822966734744,0
SRCV,0.32,0.24,5,KNN,KNN,21.582918404859733,21.582918404859733,0.0,1
SRCV,0.32,0.24,6,KNN,KNN,22.650935540068332,22.650935540068332,0.0,1
SRCV,0.32,0.24,7,KNN,KNN,19.87952199459999,19.87952199459999,0.0,1
SRCV,0.32,0.24,8,KNN,KNN,20.522281621260348,20.522281621260348,0.0,1
SRCV,0.32,0.24,9,KNN,HistGB,21.528784485732302,21.50120439198769,0.02758009374461068,0
SRCV,0.32,0.24,10,KNN,HistGB,21.171760104487944,20.799187355071187,0.3725727494167579,0
SRCV,0.32,0.24,11,KNN,RandomForest,20.65526578250647,20.371659546986443,0.2836062355200255,0
SRCV,0.32,0.24,12,KNN,KNN,20.153818096825816,20.153818096825816,0.0,1
SRCV,0.32,0.24,13,KNN,HistGB,21.73248689390209,21.2669017233842,0.4655851705178904,0
SRCV,0.32,0.24,14,KNN,KNN,21.3226337532928,21.3226337532928,0.0,1
SRCV,0.32,0.24,15,KNN,KNN,20.52767563958444,20.52767563958444,0.0,1
SRCV,0.32,0.24,16,KNN,KNN,21.60327312063129,21.60327312063129,0.0,1
SRCV,0.32,0.24,17,KNN,KNN,22.6236646265378,22.6236646265378,0.0,1
SRCV,0.32,0.24,18,KNN,KNN,20.865332927318907,20.865332927318907,0.0,1
SRCV,0.32,0.24,19,KNN,KNN,20.611027408455104,20.611027408455104,0.0,1
SRCV,0.32,0.24,20,KNN,KNN,21.538000917902348,21.538000917902348,0.0,1
SRCV,0.32,0.24,21,KNN,KNN,22.618736893558317,22.618736893558317,0.0,1
SRCV,0.32,0.24,22,KNN,KNN,22.050215114306518,22.050215114306518,0.0,1
SRCV,0.32,0.24,23,KNN,KNN,22.08033187991192,22.08033187991192,0.0,1
SRCV,0.32,0.24,24,KNN,HistGB,22.02600495833237,21.588328318789458,0.4376766395429108,0
SRCV,0.32,0.32,0,KNN,KNN,22.3410975641612,22.3410975641612,0.0,1
SRCV,0.32,0.32,1,KNN,KNN,24.167646892408506,24.167646892408506,0.0,1
SRCV,0.32,0.32,2,KNN,KNN,23.22830694722482,23.22830694722482,0.0,1
SRCV,0.32,0.32,3,KNN,KNN,22.651724084282822,22.651724084282822,0.0,1
SRCV,0.32,0.32,4,KNN,KNN,22.899209031890777,22.899209031890777,0.0,1
SRCV,0.32,0.32,5,KNN,KNN,23.74077037955543,23.74077037955543,0.0,1
SRCV,0.32,0.32,6,KNN,KNN,24.58426841601279,24.58426841601279,0.0,1
SRCV,0.32,0.32,7,KNN,KNN,21.897619039501325,21.897619039501325,0.0,1
SRCV,0.32,0.32,8,KNN,KNN,22.56198727539633,22.56198727539633,0.0,1
SRCV,0.32,0.32,9,KNN,KNN,23.726477980773108,23.726477980773108,0.0,1
SRCV,0.32,0.32,10,KNN,KNN,23.392268978535643,23.392268978535643,0.0,1
SRCV,0.32,0.32,11,KNN,KNN,22.911206803547127,22.911206803547127,0.0,1
SRCV,0.32,0.32,12,KNN,KNN,22.468416540666528,22.468416540666528,0.0,1
SRCV,0.32,0.32,13,KNN,KNN,23.978926219057577,23.978926219057577,0.0,1
SRCV,0.32,0.32,14,KNN,KNN,23.408361493293267,23.408361493293267,0.0,1
SRCV,0.32,0.32,15,KNN,KNN,22.5382140343824,22.5382140343824,0.0,1
SRCV,0.32,0.32,16,KNN,KNN,23.889956814327707,23.889956814327707,0.0,1
SRCV,0.32,0.32,17,KNN,KNN,24.784073695291784,24.784073695291784,0.0,1
SRCV,0.32,0.32,18,KNN,KNN,23.16494399329765,23.16494399329765,0.0,1
SRCV,0.32,0.32,19,KNN,KNN,22.967426539513063,22.967426539513063,0.0,1
SRCV,0.32,0.32,20,KNN,KNN,23.79135534710681,23.79135534710681,0.0,1
SRCV,0.32,0.32,21,KNN,KNN,24.97102970206068,24.97102970206068,0.0,1
SRCV,0.32,0.32,22,KNN,KNN,24.39051221352639,24.39051221352639,0.0,1
SRCV,0.32,0.32,23,KNN,KNN,24.187060837810005,24.187060837810005,0.0,1
SRCV,0.32,0.32,24,KNN,KNN,24.039705867231064,24.039705867231064,0.0,1
SRCV,0.32,0.4,0,KNN,KNN,25.10814862318806,25.10814862318806,0.0,1
SRCV,0.32,0.4,1,KNN,KNN,26.672735103263133,26.672735103263133,0.0,1
SRCV,0.32,0.4,2,KNN,KNN,25.81692397000759,25.81692397000759,0.0,1
SRCV,0.32,0.4,3,KNN,KNN,25.423661872844157,25.423661872844157,0.0,1
SRCV,0.32,0.4,4,KNN,KNN,25.844904882373577,25.844904882373577,0.0,1
SRCV,0.32,0.4,5,KNN,KNN,26.34733170986748,26.34733170986748,0.0,1
SRCV,0.32,0.4,6,KNN,KNN,27.471419439501894,27.471419439501894,0.0,1
SRCV,0.32,0.4,7,KNN,KNN,24.65403390525961,24.65403390525961,0.0,1
SRCV,0.32,0.4,8,KNN,KNN,25.132597624958056,25.132597624958056,0.0,1
SRCV,0.32,0.4,9,KNN,KNN,26.551948517294797,26.551948517294797,0.0,1
SRCV,0.32,0.4,10,KNN,KNN,25.81186367292943,25.81186367292943,0.0,1
SRCV,0.32,0.4,11,KNN,KNN,25.676760069446004,25.676760069446004,0.0,1
SRCV,0.32,0.4,12,KNN,KNN,25.233865931244623,25.233865931244623,0.0,1
SRCV,0.32,0.4,13,KNN,KNN,26.54460857267338,26.54460857267338,0.0,1
SRCV,0.32,0.4,14,KNN,KNN,26.522075989221285,26.522075989221285,0.0,1
SRCV,0.32,0.4,15,KNN,KNN,25.34232298472043,25.34232298472043,0.0,1
SRCV,0.32,0.4,16,KNN,KNN,26.84998999315152,26.84998999315152,0.0,1
SRCV,0.32,0.4,17,KNN,KNN,27.506923656523504,27.506923656523504,0.0,1
SRCV,0.32,0.4,18,KNN,KNN,25.751301404565957,25.751301404565957,0.0,1
SRCV,0.32,0.4,19,KNN,KNN,25.36051788480377,25.36051788480377,0.0,1
SRCV,0.32,0.4,20,KNN,KNN,26.323880275010467,26.323880275010467,0.0,1
SRCV,0.32,0.4,21,KNN,KNN,27.56509882832943,27.56509882832943,0.0,1
SRCV,0.32,0.4,22,KNN,KNN,26.97384541341878,26.97384541341878,0.0,1
SRCV,0.32,0.4,23,KNN,KNN,26.81887054429276,26.81887054429276,0.0,1
SRCV,0.32,0.4,24,KNN,KNN,26.826243061722764,26.826243061722764,0.0,1
SRCV,0.32,0.5,0,KNN,KNN,29.36104864314475,29.36104864314475,0.0,1
SRCV,0.32,0.5,1,KNN,KNN,30.78564658343057,30.78564658343057,0.0,1
SRCV,0.32,0.5,2,KNN,KNN,30.042510211973912,30.042510211973912,0.0,1
SRCV,0.32,0.5,3,KNN,KNN,29.873883258001964,29.873883258001964,0.0,1
SRCV,0.32,0.5,4,KNN,KNN,29.807820739177387,29.807820739177387,0.0,1
SRCV,0.32,0.5,5,KNN,KNN,30.71450700402392,30.71450700402392,0.0,1
SRCV,0.32,0.5,6,KNN,KNN,31.49381187242601,31.49381187242601,0.0,1
SRCV,0.32,0.5,7,KNN,KNN,28.83981311651348,28.83981311651348,0.0,1
SRCV,0.32,0.5,8,KNN,KNN,29.623591813472316,29.623591813472316,0.0,1
SRCV,0.32,0.5,9,KNN,KNN,30.300257701423387,30.300257701423387,0.0,1
SRCV,0.32,0.5,10,KNN,KNN,29.824404136662483,29.824404136662483,0.0,1
SRCV,0.32,0.5,11,KNN,KNN,29.60491639036404,29.60491639036404,0.0,1
SRCV,0.32,0.5,12,KNN,KNN,29.14937495424439,29.14937495424439,0.0,1
SRCV,0.32,0.5,13,KNN,KNN,30.73761449320112,30.73761449320112,0.0,1
SRCV,0.32,0.5,14,KNN,KNN,30.22898594801385,30.22898594801385,0.0,1
SRCV,0.32,0.5,15,KNN,KNN,29.482012823758883,29.482012823758883,0.0,1
SRCV,0.32,0.5,16,KNN,KNN,31.00229592672065,31.00229592672065,0.0,1
SRCV,0.32,0.5,17,KNN,KNN,32.00073805865598,32.00073805865598,0.0,1
SRCV,0.32,0.5,18,KNN,KNN,29.334123989500338,29.334123989500338,0.0,1
SRCV,0.32,0.5,19,KNN,KNN,29.727904717251747,29.727904717251747,0.0,1
SRCV,0.32,0.5,20,KNN,KNN,30.386612943510592,30.386612943510592,0.0,1
SRCV,0.32,0.5,21,KNN,KNN,32.05521614959351,32.05521614959351,0.0,1
SRCV,0.32,0.5,22,KNN,KNN,30.834582638855917,30.834582638855917,0.0,1
SRCV,0.32,0.5,23,KNN,KNN,31.138388285827343,31.138388285827343,0.0,1
SRCV,0.32,0.5,24,KNN,KNN,30.66380562129224,30.66380562129224,0.0,1
SRCV,0.4,0.0,0,KNN,HistGB,16.712860826663256,11.76015510447522,4.9527057221880355,0
SRCV,0.4,0.0,1,KNN,HistGB,18.554607271747013,13.73168860179165,4.822918669955364,0
SRCV,0.4,0.0,2,KNN,HistGB,17.294565601799835,12.03246102203424,5.2621045797655945,0
SRCV,0.4,0.0,3,KNN,HistGB,17.083764160481746,12.507296971676508,4.576467188805237,0
SRCV,0.4,0.0,4,KNN,HistGB,17.097545822077784,11.663767967150225,5.433777854927559,0
SRCV,0.4,0.0,5,KNN,HistGB,17.909664222574467,12.788000461342667,5.121663761231799,0
SRCV,0.4,0.0,6,KNN,HistGB,18.91809526396279,15.137088661400586,3.781006602562204,0
SRCV,0.4,0.0,7,KNN,HistGB,16.401418327290294,11.832086758523523,4.569331568766771,0
SRCV,0.4,0.0,8,KNN,HistGB,16.860979045119617,11.80698803744633,5.053991007673288,0
SRCV,0.4,0.0,9,KNN,HistGB,18.208051796429302,12.556532991757797,5.651518804671506,0
SRCV,0.4,0.0,10,KNN,HistGB,17.662682533055555,12.006766732493656,5.6559158005619,0
SRCV,0.4,0.0,11,KNN,HistGB,17.126978919479217,11.346172695771273,5.780806223707945,0
SRCV,0.4,0.0,12,KNN,HistGB,16.711416334917228,11.53607012306929,5.175346211847938,0
SRCV,0.4,0.0,13,KNN,HistGB,18.31367704428567,12.501230435307573,5.812446608978096,0
SRCV,0.4,0.0,14,KNN,HistGB,17.8750387525064,12.374390426143172,5.500648326363226,0
SRCV,0.4,0.0,15,KNN,HistGB,17.154024846008546,12.425630433445932,4.728394412562615,0
SRCV,0.4,0.0,16,KNN,HistGB,17.942796416201624,13.0920493003693,4.850747115832323,0
SRCV,0.4,0.0,17,KNN,HistGB,19.164317183569533,14.474854688524555,4.689462495044978,0
SRCV,0.4,0.0,18,KNN,HistGB,17.532936016468177,12.72431903276434,4.808616983703837,0
SRCV,0.4,0.0,19,KNN,HistGB,17.274932376884575,12.38932481964971,4.885607557234865,0
SRCV,0.4,0.0,20,KNN,HistGB,18.07931347354128,13.18137194824744,4.89794152529384,0
SRCV,0.4,0.0,21,KNN,HistGB,19.15831170114261,13.996657000066351,5.161654701076257,0
SRCV,0.4,0.0,22,KNN,HistGB,18.441009499620225,13.811627922541728,4.629381577078497,0
SRCV,0.4,0.0,23,KNN,HistGB,18.63753147195054,13.32873782866024,5.308793643290299,0
SRCV,0.4,0.0,24,KNN,HistGB,18.530273423408048,13.136467261751262,5.393806161656785,0
SRCV,0.4,0.025,0,KNN,HistGB,16.79379038457811,13.790624657970188,3.0031657266079215,0
SRCV,0.4,0.025,1,KNN,HistGB,18.644386250237933,15.569190624933023,3.075195625304909,0
SRCV,0.4,0.025,2,KNN,HistGB,17.40844408082005,14.088427543524208,3.3200165372958423,0
SRCV,0.4,0.025,3,KNN,HistGB,17.18234353972315,14.466111791412365,2.7162317483107845,0
SRCV,0.4,0.025,4,KNN,HistGB,17.200604715351112,13.735054816062018,3.465549899289094,0
SRCV,0.4,0.025,5,KNN,HistGB,18.03232002466543,14.867893327492942,3.1644266971724893,0
SRCV,0.4,0.025,6,KNN,HistGB,19.050968396735676,17.17176789089314,1.8792005058425367,0
SRCV,0.4,0.025,7,KNN,HistGB,16.51491861598398,13.928703035242147,2.5862155807418326,0
SRCV,0.4,0.025,8,KNN,HistGB,16.948554250638526,14.035703406909802,2.912850843728725,0
SRCV,0.4,0.025,9,KNN,HistGB,18.322813115694636,14.77125823960297,3.551554876091666,0
SRCV,0.4,0.025,10,KNN,HistGB,17.800550289558565,14.180458644223837,3.6200916453347283,0
SRCV,0.4,0.025,11,KNN,HistGB,17.229563111821,13.50742579877159,3.7221373130494104,0
SRCV,0.4,0.025,12,KNN,HistGB,16.827734555015816,13.758001907403685,3.069732647612131,0
SRCV,0.4,0.025,13,KNN,HistGB,18.40566096022652,14.626656518553975,3.7790044416725443,0
SRCV,0.4,0.025,14,KNN,HistGB,17.992725973192467,14.533640708116964,3.459085265075503,0
SRCV,0.4,0.025,15,KNN,HistGB,17.28838926437569,14.46272762558578,2.825661638789912,0
SRCV,0.4,0.025,16,KNN,HistGB,18.070556963880964,15.171306018649071,2.899250945231893,0
SRCV,0.4,0.025,17,KNN,HistGB,19.30686133645113,16.52161216946523,2.7852491669859027,0
SRCV,0.4,0.025,18,KNN,HistGB,17.63792841663326,14.780199693916028,2.8577287227172334,0
SRCV,0.4,0.025,19,KNN,HistGB,17.372599683056805,14.493836285631524,2.8787633974252813,0
SRCV,0.4,0.025,20,KNN,HistGB,18.178895905265563,15.368108126940594,2.8107877783249684,0
SRCV,0.4,0.025,21,KNN,HistGB,19.25557234649906,16.055770073743247,3.1998022727558144,0
SRCV,0.4,0.025,22,KNN,HistGB,18.566793121873637,15.713546741354476,2.8532463805191615,0
SRCV,0.4,0.025,23,KNN,HistGB,18.77027097829567,15.55503612142687,3.2152348568688005,0
SRCV,0.4,0.025,24,KNN,HistGB,18.665538668244785,15.081413399945886,3.5841252682988998,0
SRCV,0.4,0.1,0,KNN,HistGB,17.5231621823255,16.06918849714951,1.4539736851759884,0
SRCV,0.4,0.1,1,KNN,HistGB,19.32869326584255,17.715227486371926,1.6134657794706229,0
SRCV,0.4,0.1,2,KNN,HistGB,18.17558155965749,16.59812152428756,1.5774600353699313,0
SRCV,0.4,0.1,3,KNN,HistGB,17.925438981719108,16.681998568610286,1.2434404131088215,0
SRCV,0.4,0.1,4,KNN,HistGB,18.0326556297444,16.108514635915505,1.924140993828896,0
SRCV,0.4,0.1,5,KNN,HistGB,18.794459096153552,17.268672823209283,1.52578627294427,0
SRCV,0.4,0.1,6,KNN,HistGB,19.745096589509156,19.40432003734352,0.34077655216563585,0
SRCV,0.4,0.1,7,KNN,HistGB,17.211537249203268,16.082236395832705,1.1293008533705624,0
SRCV,0.4,0.1,8,KNN,HistGB,17.746024009013,16.407129732211875,1.338894276801124,0
SRCV,0.4,0.1,9,KNN,HistGB,19.06570127667792,17.16320210267766,1.902499174000262,0
SRCV,0.4,0.1,10,KNN,HistGB,18.527082647635567,16.50268958110556,2.0243930665300063,0
SRCV,0.4,0.1,11,KNN,HistGB,17.96719913149301,15.964533676765804,2.0026654547272074,0
SRCV,0.4,0.1,12,KNN,HistGB,17.54851771166636,15.955340858425544,1.5931768532408164,0
SRCV,0.4,0.1,13,KNN,HistGB,19.15551732759574,16.931967619416174,2.223549708179565,0
SRCV,0.4,0.1,14,KNN,HistGB,18.72975835972648,16.92890955586985,1.8008488038566277,0
SRCV,0.4,0.1,15,KNN,HistGB,18.030242339464674,16.861669366598026,1.1685729728666487,0
SRCV,0.4,0.1,16,KNN,HistGB,18.896520323914547,17.657517204616237,1.2390031192983102,0
SRCV,0.4,0.1,17,KNN,HistGB,19.95574950153938,18.682009768699448,1.2737397328399318,0
SRCV,0.4,0.1,18,KNN,HistGB,18.312341343757318,17.15936754113902,1.1529738026182983,0
SRCV,0.4,0.1,19,KNN,HistGB,18.145966862039437,16.832397587873736,1.313569274165701,0
SRCV,0.4,0.1,20,KNN,HistGB,18.992819541985696,17.57369629098549,1.4191232510002045,0
SRCV,0.4,0.1,21,KNN,HistGB,19.975424731932844,18.21056570240688,1.7648590295259652,0
SRCV,0.4,0.1,22,KNN,HistGB,19.27823232860887,17.918651632655692,1.359580695953177,0
SRCV,0.4,0.1,23,KNN,HistGB,19.465028851441705,17.87434674116678,1.5906821102749262,0
SRCV,0.4,0.1,24,KNN,HistGB,19.442251999825764,17.41484728033265,2.027404719493113,0
SRCV,0.4,0.15,0,KNN,HistGB,18.388477153771547,17.541973445772758,0.8465037079987887,0
SRCV,0.4,0.15,1,KNN,HistGB,20.103658813730984,19.010878031887327,1.0927807818436577,0
SRCV,0.4,0.15,2,KNN,HistGB,18.92963424576875,17.80100779364431,1.1286264521244398,0
SRCV,0.4,0.15,3,KNN,HistGB,18.711842001889416,18.01452453786513,0.6973174640242839,0
SRCV,0.4,0.15,4,KNN,HistGB,18.776584593256363,17.437948123990314,1.3386364692660493,0
SRCV,0.4,0.15,5,KNN,HistGB,19.56493339318045,18.58285094234233,0.9820824508381207,0
SRCV,0.4,0.15,6,KNN,KNN,20.55617663708099,20.55617663708099,0.0,1
SRCV,0.4,0.15,7,KNN,HistGB,17.970398911809447,17.529586892481948,0.4408120193274989,0
SRCV,0.4,0.15,8,KNN,HistGB,18.44987914993896,17.8122895281797,0.6375896217592576,0
SRCV,0.4,0.15,9,KNN,HistGB,19.78419240715848,18.495670339370204,1.288522067788275,0
SRCV,0.4,0.15,10,KNN,RandomForest,19.292430684389867,17.920692448422127,1.3717382359677401,0
SRCV,0.4,0.15,11,KNN,RandomForest,18.79563082489245,17.41666006093395,1.378970763958499,0
SRCV,0.4,0.15,12,KNN,HistGB,18.42456477911524,17.466672392177024,0.9578923869382159,0
SRCV,0.4,0.15,13,KNN,HistGB,19.915783478472257,18.257215445819707,1.6585680326525498,0
SRCV,0.4,0.15,14,KNN,HistGB,19.375277867166645,18.137408455216548,1.237869411950097,0
SRCV,0.4,0.15,15,KNN,HistGB,18.7588221069636,18.107544438260927,0.6512776687026722,0
SRCV,0.4,0.15,16,KNN,HistGB,19.630078267995007,18.78614046980045,0.8439377981945562,0
SRCV,0.4,0.15,17,KNN,HistGB,20.666777338238568,20.041240568377912,0.6255367698606555,0
SRCV,0.4,0.15,18,KNN,HistGB,19.05821184825198,18.367784803289087,0.6904270449628918,0
SRCV,0.4,0.15,19,KNN,HistGB,18.868378910996704,18.104123699192264,0.7642552118044392,0
SRCV,0.4,0.15,20,KNN,HistGB,19.705015054608563,18.801855062804623,0.903159991803939,0
SRCV,0.4,0.15,21,KNN,HistGB,20.86997319134168,19.59619733176809,1.2737758595735897,0
SRCV,0.4,0.15,22,KNN,HistGB,20.08406841921086,19.298586066791096,0.7854823524197627,0
SRCV,0.4,0.15,23,KNN,HistGB,20.17233384941767,19.173574821481136,0.9987590279365328,0
SRCV,0.4,0.15,24,KNN,HistGB,20.2282352313486,18.65781447093841,1.5704207604101903,0
SRCV,0.4,0.19,0,KNN,HistGB,19.139543512488924,18.928739010266547,0.210804502222377,0
SRCV,0.4,0.19,1,KNN,HistGB,20.755594195270135,20.143835873105846,0.6117583221642882,0
SRCV,0.4,0.19,2,KNN,RandomForest,19.696144316545364,19.25223313590072,0.4439111806446441,0
SRCV,0.4,0.19,3,KNN,HistGB,19.529605467282504,19.443279896968026,0.08632557031447874,0
SRCV,0.4,0.19,4,KNN,HistGB,19.613071957734302,18.91392220590144,0.6991497518328629,0
SRCV,0.4,0.19,5,KNN,HistGB,20.21902028126916,19.95917516081851,0.2598451204506489,0
SRCV,0.4,0.19,6,KNN,KNN,21.221317844771534,21.221317844771534,0.0,1
SRCV,0.4,0.19,7,KNN,HistGB,18.77454186131733,18.7343657051764,0.040176156140930175,0
SRCV,0.4,0.19,8,KNN,HistGB,19.202362722887752,19.090144255140743,0.1122184677470095,0
SRCV,0.4,0.19,9,KNN,HistGB,20.597441146180746,19.75986807523372,0.8375730709470268,0
SRCV,0.4,0.19,10,KNN,RandomForest,20.053448562375703,19.11294703331267,0.9405015290630345,0
SRCV,0.4,0.19,11,KNN,HistGB,19.620868000509937,18.667847445401883,0.9530205551080542,0
SRCV,0.4,0.19,12,KNN,HistGB,19.0309632448056,18.74800249831791,0.2829607464876922,0
SRCV,0.4,0.19,13,KNN,HistGB,20.627911515357205,19.487413662156857,1.1404978532003476,0
SRCV,0.4,0.19,14,KNN,HistGB,20.362011714757084,19.805729525276647,0.556282189480438,0
SRCV,0.4,0.19,15,KNN,HistGB,19.618598375178443,19.53354628711148,0.08505208806696274,0
SRCV,0.4,0.19,16,KNN,HistGB,20.533975780645825,20.42138389973512,0.11259188091070627,0
SRCV,0.4,0.19,17,KNN,HistGB,21.420566899318523,21.336585653266862,0.08398124605166046,0
SRCV,0.4,0.19,18,KNN,HistGB,19.727747830033994,19.63875503262111,0.08899279741288524,0
SRCV,0.4,0.19,19,KNN,HistGB,19.547908981423685,19.237587544515986,0.3103214369076994,0
SRCV,0.4,0.19,20,KNN,HistGB,20.41783160970748,19.92591817042073,0.49191343928675124,0
SRCV,0.4,0.19,21,KNN,HistGB,21.53452339813407,21.007827210990577,0.526696187143493,0
SRCV,0.4,0.19,22,KNN,HistGB,20.824194069788632,20.67660900892144,0.14758506086719336,0
SRCV,0.4,0.19,23,KNN,RandomForest,20.975719808111897,20.554130699292205,0.4215891088196919,0
SRCV,0.4,0.19,24,KNN,HistGB,20.889895387910965,19.83663934120755,1.0532560467034138,0
SRCV,0.4,0.2,0,KNN,HistGB,19.33529642412818,19.31695977824297,0.01833664588520989,0
SRCV,0.4,0.2,1,KNN,HistGB,20.988118869736013,20.633704058890523,0.35441481084549054,0
SRCV,0.4,0.2,2,KNN,RandomForest,19.89029596386833,19.530966200000307,0.35932976386802196,0
SRCV,0.4,0.2,3,KNN,HistGB,19.55057030403988,19.40246723251745,0.1481030715224314,0
SRCV,0.4,0.2,4,KNN,HistGB,19.812968172484528,19.19879919002628,0.6141689824582492,0
SRCV,0.4,0.2,5,KNN,HistGB,20.544638077401657,20.309646525902178,0.2349915514994798,0
SRCV,0.4,0.2,6,KNN,KNN,21.45106211319845,21.45106211319845,0.0,1
SRCV,0.4,0.2,7,KNN,KNN,18.91466158420148,18.91466158420148,0.0,1
SRCV,0.4,0.2,8,KNN,HistGB,19.4297476825972,19.353522301384245,0.07622538121295364,0
SRCV,0.4,0.2,9,KNN,HistGB,20.759517003218598,20.244280483753503,0.5152365194650947,0
SRCV,0.4,0.2,10,KNN,RandomForest,20.183306255017214,19.397262692891125,0.7860435621260891,0
SRCV,0.4,0.2,11,KNN,HistGB,19.72074783192237,18.81764877008533,0.9030990618370396,0
SRCV,0.4,0.2,12,KNN,HistGB,19.28080431886713,19.156116543683805,0.1246877751833253,0
SRCV,0.4,0.2,13,KNN,HistGB,20.993866750009243,20.01349433745357,0.9803724125556741,0
SRCV,0.4,0.2,14,KNN,HistGB,20.484338702816657,20.033455238923583,0.4508834638930743,0
SRCV,0.4,0.2,15,KNN,KNN,19.770319702527317,19.770319702527317,0.0,1
SRCV,0.4,0.2,16,KNN,HistGB,20.74824864265046,20.56981023209017,0.17843841056028964,0
SRCV,0.4,0.2,17,KNN,KNN,21.8467341910282,21.8467341910282,0.0,1
SRCV,0.4,0.2,18,KNN,KNN,20.099350238418523,20.099350238418523,0.0,1
SRCV,0.4,0.2,19,KNN,HistGB,19.747357179175573,19.59435135708357,0.15300582209200186,0
SRCV,0.4,0.2,20,KNN,HistGB,20.64765181172246,20.38206963513907,0.2655821765833899,0
SRCV,0.4,0.2,21,KNN,HistGB,21.671517042573598,21.186528023649814,0.484989018923784,0
SRCV,0.4,0.2,22,KNN,HistGB,21.063528092176284,20.970762127732502,0.09276596444378171,0
SRCV,0.4,0.2,23,KNN,HistGB,21.09697164614846,20.731601966614555,0.36536967953390587,0
SRCV,0.4,0.2,24,KNN,HistGB,21.136811627411657,20.04810559903347,1.088706028378187,0
SRCV,0.4,0.21,0,KNN,KNN,19.62070076050922,19.62070076050922,0.0,1
SRCV,0.4,0.21,1,KNN,HistGB,21.281338824066957,20.883479751389164,0.3978590726777931,0
SRCV,0.4,0.21,2,KNN,RandomForest,20.03087367709801,19.776411638303763,0.254462038794248,0
SRCV,0.4,0.21,3,KNN,HistGB,19.96191041898597,19.79962845112105,0.16228196786492077,0
SRCV,0.4,0.21,4,KNN,HistGB,19.90297371969373,19.524084711512717,0.37888900818101234,0
SRCV,0.4,0.21,5,KNN,HistGB,20.77670411585632,20.691741037075957,0.08496307878036191,0
SRCV,0.4,0.21,6,KNN,KNN,21.735449205266427,21.735449205266427,0.0,1
SRCV,0.4,0.21,7,KNN,KNN,19.129134412148225,19.129134412148225,0.0,1
SRCV,0.4,0.21,8,KNN,KNN,19.754159286311616,19.754159286311616,0.0,1
SRCV,0.4,0.21,9,KNN,HistGB,20.98288232106584,20.53946391412387,0.4434184069419693,0
SRCV,0.4,0.21,10,KNN,RandomForest,20.48470595716269,19.766638000384397,0.7180679567782917,0
SRCV,0.4,0.21,11,KNN,HistGB,19.811427834637808,19.12476153385831,0.6866663007794962,0
SRCV,0.4,0.21,12,KNN,HistGB,19.63675067855227,19.62285011346803,0.01390056508424209,0
SRCV,0.4,0.21,13,KNN,HistGB,21.13758289117044,20.1912750022628,0.94630788890764,0
SRCV,0.4,0.21,14,KNN,HistGB,20.58014152468207,20.17871752830445,0.40142399637761983,0
SRCV,0.4,0.21,15,KNN,KNN,20.008689836811453,20.008689836811453,0.0,1
SRCV,0.4,0.21,16,KNN,RandomForest,20.84034429185012,20.833181161887754,0.007163129962364678,0
SRCV,0.4,0.21,17,KNN,KNN,21.9739723674224,21.9739723674224,0.0,1
SRCV,0.4,0.21,18,KNN,KNN,20.18731917985644,20.18731917985644,0.0,1
SRCV,0.4,0.21,19,KNN,HistGB,20.032694142887376,19.97509701714303,0.05759712574434417,0
SRCV,0.4,0.21,20,KNN,HistGB,20.77611016022536,20.63839378129152,0.1377163789338418,0
SRCV,0.4,0.21,21,KNN,HistGB,21.887328352862333,21.40956894525845,0.4777594076038838,0
SRCV,0.4,0.21,22,KNN,KNN,21.24068021908822,21.24068021908822,0.0,1
SRCV,0.4,0.21,23,KNN,HistGB,21.334876409437367,21.073886705689358,0.26098970374800956,0
SRCV,0.4,0.21,24,KNN,HistGB,21.435227269307976,20.58508699071329,0.8501402785946865,0
SRCV,0.4,0.24,0,KNN,KNN,20.33664056590208,20.33664056590208,0.0,1
SRCV,0.4,0.24,1,KNN,KNN,21.92280236504782,21.92280236504782,0.0,1
SRCV,0.4,0.24,2,KNN,KNN,20.741214770005676,20.741214770005676,0.0,1
SRCV,0.4,0.24,3,KNN,KNN,20.4321294687124,20.4321294687124,0.0,1
SRCV,0.4,0.24,4,KNN,HistGB,20.61534906547144,20.575640835804094,0.03970822966734744,0
SRCV,0.4,0.24,5,KNN,KNN,21.582918404859733,21.582918404859733,0.0,1
SRCV,0.4,0.24,6,KNN,KNN,22.650935540068332,22.650935540068332,0.0,1
SRCV,0.4,0.24,7,KNN,KNN,19.87952199459999,19.87952199459999,0.0,1
SRCV,0.4,0.24,8,KNN,KNN,20.522281621260348,20.522281621260348,0.0,1
SRCV,0.4,0.24,9,KNN,HistGB,21.528784485732302,21.50120439198769,0.02758009374461068,0
SRCV,0.4,0.24,10,KNN,HistGB,21.171760104487944,20.799187355071187,0.3725727494167579,0
SRCV,0.4,0.24,11,KNN,RandomForest,20.65526578250647,20.371659546986443,0.2836062355200255,0
SRCV,0.4,0.24,12,KNN,KNN,20.153818096825816,20.153818096825816,0.0,1
SRCV,0.4,0.24,13,KNN,HistGB,21.73248689390209,21.2669017233842,0.4655851705178904,0
SRCV,0.4,0.24,14,KNN,KNN,21.3226337532928,21.3226337532928,0.0,1
SRCV,0.4,0.24,15,KNN,KNN,20.52767563958444,20.52767563958444,0.0,1
SRCV,0.4,0.24,16,KNN,KNN,21.60327312063129,21.60327312063129,0.0,1
SRCV,0.4,0.24,17,KNN,KNN,22.6236646265378,22.6236646265378,0.0,1
SRCV,0.4,0.24,18,KNN,KNN,20.865332927318907,20.865332927318907,0.0,1
SRCV,0.4,0.24,19,KNN,KNN,20.611027408455104,20.611027408455104,0.0,1
SRCV,0.4,0.24,20,KNN,KNN,21.538000917902348,21.538000917902348,0.0,1
SRCV,0.4,0.24,21,KNN,KNN,22.618736893558317,22.618736893558317,0.0,1
SRCV,0.4,0.24,22,KNN,KNN,22.050215114306518,22.050215114306518,0.0,1
SRCV,0.4,0.24,23,KNN,KNN,22.08033187991192,22.08033187991192,0.0,1
SRCV,0.4,0.24,24,KNN,HistGB,22.02600495833237,21.588328318789458,0.4376766395429108,0
SRCV,0.4,0.32,0,KNN,KNN,22.3410975641612,22.3410975641612,0.0,1
SRCV,0.4,0.32,1,KNN,KNN,24.167646892408506,24.167646892408506,0.0,1
SRCV,0.4,0.32,2,KNN,KNN,23.22830694722482,23.22830694722482,0.0,1
SRCV,0.4,0.32,3,KNN,KNN,22.651724084282822,22.651724084282822,0.0,1
SRCV,0.4,0.32,4,KNN,KNN,22.899209031890777,22.899209031890777,0.0,1
SRCV,0.4,0.32,5,KNN,KNN,23.74077037955543,23.74077037955543,0.0,1
SRCV,0.4,0.32,6,KNN,KNN,24.58426841601279,24.58426841601279,0.0,1
SRCV,0.4,0.32,7,KNN,KNN,21.897619039501325,21.897619039501325,0.0,1
SRCV,0.4,0.32,8,KNN,KNN,22.56198727539633,22.56198727539633,0.0,1
SRCV,0.4,0.32,9,KNN,KNN,23.726477980773108,23.726477980773108,0.0,1
SRCV,0.4,0.32,10,KNN,KNN,23.392268978535643,23.392268978535643,0.0,1
SRCV,0.4,0.32,11,KNN,KNN,22.911206803547127,22.911206803547127,0.0,1
SRCV,0.4,0.32,12,KNN,KNN,22.468416540666528,22.468416540666528,0.0,1
SRCV,0.4,0.32,13,KNN,KNN,23.978926219057577,23.978926219057577,0.0,1
SRCV,0.4,0.32,14,KNN,KNN,23.408361493293267,23.408361493293267,0.0,1
SRCV,0.4,0.32,15,KNN,KNN,22.5382140343824,22.5382140343824,0.0,1
SRCV,0.4,0.32,16,KNN,KNN,23.889956814327707,23.889956814327707,0.0,1
SRCV,0.4,0.32,17,KNN,KNN,24.784073695291784,24.784073695291784,0.0,1
SRCV,0.4,0.32,18,KNN,KNN,23.16494399329765,23.16494399329765,0.0,1
SRCV,0.4,0.32,19,KNN,KNN,22.967426539513063,22.967426539513063,0.0,1
SRCV,0.4,0.32,20,KNN,KNN,23.79135534710681,23.79135534710681,0.0,1
SRCV,0.4,0.32,21,KNN,KNN,24.97102970206068,24.97102970206068,0.0,1
SRCV,0.4,0.32,22,KNN,KNN,24.39051221352639,24.39051221352639,0.0,1
SRCV,0.4,0.32,23,KNN,KNN,24.187060837810005,24.187060837810005,0.0,1
SRCV,0.4,0.32,24,KNN,KNN,24.039705867231064,24.039705867231064,0.0,1
SRCV,0.4,0.4,0,KNN,KNN,25.10814862318806,25.10814862318806,0.0,1
SRCV,0.4,0.4,1,KNN,KNN,26.672735103263133,26.672735103263133,0.0,1
SRCV,0.4,0.4,2,KNN,KNN,25.81692397000759,25.81692397000759,0.0,1
SRCV,0.4,0.4,3,KNN,KNN,25.423661872844157,25.423661872844157,0.0,1
SRCV,0.4,0.4,4,KNN,KNN,25.844904882373577,25.844904882373577,0.0,1
SRCV,0.4,0.4,5,KNN,KNN,26.34733170986748,26.34733170986748,0.0,1
SRCV,0.4,0.4,6,KNN,KNN,27.471419439501894,27.471419439501894,0.0,1
SRCV,0.4,0.4,7,KNN,KNN,24.65403390525961,24.65403390525961,0.0,1
SRCV,0.4,0.4,8,KNN,KNN,25.132597624958056,25.132597624958056,0.0,1
SRCV,0.4,0.4,9,KNN,KNN,26.551948517294797,26.551948517294797,0.0,1
SRCV,0.4,0.4,10,KNN,KNN,25.81186367292943,25.81186367292943,0.0,1
SRCV,0.4,0.4,11,KNN,KNN,25.676760069446004,25.676760069446004,0.0,1
SRCV,0.4,0.4,12,KNN,KNN,25.233865931244623,25.233865931244623,0.0,1
SRCV,0.4,0.4,13,KNN,KNN,26.54460857267338,26.54460857267338,0.0,1
SRCV,0.4,0.4,14,KNN,KNN,26.522075989221285,26.522075989221285,0.0,1
SRCV,0.4,0.4,15,KNN,KNN,25.34232298472043,25.34232298472043,0.0,1
SRCV,0.4,0.4,16,KNN,KNN,26.84998999315152,26.84998999315152,0.0,1
SRCV,0.4,0.4,17,KNN,KNN,27.506923656523504,27.506923656523504,0.0,1
SRCV,0.4,0.4,18,KNN,KNN,25.751301404565957,25.751301404565957,0.0,1
SRCV,0.4,0.4,19,KNN,KNN,25.36051788480377,25.36051788480377,0.0,1
SRCV,0.4,0.4,20,KNN,KNN,26.323880275010467,26.323880275010467,0.0,1
SRCV,0.4,0.4,21,KNN,KNN,27.56509882832943,27.56509882832943,0.0,1
SRCV,0.4,0.4,22,KNN,KNN,26.97384541341878,26.97384541341878,0.0,1
SRCV,0.4,0.4,23,KNN,KNN,26.81887054429276,26.81887054429276,0.0,1
SRCV,0.4,0.4,24,KNN,KNN,26.826243061722764,26.826243061722764,0.0,1
SRCV,0.4,0.5,0,KNN,KNN,29.36104864314475,29.36104864314475,0.0,1
SRCV,0.4,0.5,1,KNN,KNN,30.78564658343057,30.78564658343057,0.0,1
SRCV,0.4,0.5,2,KNN,KNN,30.042510211973912,30.042510211973912,0.0,1
SRCV,0.4,0.5,3,KNN,KNN,29.873883258001964,29.873883258001964,0.0,1
SRCV,0.4,0.5,4,KNN,KNN,29.807820739177387,29.807820739177387,0.0,1
SRCV,0.4,0.5,5,KNN,KNN,30.71450700402392,30.71450700402392,0.0,1
SRCV,0.4,0.5,6,KNN,KNN,31.49381187242601,31.49381187242601,0.0,1
SRCV,0.4,0.5,7,KNN,KNN,28.83981311651348,28.83981311651348,0.0,1
SRCV,0.4,0.5,8,KNN,KNN,29.623591813472316,29.623591813472316,0.0,1
SRCV,0.4,0.5,9,KNN,KNN,30.300257701423387,30.300257701423387,0.0,1
SRCV,0.4,0.5,10,KNN,KNN,29.824404136662483,29.824404136662483,0.0,1
SRCV,0.4,0.5,11,KNN,KNN,29.60491639036404,29.60491639036404,0.0,1
SRCV,0.4,0.5,12,KNN,KNN,29.14937495424439,29.14937495424439,0.0,1
SRCV,0.4,0.5,13,KNN,KNN,30.73761449320112,30.73761449320112,0.0,1
SRCV,0.4,0.5,14,KNN,KNN,30.22898594801385,30.22898594801385,0.0,1
SRCV,0.4,0.5,15,KNN,KNN,29.482012823758883,29.482012823758883,0.0,1
SRCV,0.4,0.5,16,KNN,KNN,31.00229592672065,31.00229592672065,0.0,1
SRCV,0.4,0.5,17,KNN,KNN,32.00073805865598,32.00073805865598,0.0,1
SRCV,0.4,0.5,18,KNN,KNN,29.334123989500338,29.334123989500338,0.0,1
SRCV,0.4,0.5,19,KNN,KNN,29.727904717251747,29.727904717251747,0.0,1
SRCV,0.4,0.5,20,KNN,KNN,30.386612943510592,30.386612943510592,0.0,1
SRCV,0.4,0.5,21,KNN,KNN,32.05521614959351,32.05521614959351,0.0,1
SRCV,0.4,0.5,22,KNN,KNN,30.834582638855917,30.834582638855917,0.0,1
SRCV,0.4,0.5,23,KNN,KNN,31.138388285827343,31.138388285827343,0.0,1
SRCV,0.4,0.5,24,KNN,KNN,30.66380562129224,30.66380562129224,0.0,1
SRCV,0.5,0.0,0,KNN,HistGB,16.712860826663256,11.76015510447522,4.9527057221880355,0
SRCV,0.5,0.0,1,KNN,HistGB,18.554607271747013,13.73168860179165,4.822918669955364,0
SRCV,0.5,0.0,2,KNN,HistGB,17.294565601799835,12.03246102203424,5.2621045797655945,0
SRCV,0.5,0.0,3,KNN,HistGB,17.083764160481746,12.507296971676508,4.576467188805237,0
SRCV,0.5,0.0,4,KNN,HistGB,17.097545822077784,11.663767967150225,5.433777854927559,0
SRCV,0.5,0.0,5,KNN,HistGB,17.909664222574467,12.788000461342667,5.121663761231799,0
SRCV,0.5,0.0,6,KNN,HistGB,18.91809526396279,15.137088661400586,3.781006602562204,0
SRCV,0.5,0.0,7,KNN,HistGB,16.401418327290294,11.832086758523523,4.569331568766771,0
SRCV,0.5,0.0,8,KNN,HistGB,16.860979045119617,11.80698803744633,5.053991007673288,0
SRCV,0.5,0.0,9,KNN,HistGB,18.208051796429302,12.556532991757797,5.651518804671506,0
SRCV,0.5,0.0,10,KNN,HistGB,17.662682533055555,12.006766732493656,5.6559158005619,0
SRCV,0.5,0.0,11,KNN,HistGB,17.126978919479217,11.346172695771273,5.780806223707945,0
SRCV,0.5,0.0,12,KNN,HistGB,16.711416334917228,11.53607012306929,5.175346211847938,0
SRCV,0.5,0.0,13,KNN,HistGB,18.31367704428567,12.501230435307573,5.812446608978096,0
SRCV,0.5,0.0,14,KNN,HistGB,17.8750387525064,12.374390426143172,5.500648326363226,0
SRCV,0.5,0.0,15,KNN,HistGB,17.154024846008546,12.425630433445932,4.728394412562615,0
SRCV,0.5,0.0,16,KNN,HistGB,17.942796416201624,13.0920493003693,4.850747115832323,0
SRCV,0.5,0.0,17,KNN,HistGB,19.164317183569533,14.474854688524555,4.689462495044978,0
SRCV,0.5,0.0,18,KNN,HistGB,17.532936016468177,12.72431903276434,4.808616983703837,0
SRCV,0.5,0.0,19,KNN,HistGB,17.274932376884575,12.38932481964971,4.885607557234865,0
SRCV,0.5,0.0,20,KNN,HistGB,18.07931347354128,13.18137194824744,4.89794152529384,0
SRCV,0.5,0.0,21,KNN,HistGB,19.15831170114261,13.996657000066351,5.161654701076257,0
SRCV,0.5,0.0,22,KNN,HistGB,18.441009499620225,13.811627922541728,4.629381577078497,0
SRCV,0.5,0.0,23,KNN,HistGB,18.63753147195054,13.32873782866024,5.308793643290299,0
SRCV,0.5,0.0,24,KNN,HistGB,18.530273423408048,13.136467261751262,5.393806161656785,0
SRCV,0.5,0.025,0,KNN,HistGB,16.79379038457811,13.790624657970188,3.0031657266079215,0
SRCV,0.5,0.025,1,KNN,HistGB,18.644386250237933,15.569190624933023,3.075195625304909,0
SRCV,0.5,0.025,2,KNN,HistGB,17.40844408082005,14.088427543524208,3.3200165372958423,0
SRCV,0.5,0.025,3,KNN,HistGB,17.18234353972315,14.466111791412365,2.7162317483107845,0
SRCV,0.5,0.025,4,KNN,HistGB,17.200604715351112,13.735054816062018,3.465549899289094,0
SRCV,0.5,0.025,5,KNN,HistGB,18.03232002466543,14.867893327492942,3.1644266971724893,0
SRCV,0.5,0.025,6,KNN,HistGB,19.050968396735676,17.17176789089314,1.8792005058425367,0
SRCV,0.5,0.025,7,KNN,HistGB,16.51491861598398,13.928703035242147,2.5862155807418326,0
SRCV,0.5,0.025,8,KNN,HistGB,16.948554250638526,14.035703406909802,2.912850843728725,0
SRCV,0.5,0.025,9,KNN,HistGB,18.322813115694636,14.77125823960297,3.551554876091666,0
SRCV,0.5,0.025,10,KNN,HistGB,17.800550289558565,14.180458644223837,3.6200916453347283,0
SRCV,0.5,0.025,11,KNN,HistGB,17.229563111821,13.50742579877159,3.7221373130494104,0
SRCV,0.5,0.025,12,KNN,HistGB,16.827734555015816,13.758001907403685,3.069732647612131,0
SRCV,0.5,0.025,13,KNN,HistGB,18.40566096022652,14.626656518553975,3.7790044416725443,0
SRCV,0.5,0.025,14,KNN,HistGB,17.992725973192467,14.533640708116964,3.459085265075503,0
SRCV,0.5,0.025,15,KNN,HistGB,17.28838926437569,14.46272762558578,2.825661638789912,0
SRCV,0.5,0.025,16,KNN,HistGB,18.070556963880964,15.171306018649071,2.899250945231893,0
SRCV,0.5,0.025,17,KNN,HistGB,19.30686133645113,16.52161216946523,2.7852491669859027,0
SRCV,0.5,0.025,18,KNN,HistGB,17.63792841663326,14.780199693916028,2.8577287227172334,0
SRCV,0.5,0.025,19,KNN,HistGB,17.372599683056805,14.493836285631524,2.8787633974252813,0
SRCV,0.5,0.025,20,KNN,HistGB,18.178895905265563,15.368108126940594,2.8107877783249684,0
SRCV,0.5,0.025,21,KNN,HistGB,19.25557234649906,16.055770073743247,3.1998022727558144,0
SRCV,0.5,0.025,22,KNN,HistGB,18.566793121873637,15.713546741354476,2.8532463805191615,0
SRCV,0.5,0.025,23,KNN,HistGB,18.77027097829567,15.55503612142687,3.2152348568688005,0
SRCV,0.5,0.025,24,KNN,HistGB,18.665538668244785,15.081413399945886,3.5841252682988998,0
SRCV,0.5,0.1,0,KNN,HistGB,17.5231621823255,16.06918849714951,1.4539736851759884,0
SRCV,0.5,0.1,1,KNN,HistGB,19.32869326584255,17.715227486371926,1.6134657794706229,0
SRCV,0.5,0.1,2,KNN,HistGB,18.17558155965749,16.59812152428756,1.5774600353699313,0
SRCV,0.5,0.1,3,KNN,HistGB,17.925438981719108,16.681998568610286,1.2434404131088215,0
SRCV,0.5,0.1,4,KNN,HistGB,18.0326556297444,16.108514635915505,1.924140993828896,0
SRCV,0.5,0.1,5,KNN,HistGB,18.794459096153552,17.268672823209283,1.52578627294427,0
SRCV,0.5,0.1,6,KNN,HistGB,19.745096589509156,19.40432003734352,0.34077655216563585,0
SRCV,0.5,0.1,7,KNN,HistGB,17.211537249203268,16.082236395832705,1.1293008533705624,0
SRCV,0.5,0.1,8,KNN,HistGB,17.746024009013,16.407129732211875,1.338894276801124,0
SRCV,0.5,0.1,9,KNN,HistGB,19.06570127667792,17.16320210267766,1.902499174000262,0
SRCV,0.5,0.1,10,KNN,HistGB,18.527082647635567,16.50268958110556,2.0243930665300063,0
SRCV,0.5,0.1,11,KNN,HistGB,17.96719913149301,15.964533676765804,2.0026654547272074,0
SRCV,0.5,0.1,12,KNN,HistGB,17.54851771166636,15.955340858425544,1.5931768532408164,0
SRCV,0.5,0.1,13,KNN,HistGB,19.15551732759574,16.931967619416174,2.223549708179565,0
SRCV,0.5,0.1,14,KNN,HistGB,18.72975835972648,16.92890955586985,1.8008488038566277,0
SRCV,0.5,0.1,15,KNN,HistGB,18.030242339464674,16.861669366598026,1.1685729728666487,0
SRCV,0.5,0.1,16,KNN,HistGB,18.896520323914547,17.657517204616237,1.2390031192983102,0
SRCV,0.5,0.1,17,KNN,HistGB,19.95574950153938,18.682009768699448,1.2737397328399318,0
SRCV,0.5,0.1,18,KNN,HistGB,18.312341343757318,17.15936754113902,1.1529738026182983,0
SRCV,0.5,0.1,19,KNN,HistGB,18.145966862039437,16.832397587873736,1.313569274165701,0
SRCV,0.5,0.1,20,KNN,HistGB,18.992819541985696,17.57369629098549,1.4191232510002045,0
SRCV,0.5,0.1,21,KNN,HistGB,19.975424731932844,18.21056570240688,1.7648590295259652,0
SRCV,0.5,0.1,22,KNN,HistGB,19.27823232860887,17.918651632655692,1.359580695953177,0
SRCV,0.5,0.1,23,KNN,HistGB,19.465028851441705,17.87434674116678,1.5906821102749262,0
SRCV,0.5,0.1,24,KNN,HistGB,19.442251999825764,17.41484728033265,2.027404719493113,0
SRCV,0.5,0.15,0,KNN,HistGB,18.388477153771547,17.541973445772758,0.8465037079987887,0
SRCV,0.5,0.15,1,KNN,HistGB,20.103658813730984,19.010878031887327,1.0927807818436577,0
SRCV,0.5,0.15,2,KNN,HistGB,18.92963424576875,17.80100779364431,1.1286264521244398,0
SRCV,0.5,0.15,3,KNN,HistGB,18.711842001889416,18.01452453786513,0.6973174640242839,0
SRCV,0.5,0.15,4,KNN,HistGB,18.776584593256363,17.437948123990314,1.3386364692660493,0
SRCV,0.5,0.15,5,KNN,HistGB,19.56493339318045,18.58285094234233,0.9820824508381207,0
SRCV,0.5,0.15,6,KNN,KNN,20.55617663708099,20.55617663708099,0.0,1
SRCV,0.5,0.15,7,KNN,HistGB,17.970398911809447,17.529586892481948,0.4408120193274989,0
SRCV,0.5,0.15,8,KNN,HistGB,18.44987914993896,17.8122895281797,0.6375896217592576,0
SRCV,0.5,0.15,9,KNN,HistGB,19.78419240715848,18.495670339370204,1.288522067788275,0
SRCV,0.5,0.15,10,KNN,RandomForest,19.292430684389867,17.920692448422127,1.3717382359677401,0
SRCV,0.5,0.15,11,KNN,RandomForest,18.79563082489245,17.41666006093395,1.378970763958499,0
SRCV,0.5,0.15,12,KNN,HistGB,18.42456477911524,17.466672392177024,0.9578923869382159,0
SRCV,0.5,0.15,13,KNN,HistGB,19.915783478472257,18.257215445819707,1.6585680326525498,0
SRCV,0.5,0.15,14,KNN,HistGB,19.375277867166645,18.137408455216548,1.237869411950097,0
SRCV,0.5,0.15,15,KNN,HistGB,18.7588221069636,18.107544438260927,0.6512776687026722,0
SRCV,0.5,0.15,16,KNN,HistGB,19.630078267995007,18.78614046980045,0.8439377981945562,0
SRCV,0.5,0.15,17,KNN,HistGB,20.666777338238568,20.041240568377912,0.6255367698606555,0
SRCV,0.5,0.15,18,KNN,HistGB,19.05821184825198,18.367784803289087,0.6904270449628918,0
SRCV,0.5,0.15,19,KNN,HistGB,18.868378910996704,18.104123699192264,0.7642552118044392,0
SRCV,0.5,0.15,20,KNN,HistGB,19.705015054608563,18.801855062804623,0.903159991803939,0
SRCV,0.5,0.15,21,KNN,HistGB,20.86997319134168,19.59619733176809,1.2737758595735897,0
SRCV,0.5,0.15,22,KNN,HistGB,20.08406841921086,19.298586066791096,0.7854823524197627,0
SRCV,0.5,0.15,23,KNN,HistGB,20.17233384941767,19.173574821481136,0.9987590279365328,0
SRCV,0.5,0.15,24,KNN,HistGB,20.2282352313486,18.65781447093841,1.5704207604101903,0
SRCV,0.5,0.19,0,KNN,HistGB,19.139543512488924,18.928739010266547,0.210804502222377,0
SRCV,0.5,0.19,1,KNN,HistGB,20.755594195270135,20.143835873105846,0.6117583221642882,0
SRCV,0.5,0.19,2,KNN,RandomForest,19.696144316545364,19.25223313590072,0.4439111806446441,0
SRCV,0.5,0.19,3,KNN,HistGB,19.529605467282504,19.443279896968026,0.08632557031447874,0
SRCV,0.5,0.19,4,KNN,HistGB,19.613071957734302,18.91392220590144,0.6991497518328629,0
SRCV,0.5,0.19,5,KNN,HistGB,20.21902028126916,19.95917516081851,0.2598451204506489,0
SRCV,0.5,0.19,6,KNN,KNN,21.221317844771534,21.221317844771534,0.0,1
SRCV,0.5,0.19,7,KNN,HistGB,18.77454186131733,18.7343657051764,0.040176156140930175,0
SRCV,0.5,0.19,8,KNN,HistGB,19.202362722887752,19.090144255140743,0.1122184677470095,0
SRCV,0.5,0.19,9,KNN,HistGB,20.597441146180746,19.75986807523372,0.8375730709470268,0
SRCV,0.5,0.19,10,KNN,RandomForest,20.053448562375703,19.11294703331267,0.9405015290630345,0
SRCV,0.5,0.19,11,KNN,HistGB,19.620868000509937,18.667847445401883,0.9530205551080542,0
SRCV,0.5,0.19,12,KNN,HistGB,19.0309632448056,18.74800249831791,0.2829607464876922,0
SRCV,0.5,0.19,13,KNN,HistGB,20.627911515357205,19.487413662156857,1.1404978532003476,0
SRCV,0.5,0.19,14,KNN,HistGB,20.362011714757084,19.805729525276647,0.556282189480438,0
SRCV,0.5,0.19,15,KNN,HistGB,19.618598375178443,19.53354628711148,0.08505208806696274,0
SRCV,0.5,0.19,16,KNN,HistGB,20.533975780645825,20.42138389973512,0.11259188091070627,0
SRCV,0.5,0.19,17,KNN,HistGB,21.420566899318523,21.336585653266862,0.08398124605166046,0
SRCV,0.5,0.19,18,KNN,HistGB,19.727747830033994,19.63875503262111,0.08899279741288524,0
SRCV,0.5,0.19,19,KNN,HistGB,19.547908981423685,19.237587544515986,0.3103214369076994,0
SRCV,0.5,0.19,20,KNN,HistGB,20.41783160970748,19.92591817042073,0.49191343928675124,0
SRCV,0.5,0.19,21,KNN,HistGB,21.53452339813407,21.007827210990577,0.526696187143493,0
SRCV,0.5,0.19,22,KNN,HistGB,20.824194069788632,20.67660900892144,0.14758506086719336,0
SRCV,0.5,0.19,23,KNN,RandomForest,20.975719808111897,20.554130699292205,0.4215891088196919,0
SRCV,0.5,0.19,24,KNN,HistGB,20.889895387910965,19.83663934120755,1.0532560467034138,0
SRCV,0.5,0.2,0,KNN,HistGB,19.33529642412818,19.31695977824297,0.01833664588520989,0
SRCV,0.5,0.2,1,KNN,HistGB,20.988118869736013,20.633704058890523,0.35441481084549054,0
SRCV,0.5,0.2,2,KNN,RandomForest,19.89029596386833,19.530966200000307,0.35932976386802196,0
SRCV,0.5,0.2,3,KNN,HistGB,19.55057030403988,19.40246723251745,0.1481030715224314,0
SRCV,0.5,0.2,4,KNN,HistGB,19.812968172484528,19.19879919002628,0.6141689824582492,0
SRCV,0.5,0.2,5,KNN,HistGB,20.544638077401657,20.309646525902178,0.2349915514994798,0
SRCV,0.5,0.2,6,KNN,KNN,21.45106211319845,21.45106211319845,0.0,1
SRCV,0.5,0.2,7,KNN,KNN,18.91466158420148,18.91466158420148,0.0,1
SRCV,0.5,0.2,8,KNN,HistGB,19.4297476825972,19.353522301384245,0.07622538121295364,0
SRCV,0.5,0.2,9,KNN,HistGB,20.759517003218598,20.244280483753503,0.5152365194650947,0
SRCV,0.5,0.2,10,KNN,RandomForest,20.183306255017214,19.397262692891125,0.7860435621260891,0
SRCV,0.5,0.2,11,KNN,HistGB,19.72074783192237,18.81764877008533,0.9030990618370396,0
SRCV,0.5,0.2,12,KNN,HistGB,19.28080431886713,19.156116543683805,0.1246877751833253,0
SRCV,0.5,0.2,13,KNN,HistGB,20.993866750009243,20.01349433745357,0.9803724125556741,0
SRCV,0.5,0.2,14,KNN,HistGB,20.484338702816657,20.033455238923583,0.4508834638930743,0
SRCV,0.5,0.2,15,KNN,KNN,19.770319702527317,19.770319702527317,0.0,1
SRCV,0.5,0.2,16,KNN,HistGB,20.74824864265046,20.56981023209017,0.17843841056028964,0
SRCV,0.5,0.2,17,KNN,KNN,21.8467341910282,21.8467341910282,0.0,1
SRCV,0.5,0.2,18,KNN,KNN,20.099350238418523,20.099350238418523,0.0,1
SRCV,0.5,0.2,19,KNN,HistGB,19.747357179175573,19.59435135708357,0.15300582209200186,0
SRCV,0.5,0.2,20,KNN,HistGB,20.64765181172246,20.38206963513907,0.2655821765833899,0
SRCV,0.5,0.2,21,KNN,HistGB,21.671517042573598,21.186528023649814,0.484989018923784,0
SRCV,0.5,0.2,22,KNN,HistGB,21.063528092176284,20.970762127732502,0.09276596444378171,0
SRCV,0.5,0.2,23,KNN,HistGB,21.09697164614846,20.731601966614555,0.36536967953390587,0
SRCV,0.5,0.2,24,KNN,HistGB,21.136811627411657,20.04810559903347,1.088706028378187,0
SRCV,0.5,0.21,0,KNN,KNN,19.62070076050922,19.62070076050922,0.0,1
SRCV,0.5,0.21,1,KNN,HistGB,21.281338824066957,20.883479751389164,0.3978590726777931,0
SRCV,0.5,0.21,2,KNN,RandomForest,20.03087367709801,19.776411638303763,0.254462038794248,0
SRCV,0.5,0.21,3,KNN,HistGB,19.96191041898597,19.79962845112105,0.16228196786492077,0
SRCV,0.5,0.21,4,KNN,HistGB,19.90297371969373,19.524084711512717,0.37888900818101234,0
SRCV,0.5,0.21,5,KNN,HistGB,20.77670411585632,20.691741037075957,0.08496307878036191,0
SRCV,0.5,0.21,6,KNN,KNN,21.735449205266427,21.735449205266427,0.0,1
SRCV,0.5,0.21,7,KNN,KNN,19.129134412148225,19.129134412148225,0.0,1
SRCV,0.5,0.21,8,KNN,KNN,19.754159286311616,19.754159286311616,0.0,1
SRCV,0.5,0.21,9,KNN,HistGB,20.98288232106584,20.53946391412387,0.4434184069419693,0
SRCV,0.5,0.21,10,KNN,RandomForest,20.48470595716269,19.766638000384397,0.7180679567782917,0
SRCV,0.5,0.21,11,KNN,HistGB,19.811427834637808,19.12476153385831,0.6866663007794962,0
SRCV,0.5,0.21,12,KNN,HistGB,19.63675067855227,19.62285011346803,0.01390056508424209,0
SRCV,0.5,0.21,13,KNN,HistGB,21.13758289117044,20.1912750022628,0.94630788890764,0
SRCV,0.5,0.21,14,KNN,HistGB,20.58014152468207,20.17871752830445,0.40142399637761983,0
SRCV,0.5,0.21,15,KNN,KNN,20.008689836811453,20.008689836811453,0.0,1
SRCV,0.5,0.21,16,KNN,RandomForest,20.84034429185012,20.833181161887754,0.007163129962364678,0
SRCV,0.5,0.21,17,KNN,KNN,21.9739723674224,21.9739723674224,0.0,1
SRCV,0.5,0.21,18,KNN,KNN,20.18731917985644,20.18731917985644,0.0,1
SRCV,0.5,0.21,19,KNN,HistGB,20.032694142887376,19.97509701714303,0.05759712574434417,0
SRCV,0.5,0.21,20,KNN,HistGB,20.77611016022536,20.63839378129152,0.1377163789338418,0
SRCV,0.5,0.21,21,KNN,HistGB,21.887328352862333,21.40956894525845,0.4777594076038838,0
SRCV,0.5,0.21,22,KNN,KNN,21.24068021908822,21.24068021908822,0.0,1
SRCV,0.5,0.21,23,KNN,HistGB,21.334876409437367,21.073886705689358,0.26098970374800956,0
SRCV,0.5,0.21,24,KNN,HistGB,21.435227269307976,20.58508699071329,0.8501402785946865,0
SRCV,0.5,0.24,0,KNN,KNN,20.33664056590208,20.33664056590208,0.0,1
SRCV,0.5,0.24,1,KNN,KNN,21.92280236504782,21.92280236504782,0.0,1
SRCV,0.5,0.24,2,KNN,KNN,20.741214770005676,20.741214770005676,0.0,1
SRCV,0.5,0.24,3,KNN,KNN,20.4321294687124,20.4321294687124,0.0,1
SRCV,0.5,0.24,4,KNN,HistGB,20.61534906547144,20.575640835804094,0.03970822966734744,0
SRCV,0.5,0.24,5,KNN,KNN,21.582918404859733,21.582918404859733,0.0,1
SRCV,0.5,0.24,6,KNN,KNN,22.650935540068332,22.650935540068332,0.0,1
SRCV,0.5,0.24,7,KNN,KNN,19.87952199459999,19.87952199459999,0.0,1
SRCV,0.5,0.24,8,KNN,KNN,20.522281621260348,20.522281621260348,0.0,1
SRCV,0.5,0.24,9,KNN,HistGB,21.528784485732302,21.50120439198769,0.02758009374461068,0
SRCV,0.5,0.24,10,KNN,HistGB,21.171760104487944,20.799187355071187,0.3725727494167579,0
SRCV,0.5,0.24,11,KNN,RandomForest,20.65526578250647,20.371659546986443,0.2836062355200255,0
SRCV,0.5,0.24,12,KNN,KNN,20.153818096825816,20.153818096825816,0.0,1
SRCV,0.5,0.24,13,KNN,HistGB,21.73248689390209,21.2669017233842,0.4655851705178904,0
SRCV,0.5,0.24,14,KNN,KNN,21.3226337532928,21.3226337532928,0.0,1
SRCV,0.5,0.24,15,KNN,KNN,20.52767563958444,20.52767563958444,0.0,1
SRCV,0.5,0.24,16,KNN,KNN,21.60327312063129,21.60327312063129,0.0,1
SRCV,0.5,0.24,17,KNN,KNN,22.6236646265378,22.6236646265378,0.0,1
SRCV,0.5,0.24,18,KNN,KNN,20.865332927318907,20.865332927318907,0.0,1
SRCV,0.5,0.24,19,KNN,KNN,20.611027408455104,20.611027408455104,0.0,1
SRCV,0.5,0.24,20,KNN,KNN,21.538000917902348,21.538000917902348,0.0,1
SRCV,0.5,0.24,21,KNN,KNN,22.618736893558317,22.618736893558317,0.0,1
SRCV,0.5,0.24,22,KNN,KNN,22.050215114306518,22.050215114306518,0.0,1
SRCV,0.5,0.24,23,KNN,KNN,22.08033187991192,22.08033187991192,0.0,1
SRCV,0.5,0.24,24,KNN,HistGB,22.02600495833237,21.588328318789458,0.4376766395429108,0
SRCV,0.5,0.32,0,KNN,KNN,22.3410975641612,22.3410975641612,0.0,1
SRCV,0.5,0.32,1,KNN,KNN,24.167646892408506,24.167646892408506,0.0,1
SRCV,0.5,0.32,2,KNN,KNN,23.22830694722482,23.22830694722482,0.0,1
SRCV,0.5,0.32,3,KNN,KNN,22.651724084282822,22.651724084282822,0.0,1
SRCV,0.5,0.32,4,KNN,KNN,22.899209031890777,22.899209031890777,0.0,1
SRCV,0.5,0.32,5,KNN,KNN,23.74077037955543,23.74077037955543,0.0,1
SRCV,0.5,0.32,6,KNN,KNN,24.58426841601279,24.58426841601279,0.0,1
SRCV,0.5,0.32,7,KNN,KNN,21.897619039501325,21.897619039501325,0.0,1
SRCV,0.5,0.32,8,KNN,KNN,22.56198727539633,22.56198727539633,0.0,1
SRCV,0.5,0.32,9,KNN,KNN,23.726477980773108,23.726477980773108,0.0,1
SRCV,0.5,0.32,10,KNN,KNN,23.392268978535643,23.392268978535643,0.0,1
SRCV,0.5,0.32,11,KNN,KNN,22.911206803547127,22.911206803547127,0.0,1
SRCV,0.5,0.32,12,KNN,KNN,22.468416540666528,22.468416540666528,0.0,1
SRCV,0.5,0.32,13,KNN,KNN,23.978926219057577,23.978926219057577,0.0,1
SRCV,0.5,0.32,14,KNN,KNN,23.408361493293267,23.408361493293267,0.0,1
SRCV,0.5,0.32,15,KNN,KNN,22.5382140343824,22.5382140343824,0.0,1
SRCV,0.5,0.32,16,KNN,KNN,23.889956814327707,23.889956814327707,0.0,1
SRCV,0.5,0.32,17,KNN,KNN,24.784073695291784,24.784073695291784,0.0,1
SRCV,0.5,0.32,18,KNN,KNN,23.16494399329765,23.16494399329765,0.0,1
SRCV,0.5,0.32,19,KNN,KNN,22.967426539513063,22.967426539513063,0.0,1
SRCV,0.5,0.32,20,KNN,KNN,23.79135534710681,23.79135534710681,0.0,1
SRCV,0.5,0.32,21,KNN,KNN,24.97102970206068,24.97102970206068,0.0,1
SRCV,0.5,0.32,22,KNN,KNN,24.39051221352639,24.39051221352639,0.0,1
SRCV,0.5,0.32,23,KNN,KNN,24.187060837810005,24.187060837810005,0.0,1
SRCV,0.5,0.32,24,KNN,KNN,24.039705867231064,24.039705867231064,0.0,1
SRCV,0.5,0.4,0,KNN,KNN,25.10814862318806,25.10814862318806,0.0,1
SRCV,0.5,0.4,1,KNN,KNN,26.672735103263133,26.672735103263133,0.0,1
SRCV,0.5,0.4,2,KNN,KNN,25.81692397000759,25.81692397000759,0.0,1
SRCV,0.5,0.4,3,KNN,KNN,25.423661872844157,25.423661872844157,0.0,1
SRCV,0.5,0.4,4,KNN,KNN,25.844904882373577,25.844904882373577,0.0,1
SRCV,0.5,0.4,5,KNN,KNN,26.34733170986748,26.34733170986748,0.0,1
SRCV,0.5,0.4,6,KNN,KNN,27.471419439501894,27.471419439501894,0.0,1
SRCV,0.5,0.4,7,KNN,KNN,24.65403390525961,24.65403390525961,0.0,1
SRCV,0.5,0.4,8,KNN,KNN,25.132597624958056,25.132597624958056,0.0,1
SRCV,0.5,0.4,9,KNN,KNN,26.551948517294797,26.551948517294797,0.0,1
SRCV,0.5,0.4,10,KNN,KNN,25.81186367292943,25.81186367292943,0.0,1
SRCV,0.5,0.4,11,KNN,KNN,25.676760069446004,25.676760069446004,0.0,1
SRCV,0.5,0.4,12,KNN,KNN,25.233865931244623,25.233865931244623,0.0,1
SRCV,0.5,0.4,13,KNN,KNN,26.54460857267338,26.54460857267338,0.0,1
SRCV,0.5,0.4,14,KNN,KNN,26.522075989221285,26.522075989221285,0.0,1
SRCV,0.5,0.4,15,KNN,KNN,25.34232298472043,25.34232298472043,0.0,1
SRCV,0.5,0.4,16,KNN,KNN,26.84998999315152,26.84998999315152,0.0,1
SRCV,0.5,0.4,17,KNN,KNN,27.506923656523504,27.506923656523504,0.0,1
SRCV,0.5,0.4,18,KNN,KNN,25.751301404565957,25.751301404565957,0.0,1
SRCV,0.5,0.4,19,KNN,KNN,25.36051788480377,25.36051788480377,0.0,1
SRCV,0.5,0.4,20,KNN,KNN,26.323880275010467,26.323880275010467,0.0,1
SRCV,0.5,0.4,21,KNN,KNN,27.56509882832943,27.56509882832943,0.0,1
SRCV,0.5,0.4,22,KNN,KNN,26.97384541341878,26.97384541341878,0.0,1
SRCV,0.5,0.4,23,KNN,KNN,26.81887054429276,26.81887054429276,0.0,1
SRCV,0.5,0.4,24,KNN,KNN,26.826243061722764,26.826243061722764,0.0,1
SRCV,0.5,0.5,0,KNN,KNN,29.36104864314475,29.36104864314475,0.0,1
SRCV,0.5,0.5,1,KNN,KNN,30.78564658343057,30.78564658343057,0.0,1
SRCV,0.5,0.5,2,KNN,KNN,30.042510211973912,30.042510211973912,0.0,1
SRCV,0.5,0.5,3,KNN,KNN,29.873883258001964,29.873883258001964,0.0,1
SRCV,0.5,0.5,4,KNN,KNN,29.807820739177387,29.807820739177387,0.0,1
SRCV,0.5,0.5,5,KNN,KNN,30.71450700402392,30.71450700402392,0.0,1
SRCV,0.5,0.5,6,KNN,KNN,31.49381187242601,31.49381187242601,0.0,1
SRCV,0.5,0.5,7,KNN,KNN,28.83981311651348,28.83981311651348,0.0,1
SRCV,0.5,0.5,8,KNN,KNN,29.623591813472316,29.623591813472316,0.0,1
SRCV,0.5,0.5,9,KNN,KNN,30.300257701423387,30.300257701423387,0.0,1
SRCV,0.5,0.5,10,KNN,KNN,29.824404136662483,29.824404136662483,0.0,1
SRCV,0.5,0.5,11,KNN,KNN,29.60491639036404,29.60491639036404,0.0,1
SRCV,0.5,0.5,12,KNN,KNN,29.14937495424439,29.14937495424439,0.0,1
SRCV,0.5,0.5,13,KNN,KNN,30.73761449320112,30.73761449320112,0.0,1
SRCV,0.5,0.5,14,KNN,KNN,30.22898594801385,30.22898594801385,0.0,1
SRCV,0.5,0.5,15,KNN,KNN,29.482012823758883,29.482012823758883,0.0,1
SRCV,0.5,0.5,16,KNN,KNN,31.00229592672065,31.00229592672065,0.0,1
SRCV,0.5,0.5,17,KNN,KNN,32.00073805865598,32.00073805865598,0.0,1
SRCV,0.5,0.5,18,KNN,KNN,29.334123989500338,29.334123989500338,0.0,1
SRCV,0.5,0.5,19,KNN,KNN,29.727904717251747,29.727904717251747,0.0,1
SRCV,0.5,0.5,20,KNN,KNN,30.386612943510592,30.386612943510592,0.0,1
SRCV,0.5,0.5,21,KNN,KNN,32.05521614959351,32.05521614959351,0.0,1
SRCV,0.5,0.5,22,KNN,KNN,30.834582638855917,30.834582638855917,0.0,1
SRCV,0.5,0.5,23,KNN,KNN,31.138388285827343,31.138388285827343,0.0,1
SRCV,0.5,0.5,24,KNN,KNN,30.66380562129224,30.66380562129224,0.0,1
