radius,outer,inner,clean_choice,sr_choice
0.0,0,0,HistGB,HistGB
0.0,0,1,HistGB,HistGB
0.0,0,2,HistGB,HistGB
0.0,0,3,HistGB,HistGB
0.0,0,4,HistGB,HistGB
0.0,0,5,HistGB,HistGB
0.0,0,6,HistGB,HistGB
0.0,0,7,HistGB,HistGB
0.0,0,8,HistGB,HistGB
0.0,0,9,HistGB,HistGB
0.0,0,10,HistGB,HistGB
0.0,0,11,HistGB,HistGB
0.0,0,12,HistGB,HistGB
0.0,0,13,HistGB,HistGB
0.0,0,14,HistGB,HistGB
0.0,1,0,HistGB,HistGB
0.0,1,1,HistGB,HistGB
0.0,1,2,HistGB,HistGB
0.0,1,3,HistGB,HistGB
0.0,1,4,HistGB,HistGB
0.0,1,5,HistGB,HistGB
0.0,1,6,HistGB,HistGB
0.0,1,7,HistGB,HistGB
0.0,1,8,HistGB,HistGB
0.0,1,9,HistGB,HistGB
0.0,1,10,HistGB,HistGB
0.0,1,11,HistGB,HistGB
0.0,1,12,HistGB,HistGB
0.0,1,13,HistGB,HistGB
0.0,1,14,HistGB,HistGB
0.0,2,0,HistGB,HistGB
0.0,2,1,HistGB,HistGB
0.0,2,2,HistGB,HistGB
0.0,2,3,HistGB,HistGB
0.0,2,4,HistGB,HistGB
0.0,2,5,HistGB,HistGB
0.0,2,6,HistGB,HistGB
0.0,2,7,HistGB,HistGB
0.0,2,8,HistGB,HistGB
0.0,2,9,HistGB,HistGB
0.0,2,10,HistGB,HistGB
0.0,2,11,HistGB,HistGB
0.0,2,12,HistGB,HistGB
0.0,2,13,HistGB,HistGB
0.0,2,14,HistGB,HistGB
0.0,3,0,HistGB,HistGB
0.0,3,1,HistGB,HistGB
0.0,3,2,HistGB,HistGB
0.0,3,3,HistGB,HistGB
0.0,3,4,HistGB,HistGB
0.0,3,5,HistGB,HistGB
0.0,3,6,HistGB,HistGB
0.0,3,7,HistGB,HistGB
0.0,3,8,HistGB,HistGB
0.0,3,9,HistGB,HistGB
0.0,3,10,HistGB,HistGB
0.0,3,11,HistGB,HistGB
0.0,3,12,HistGB,HistGB
0.0,3,13,HistGB,HistGB
0.0,3,14,HistGB,HistGB
0.0,4,0,HistGB,HistGB
0.0,4,1,HistGB,HistGB
0.0,4,2,HistGB,HistGB
0.0,4,3,HistGB,HistGB
0.0,4,4,HistGB,HistGB
0.0,4,5,HistGB,HistGB
0.0,4,6,HistGB,HistGB
0.0,4,7,HistGB,HistGB
0.0,4,8,HistGB,HistGB
0.0,4,9,HistGB,HistGB
0.0,4,10,HistGB,HistGB
0.0,4,11,HistGB,HistGB
0.0,4,12,HistGB,HistGB
0.0,4,13,HistGB,HistGB
0.0,4,14,HistGB,HistGB
0.0,5,0,HistGB,HistGB
0.0,5,1,HistGB,HistGB
0.0,5,2,HistGB,HistGB
0.0,5,3,HistGB,HistGB
0.0,5,4,HistGB,HistGB
0.0,5,5,HistGB,HistGB
0.0,5,6,HistGB,HistGB
0.0,5,7,HistGB,HistGB
0.0,5,8,HistGB,HistGB
0.0,5,9,HistGB,HistGB
0.0,5,10,HistGB,HistGB
0.0,5,11,HistGB,HistGB
0.0,5,12,HistGB,HistGB
0.0,5,13,HistGB,HistGB
0.0,5,14,HistGB,HistGB
0.0,6,0,HistGB,HistGB
0.0,6,1,HistGB,HistGB
0.0,6,2,HistGB,HistGB
0.0,6,3,HistGB,HistGB
0.0,6,4,HistGB,HistGB
0.0,6,5,HistGB,HistGB
0.0,6,6,HistGB,HistGB
0.0,6,7,HistGB,HistGB
0.0,6,8,HistGB,HistGB
0.0,6,9,HistGB,HistGB
0.0,6,10,HistGB,HistGB
0.0,6,11,HistGB,HistGB
0.0,6,12,HistGB,HistGB
0.0,6,13,HistGB,HistGB
0.0,6,14,HistGB,HistGB
0.0,7,0,HistGB,HistGB
0.0,7,1,HistGB,HistGB
0.0,7,2,HistGB,HistGB
0.0,7,3,HistGB,HistGB
0.0,7,4,HistGB,HistGB
0.0,7,5,HistGB,HistGB
0.0,7,6,HistGB,HistGB
0.0,7,7,HistGB,HistGB
0.0,7,8,HistGB,HistGB
0.0,7,9,HistGB,HistGB
0.0,7,10,HistGB,HistGB
0.0,7,11,HistGB,HistGB
0.0,7,12,HistGB,HistGB
0.0,7,13,HistGB,HistGB
0.0,7,14,HistGB,HistGB
0.0,8,0,HistGB,HistGB
0.0,8,1,HistGB,HistGB
0.0,8,2,HistGB,HistGB
0.0,8,3,HistGB,HistGB
0.0,8,4,HistGB,HistGB
0.0,8,5,HistGB,HistGB
0.0,8,6,HistGB,HistGB
0.0,8,7,HistGB,HistGB
0.0,8,8,HistGB,HistGB
0.0,8,9,HistGB,HistGB
0.0,8,10,HistGB,HistGB
0.0,8,11,HistGB,HistGB
0.0,8,12,HistGB,HistGB
0.0,8,13,HistGB,HistGB
0.0,8,14,HistGB,HistGB
0.0,9,0,HistGB,HistGB
0.0,9,1,HistGB,HistGB
0.0,9,2,HistGB,HistGB
0.0,9,3,HistGB,HistGB
0.0,9,4,HistGB,HistGB
0.0,9,5,HistGB,HistGB
0.0,9,6,HistGB,HistGB
0.0,9,7,HistGB,HistGB
0.0,9,8,HistGB,HistGB
0.0,9,9,HistGB,HistGB
0.0,9,10,HistGB,HistGB
0.0,9,11,HistGB,HistGB
0.0,9,12,HistGB,HistGB
0.0,9,13,HistGB,HistGB
0.0,9,14,HistGB,HistGB
0.0,10,0,HistGB,HistGB
0.0,10,1,HistGB,HistGB
0.0,10,2,HistGB,HistGB
0.0,10,3,HistGB,HistGB
0.0,10,4,HistGB,HistGB
0.0,10,5,HistGB,HistGB
0.0,10,6,HistGB,HistGB
0.0,10,7,HistGB,HistGB
0.0,10,8,HistGB,HistGB
0.0,10,9,HistGB,HistGB
0.0,10,10,HistGB,HistGB
0.0,10,11,HistGB,HistGB
0.0,10,12,HistGB,HistGB
0.0,10,13,HistGB,HistGB
0.0,10,14,HistGB,HistGB
0.0,11,0,HistGB,HistGB
0.0,11,1,HistGB,HistGB
0.0,11,2,HistGB,HistGB
0.0,11,3,HistGB,HistGB
0.0,11,4,HistGB,HistGB
0.0,11,5,HistGB,HistGB
0.0,11,6,HistGB,HistGB
0.0,11,7,HistGB,HistGB
0.0,11,8,HistGB,HistGB
0.0,11,9,HistGB,HistGB
0.0,11,10,HistGB,HistGB
0.0,11,11,HistGB,HistGB
0.0,11,12,HistGB,HistGB
0.0,11,13,HistGB,HistGB
0.0,11,14,HistGB,HistGB
0.0,12,0,HistGB,HistGB
0.0,12,1,HistGB,HistGB
0.0,12,2,HistGB,HistGB
0.0,12,3,HistGB,HistGB
0.0,12,4,HistGB,HistGB
0.0,12,5,HistGB,HistGB
0.0,12,6,HistGB,HistGB
0.0,12,7,HistGB,HistGB
0.0,12,8,HistGB,HistGB
0.0,12,9,HistGB,HistGB
0.0,12,10,HistGB,HistGB
0.0,12,11,HistGB,HistGB
0.0,12,12,HistGB,HistGB
0.0,12,13,HistGB,HistGB
0.0,12,14,HistGB,HistGB
0.0,13,0,HistGB,HistGB
0.0,13,1,HistGB,HistGB
0.0,13,2,HistGB,HistGB
0.0,13,3,HistGB,HistGB
0.0,13,4,HistGB,HistGB
0.0,13,5,HistGB,HistGB
0.0,13,6,HistGB,HistGB
0.0,13,7,HistGB,HistGB
0.0,13,8,HistGB,HistGB
0.0,13,9,HistGB,HistGB
0.0,13,10,HistGB,HistGB
0.0,13,11,HistGB,HistGB
0.0,13,12,HistGB,HistGB
0.0,13,13,HistGB,HistGB
0.0,13,14,HistGB,HistGB
0.0,14,0,HistGB,HistGB
0.0,14,1,HistGB,HistGB
0.0,14,2,HistGB,HistGB
0.0,14,3,HistGB,HistGB
0.0,14,4,HistGB,HistGB
0.0,14,5,HistGB,HistGB
0.0,14,6,HistGB,HistGB
0.0,14,7,HistGB,HistGB
0.0,14,8,HistGB,HistGB
0.0,14,9,HistGB,HistGB
0.0,14,10,HistGB,HistGB
0.0,14,11,HistGB,HistGB
0.0,14,12,HistGB,HistGB
0.0,14,13,HistGB,HistGB
0.0,14,14,HistGB,HistGB
0.0,15,0,HistGB,HistGB
0.0,15,1,HistGB,HistGB
0.0,15,2,HistGB,HistGB
0.0,15,3,HistGB,HistGB
0.0,15,4,HistGB,HistGB
0.0,15,5,HistGB,HistGB
0.0,15,6,HistGB,HistGB
0.0,15,7,HistGB,HistGB
0.0,15,8,HistGB,HistGB
0.0,15,9,HistGB,HistGB
0.0,15,10,HistGB,HistGB
0.0,15,11,HistGB,HistGB
0.0,15,12,HistGB,HistGB
0.0,15,13,HistGB,HistGB
0.0,15,14,HistGB,HistGB
0.0,16,0,HistGB,HistGB
0.0,16,1,HistGB,HistGB
0.0,16,2,HistGB,HistGB
0.0,16,3,HistGB,HistGB
0.0,16,4,HistGB,HistGB
0.0,16,5,HistGB,HistGB
0.0,16,6,HistGB,HistGB
0.0,16,7,HistGB,HistGB
0.0,16,8,HistGB,HistGB
0.0,16,9,HistGB,HistGB
0.0,16,10,HistGB,HistGB
0.0,16,11,HistGB,HistGB
0.0,16,12,HistGB,HistGB
0.0,16,13,HistGB,HistGB
0.0,16,14,HistGB,HistGB
0.0,17,0,HistGB,HistGB
0.0,17,1,HistGB,HistGB
0.0,17,2,HistGB,HistGB
0.0,17,3,HistGB,HistGB
0.0,17,4,HistGB,HistGB
0.0,17,5,HistGB,HistGB
0.0,17,6,HistGB,HistGB
0.0,17,7,HistGB,HistGB
0.0,17,8,HistGB,HistGB
0.0,17,9,HistGB,HistGB
0.0,17,10,HistGB,HistGB
0.0,17,11,HistGB,HistGB
0.0,17,12,HistGB,HistGB
0.0,17,13,HistGB,HistGB
0.0,17,14,HistGB,HistGB
0.0,18,0,HistGB,HistGB
0.0,18,1,HistGB,HistGB
0.0,18,2,HistGB,HistGB
0.0,18,3,HistGB,HistGB
0.0,18,4,HistGB,HistGB
0.0,18,5,HistGB,HistGB
0.0,18,6,HistGB,HistGB
0.0,18,7,HistGB,HistGB
0.0,18,8,HistGB,HistGB
0.0,18,9,HistGB,HistGB
0.0,18,10,HistGB,HistGB
0.0,18,11,HistGB,HistGB
0.0,18,12,HistGB,HistGB
0.0,18,13,HistGB,HistGB
0.0,18,14,HistGB,HistGB
0.0,19,0,HistGB,HistGB
0.0,19,1,HistGB,HistGB
0.0,19,2,HistGB,HistGB
0.0,19,3,HistGB,HistGB
0.0,19,4,HistGB,HistGB
0.0,19,5,HistGB,HistGB
0.0,19,6,HistGB,HistGB
0.0,19,7,HistGB,HistGB
0.0,19,8,HistGB,HistGB
0.0,19,9,HistGB,HistGB
0.0,19,10,HistGB,HistGB
0.0,19,11,HistGB,HistGB
0.0,19,12,HistGB,HistGB
0.0,19,13,HistGB,HistGB
0.0,19,14,HistGB,HistGB
0.0,20,0,HistGB,HistGB
0.0,20,1,HistGB,HistGB
0.0,20,2,HistGB,HistGB
0.0,20,3,HistGB,HistGB
0.0,20,4,HistGB,HistGB
0.0,20,5,HistGB,HistGB
0.0,20,6,HistGB,HistGB
0.0,20,7,HistGB,HistGB
0.0,20,8,HistGB,HistGB
0.0,20,9,HistGB,HistGB
0.0,20,10,HistGB,HistGB
0.0,20,11,HistGB,HistGB
0.0,20,12,HistGB,HistGB
0.0,20,13,HistGB,HistGB
0.0,20,14,HistGB,HistGB
0.0,21,0,HistGB,HistGB
0.0,21,1,HistGB,HistGB
0.0,21,2,HistGB,HistGB
0.0,21,3,HistGB,HistGB
0.0,21,4,HistGB,HistGB
0.0,21,5,HistGB,HistGB
0.0,21,6,HistGB,HistGB
0.0,21,7,HistGB,HistGB
0.0,21,8,HistGB,HistGB
0.0,21,9,HistGB,HistGB
0.0,21,10,HistGB,HistGB
0.0,21,11,HistGB,HistGB
0.0,21,12,HistGB,HistGB
0.0,21,13,HistGB,HistGB
0.0,21,14,HistGB,HistGB
0.0,22,0,HistGB,HistGB
0.0,22,1,HistGB,HistGB
0.0,22,2,HistGB,HistGB
0.0,22,3,HistGB,HistGB
0.0,22,4,HistGB,HistGB
0.0,22,5,HistGB,HistGB
0.0,22,6,HistGB,HistGB
0.0,22,7,HistGB,HistGB
0.0,22,8,HistGB,HistGB
0.0,22,9,HistGB,HistGB
0.0,22,10,HistGB,HistGB
0.0,22,11,HistGB,HistGB
0.0,22,12,HistGB,HistGB
0.0,22,13,HistGB,HistGB
0.0,22,14,HistGB,HistGB
0.0,23,0,HistGB,HistGB
0.0,23,1,HistGB,HistGB
0.0,23,2,HistGB,HistGB
0.0,23,3,HistGB,HistGB
0.0,23,4,HistGB,HistGB
0.0,23,5,HistGB,HistGB
0.0,23,6,HistGB,HistGB
0.0,23,7,HistGB,HistGB
0.0,23,8,HistGB,HistGB
0.0,23,9,HistGB,HistGB
0.0,23,10,HistGB,HistGB
0.0,23,11,HistGB,HistGB
0.0,23,12,HistGB,HistGB
0.0,23,13,HistGB,HistGB
0.0,23,14,HistGB,HistGB
0.0,24,0,HistGB,HistGB
0.0,24,1,HistGB,HistGB
0.0,24,2,HistGB,HistGB
0.0,24,3,HistGB,HistGB
0.0,24,4,HistGB,HistGB
0.0,24,5,HistGB,HistGB
0.0,24,6,HistGB,HistGB
0.0,24,7,HistGB,HistGB
0.0,24,8,HistGB,HistGB
0.0,24,9,HistGB,HistGB
0.0,24,10,HistGB,HistGB
0.0,24,11,HistGB,HistGB
0.0,24,12,HistGB,HistGB
0.0,24,13,HistGB,HistGB
0.0,24,14,HistGB,HistGB
0.025,0,0,HistGB,HistGB
0.025,0,1,HistGB,HistGB
0.025,0,2,HistGB,HistGB
0.025,0,3,HistGB,HistGB
0.025,0,4,HistGB,HistGB
0.025,0,5,HistGB,HistGB
0.025,0,6,HistGB,HistGB
0.025,0,7,HistGB,HistGB
0.025,0,8,HistGB,HistGB
0.025,0,9,HistGB,HistGB
0.025,0,10,HistGB,HistGB
0.025,0,11,HistGB,HistGB
0.025,0,12,HistGB,HistGB
0.025,0,13,HistGB,HistGB
0.025,0,14,HistGB,HistGB
0.025,1,0,HistGB,HistGB
0.025,1,1,HistGB,HistGB
0.025,1,2,HistGB,HistGB
0.025,1,3,HistGB,HistGB
0.025,1,4,HistGB,HistGB
0.025,1,5,HistGB,HistGB
0.025,1,6,HistGB,HistGB
0.025,1,7,HistGB,HistGB
0.025,1,8,HistGB,HistGB
0.025,1,9,HistGB,HistGB
0.025,1,10,HistGB,HistGB
0.025,1,11,HistGB,HistGB
0.025,1,12,HistGB,HistGB
0.025,1,13,HistGB,HistGB
0.025,1,14,HistGB,HistGB
0.025,2,0,HistGB,HistGB
0.025,2,1,HistGB,HistGB
0.025,2,2,HistGB,HistGB
0.025,2,3,HistGB,HistGB
0.025,2,4,HistGB,HistGB
0.025,2,5,HistGB,HistGB
0.025,2,6,HistGB,HistGB
0.025,2,7,HistGB,HistGB
0.025,2,8,HistGB,HistGB
0.025,2,9,HistGB,HistGB
0.025,2,10,HistGB,HistGB
0.025,2,11,HistGB,HistGB
0.025,2,12,HistGB,HistGB
0.025,2,13,HistGB,HistGB
0.025,2,14,HistGB,HistGB
0.025,3,0,HistGB,HistGB
0.025,3,1,HistGB,HistGB
0.025,3,2,HistGB,HistGB
0.025,3,3,HistGB,HistGB
0.025,3,4,HistGB,HistGB
0.025,3,5,HistGB,HistGB
0.025,3,6,HistGB,HistGB
0.025,3,7,HistGB,HistGB
0.025,3,8,HistGB,HistGB
0.025,3,9,HistGB,HistGB
0.025,3,10,HistGB,HistGB
0.025,3,11,HistGB,HistGB
0.025,3,12,HistGB,HistGB
0.025,3,13,HistGB,HistGB
0.025,3,14,HistGB,HistGB
0.025,4,0,HistGB,HistGB
0.025,4,1,HistGB,HistGB
0.025,4,2,HistGB,HistGB
0.025,4,3,HistGB,HistGB
0.025,4,4,HistGB,HistGB
0.025,4,5,HistGB,HistGB
0.025,4,6,HistGB,HistGB
0.025,4,7,HistGB,HistGB
0.025,4,8,HistGB,HistGB
0.025,4,9,HistGB,HistGB
0.025,4,10,HistGB,HistGB
0.025,4,11,HistGB,HistGB
0.025,4,12,HistGB,HistGB
0.025,4,13,HistGB,HistGB
0.025,4,14,HistGB,HistGB
0.025,5,0,HistGB,HistGB
0.025,5,1,HistGB,HistGB
0.025,5,2,HistGB,HistGB
0.025,5,3,HistGB,HistGB
0.025,5,4,HistGB,HistGB
0.025,5,5,HistGB,HistGB
0.025,5,6,HistGB,HistGB
0.025,5,7,HistGB,HistGB
0.025,5,8,HistGB,HistGB
0.025,5,9,HistGB,HistGB
0.025,5,10,HistGB,HistGB
0.025,5,11,HistGB,HistGB
0.025,5,12,HistGB,HistGB
0.025,5,13,HistGB,HistGB
0.025,5,14,HistGB,HistGB
0.025,6,0,HistGB,HistGB
0.025,6,1,HistGB,HistGB
0.025,6,2,HistGB,HistGB
0.025,6,3,HistGB,HistGB
0.025,6,4,HistGB,HistGB
0.025,6,5,HistGB,HistGB
0.025,6,6,HistGB,HistGB
0.025,6,7,HistGB,HistGB
0.025,6,8,HistGB,HistGB
0.025,6,9,HistGB,HistGB
0.025,6,10,HistGB,HistGB
0.025,6,11,HistGB,HistGB
0.025,6,12,HistGB,HistGB
0.025,6,13,HistGB,HistGB
0.025,6,14,HistGB,HistGB
0.025,7,0,HistGB,HistGB
0.025,7,1,HistGB,HistGB
0.025,7,2,HistGB,HistGB
0.025,7,3,HistGB,HistGB
0.025,7,4,HistGB,HistGB
0.025,7,5,HistGB,HistGB
0.025,7,6,HistGB,HistGB
0.025,7,7,HistGB,HistGB
0.025,7,8,HistGB,HistGB
0.025,7,9,HistGB,HistGB
0.025,7,10,HistGB,HistGB
0.025,7,11,HistGB,HistGB
0.025,7,12,HistGB,HistGB
0.025,7,13,HistGB,HistGB
0.025,7,14,HistGB,HistGB
0.025,8,0,HistGB,HistGB
0.025,8,1,HistGB,HistGB
0.025,8,2,HistGB,HistGB
0.025,8,3,HistGB,HistGB
0.025,8,4,HistGB,HistGB
0.025,8,5,HistGB,HistGB
0.025,8,6,HistGB,HistGB
0.025,8,7,HistGB,HistGB
0.025,8,8,HistGB,HistGB
0.025,8,9,HistGB,HistGB
0.025,8,10,HistGB,HistGB
0.025,8,11,HistGB,HistGB
0.025,8,12,HistGB,HistGB
0.025,8,13,HistGB,HistGB
0.025,8,14,HistGB,HistGB
0.025,9,0,HistGB,HistGB
0.025,9,1,HistGB,HistGB
0.025,9,2,HistGB,HistGB
0.025,9,3,HistGB,HistGB
0.025,9,4,HistGB,HistGB
0.025,9,5,HistGB,HistGB
0.025,9,6,HistGB,HistGB
0.025,9,7,HistGB,HistGB
0.025,9,8,HistGB,HistGB
0.025,9,9,HistGB,HistGB
0.025,9,10,HistGB,HistGB
0.025,9,11,HistGB,HistGB
0.025,9,12,HistGB,HistGB
0.025,9,13,HistGB,HistGB
0.025,9,14,HistGB,HistGB
0.025,10,0,HistGB,HistGB
0.025,10,1,HistGB,HistGB
0.025,10,2,HistGB,HistGB
0.025,10,3,HistGB,HistGB
0.025,10,4,HistGB,HistGB
0.025,10,5,HistGB,HistGB
0.025,10,6,HistGB,HistGB
0.025,10,7,HistGB,HistGB
0.025,10,8,HistGB,HistGB
0.025,10,9,HistGB,HistGB
0.025,10,10,HistGB,HistGB
0.025,10,11,HistGB,HistGB
0.025,10,12,HistGB,HistGB
0.025,10,13,HistGB,HistGB
0.025,10,14,HistGB,HistGB
0.025,11,0,HistGB,HistGB
0.025,11,1,HistGB,HistGB
0.025,11,2,HistGB,HistGB
0.025,11,3,HistGB,HistGB
0.025,11,4,HistGB,HistGB
0.025,11,5,HistGB,HistGB
0.025,11,6,HistGB,HistGB
0.025,11,7,HistGB,HistGB
0.025,11,8,HistGB,HistGB
0.025,11,9,HistGB,HistGB
0.025,11,10,HistGB,HistGB
0.025,11,11,HistGB,HistGB
0.025,11,12,HistGB,HistGB
0.025,11,13,HistGB,HistGB
0.025,11,14,HistGB,HistGB
0.025,12,0,HistGB,HistGB
0.025,12,1,HistGB,HistGB
0.025,12,2,HistGB,HistGB
0.025,12,3,HistGB,HistGB
0.025,12,4,HistGB,HistGB
0.025,12,5,HistGB,HistGB
0.025,12,6,HistGB,HistGB
0.025,12,7,HistGB,HistGB
0.025,12,8,HistGB,HistGB
0.025,12,9,HistGB,HistGB
0.025,12,10,HistGB,HistGB
0.025,12,11,HistGB,HistGB
0.025,12,12,HistGB,HistGB
0.025,12,13,HistGB,HistGB
0.025,12,14,HistGB,HistGB
0.025,13,0,HistGB,HistGB
0.025,13,1,HistGB,HistGB
0.025,13,2,HistGB,HistGB
0.025,13,3,HistGB,HistGB
0.025,13,4,HistGB,HistGB
0.025,13,5,HistGB,HistGB
0.025,13,6,HistGB,HistGB
0.025,13,7,HistGB,HistGB
0.025,13,8,HistGB,HistGB
0.025,13,9,HistGB,HistGB
0.025,13,10,HistGB,HistGB
0.025,13,11,HistGB,HistGB
0.025,13,12,HistGB,HistGB
0.025,13,13,HistGB,HistGB
0.025,13,14,HistGB,HistGB
0.025,14,0,HistGB,HistGB
0.025,14,1,HistGB,HistGB
0.025,14,2,HistGB,HistGB
0.025,14,3,HistGB,HistGB
0.025,14,4,HistGB,HistGB
0.025,14,5,HistGB,HistGB
0.025,14,6,HistGB,HistGB
0.025,14,7,HistGB,HistGB
0.025,14,8,HistGB,HistGB
0.025,14,9,HistGB,HistGB
0.025,14,10,HistGB,HistGB
0.025,14,11,HistGB,HistGB
0.025,14,12,HistGB,HistGB
0.025,14,13,HistGB,HistGB
0.025,14,14,HistGB,HistGB
0.025,15,0,HistGB,HistGB
0.025,15,1,HistGB,HistGB
0.025,15,2,HistGB,HistGB
0.025,15,3,HistGB,HistGB
0.025,15,4,HistGB,HistGB
0.025,15,5,HistGB,HistGB
0.025,15,6,HistGB,HistGB
0.025,15,7,HistGB,HistGB
0.025,15,8,HistGB,HistGB
0.025,15,9,HistGB,HistGB
0.025,15,10,HistGB,HistGB
0.025,15,11,HistGB,HistGB
0.025,15,12,HistGB,HistGB
0.025,15,13,HistGB,HistGB
0.025,15,14,HistGB,HistGB
0.025,16,0,HistGB,HistGB
0.025,16,1,HistGB,HistGB
0.025,16,2,HistGB,HistGB
0.025,16,3,HistGB,HistGB
0.025,16,4,HistGB,HistGB
0.025,16,5,HistGB,HistGB
0.025,16,6,HistGB,HistGB
0.025,16,7,HistGB,HistGB
0.025,16,8,HistGB,HistGB
0.025,16,9,HistGB,HistGB
0.025,16,10,HistGB,HistGB
0.025,16,11,HistGB,HistGB
0.025,16,12,HistGB,HistGB
0.025,16,13,HistGB,HistGB
0.025,16,14,HistGB,HistGB
0.025,17,0,HistGB,HistGB
0.025,17,1,HistGB,HistGB
0.025,17,2,HistGB,HistGB
0.025,17,3,HistGB,HistGB
0.025,17,4,HistGB,HistGB
0.025,17,5,HistGB,HistGB
0.025,17,6,HistGB,HistGB
0.025,17,7,HistGB,HistGB
0.025,17,8,HistGB,HistGB
0.025,17,9,HistGB,HistGB
0.025,17,10,HistGB,HistGB
0.025,17,11,HistGB,HistGB
0.025,17,12,HistGB,HistGB
0.025,17,13,HistGB,HistGB
0.025,17,14,HistGB,HistGB
0.025,18,0,HistGB,HistGB
0.025,18,1,HistGB,HistGB
0.025,18,2,HistGB,HistGB
0.025,18,3,HistGB,HistGB
0.025,18,4,HistGB,HistGB
0.025,18,5,HistGB,HistGB
0.025,18,6,HistGB,HistGB
0.025,18,7,HistGB,HistGB
0.025,18,8,HistGB,HistGB
0.025,18,9,HistGB,HistGB
0.025,18,10,HistGB,HistGB
0.025,18,11,HistGB,HistGB
0.025,18,12,HistGB,HistGB
0.025,18,13,HistGB,HistGB
0.025,18,14,HistGB,HistGB
0.025,19,0,HistGB,HistGB
0.025,19,1,HistGB,HistGB
0.025,19,2,HistGB,HistGB
0.025,19,3,HistGB,HistGB
0.025,19,4,HistGB,HistGB
0.025,19,5,HistGB,HistGB
0.025,19,6,HistGB,HistGB
0.025,19,7,HistGB,HistGB
0.025,19,8,HistGB,HistGB
0.025,19,9,HistGB,HistGB
0.025,19,10,HistGB,HistGB
0.025,19,11,HistGB,HistGB
0.025,19,12,HistGB,HistGB
0.025,19,13,HistGB,HistGB
0.025,19,14,HistGB,HistGB
0.025,20,0,HistGB,HistGB
0.025,20,1,HistGB,HistGB
0.025,20,2,HistGB,HistGB
0.025,20,3,HistGB,HistGB
0.025,20,4,HistGB,HistGB
0.025,20,5,HistGB,HistGB
0.025,20,6,HistGB,HistGB
0.025,20,7,HistGB,HistGB
0.025,20,8,HistGB,HistGB
0.025,20,9,HistGB,HistGB
0.025,20,10,HistGB,HistGB
0.025,20,11,HistGB,HistGB
0.025,20,12,HistGB,HistGB
0.025,20,13,HistGB,HistGB
0.025,20,14,HistGB,HistGB
0.025,21,0,HistGB,HistGB
0.025,21,1,HistGB,HistGB
0.025,21,2,HistGB,HistGB
0.025,21,3,HistGB,HistGB
0.025,21,4,HistGB,HistGB
0.025,21,5,HistGB,HistGB
0.025,21,6,HistGB,HistGB
0.025,21,7,HistGB,HistGB
0.025,21,8,HistGB,HistGB
0.025,21,9,HistGB,HistGB
0.025,21,10,HistGB,HistGB
0.025,21,11,HistGB,HistGB
0.025,21,12,HistGB,HistGB
0.025,21,13,HistGB,HistGB
0.025,21,14,HistGB,HistGB
0.025,22,0,HistGB,HistGB
0.025,22,1,HistGB,HistGB
0.025,22,2,HistGB,HistGB
0.025,22,3,HistGB,HistGB
0.025,22,4,HistGB,HistGB
0.025,22,5,HistGB,HistGB
0.025,22,6,HistGB,HistGB
0.025,22,7,HistGB,HistGB
0.025,22,8,HistGB,HistGB
0.025,22,9,HistGB,HistGB
0.025,22,10,HistGB,HistGB
0.025,22,11,HistGB,HistGB
0.025,22,12,HistGB,HistGB
0.025,22,13,HistGB,HistGB
0.025,22,14,HistGB,HistGB
0.025,23,0,HistGB,HistGB
0.025,23,1,HistGB,HistGB
0.025,23,2,HistGB,HistGB
0.025,23,3,HistGB,HistGB
0.025,23,4,HistGB,HistGB
0.025,23,5,HistGB,HistGB
0.025,23,6,HistGB,HistGB
0.025,23,7,HistGB,HistGB
0.025,23,8,HistGB,HistGB
0.025,23,9,HistGB,HistGB
0.025,23,10,HistGB,HistGB
0.025,23,11,HistGB,HistGB
0.025,23,12,HistGB,HistGB
0.025,23,13,HistGB,HistGB
0.025,23,14,HistGB,HistGB
0.025,24,0,HistGB,HistGB
0.025,24,1,HistGB,HistGB
0.025,24,2,HistGB,HistGB
0.025,24,3,HistGB,HistGB
0.025,24,4,HistGB,HistGB
0.025,24,5,HistGB,HistGB
0.025,24,6,HistGB,HistGB
0.025,24,7,HistGB,HistGB
0.025,24,8,HistGB,HistGB
0.025,24,9,HistGB,HistGB
0.025,24,10,HistGB,HistGB
0.025,24,11,HistGB,HistGB
0.025,24,12,HistGB,HistGB
0.025,24,13,HistGB,HistGB
0.025,24,14,HistGB,HistGB
0.05,0,0,HistGB,HistGB
0.05,0,1,HistGB,HistGB
0.05,0,2,HistGB,HistGB
0.05,0,3,HistGB,HistGB
0.05,0,4,HistGB,HistGB
0.05,0,5,HistGB,HistGB
0.05,0,6,HistGB,HistGB
0.05,0,7,HistGB,HistGB
0.05,0,8,HistGB,HistGB
0.05,0,9,HistGB,HistGB
0.05,0,10,HistGB,HistGB
0.05,0,11,HistGB,HistGB
0.05,0,12,HistGB,HistGB
0.05,0,13,HistGB,HistGB
0.05,0,14,HistGB,HistGB
0.05,1,0,HistGB,HistGB
0.05,1,1,HistGB,HistGB
0.05,1,2,HistGB,HistGB
0.05,1,3,HistGB,HistGB
0.05,1,4,HistGB,HistGB
0.05,1,5,HistGB,HistGB
0.05,1,6,HistGB,HistGB
0.05,1,7,HistGB,HistGB
0.05,1,8,HistGB,HistGB
0.05,1,9,HistGB,HistGB
0.05,1,10,HistGB,HistGB
0.05,1,11,HistGB,HistGB
0.05,1,12,HistGB,HistGB
0.05,1,13,HistGB,HistGB
0.05,1,14,HistGB,HistGB
0.05,2,0,HistGB,HistGB
0.05,2,1,HistGB,HistGB
0.05,2,2,HistGB,HistGB
0.05,2,3,HistGB,HistGB
0.05,2,4,HistGB,HistGB
0.05,2,5,HistGB,HistGB
0.05,2,6,HistGB,HistGB
0.05,2,7,HistGB,HistGB
0.05,2,8,HistGB,HistGB
0.05,2,9,HistGB,HistGB
0.05,2,10,HistGB,HistGB
0.05,2,11,HistGB,HistGB
0.05,2,12,HistGB,HistGB
0.05,2,13,HistGB,HistGB
0.05,2,14,HistGB,HistGB
0.05,3,0,HistGB,HistGB
0.05,3,1,HistGB,HistGB
0.05,3,2,HistGB,HistGB
0.05,3,3,HistGB,HistGB
0.05,3,4,HistGB,HistGB
0.05,3,5,HistGB,HistGB
0.05,3,6,HistGB,HistGB
0.05,3,7,HistGB,HistGB
0.05,3,8,HistGB,HistGB
0.05,3,9,HistGB,HistGB
0.05,3,10,HistGB,HistGB
0.05,3,11,HistGB,HistGB
0.05,3,12,HistGB,HistGB
0.05,3,13,HistGB,HistGB
0.05,3,14,HistGB,HistGB
0.05,4,0,HistGB,HistGB
0.05,4,1,HistGB,HistGB
0.05,4,2,HistGB,HistGB
0.05,4,3,HistGB,HistGB
0.05,4,4,HistGB,HistGB
0.05,4,5,HistGB,HistGB
0.05,4,6,HistGB,HistGB
0.05,4,7,HistGB,HistGB
0.05,4,8,HistGB,HistGB
0.05,4,9,HistGB,HistGB
0.05,4,10,HistGB,HistGB
0.05,4,11,HistGB,HistGB
0.05,4,12,HistGB,HistGB
0.05,4,13,HistGB,HistGB
0.05,4,14,HistGB,HistGB
0.05,5,0,HistGB,HistGB
0.05,5,1,HistGB,HistGB
0.05,5,2,HistGB,HistGB
0.05,5,3,HistGB,HistGB
0.05,5,4,HistGB,HistGB
0.05,5,5,HistGB,HistGB
0.05,5,6,HistGB,HistGB
0.05,5,7,HistGB,HistGB
0.05,5,8,HistGB,HistGB
0.05,5,9,HistGB,HistGB
0.05,5,10,HistGB,HistGB
0.05,5,11,HistGB,HistGB
0.05,5,12,HistGB,HistGB
0.05,5,13,HistGB,HistGB
0.05,5,14,HistGB,HistGB
0.05,6,0,HistGB,HistGB
0.05,6,1,HistGB,HistGB
0.05,6,2,HistGB,HistGB
0.05,6,3,HistGB,HistGB
0.05,6,4,HistGB,HistGB
0.05,6,5,HistGB,HistGB
0.05,6,6,HistGB,HistGB
0.05,6,7,HistGB,HistGB
0.05,6,8,HistGB,HistGB
0.05,6,9,HistGB,HistGB
0.05,6,10,HistGB,HistGB
0.05,6,11,HistGB,HistGB
0.05,6,12,HistGB,HistGB
0.05,6,13,HistGB,HistGB
0.05,6,14,HistGB,HistGB
0.05,7,0,HistGB,HistGB
0.05,7,1,HistGB,HistGB
0.05,7,2,HistGB,HistGB
0.05,7,3,HistGB,HistGB
0.05,7,4,HistGB,HistGB
0.05,7,5,HistGB,HistGB
0.05,7,6,HistGB,HistGB
0.05,7,7,HistGB,HistGB
0.05,7,8,HistGB,HistGB
0.05,7,9,HistGB,HistGB
0.05,7,10,HistGB,HistGB
0.05,7,11,HistGB,HistGB
0.05,7,12,HistGB,HistGB
0.05,7,13,HistGB,HistGB
0.05,7,14,HistGB,HistGB
0.05,8,0,HistGB,HistGB
0.05,8,1,HistGB,HistGB
0.05,8,2,HistGB,HistGB
0.05,8,3,HistGB,HistGB
0.05,8,4,HistGB,HistGB
0.05,8,5,HistGB,HistGB
0.05,8,6,HistGB,HistGB
0.05,8,7,HistGB,HistGB
0.05,8,8,HistGB,HistGB
0.05,8,9,HistGB,HistGB
0.05,8,10,HistGB,HistGB
0.05,8,11,HistGB,HistGB
0.05,8,12,HistGB,HistGB
0.05,8,13,HistGB,HistGB
0.05,8,14,HistGB,HistGB
0.05,9,0,HistGB,HistGB
0.05,9,1,HistGB,HistGB
0.05,9,2,HistGB,HistGB
0.05,9,3,HistGB,HistGB
0.05,9,4,HistGB,HistGB
0.05,9,5,HistGB,HistGB
0.05,9,6,HistGB,HistGB
0.05,9,7,HistGB,HistGB
0.05,9,8,HistGB,HistGB
0.05,9,9,HistGB,HistGB
0.05,9,10,HistGB,HistGB
0.05,9,11,HistGB,HistGB
0.05,9,12,HistGB,HistGB
0.05,9,13,HistGB,HistGB
0.05,9,14,HistGB,HistGB
0.05,10,0,HistGB,HistGB
0.05,10,1,HistGB,HistGB
0.05,10,2,HistGB,HistGB
0.05,10,3,HistGB,HistGB
0.05,10,4,HistGB,HistGB
0.05,10,5,HistGB,HistGB
0.05,10,6,HistGB,HistGB
0.05,10,7,HistGB,HistGB
0.05,10,8,HistGB,HistGB
0.05,10,9,HistGB,HistGB
0.05,10,10,HistGB,HistGB
0.05,10,11,HistGB,HistGB
0.05,10,12,HistGB,HistGB
0.05,10,13,HistGB,HistGB
0.05,10,14,HistGB,HistGB
0.05,11,0,HistGB,HistGB
0.05,11,1,HistGB,HistGB
0.05,11,2,HistGB,HistGB
0.05,11,3,HistGB,HistGB
0.05,11,4,HistGB,HistGB
0.05,11,5,HistGB,HistGB
0.05,11,6,HistGB,HistGB
0.05,11,7,HistGB,HistGB
0.05,11,8,HistGB,HistGB
0.05,11,9,HistGB,HistGB
0.05,11,10,HistGB,HistGB
0.05,11,11,HistGB,HistGB
0.05,11,12,HistGB,HistGB
0.05,11,13,HistGB,HistGB
0.05,11,14,HistGB,HistGB
0.05,12,0,HistGB,HistGB
0.05,12,1,HistGB,HistGB
0.05,12,2,HistGB,HistGB
0.05,12,3,HistGB,HistGB
0.05,12,4,HistGB,HistGB
0.05,12,5,HistGB,HistGB
0.05,12,6,HistGB,HistGB
0.05,12,7,HistGB,HistGB
0.05,12,8,HistGB,HistGB
0.05,12,9,HistGB,HistGB
0.05,12,10,HistGB,HistGB
0.05,12,11,HistGB,HistGB
0.05,12,12,HistGB,HistGB
0.05,12,13,HistGB,HistGB
0.05,12,14,HistGB,HistGB
0.05,13,0,HistGB,HistGB
0.05,13,1,HistGB,HistGB
0.05,13,2,HistGB,HistGB
0.05,13,3,HistGB,HistGB
0.05,13,4,HistGB,HistGB
0.05,13,5,HistGB,HistGB
0.05,13,6,HistGB,HistGB
0.05,13,7,HistGB,HistGB
0.05,13,8,HistGB,HistGB
0.05,13,9,HistGB,HistGB
0.05,13,10,HistGB,HistGB
0.05,13,11,HistGB,HistGB
0.05,13,12,HistGB,HistGB
0.05,13,13,HistGB,HistGB
0.05,13,14,HistGB,HistGB
0.05,14,0,HistGB,HistGB
0.05,14,1,HistGB,HistGB
0.05,14,2,HistGB,HistGB
0.05,14,3,HistGB,HistGB
0.05,14,4,HistGB,HistGB
0.05,14,5,HistGB,HistGB
0.05,14,6,HistGB,HistGB
0.05,14,7,HistGB,HistGB
0.05,14,8,HistGB,HistGB
0.05,14,9,HistGB,HistGB
0.05,14,10,HistGB,HistGB
0.05,14,11,HistGB,HistGB
0.05,14,12,HistGB,HistGB
0.05,14,13,HistGB,HistGB
0.05,14,14,HistGB,HistGB
0.05,15,0,HistGB,HistGB
0.05,15,1,HistGB,HistGB
0.05,15,2,HistGB,HistGB
0.05,15,3,HistGB,HistGB
0.05,15,4,HistGB,HistGB
0.05,15,5,HistGB,HistGB
0.05,15,6,HistGB,HistGB
0.05,15,7,HistGB,HistGB
0.05,15,8,HistGB,HistGB
0.05,15,9,HistGB,HistGB
0.05,15,10,HistGB,HistGB
0.05,15,11,HistGB,HistGB
0.05,15,12,HistGB,HistGB
0.05,15,13,HistGB,HistGB
0.05,15,14,HistGB,HistGB
0.05,16,0,HistGB,HistGB
0.05,16,1,HistGB,HistGB
0.05,16,2,HistGB,HistGB
0.05,16,3,HistGB,HistGB
0.05,16,4,HistGB,HistGB
0.05,16,5,HistGB,HistGB
0.05,16,6,HistGB,HistGB
0.05,16,7,HistGB,HistGB
0.05,16,8,HistGB,HistGB
0.05,16,9,HistGB,HistGB
0.05,16,10,HistGB,HistGB
0.05,16,11,HistGB,RandomForest
0.05,16,12,HistGB,HistGB
0.05,16,13,HistGB,HistGB
0.05,16,14,HistGB,HistGB
0.05,17,0,HistGB,HistGB
0.05,17,1,HistGB,HistGB
0.05,17,2,HistGB,HistGB
0.05,17,3,HistGB,HistGB
0.05,17,4,HistGB,HistGB
0.05,17,5,HistGB,HistGB
0.05,17,6,HistGB,HistGB
0.05,17,7,HistGB,HistGB
0.05,17,8,HistGB,HistGB
0.05,17,9,HistGB,HistGB
0.05,17,10,HistGB,HistGB
0.05,17,11,HistGB,HistGB
0.05,17,12,HistGB,HistGB
0.05,17,13,HistGB,HistGB
0.05,17,14,HistGB,HistGB
0.05,18,0,HistGB,HistGB
0.05,18,1,HistGB,HistGB
0.05,18,2,HistGB,HistGB
0.05,18,3,HistGB,HistGB
0.05,18,4,HistGB,HistGB
0.05,18,5,HistGB,HistGB
0.05,18,6,HistGB,HistGB
0.05,18,7,HistGB,HistGB
0.05,18,8,HistGB,HistGB
0.05,18,9,HistGB,HistGB
0.05,18,10,HistGB,HistGB
0.05,18,11,HistGB,HistGB
0.05,18,12,HistGB,HistGB
0.05,18,13,HistGB,HistGB
0.05,18,14,HistGB,HistGB
0.05,19,0,HistGB,HistGB
0.05,19,1,HistGB,HistGB
0.05,19,2,HistGB,HistGB
0.05,19,3,HistGB,HistGB
0.05,19,4,HistGB,HistGB
0.05,19,5,HistGB,HistGB
0.05,19,6,HistGB,HistGB
0.05,19,7,HistGB,HistGB
0.05,19,8,HistGB,HistGB
0.05,19,9,HistGB,HistGB
0.05,19,10,HistGB,HistGB
0.05,19,11,HistGB,HistGB
0.05,19,12,HistGB,HistGB
0.05,19,13,HistGB,HistGB
0.05,19,14,HistGB,HistGB
0.05,20,0,HistGB,HistGB
0.05,20,1,HistGB,HistGB
0.05,20,2,HistGB,HistGB
0.05,20,3,HistGB,HistGB
0.05,20,4,HistGB,HistGB
0.05,20,5,HistGB,HistGB
0.05,20,6,HistGB,HistGB
0.05,20,7,HistGB,HistGB
0.05,20,8,HistGB,HistGB
0.05,20,9,HistGB,HistGB
0.05,20,10,HistGB,HistGB
0.05,20,11,HistGB,HistGB
0.05,20,12,HistGB,HistGB
0.05,20,13,HistGB,HistGB
0.05,20,14,HistGB,HistGB
0.05,21,0,HistGB,HistGB
0.05,21,1,HistGB,HistGB
0.05,21,2,HistGB,HistGB
0.05,21,3,HistGB,HistGB
0.05,21,4,HistGB,HistGB
0.05,21,5,HistGB,HistGB
0.05,21,6,HistGB,HistGB
0.05,21,7,HistGB,HistGB
0.05,21,8,HistGB,HistGB
0.05,21,9,HistGB,HistGB
0.05,21,10,HistGB,HistGB
0.05,21,11,HistGB,HistGB
0.05,21,12,HistGB,HistGB
0.05,21,13,HistGB,HistGB
0.05,21,14,HistGB,HistGB
0.05,22,0,HistGB,HistGB
0.05,22,1,HistGB,HistGB
0.05,22,2,HistGB,HistGB
0.05,22,3,HistGB,HistGB
0.05,22,4,HistGB,HistGB
0.05,22,5,HistGB,HistGB
0.05,22,6,HistGB,HistGB
0.05,22,7,HistGB,HistGB
0.05,22,8,HistGB,HistGB
0.05,22,9,HistGB,HistGB
0.05,22,10,HistGB,HistGB
0.05,22,11,HistGB,HistGB
0.05,22,12,HistGB,HistGB
0.05,22,13,HistGB,HistGB
0.05,22,14,HistGB,HistGB
0.05,23,0,HistGB,HistGB
0.05,23,1,HistGB,HistGB
0.05,23,2,HistGB,HistGB
0.05,23,3,HistGB,HistGB
0.05,23,4,HistGB,HistGB
0.05,23,5,HistGB,HistGB
0.05,23,6,HistGB,HistGB
0.05,23,7,HistGB,HistGB
0.05,23,8,HistGB,HistGB
0.05,23,9,HistGB,HistGB
0.05,23,10,HistGB,HistGB
0.05,23,11,HistGB,HistGB
0.05,23,12,HistGB,HistGB
0.05,23,13,HistGB,HistGB
0.05,23,14,HistGB,HistGB
0.05,24,0,HistGB,HistGB
0.05,24,1,HistGB,HistGB
0.05,24,2,HistGB,HistGB
0.05,24,3,HistGB,HistGB
0.05,24,4,HistGB,HistGB
0.05,24,5,HistGB,HistGB
0.05,24,6,HistGB,HistGB
0.05,24,7,HistGB,HistGB
0.05,24,8,HistGB,HistGB
0.05,24,9,HistGB,HistGB
0.05,24,10,HistGB,HistGB
0.05,24,11,HistGB,HistGB
0.05,24,12,HistGB,HistGB
0.05,24,13,HistGB,HistGB
0.05,24,14,HistGB,HistGB
0.075,0,0,HistGB,HistGB
0.075,0,1,HistGB,HistGB
0.075,0,2,HistGB,HistGB
0.075,0,3,HistGB,HistGB
0.075,0,4,HistGB,HistGB
0.075,0,5,HistGB,HistGB
0.075,0,6,HistGB,HistGB
0.075,0,7,HistGB,HistGB
0.075,0,8,HistGB,HistGB
0.075,0,9,HistGB,HistGB
0.075,0,10,HistGB,HistGB
0.075,0,11,HistGB,HistGB
0.075,0,12,HistGB,HistGB
0.075,0,13,HistGB,HistGB
0.075,0,14,HistGB,RandomForest
0.075,1,0,HistGB,HistGB
0.075,1,1,HistGB,HistGB
0.075,1,2,HistGB,HistGB
0.075,1,3,HistGB,HistGB
0.075,1,4,HistGB,HistGB
0.075,1,5,HistGB,HistGB
0.075,1,6,HistGB,HistGB
0.075,1,7,HistGB,HistGB
0.075,1,8,HistGB,HistGB
0.075,1,9,HistGB,HistGB
0.075,1,10,HistGB,RandomForest
0.075,1,11,HistGB,HistGB
0.075,1,12,HistGB,HistGB
0.075,1,13,HistGB,HistGB
0.075,1,14,HistGB,HistGB
0.075,2,0,HistGB,HistGB
0.075,2,1,HistGB,HistGB
0.075,2,2,HistGB,HistGB
0.075,2,3,HistGB,RandomForest
0.075,2,4,HistGB,HistGB
0.075,2,5,HistGB,HistGB
0.075,2,6,HistGB,HistGB
0.075,2,7,HistGB,HistGB
0.075,2,8,HistGB,HistGB
0.075,2,9,HistGB,HistGB
0.075,2,10,HistGB,HistGB
0.075,2,11,HistGB,HistGB
0.075,2,12,HistGB,HistGB
0.075,2,13,HistGB,HistGB
0.075,2,14,HistGB,HistGB
0.075,3,0,HistGB,HistGB
0.075,3,1,HistGB,HistGB
0.075,3,2,HistGB,HistGB
0.075,3,3,HistGB,RandomForest
0.075,3,4,HistGB,HistGB
0.075,3,5,HistGB,HistGB
0.075,3,6,HistGB,HistGB
0.075,3,7,HistGB,HistGB
0.075,3,8,HistGB,HistGB
0.075,3,9,HistGB,HistGB
0.075,3,10,HistGB,HistGB
0.075,3,11,HistGB,HistGB
0.075,3,12,HistGB,HistGB
0.075,3,13,HistGB,HistGB
0.075,3,14,HistGB,HistGB
0.075,4,0,HistGB,HistGB
0.075,4,1,HistGB,RandomForest
0.075,4,2,HistGB,HistGB
0.075,4,3,HistGB,HistGB
0.075,4,4,HistGB,HistGB
0.075,4,5,HistGB,HistGB
0.075,4,6,HistGB,HistGB
0.075,4,7,HistGB,HistGB
0.075,4,8,HistGB,HistGB
0.075,4,9,HistGB,HistGB
0.075,4,10,HistGB,HistGB
0.075,4,11,HistGB,HistGB
0.075,4,12,HistGB,RandomForest
0.075,4,13,HistGB,HistGB
0.075,4,14,HistGB,HistGB
0.075,5,0,HistGB,HistGB
0.075,5,1,HistGB,HistGB
0.075,5,2,HistGB,HistGB
0.075,5,3,HistGB,HistGB
0.075,5,4,HistGB,HistGB
0.075,5,5,HistGB,HistGB
0.075,5,6,HistGB,HistGB
0.075,5,7,HistGB,HistGB
0.075,5,8,HistGB,HistGB
0.075,5,9,HistGB,HistGB
0.075,5,10,HistGB,HistGB
0.075,5,11,HistGB,HistGB
0.075,5,12,HistGB,HistGB
0.075,5,13,HistGB,HistGB
0.075,5,14,HistGB,RandomForest
0.075,6,0,HistGB,HistGB
0.075,6,1,HistGB,HistGB
0.075,6,2,HistGB,HistGB
0.075,6,3,HistGB,HistGB
0.075,6,4,HistGB,HistGB
0.075,6,5,HistGB,HistGB
0.075,6,6,HistGB,HistGB
0.075,6,7,HistGB,HistGB
0.075,6,8,HistGB,HistGB
0.075,6,9,HistGB,HistGB
0.075,6,10,HistGB,HistGB
0.075,6,11,HistGB,HistGB
0.075,6,12,HistGB,HistGB
0.075,6,13,HistGB,HistGB
0.075,6,14,HistGB,HistGB
0.075,7,0,HistGB,HistGB
0.075,7,1,HistGB,HistGB
0.075,7,2,HistGB,HistGB
0.075,7,3,HistGB,HistGB
0.075,7,4,HistGB,HistGB
0.075,7,5,HistGB,HistGB
0.075,7,6,HistGB,HistGB
0.075,7,7,HistGB,HistGB
0.075,7,8,HistGB,HistGB
0.075,7,9,HistGB,HistGB
0.075,7,10,HistGB,HistGB
0.075,7,11,HistGB,HistGB
0.075,7,12,HistGB,HistGB
0.075,7,13,HistGB,HistGB
0.075,7,14,HistGB,HistGB
0.075,8,0,HistGB,HistGB
0.075,8,1,HistGB,HistGB
0.075,8,2,HistGB,HistGB
0.075,8,3,HistGB,HistGB
0.075,8,4,HistGB,HistGB
0.075,8,5,HistGB,HistGB
0.075,8,6,HistGB,RandomForest
0.075,8,7,HistGB,HistGB
0.075,8,8,HistGB,HistGB
0.075,8,9,HistGB,HistGB
0.075,8,10,HistGB,HistGB
0.075,8,11,HistGB,HistGB
0.075,8,12,HistGB,HistGB
0.075,8,13,HistGB,HistGB
0.075,8,14,HistGB,HistGB
0.075,9,0,HistGB,HistGB
0.075,9,1,HistGB,HistGB
0.075,9,2,HistGB,HistGB
0.075,9,3,HistGB,RandomForest
0.075,9,4,HistGB,HistGB
0.075,9,5,HistGB,HistGB
0.075,9,6,HistGB,HistGB
0.075,9,7,HistGB,HistGB
0.075,9,8,HistGB,HistGB
0.075,9,9,HistGB,HistGB
0.075,9,10,HistGB,HistGB
0.075,9,11,HistGB,HistGB
0.075,9,12,HistGB,HistGB
0.075,9,13,HistGB,HistGB
0.075,9,14,HistGB,HistGB
0.075,10,0,HistGB,HistGB
0.075,10,1,HistGB,HistGB
0.075,10,2,HistGB,HistGB
0.075,10,3,HistGB,HistGB
0.075,10,4,HistGB,HistGB
0.075,10,5,HistGB,HistGB
0.075,10,6,HistGB,HistGB
0.075,10,7,HistGB,HistGB
0.075,10,8,HistGB,HistGB
0.075,10,9,HistGB,HistGB
0.075,10,10,HistGB,HistGB
0.075,10,11,HistGB,HistGB
0.075,10,12,HistGB,HistGB
0.075,10,13,HistGB,HistGB
0.075,10,14,HistGB,HistGB
0.075,11,0,HistGB,HistGB
0.075,11,1,HistGB,HistGB
0.075,11,2,HistGB,HistGB
0.075,11,3,HistGB,HistGB
0.075,11,4,HistGB,HistGB
0.075,11,5,HistGB,HistGB
0.075,11,6,HistGB,HistGB
0.075,11,7,HistGB,HistGB
0.075,11,8,HistGB,HistGB
0.075,11,9,HistGB,HistGB
0.075,11,10,HistGB,HistGB
0.075,11,11,HistGB,HistGB
0.075,11,12,HistGB,HistGB
0.075,11,13,HistGB,HistGB
0.075,11,14,HistGB,HistGB
0.075,12,0,HistGB,HistGB
0.075,12,1,HistGB,HistGB
0.075,12,2,HistGB,HistGB
0.075,12,3,HistGB,HistGB
0.075,12,4,HistGB,HistGB
0.075,12,5,HistGB,HistGB
0.075,12,6,HistGB,HistGB
0.075,12,7,HistGB,HistGB
0.075,12,8,HistGB,HistGB
0.075,12,9,HistGB,HistGB
0.075,12,10,HistGB,HistGB
0.075,12,11,HistGB,HistGB
0.075,12,12,HistGB,HistGB
0.075,12,13,HistGB,HistGB
0.075,12,14,HistGB,HistGB
0.075,13,0,HistGB,RandomForest
0.075,13,1,HistGB,HistGB
0.075,13,2,HistGB,HistGB
0.075,13,3,HistGB,HistGB
0.075,13,4,HistGB,RandomForest
0.075,13,5,HistGB,HistGB
0.075,13,6,HistGB,HistGB
0.075,13,7,HistGB,HistGB
0.075,13,8,HistGB,HistGB
0.075,13,9,HistGB,HistGB
0.075,13,10,HistGB,HistGB
0.075,13,11,HistGB,HistGB
0.075,13,12,HistGB,HistGB
0.075,13,13,HistGB,HistGB
0.075,13,14,HistGB,HistGB
0.075,14,0,HistGB,HistGB
0.075,14,1,HistGB,HistGB
0.075,14,2,HistGB,HistGB
0.075,14,3,HistGB,HistGB
0.075,14,4,HistGB,HistGB
0.075,14,5,HistGB,HistGB
0.075,14,6,HistGB,HistGB
0.075,14,7,HistGB,HistGB
0.075,14,8,HistGB,HistGB
0.075,14,9,HistGB,HistGB
0.075,14,10,HistGB,HistGB
0.075,14,11,HistGB,HistGB
0.075,14,12,HistGB,HistGB
0.075,14,13,HistGB,HistGB
0.075,14,14,HistGB,HistGB
0.075,15,0,HistGB,HistGB
0.075,15,1,HistGB,HistGB
0.075,15,2,HistGB,HistGB
0.075,15,3,HistGB,HistGB
0.075,15,4,HistGB,HistGB
0.075,15,5,HistGB,HistGB
0.075,15,6,HistGB,HistGB
0.075,15,7,HistGB,HistGB
0.075,15,8,HistGB,RandomForest
0.075,15,9,HistGB,HistGB
0.075,15,10,HistGB,HistGB
0.075,15,11,HistGB,HistGB
0.075,15,12,HistGB,HistGB
0.075,15,13,HistGB,HistGB
0.075,15,14,HistGB,HistGB
0.075,16,0,HistGB,HistGB
0.075,16,1,HistGB,HistGB
0.075,16,2,HistGB,HistGB
0.075,16,3,HistGB,HistGB
0.075,16,4,HistGB,HistGB
0.075,16,5,HistGB,HistGB
0.075,16,6,HistGB,HistGB
0.075,16,7,HistGB,HistGB
0.075,16,8,HistGB,HistGB
0.075,16,9,HistGB,HistGB
0.075,16,10,HistGB,HistGB
0.075,16,11,HistGB,RandomForest
0.075,16,12,HistGB,HistGB
0.075,16,13,HistGB,HistGB
0.075,16,14,HistGB,HistGB
0.075,17,0,HistGB,HistGB
0.075,17,1,HistGB,HistGB
0.075,17,2,HistGB,HistGB
0.075,17,3,HistGB,HistGB
0.075,17,4,HistGB,HistGB
0.075,17,5,HistGB,HistGB
0.075,17,6,HistGB,HistGB
0.075,17,7,HistGB,HistGB
0.075,17,8,HistGB,HistGB
0.075,17,9,HistGB,HistGB
0.075,17,10,HistGB,HistGB
0.075,17,11,HistGB,HistGB
0.075,17,12,HistGB,RandomForest
0.075,17,13,HistGB,HistGB
0.075,17,14,HistGB,HistGB
0.075,18,0,HistGB,HistGB
0.075,18,1,HistGB,HistGB
0.075,18,2,HistGB,HistGB
0.075,18,3,HistGB,HistGB
0.075,18,4,HistGB,HistGB
0.075,18,5,HistGB,HistGB
0.075,18,6,HistGB,HistGB
0.075,18,7,HistGB,HistGB
0.075,18,8,HistGB,HistGB
0.075,18,9,HistGB,HistGB
0.075,18,10,HistGB,HistGB
0.075,18,11,HistGB,HistGB
0.075,18,12,HistGB,HistGB
0.075,18,13,HistGB,HistGB
0.075,18,14,HistGB,HistGB
0.075,19,0,HistGB,HistGB
0.075,19,1,HistGB,HistGB
0.075,19,2,HistGB,HistGB
0.075,19,3,HistGB,HistGB
0.075,19,4,HistGB,HistGB
0.075,19,5,HistGB,HistGB
0.075,19,6,HistGB,RandomForest
0.075,19,7,HistGB,HistGB
0.075,19,8,HistGB,HistGB
0.075,19,9,HistGB,HistGB
0.075,19,10,HistGB,HistGB
0.075,19,11,HistGB,HistGB
0.075,19,12,HistGB,HistGB
0.075,19,13,HistGB,HistGB
0.075,19,14,HistGB,HistGB
0.075,20,0,HistGB,HistGB
0.075,20,1,HistGB,HistGB
0.075,20,2,HistGB,HistGB
0.075,20,3,HistGB,HistGB
0.075,20,4,HistGB,HistGB
0.075,20,5,HistGB,HistGB
0.075,20,6,HistGB,HistGB
0.075,20,7,HistGB,HistGB
0.075,20,8,HistGB,HistGB
0.075,20,9,HistGB,HistGB
0.075,20,10,HistGB,RandomForest
0.075,20,11,HistGB,HistGB
0.075,20,12,HistGB,HistGB
0.075,20,13,HistGB,HistGB
0.075,20,14,HistGB,HistGB
0.075,21,0,HistGB,HistGB
0.075,21,1,HistGB,RandomForest
0.075,21,2,HistGB,HistGB
0.075,21,3,HistGB,HistGB
0.075,21,4,HistGB,HistGB
0.075,21,5,HistGB,HistGB
0.075,21,6,HistGB,HistGB
0.075,21,7,HistGB,HistGB
0.075,21,8,HistGB,HistGB
0.075,21,9,HistGB,HistGB
0.075,21,10,HistGB,HistGB
0.075,21,11,HistGB,HistGB
0.075,21,12,HistGB,HistGB
0.075,21,13,HistGB,HistGB
0.075,21,14,HistGB,HistGB
0.075,22,0,HistGB,HistGB
0.075,22,1,HistGB,HistGB
0.075,22,2,HistGB,HistGB
0.075,22,3,HistGB,HistGB
0.075,22,4,HistGB,HistGB
0.075,22,5,HistGB,HistGB
0.075,22,6,HistGB,HistGB
0.075,22,7,HistGB,HistGB
0.075,22,8,HistGB,RandomForest
0.075,22,9,HistGB,HistGB
0.075,22,10,HistGB,HistGB
0.075,22,11,HistGB,HistGB
0.075,22,12,HistGB,HistGB
0.075,22,13,HistGB,HistGB
0.075,22,14,HistGB,HistGB
0.075,23,0,HistGB,HistGB
0.075,23,1,HistGB,HistGB
0.075,23,2,HistGB,HistGB
0.075,23,3,HistGB,HistGB
0.075,23,4,HistGB,HistGB
0.075,23,5,HistGB,HistGB
0.075,23,6,HistGB,HistGB
0.075,23,7,HistGB,HistGB
0.075,23,8,HistGB,HistGB
0.075,23,9,HistGB,HistGB
0.075,23,10,HistGB,HistGB
0.075,23,11,HistGB,HistGB
0.075,23,12,HistGB,HistGB
0.075,23,13,HistGB,HistGB
0.075,23,14,HistGB,HistGB
0.075,24,0,HistGB,HistGB
0.075,24,1,HistGB,HistGB
0.075,24,2,HistGB,HistGB
0.075,24,3,HistGB,HistGB
0.075,24,4,HistGB,HistGB
0.075,24,5,HistGB,HistGB
0.075,24,6,HistGB,HistGB
0.075,24,7,HistGB,HistGB
0.075,24,8,HistGB,HistGB
0.075,24,9,HistGB,HistGB
0.075,24,10,HistGB,HistGB
0.075,24,11,HistGB,HistGB
0.075,24,12,HistGB,HistGB
0.075,24,13,HistGB,HistGB
0.075,24,14,HistGB,HistGB
0.1,0,0,HistGB,HistGB
0.1,0,1,HistGB,HistGB
0.1,0,2,HistGB,HistGB
0.1,0,3,HistGB,HistGB
0.1,0,4,HistGB,HistGB
0.1,0,5,HistGB,RandomForest
0.1,0,6,HistGB,RandomForest
0.1,0,7,HistGB,HistGB
0.1,0,8,HistGB,HistGB
0.1,0,9,HistGB,HistGB
0.1,0,10,HistGB,HistGB
0.1,0,11,HistGB,HistGB
0.1,0,12,HistGB,HistGB
0.1,0,13,HistGB,HistGB
0.1,0,14,HistGB,RandomForest
0.1,1,0,HistGB,HistGB
0.1,1,1,HistGB,HistGB
0.1,1,2,HistGB,HistGB
0.1,1,3,HistGB,HistGB
0.1,1,4,HistGB,HistGB
0.1,1,5,HistGB,HistGB
0.1,1,6,HistGB,HistGB
0.1,1,7,HistGB,HistGB
0.1,1,8,HistGB,HistGB
0.1,1,9,HistGB,HistGB
0.1,1,10,HistGB,HistGB
0.1,1,11,HistGB,HistGB
0.1,1,12,HistGB,HistGB
0.1,1,13,HistGB,HistGB
0.1,1,14,HistGB,HistGB
0.1,2,0,HistGB,HistGB
0.1,2,1,HistGB,HistGB
0.1,2,2,HistGB,HistGB
0.1,2,3,HistGB,RandomForest
0.1,2,4,HistGB,HistGB
0.1,2,5,HistGB,HistGB
0.1,2,6,HistGB,HistGB
0.1,2,7,HistGB,HistGB
0.1,2,8,HistGB,HistGB
0.1,2,9,HistGB,HistGB
0.1,2,10,HistGB,HistGB
0.1,2,11,HistGB,HistGB
0.1,2,12,HistGB,HistGB
0.1,2,13,HistGB,HistGB
0.1,2,14,HistGB,RandomForest
0.1,3,0,HistGB,HistGB
0.1,3,1,HistGB,HistGB
0.1,3,2,HistGB,HistGB
0.1,3,3,HistGB,HistGB
0.1,3,4,HistGB,HistGB
0.1,3,5,HistGB,HistGB
0.1,3,6,HistGB,RandomForest
0.1,3,7,HistGB,HistGB
0.1,3,8,HistGB,HistGB
0.1,3,9,HistGB,HistGB
0.1,3,10,HistGB,HistGB
0.1,3,11,HistGB,HistGB
0.1,3,12,HistGB,HistGB
0.1,3,13,HistGB,HistGB
0.1,3,14,HistGB,HistGB
0.1,4,0,HistGB,HistGB
0.1,4,1,HistGB,RandomForest
0.1,4,2,HistGB,HistGB
0.1,4,3,HistGB,HistGB
0.1,4,4,HistGB,HistGB
0.1,4,5,HistGB,HistGB
0.1,4,6,HistGB,HistGB
0.1,4,7,HistGB,HistGB
0.1,4,8,HistGB,HistGB
0.1,4,9,HistGB,HistGB
0.1,4,10,HistGB,HistGB
0.1,4,11,HistGB,HistGB
0.1,4,12,HistGB,HistGB
0.1,4,13,HistGB,HistGB
0.1,4,14,HistGB,HistGB
0.1,5,0,HistGB,RandomForest
0.1,5,1,HistGB,HistGB
0.1,5,2,HistGB,HistGB
0.1,5,3,HistGB,HistGB
0.1,5,4,HistGB,HistGB
0.1,5,5,HistGB,HistGB
0.1,5,6,HistGB,HistGB
0.1,5,7,HistGB,RandomForest
0.1,5,8,HistGB,HistGB
0.1,5,9,HistGB,HistGB
0.1,5,10,HistGB,HistGB
0.1,5,11,HistGB,HistGB
0.1,5,12,HistGB,HistGB
0.1,5,13,HistGB,HistGB
0.1,5,14,HistGB,HistGB
0.1,6,0,HistGB,HistGB
0.1,6,1,HistGB,HistGB
0.1,6,2,HistGB,HistGB
0.1,6,3,HistGB,HistGB
0.1,6,4,HistGB,HistGB
0.1,6,5,HistGB,HistGB
0.1,6,6,HistGB,HistGB
0.1,6,7,HistGB,HistGB
0.1,6,8,HistGB,HistGB
0.1,6,9,HistGB,HistGB
0.1,6,10,HistGB,HistGB
0.1,6,11,HistGB,HistGB
0.1,6,12,HistGB,HistGB
0.1,6,13,HistGB,HistGB
0.1,6,14,HistGB,HistGB
0.1,7,0,HistGB,HistGB
0.1,7,1,HistGB,HistGB
0.1,7,2,HistGB,HistGB
0.1,7,3,HistGB,HistGB
0.1,7,4,HistGB,HistGB
0.1,7,5,HistGB,HistGB
0.1,7,6,HistGB,HistGB
0.1,7,7,HistGB,HistGB
0.1,7,8,HistGB,HistGB
0.1,7,9,HistGB,HistGB
0.1,7,10,HistGB,RandomForest
0.1,7,11,HistGB,RandomForest
0.1,7,12,HistGB,HistGB
0.1,7,13,HistGB,HistGB
0.1,7,14,HistGB,HistGB
0.1,8,0,HistGB,HistGB
0.1,8,1,HistGB,HistGB
0.1,8,2,HistGB,HistGB
0.1,8,3,HistGB,HistGB
0.1,8,4,HistGB,HistGB
0.1,8,5,HistGB,HistGB
0.1,8,6,HistGB,RandomForest
0.1,8,7,HistGB,HistGB
0.1,8,8,HistGB,RandomForest
0.1,8,9,HistGB,RandomForest
0.1,8,10,HistGB,HistGB
0.1,8,11,HistGB,HistGB
0.1,8,12,HistGB,HistGB
0.1,8,13,HistGB,HistGB
0.1,8,14,HistGB,HistGB
0.1,9,0,HistGB,HistGB
0.1,9,1,HistGB,HistGB
0.1,9,2,HistGB,HistGB
0.1,9,3,HistGB,HistGB
0.1,9,4,HistGB,HistGB
0.1,9,5,HistGB,HistGB
0.1,9,6,HistGB,RandomForest
0.1,9,7,HistGB,HistGB
0.1,9,8,HistGB,RandomForest
0.1,9,9,HistGB,HistGB
0.1,9,10,HistGB,HistGB
0.1,9,11,HistGB,HistGB
0.1,9,12,HistGB,HistGB
0.1,9,13,HistGB,HistGB
0.1,9,14,HistGB,HistGB
0.1,10,0,HistGB,HistGB
0.1,10,1,HistGB,RandomForest
0.1,10,2,HistGB,HistGB
0.1,10,3,HistGB,RandomForest
0.1,10,4,HistGB,HistGB
0.1,10,5,HistGB,HistGB
0.1,10,6,HistGB,HistGB
0.1,10,7,HistGB,HistGB
0.1,10,8,HistGB,HistGB
0.1,10,9,HistGB,HistGB
0.1,10,10,HistGB,HistGB
0.1,10,11,HistGB,HistGB
0.1,10,12,HistGB,HistGB
0.1,10,13,HistGB,HistGB
0.1,10,14,HistGB,HistGB
0.1,11,0,HistGB,HistGB
0.1,11,1,HistGB,HistGB
0.1,11,2,HistGB,HistGB
0.1,11,3,HistGB,RandomForest
0.1,11,4,HistGB,HistGB
0.1,11,5,HistGB,HistGB
0.1,11,6,HistGB,HistGB
0.1,11,7,HistGB,HistGB
0.1,11,8,HistGB,HistGB
0.1,11,9,HistGB,HistGB
0.1,11,10,HistGB,HistGB
0.1,11,11,HistGB,HistGB
0.1,11,12,HistGB,RandomForest
0.1,11,13,HistGB,HistGB
0.1,11,14,HistGB,HistGB
0.1,12,0,HistGB,HistGB
0.1,12,1,HistGB,HistGB
0.1,12,2,HistGB,HistGB
0.1,12,3,HistGB,HistGB
0.1,12,4,HistGB,HistGB
0.1,12,5,HistGB,HistGB
0.1,12,6,HistGB,RandomForest
0.1,12,7,HistGB,HistGB
0.1,12,8,HistGB,HistGB
0.1,12,9,HistGB,HistGB
0.1,12,10,HistGB,HistGB
0.1,12,11,HistGB,HistGB
0.1,12,12,HistGB,HistGB
0.1,12,13,HistGB,HistGB
0.1,12,14,HistGB,RandomForest
0.1,13,0,HistGB,HistGB
0.1,13,1,HistGB,HistGB
0.1,13,2,HistGB,HistGB
0.1,13,3,HistGB,HistGB
0.1,13,4,HistGB,HistGB
0.1,13,5,HistGB,HistGB
0.1,13,6,HistGB,HistGB
0.1,13,7,HistGB,HistGB
0.1,13,8,HistGB,HistGB
0.1,13,9,HistGB,HistGB
0.1,13,10,HistGB,HistGB
0.1,13,11,HistGB,HistGB
0.1,13,12,HistGB,HistGB
0.1,13,13,HistGB,HistGB
0.1,13,14,HistGB,HistGB
0.1,14,0,HistGB,HistGB
0.1,14,1,HistGB,HistGB
0.1,14,2,HistGB,HistGB
0.1,14,3,HistGB,HistGB
0.1,14,4,HistGB,HistGB
0.1,14,5,HistGB,HistGB
0.1,14,6,HistGB,HistGB
0.1,14,7,HistGB,HistGB
0.1,14,8,HistGB,HistGB
0.1,14,9,HistGB,HistGB
0.1,14,10,HistGB,RandomForest
0.1,14,11,HistGB,HistGB
0.1,14,12,HistGB,HistGB
0.1,14,13,HistGB,RandomForest
0.1,14,14,HistGB,HistGB
0.1,15,0,HistGB,HistGB
0.1,15,1,HistGB,RandomForest
0.1,15,2,HistGB,HistGB
0.1,15,3,HistGB,HistGB
0.1,15,4,HistGB,HistGB
0.1,15,5,HistGB,HistGB
0.1,15,6,HistGB,HistGB
0.1,15,7,HistGB,HistGB
0.1,15,8,HistGB,RandomForest
0.1,15,9,HistGB,HistGB
0.1,15,10,HistGB,HistGB
0.1,15,11,HistGB,HistGB
0.1,15,12,HistGB,HistGB
0.1,15,13,HistGB,HistGB
0.1,15,14,HistGB,HistGB
0.1,16,0,HistGB,HistGB
0.1,16,1,HistGB,HistGB
0.1,16,2,HistGB,HistGB
0.1,16,3,HistGB,RandomForest
0.1,16,4,HistGB,HistGB
0.1,16,5,HistGB,RandomForest
0.1,16,6,HistGB,HistGB
0.1,16,7,HistGB,HistGB
0.1,16,8,HistGB,HistGB
0.1,16,9,HistGB,HistGB
0.1,16,10,HistGB,HistGB
0.1,16,11,HistGB,HistGB
0.1,16,12,HistGB,HistGB
0.1,16,13,HistGB,HistGB
0.1,16,14,HistGB,HistGB
0.1,17,0,HistGB,HistGB
0.1,17,1,HistGB,HistGB
0.1,17,2,HistGB,RandomForest
0.1,17,3,HistGB,HistGB
0.1,17,4,HistGB,HistGB
0.1,17,5,HistGB,HistGB
0.1,17,6,HistGB,HistGB
0.1,17,7,HistGB,HistGB
0.1,17,8,HistGB,HistGB
0.1,17,9,HistGB,HistGB
0.1,17,10,HistGB,HistGB
0.1,17,11,HistGB,RandomForest
0.1,17,12,HistGB,RandomForest
0.1,17,13,HistGB,HistGB
0.1,17,14,HistGB,HistGB
0.1,18,0,HistGB,HistGB
0.1,18,1,HistGB,RandomForest
0.1,18,2,HistGB,HistGB
0.1,18,3,HistGB,HistGB
0.1,18,4,HistGB,HistGB
0.1,18,5,HistGB,HistGB
0.1,18,6,HistGB,HistGB
0.1,18,7,HistGB,HistGB
0.1,18,8,HistGB,HistGB
0.1,18,9,HistGB,HistGB
0.1,18,10,HistGB,HistGB
0.1,18,11,HistGB,HistGB
0.1,18,12,HistGB,HistGB
0.1,18,13,HistGB,HistGB
0.1,18,14,HistGB,HistGB
0.1,19,0,HistGB,HistGB
0.1,19,1,HistGB,HistGB
0.1,19,2,HistGB,HistGB
0.1,19,3,HistGB,HistGB
0.1,19,4,HistGB,HistGB
0.1,19,5,HistGB,HistGB
0.1,19,6,HistGB,RandomForest
0.1,19,7,HistGB,HistGB
0.1,19,8,HistGB,HistGB
0.1,19,9,HistGB,HistGB
0.1,19,10,HistGB,HistGB
0.1,19,11,HistGB,HistGB
0.1,19,12,HistGB,RandomForest
0.1,19,13,HistGB,HistGB
0.1,19,14,HistGB,HistGB
0.1,20,0,HistGB,HistGB
0.1,20,1,HistGB,HistGB
0.1,20,2,HistGB,HistGB
0.1,20,3,HistGB,HistGB
0.1,20,4,HistGB,HistGB
0.1,20,5,HistGB,HistGB
0.1,20,6,HistGB,HistGB
0.1,20,7,HistGB,HistGB
0.1,20,8,HistGB,HistGB
0.1,20,9,HistGB,HistGB
0.1,20,10,HistGB,HistGB
0.1,20,11,HistGB,HistGB
0.1,20,12,HistGB,HistGB
0.1,20,13,HistGB,HistGB
0.1,20,14,HistGB,HistGB
0.1,21,0,HistGB,HistGB
0.1,21,1,HistGB,RandomForest
0.1,21,2,HistGB,HistGB
0.1,21,3,HistGB,HistGB
0.1,21,4,HistGB,HistGB
0.1,21,5,HistGB,HistGB
0.1,21,6,HistGB,HistGB
0.1,21,7,HistGB,HistGB
0.1,21,8,HistGB,HistGB
0.1,21,9,HistGB,HistGB
0.1,21,10,HistGB,HistGB
0.1,21,11,HistGB,HistGB
0.1,21,12,HistGB,HistGB
0.1,21,13,HistGB,HistGB
0.1,21,14,HistGB,HistGB
0.1,22,0,HistGB,HistGB
0.1,22,1,HistGB,HistGB
0.1,22,2,HistGB,HistGB
0.1,22,3,HistGB,HistGB
0.1,22,4,HistGB,RandomForest
0.1,22,5,HistGB,HistGB
0.1,22,6,HistGB,HistGB
0.1,22,7,HistGB,HistGB
0.1,22,8,HistGB,HistGB
0.1,22,9,HistGB,HistGB
0.1,22,10,HistGB,HistGB
0.1,22,11,HistGB,HistGB
0.1,22,12,HistGB,HistGB
0.1,22,13,HistGB,HistGB
0.1,22,14,HistGB,HistGB
0.1,23,0,HistGB,HistGB
0.1,23,1,HistGB,HistGB
0.1,23,2,HistGB,HistGB
0.1,23,3,HistGB,HistGB
0.1,23,4,HistGB,RandomForest
0.1,23,5,HistGB,HistGB
0.1,23,6,HistGB,HistGB
0.1,23,7,HistGB,HistGB
0.1,23,8,HistGB,HistGB
0.1,23,9,HistGB,HistGB
0.1,23,10,HistGB,RandomForest
0.1,23,11,HistGB,HistGB
0.1,23,12,HistGB,HistGB
0.1,23,13,HistGB,HistGB
0.1,23,14,HistGB,HistGB
0.1,24,0,HistGB,HistGB
0.1,24,1,HistGB,HistGB
0.1,24,2,HistGB,HistGB
0.1,24,3,HistGB,HistGB
0.1,24,4,HistGB,HistGB
0.1,24,5,HistGB,HistGB
0.1,24,6,HistGB,HistGB
0.1,24,7,HistGB,HistGB
0.1,24,8,HistGB,RandomForest
0.1,24,9,HistGB,HistGB
0.1,24,10,HistGB,HistGB
0.1,24,11,HistGB,HistGB
0.1,24,12,HistGB,RandomForest
0.1,24,13,HistGB,HistGB
0.1,24,14,HistGB,HistGB
0.125,0,0,HistGB,HistGB
0.125,0,1,HistGB,HistGB
0.125,0,2,HistGB,HistGB
0.125,0,3,HistGB,HistGB
0.125,0,4,HistGB,HistGB
0.125,0,5,HistGB,RandomForest
0.125,0,6,HistGB,HistGB
0.125,0,7,HistGB,RandomForest
0.125,0,8,HistGB,HistGB
0.125,0,9,HistGB,HistGB
0.125,0,10,HistGB,HistGB
0.125,0,11,HistGB,RandomForest
0.125,0,12,HistGB,HistGB
0.125,0,13,HistGB,HistGB
0.125,0,14,HistGB,RandomForest
0.125,1,0,HistGB,HistGB
0.125,1,1,HistGB,RandomForest
0.125,1,2,HistGB,HistGB
0.125,1,3,HistGB,HistGB
0.125,1,4,HistGB,HistGB
0.125,1,5,HistGB,HistGB
0.125,1,6,HistGB,HistGB
0.125,1,7,HistGB,HistGB
0.125,1,8,HistGB,HistGB
0.125,1,9,HistGB,HistGB
0.125,1,10,HistGB,HistGB
0.125,1,11,HistGB,RandomForest
0.125,1,12,HistGB,HistGB
0.125,1,13,HistGB,HistGB
0.125,1,14,HistGB,RandomForest
0.125,2,0,HistGB,RandomForest
0.125,2,1,HistGB,HistGB
0.125,2,2,HistGB,HistGB
0.125,2,3,HistGB,HistGB
0.125,2,4,HistGB,HistGB
0.125,2,5,HistGB,HistGB
0.125,2,6,HistGB,HistGB
0.125,2,7,HistGB,HistGB
0.125,2,8,HistGB,HistGB
0.125,2,9,HistGB,HistGB
0.125,2,10,HistGB,RandomForest
0.125,2,11,HistGB,HistGB
0.125,2,12,HistGB,RandomForest
0.125,2,13,HistGB,HistGB
0.125,2,14,HistGB,HistGB
0.125,3,0,HistGB,HistGB
0.125,3,1,HistGB,HistGB
0.125,3,2,HistGB,HistGB
0.125,3,3,HistGB,RandomForest
0.125,3,4,HistGB,HistGB
0.125,3,5,HistGB,HistGB
0.125,3,6,HistGB,HistGB
0.125,3,7,HistGB,HistGB
0.125,3,8,HistGB,HistGB
0.125,3,9,HistGB,RandomForest
0.125,3,10,HistGB,HistGB
0.125,3,11,HistGB,HistGB
0.125,3,12,HistGB,HistGB
0.125,3,13,HistGB,RandomForest
0.125,3,14,HistGB,RandomForest
0.125,4,0,HistGB,HistGB
0.125,4,1,HistGB,HistGB
0.125,4,2,HistGB,HistGB
0.125,4,3,HistGB,HistGB
0.125,4,4,HistGB,HistGB
0.125,4,5,HistGB,HistGB
0.125,4,6,HistGB,HistGB
0.125,4,7,HistGB,HistGB
0.125,4,8,HistGB,HistGB
0.125,4,9,HistGB,HistGB
0.125,4,10,HistGB,HistGB
0.125,4,11,HistGB,HistGB
0.125,4,12,HistGB,HistGB
0.125,4,13,HistGB,HistGB
0.125,4,14,HistGB,HistGB
0.125,5,0,HistGB,RandomForest
0.125,5,1,HistGB,RandomForest
0.125,5,2,HistGB,HistGB
0.125,5,3,HistGB,HistGB
0.125,5,4,HistGB,HistGB
0.125,5,5,HistGB,HistGB
0.125,5,6,HistGB,HistGB
0.125,5,7,HistGB,RandomForest
0.125,5,8,HistGB,RandomForest
0.125,5,9,HistGB,HistGB
0.125,5,10,HistGB,HistGB
0.125,5,11,HistGB,HistGB
0.125,5,12,HistGB,HistGB
0.125,5,13,HistGB,RandomForest
0.125,5,14,HistGB,HistGB
0.125,6,0,HistGB,HistGB
0.125,6,1,HistGB,HistGB
0.125,6,2,HistGB,HistGB
0.125,6,3,HistGB,HistGB
0.125,6,4,HistGB,HistGB
0.125,6,5,HistGB,RandomForest
0.125,6,6,HistGB,HistGB
0.125,6,7,HistGB,HistGB
0.125,6,8,HistGB,HistGB
0.125,6,9,HistGB,HistGB
0.125,6,10,HistGB,HistGB
0.125,6,11,HistGB,HistGB
0.125,6,12,HistGB,HistGB
0.125,6,13,HistGB,HistGB
0.125,6,14,HistGB,HistGB
0.125,7,0,HistGB,HistGB
0.125,7,1,HistGB,HistGB
0.125,7,2,HistGB,HistGB
0.125,7,3,HistGB,HistGB
0.125,7,4,HistGB,HistGB
0.125,7,5,HistGB,RandomForest
0.125,7,6,HistGB,HistGB
0.125,7,7,HistGB,RandomForest
0.125,7,8,HistGB,HistGB
0.125,7,9,HistGB,HistGB
0.125,7,10,HistGB,RandomForest
0.125,7,11,HistGB,HistGB
0.125,7,12,HistGB,HistGB
0.125,7,13,HistGB,HistGB
0.125,7,14,HistGB,HistGB
0.125,8,0,HistGB,HistGB
0.125,8,1,HistGB,HistGB
0.125,8,2,HistGB,HistGB
0.125,8,3,HistGB,HistGB
0.125,8,4,HistGB,HistGB
0.125,8,5,HistGB,HistGB
0.125,8,6,HistGB,RandomForest
0.125,8,7,HistGB,HistGB
0.125,8,8,HistGB,RandomForest
0.125,8,9,HistGB,HistGB
0.125,8,10,HistGB,HistGB
0.125,8,11,HistGB,HistGB
0.125,8,12,HistGB,HistGB
0.125,8,13,HistGB,HistGB
0.125,8,14,HistGB,HistGB
0.125,9,0,HistGB,HistGB
0.125,9,1,HistGB,HistGB
0.125,9,2,HistGB,HistGB
0.125,9,3,HistGB,RandomForest
0.125,9,4,HistGB,HistGB
0.125,9,5,HistGB,RandomForest
0.125,9,6,HistGB,RandomForest
0.125,9,7,HistGB,HistGB
0.125,9,8,HistGB,RandomForest
0.125,9,9,HistGB,HistGB
0.125,9,10,HistGB,HistGB
0.125,9,11,HistGB,HistGB
0.125,9,12,HistGB,HistGB
0.125,9,13,HistGB,HistGB
0.125,9,14,HistGB,HistGB
0.125,10,0,HistGB,HistGB
0.125,10,1,HistGB,HistGB
0.125,10,2,HistGB,HistGB
0.125,10,3,HistGB,RandomForest
0.125,10,4,HistGB,HistGB
0.125,10,5,HistGB,HistGB
0.125,10,6,HistGB,HistGB
0.125,10,7,HistGB,HistGB
0.125,10,8,HistGB,HistGB
0.125,10,9,HistGB,HistGB
0.125,10,10,HistGB,RandomForest
0.125,10,11,HistGB,HistGB
0.125,10,12,HistGB,HistGB
0.125,10,13,HistGB,HistGB
0.125,10,14,HistGB,HistGB
0.125,11,0,HistGB,HistGB
0.125,11,1,HistGB,HistGB
0.125,11,2,HistGB,HistGB
0.125,11,3,HistGB,RandomForest
0.125,11,4,HistGB,RandomForest
0.125,11,5,HistGB,HistGB
0.125,11,6,HistGB,HistGB
0.125,11,7,HistGB,RandomForest
0.125,11,8,HistGB,HistGB
0.125,11,9,HistGB,HistGB
0.125,11,10,HistGB,HistGB
0.125,11,11,HistGB,HistGB
0.125,11,12,HistGB,HistGB
0.125,11,13,HistGB,HistGB
0.125,11,14,HistGB,HistGB
0.125,12,0,HistGB,HistGB
0.125,12,1,HistGB,HistGB
0.125,12,2,HistGB,HistGB
0.125,12,3,HistGB,HistGB
0.125,12,4,HistGB,HistGB
0.125,12,5,HistGB,RandomForest
0.125,12,6,HistGB,HistGB
0.125,12,7,HistGB,HistGB
0.125,12,8,HistGB,HistGB
0.125,12,9,HistGB,HistGB
0.125,12,10,HistGB,HistGB
0.125,12,11,HistGB,HistGB
0.125,12,12,HistGB,HistGB
0.125,12,13,HistGB,RandomForest
0.125,12,14,HistGB,HistGB
0.125,13,0,HistGB,RandomForest
0.125,13,1,HistGB,HistGB
0.125,13,2,HistGB,HistGB
0.125,13,3,HistGB,HistGB
0.125,13,4,HistGB,RandomForest
0.125,13,5,HistGB,HistGB
0.125,13,6,HistGB,HistGB
0.125,13,7,HistGB,HistGB
0.125,13,8,HistGB,RandomForest
0.125,13,9,HistGB,HistGB
0.125,13,10,HistGB,HistGB
0.125,13,11,HistGB,KNN
0.125,13,12,HistGB,HistGB
0.125,13,13,HistGB,HistGB
0.125,13,14,HistGB,HistGB
0.125,14,0,HistGB,HistGB
0.125,14,1,HistGB,HistGB
0.125,14,2,HistGB,HistGB
0.125,14,3,HistGB,HistGB
0.125,14,4,HistGB,HistGB
0.125,14,5,HistGB,HistGB
0.125,14,6,HistGB,HistGB
0.125,14,7,HistGB,RandomForest
0.125,14,8,HistGB,HistGB
0.125,14,9,HistGB,RandomForest
0.125,14,10,HistGB,HistGB
0.125,14,11,HistGB,HistGB
0.125,14,12,HistGB,HistGB
0.125,14,13,HistGB,RandomForest
0.125,14,14,HistGB,HistGB
0.125,15,0,HistGB,HistGB
0.125,15,1,HistGB,RandomForest
0.125,15,2,HistGB,HistGB
0.125,15,3,HistGB,HistGB
0.125,15,4,HistGB,HistGB
0.125,15,5,HistGB,HistGB
0.125,15,6,HistGB,HistGB
0.125,15,7,HistGB,HistGB
0.125,15,8,HistGB,HistGB
0.125,15,9,HistGB,HistGB
0.125,15,10,HistGB,HistGB
0.125,15,11,HistGB,HistGB
0.125,15,12,HistGB,RandomForest
0.125,15,13,HistGB,RandomForest
0.125,15,14,HistGB,HistGB
0.125,16,0,HistGB,HistGB
0.125,16,1,HistGB,HistGB
0.125,16,2,HistGB,HistGB
0.125,16,3,HistGB,RandomForest
0.125,16,4,HistGB,HistGB
0.125,16,5,HistGB,HistGB
0.125,16,6,HistGB,RandomForest
0.125,16,7,HistGB,HistGB
0.125,16,8,HistGB,HistGB
0.125,16,9,HistGB,HistGB
0.125,16,10,HistGB,HistGB
0.125,16,11,HistGB,HistGB
0.125,16,12,HistGB,HistGB
0.125,16,13,HistGB,HistGB
0.125,16,14,HistGB,HistGB
0.125,17,0,HistGB,HistGB
0.125,17,1,HistGB,RandomForest
0.125,17,2,HistGB,RandomForest
0.125,17,3,HistGB,HistGB
0.125,17,4,HistGB,HistGB
0.125,17,5,HistGB,HistGB
0.125,17,6,HistGB,HistGB
0.125,17,7,HistGB,HistGB
0.125,17,8,HistGB,HistGB
0.125,17,9,HistGB,HistGB
0.125,17,10,HistGB,HistGB
0.125,17,11,HistGB,HistGB
0.125,17,12,HistGB,RandomForest
0.125,17,13,HistGB,HistGB
0.125,17,14,HistGB,RandomForest
0.125,18,0,HistGB,HistGB
0.125,18,1,HistGB,HistGB
0.125,18,2,HistGB,HistGB
0.125,18,3,HistGB,HistGB
0.125,18,4,HistGB,RandomForest
0.125,18,5,HistGB,HistGB
0.125,18,6,HistGB,HistGB
0.125,18,7,HistGB,HistGB
0.125,18,8,HistGB,RandomForest
0.125,18,9,HistGB,RandomForest
0.125,18,10,HistGB,HistGB
0.125,18,11,HistGB,HistGB
0.125,18,12,HistGB,HistGB
0.125,18,13,HistGB,RandomForest
0.125,18,14,HistGB,KNN
0.125,19,0,HistGB,HistGB
0.125,19,1,HistGB,HistGB
0.125,19,2,HistGB,HistGB
0.125,19,3,HistGB,RandomForest
0.125,19,4,HistGB,HistGB
0.125,19,5,HistGB,HistGB
0.125,19,6,HistGB,RandomForest
0.125,19,7,HistGB,HistGB
0.125,19,8,HistGB,HistGB
0.125,19,9,HistGB,HistGB
0.125,19,10,HistGB,HistGB
0.125,19,11,HistGB,HistGB
0.125,19,12,HistGB,HistGB
0.125,19,13,HistGB,HistGB
0.125,19,14,HistGB,HistGB
0.125,20,0,HistGB,HistGB
0.125,20,1,HistGB,HistGB
0.125,20,2,HistGB,HistGB
0.125,20,3,HistGB,HistGB
0.125,20,4,HistGB,HistGB
0.125,20,5,HistGB,HistGB
0.125,20,6,HistGB,HistGB
0.125,20,7,HistGB,HistGB
0.125,20,8,HistGB,HistGB
0.125,20,9,HistGB,HistGB
0.125,20,10,HistGB,RandomForest
0.125,20,11,HistGB,RandomForest
0.125,20,12,HistGB,HistGB
0.125,20,13,HistGB,HistGB
0.125,20,14,HistGB,HistGB
0.125,21,0,HistGB,RandomForest
0.125,21,1,HistGB,HistGB
0.125,21,2,HistGB,HistGB
0.125,21,3,HistGB,HistGB
0.125,21,4,HistGB,RandomForest
0.125,21,5,HistGB,HistGB
0.125,21,6,HistGB,HistGB
0.125,21,7,HistGB,HistGB
0.125,21,8,HistGB,HistGB
0.125,21,9,HistGB,HistGB
0.125,21,10,HistGB,HistGB
0.125,21,11,HistGB,HistGB
0.125,21,12,HistGB,HistGB
0.125,21,13,HistGB,HistGB
0.125,21,14,HistGB,HistGB
0.125,22,0,HistGB,HistGB
0.125,22,1,HistGB,HistGB
0.125,22,2,HistGB,HistGB
0.125,22,3,HistGB,HistGB
0.125,22,4,HistGB,RandomForest
0.125,22,5,HistGB,HistGB
0.125,22,6,HistGB,RandomForest
0.125,22,7,HistGB,HistGB
0.125,22,8,HistGB,RandomForest
0.125,22,9,HistGB,HistGB
0.125,22,10,HistGB,HistGB
0.125,22,11,HistGB,HistGB
0.125,22,12,HistGB,HistGB
0.125,22,13,HistGB,RandomForest
0.125,22,14,HistGB,HistGB
0.125,23,0,HistGB,HistGB
0.125,23,1,HistGB,RandomForest
0.125,23,2,HistGB,RandomForest
0.125,23,3,HistGB,RandomForest
0.125,23,4,HistGB,HistGB
0.125,23,5,HistGB,HistGB
0.125,23,6,HistGB,HistGB
0.125,23,7,HistGB,HistGB
0.125,23,8,HistGB,HistGB
0.125,23,9,HistGB,HistGB
0.125,23,10,HistGB,HistGB
0.125,23,11,HistGB,HistGB
0.125,23,12,HistGB,HistGB
0.125,23,13,HistGB,HistGB
0.125,23,14,HistGB,HistGB
0.125,24,0,HistGB,HistGB
0.125,24,1,HistGB,HistGB
0.125,24,2,HistGB,HistGB
0.125,24,3,HistGB,HistGB
0.125,24,4,HistGB,HistGB
0.125,24,5,HistGB,HistGB
0.125,24,6,HistGB,HistGB
0.125,24,7,HistGB,HistGB
0.125,24,8,HistGB,HistGB
0.125,24,9,HistGB,HistGB
0.125,24,10,HistGB,HistGB
0.125,24,11,HistGB,HistGB
0.125,24,12,HistGB,RandomForest
0.125,24,13,HistGB,RandomForest
0.125,24,14,HistGB,RandomForest
0.15,0,0,HistGB,HistGB
0.15,0,1,HistGB,HistGB
0.15,0,2,HistGB,HistGB
0.15,0,3,HistGB,HistGB
0.15,0,4,HistGB,HistGB
0.15,0,5,HistGB,HistGB
0.15,0,6,HistGB,HistGB
0.15,0,7,HistGB,RandomForest
0.15,0,8,HistGB,HistGB
0.15,0,9,HistGB,RandomForest
0.15,0,10,HistGB,HistGB
0.15,0,11,HistGB,HistGB
0.15,0,12,HistGB,RandomForest
0.15,0,13,HistGB,HistGB
0.15,0,14,HistGB,RandomForest
0.15,1,0,HistGB,HistGB
0.15,1,1,HistGB,HistGB
0.15,1,2,HistGB,HistGB
0.15,1,3,HistGB,KNN
0.15,1,4,HistGB,HistGB
0.15,1,5,HistGB,HistGB
0.15,1,6,HistGB,HistGB
0.15,1,7,HistGB,HistGB
0.15,1,8,HistGB,HistGB
0.15,1,9,HistGB,HistGB
0.15,1,10,HistGB,RandomForest
0.15,1,11,HistGB,RandomForest
0.15,1,12,HistGB,HistGB
0.15,1,13,HistGB,HistGB
0.15,1,14,HistGB,RandomForest
0.15,2,0,HistGB,HistGB
0.15,2,1,HistGB,HistGB
0.15,2,2,HistGB,HistGB
0.15,2,3,HistGB,RandomForest
0.15,2,4,HistGB,HistGB
0.15,2,5,HistGB,HistGB
0.15,2,6,HistGB,HistGB
0.15,2,7,HistGB,HistGB
0.15,2,8,HistGB,HistGB
0.15,2,9,HistGB,HistGB
0.15,2,10,HistGB,HistGB
0.15,2,11,HistGB,HistGB
0.15,2,12,HistGB,RandomForest
0.15,2,13,HistGB,HistGB
0.15,2,14,HistGB,RandomForest
0.15,3,0,HistGB,RandomForest
0.15,3,1,HistGB,HistGB
0.15,3,2,HistGB,HistGB
0.15,3,3,HistGB,HistGB
0.15,3,4,HistGB,HistGB
0.15,3,5,HistGB,HistGB
0.15,3,6,HistGB,HistGB
0.15,3,7,HistGB,HistGB
0.15,3,8,HistGB,HistGB
0.15,3,9,HistGB,HistGB
0.15,3,10,HistGB,HistGB
0.15,3,11,HistGB,HistGB
0.15,3,12,HistGB,HistGB
0.15,3,13,HistGB,HistGB
0.15,3,14,HistGB,HistGB
0.15,4,0,HistGB,HistGB
0.15,4,1,HistGB,RandomForest
0.15,4,2,HistGB,HistGB
0.15,4,3,HistGB,HistGB
0.15,4,4,HistGB,HistGB
0.15,4,5,HistGB,HistGB
0.15,4,6,HistGB,HistGB
0.15,4,7,HistGB,HistGB
0.15,4,8,HistGB,RandomForest
0.15,4,9,HistGB,RandomForest
0.15,4,10,HistGB,HistGB
0.15,4,11,HistGB,HistGB
0.15,4,12,HistGB,HistGB
0.15,4,13,HistGB,HistGB
0.15,4,14,HistGB,HistGB
0.15,5,0,HistGB,RandomForest
0.15,5,1,HistGB,RandomForest
0.15,5,2,HistGB,HistGB
0.15,5,3,HistGB,HistGB
0.15,5,4,HistGB,RandomForest
0.15,5,5,HistGB,HistGB
0.15,5,6,HistGB,HistGB
0.15,5,7,HistGB,RandomForest
0.15,5,8,HistGB,RandomForest
0.15,5,9,HistGB,RandomForest
0.15,5,10,HistGB,HistGB
0.15,5,11,HistGB,HistGB
0.15,5,12,HistGB,HistGB
0.15,5,13,HistGB,HistGB
0.15,5,14,HistGB,HistGB
0.15,6,0,HistGB,HistGB
0.15,6,1,HistGB,HistGB
0.15,6,2,HistGB,HistGB
0.15,6,3,HistGB,HistGB
0.15,6,4,HistGB,HistGB
0.15,6,5,HistGB,HistGB
0.15,6,6,HistGB,HistGB
0.15,6,7,HistGB,RandomForest
0.15,6,8,HistGB,HistGB
0.15,6,9,HistGB,HistGB
0.15,6,10,HistGB,HistGB
0.15,6,11,HistGB,HistGB
0.15,6,12,HistGB,HistGB
0.15,6,13,HistGB,HistGB
0.15,6,14,HistGB,HistGB
0.15,7,0,HistGB,HistGB
0.15,7,1,HistGB,HistGB
0.15,7,2,HistGB,HistGB
0.15,7,3,HistGB,HistGB
0.15,7,4,HistGB,HistGB
0.15,7,5,HistGB,HistGB
0.15,7,6,HistGB,HistGB
0.15,7,7,HistGB,RandomForest
0.15,7,8,HistGB,HistGB
0.15,7,9,HistGB,HistGB
0.15,7,10,HistGB,RandomForest
0.15,7,11,HistGB,HistGB
0.15,7,12,HistGB,HistGB
0.15,7,13,HistGB,HistGB
0.15,7,14,HistGB,HistGB
0.15,8,0,HistGB,HistGB
0.15,8,1,HistGB,HistGB
0.15,8,2,HistGB,HistGB
0.15,8,3,HistGB,HistGB
0.15,8,4,HistGB,HistGB
0.15,8,5,HistGB,HistGB
0.15,8,6,HistGB,RandomForest
0.15,8,7,HistGB,HistGB
0.15,8,8,HistGB,RandomForest
0.15,8,9,HistGB,HistGB
0.15,8,10,HistGB,HistGB
0.15,8,11,HistGB,HistGB
0.15,8,12,HistGB,RandomForest
0.15,8,13,HistGB,RandomForest
0.15,8,14,HistGB,HistGB
0.15,9,0,HistGB,HistGB
0.15,9,1,HistGB,HistGB
0.15,9,2,HistGB,HistGB
0.15,9,3,HistGB,RandomForest
0.15,9,4,HistGB,KNN
0.15,9,5,HistGB,HistGB
0.15,9,6,HistGB,HistGB
0.15,9,7,HistGB,HistGB
0.15,9,8,HistGB,HistGB
0.15,9,9,HistGB,HistGB
0.15,9,10,HistGB,HistGB
0.15,9,11,HistGB,HistGB
0.15,9,12,HistGB,HistGB
0.15,9,13,HistGB,HistGB
0.15,9,14,HistGB,RandomForest
0.15,10,0,HistGB,HistGB
0.15,10,1,HistGB,HistGB
0.15,10,2,HistGB,HistGB
0.15,10,3,HistGB,HistGB
0.15,10,4,HistGB,HistGB
0.15,10,5,HistGB,HistGB
0.15,10,6,HistGB,HistGB
0.15,10,7,HistGB,HistGB
0.15,10,8,HistGB,HistGB
0.15,10,9,HistGB,RandomForest
0.15,10,10,HistGB,HistGB
0.15,10,11,HistGB,HistGB
0.15,10,12,HistGB,HistGB
0.15,10,13,HistGB,HistGB
0.15,10,14,HistGB,HistGB
0.15,11,0,HistGB,RandomForest
0.15,11,1,HistGB,RandomForest
0.15,11,2,HistGB,HistGB
0.15,11,3,HistGB,RandomForest
0.15,11,4,HistGB,HistGB
0.15,11,5,HistGB,RandomForest
0.15,11,6,HistGB,HistGB
0.15,11,7,HistGB,HistGB
0.15,11,8,HistGB,HistGB
0.15,11,9,HistGB,HistGB
0.15,11,10,HistGB,HistGB
0.15,11,11,HistGB,HistGB
0.15,11,12,HistGB,HistGB
0.15,11,13,HistGB,HistGB
0.15,11,14,HistGB,HistGB
0.15,12,0,HistGB,HistGB
0.15,12,1,HistGB,HistGB
0.15,12,2,HistGB,HistGB
0.15,12,3,HistGB,HistGB
0.15,12,4,HistGB,HistGB
0.15,12,5,HistGB,HistGB
0.15,12,6,HistGB,HistGB
0.15,12,7,HistGB,HistGB
0.15,12,8,HistGB,HistGB
0.15,12,9,HistGB,RandomForest
0.15,12,10,HistGB,HistGB
0.15,12,11,HistGB,HistGB
0.15,12,12,HistGB,HistGB
0.15,12,13,HistGB,HistGB
0.15,12,14,HistGB,HistGB
0.15,13,0,HistGB,HistGB
0.15,13,1,HistGB,HistGB
0.15,13,2,HistGB,HistGB
0.15,13,3,HistGB,HistGB
0.15,13,4,HistGB,RandomForest
0.15,13,5,HistGB,HistGB
0.15,13,6,HistGB,HistGB
0.15,13,7,HistGB,HistGB
0.15,13,8,HistGB,HistGB
0.15,13,9,HistGB,HistGB
0.15,13,10,HistGB,HistGB
0.15,13,11,HistGB,HistGB
0.15,13,12,HistGB,HistGB
0.15,13,13,HistGB,RandomForest
0.15,13,14,HistGB,HistGB
0.15,14,0,HistGB,HistGB
0.15,14,1,HistGB,HistGB
0.15,14,2,HistGB,HistGB
0.15,14,3,HistGB,RandomForest
0.15,14,4,HistGB,HistGB
0.15,14,5,HistGB,HistGB
0.15,14,6,HistGB,HistGB
0.15,14,7,HistGB,RandomForest
0.15,14,8,HistGB,HistGB
0.15,14,9,HistGB,RandomForest
0.15,14,10,HistGB,HistGB
0.15,14,11,HistGB,HistGB
0.15,14,12,HistGB,HistGB
0.15,14,13,HistGB,RandomForest
0.15,14,14,HistGB,HistGB
0.15,15,0,HistGB,HistGB
0.15,15,1,HistGB,HistGB
0.15,15,2,HistGB,HistGB
0.15,15,3,HistGB,RandomForest
0.15,15,4,HistGB,RandomForest
0.15,15,5,HistGB,HistGB
0.15,15,6,HistGB,HistGB
0.15,15,7,HistGB,HistGB
0.15,15,8,HistGB,HistGB
0.15,15,9,HistGB,HistGB
0.15,15,10,HistGB,HistGB
0.15,15,11,HistGB,HistGB
0.15,15,12,HistGB,HistGB
0.15,15,13,HistGB,RandomForest
0.15,15,14,HistGB,HistGB
0.15,16,0,HistGB,HistGB
0.15,16,1,HistGB,HistGB
0.15,16,2,HistGB,RandomForest
0.15,16,3,HistGB,RandomForest
0.15,16,4,HistGB,HistGB
0.15,16,5,HistGB,HistGB
0.15,16,6,HistGB,RandomForest
0.15,16,7,HistGB,HistGB
0.15,16,8,HistGB,HistGB
0.15,16,9,HistGB,RandomForest
0.15,16,10,HistGB,HistGB
0.15,16,11,HistGB,RandomForest
0.15,16,12,HistGB,HistGB
0.15,16,13,HistGB,HistGB
0.15,16,14,HistGB,HistGB
0.15,17,0,HistGB,HistGB
0.15,17,1,HistGB,HistGB
0.15,17,2,HistGB,HistGB
0.15,17,3,HistGB,HistGB
0.15,17,4,HistGB,HistGB
0.15,17,5,HistGB,HistGB
0.15,17,6,HistGB,HistGB
0.15,17,7,HistGB,HistGB
0.15,17,8,HistGB,HistGB
0.15,17,9,HistGB,RandomForest
0.15,17,10,HistGB,HistGB
0.15,17,11,HistGB,RandomForest
0.15,17,12,HistGB,RandomForest
0.15,17,13,HistGB,HistGB
0.15,17,14,HistGB,RandomForest
0.15,18,0,HistGB,RandomForest
0.15,18,1,HistGB,RandomForest
0.15,18,2,HistGB,HistGB
0.15,18,3,HistGB,HistGB
0.15,18,4,HistGB,HistGB
0.15,18,5,HistGB,HistGB
0.15,18,6,HistGB,HistGB
0.15,18,7,HistGB,HistGB
0.15,18,8,HistGB,HistGB
0.15,18,9,HistGB,HistGB
0.15,18,10,HistGB,KNN
0.15,18,11,HistGB,RandomForest
0.15,18,12,HistGB,HistGB
0.15,18,13,HistGB,HistGB
0.15,18,14,HistGB,KNN
0.15,19,0,HistGB,HistGB
0.15,19,1,HistGB,HistGB
0.15,19,2,HistGB,HistGB
0.15,19,3,HistGB,RandomForest
0.15,19,4,HistGB,HistGB
0.15,19,5,HistGB,HistGB
0.15,19,6,HistGB,HistGB
0.15,19,7,HistGB,HistGB
0.15,19,8,HistGB,KNN
0.15,19,9,HistGB,HistGB
0.15,19,10,HistGB,HistGB
0.15,19,11,HistGB,HistGB
0.15,19,12,HistGB,HistGB
0.15,19,13,HistGB,HistGB
0.15,19,14,HistGB,HistGB
0.15,20,0,HistGB,HistGB
0.15,20,1,HistGB,RandomForest
0.15,20,2,HistGB,HistGB
0.15,20,3,HistGB,HistGB
0.15,20,4,HistGB,HistGB
0.15,20,5,HistGB,HistGB
0.15,20,6,HistGB,HistGB
0.15,20,7,HistGB,HistGB
0.15,20,8,HistGB,HistGB
0.15,20,9,HistGB,HistGB
0.15,20,10,HistGB,RandomForest
0.15,20,11,HistGB,HistGB
0.15,20,12,HistGB,HistGB
0.15,20,13,HistGB,HistGB
0.15,20,14,HistGB,HistGB
0.15,21,0,HistGB,RandomForest
0.15,21,1,HistGB,HistGB
0.15,21,2,HistGB,HistGB
0.15,21,3,HistGB,HistGB
0.15,21,4,HistGB,HistGB
0.15,21,5,HistGB,HistGB
0.15,21,6,HistGB,HistGB
0.15,21,7,HistGB,HistGB
0.15,21,8,HistGB,HistGB
0.15,21,9,HistGB,HistGB
0.15,21,10,HistGB,HistGB
0.15,21,11,HistGB,HistGB
0.15,21,12,HistGB,HistGB
0.15,21,13,HistGB,HistGB
0.15,21,14,HistGB,HistGB
0.15,22,0,HistGB,HistGB
0.15,22,1,HistGB,HistGB
0.15,22,2,HistGB,RandomForest
0.15,22,3,HistGB,RandomForest
0.15,22,4,HistGB,RandomForest
0.15,22,5,HistGB,HistGB
0.15,22,6,HistGB,RandomForest
0.15,22,7,HistGB,HistGB
0.15,22,8,HistGB,HistGB
0.15,22,9,HistGB,HistGB
0.15,22,10,HistGB,HistGB
0.15,22,11,HistGB,RandomForest
0.15,22,12,HistGB,HistGB
0.15,22,13,HistGB,HistGB
0.15,22,14,HistGB,RandomForest
0.15,23,0,HistGB,RandomForest
0.15,23,1,HistGB,HistGB
0.15,23,2,HistGB,RandomForest
0.15,23,3,HistGB,HistGB
0.15,23,4,HistGB,HistGB
0.15,23,5,HistGB,HistGB
0.15,23,6,HistGB,HistGB
0.15,23,7,HistGB,HistGB
0.15,23,8,HistGB,HistGB
0.15,23,9,HistGB,RandomForest
0.15,23,10,HistGB,HistGB
0.15,23,11,HistGB,HistGB
0.15,23,12,HistGB,HistGB
0.15,23,13,HistGB,HistGB
0.15,23,14,HistGB,HistGB
0.15,24,0,HistGB,HistGB
0.15,24,1,HistGB,RandomForest
0.15,24,2,HistGB,HistGB
0.15,24,3,HistGB,HistGB
0.15,24,4,HistGB,HistGB
0.15,24,5,HistGB,HistGB
0.15,24,6,HistGB,HistGB
0.15,24,7,HistGB,HistGB
0.15,24,8,HistGB,RandomForest
0.15,24,9,HistGB,HistGB
0.15,24,10,HistGB,HistGB
0.15,24,11,HistGB,KNN
0.15,24,12,HistGB,HistGB
0.15,24,13,HistGB,HistGB
0.15,24,14,HistGB,HistGB
0.17,0,0,HistGB,RandomForest
0.17,0,1,HistGB,HistGB
0.17,0,2,HistGB,HistGB
0.17,0,3,HistGB,RandomForest
0.17,0,4,HistGB,HistGB
0.17,0,5,HistGB,KNN
0.17,0,6,HistGB,HistGB
0.17,0,7,HistGB,HistGB
0.17,0,8,HistGB,HistGB
0.17,0,9,HistGB,HistGB
0.17,0,10,HistGB,HistGB
0.17,0,11,HistGB,HistGB
0.17,0,12,HistGB,HistGB
0.17,0,13,HistGB,HistGB
0.17,0,14,HistGB,RandomForest
0.17,1,0,HistGB,HistGB
0.17,1,1,HistGB,HistGB
0.17,1,2,HistGB,HistGB
0.17,1,3,HistGB,HistGB
0.17,1,4,HistGB,HistGB
0.17,1,5,HistGB,HistGB
0.17,1,6,HistGB,HistGB
0.17,1,7,HistGB,HistGB
0.17,1,8,HistGB,HistGB
0.17,1,9,HistGB,HistGB
0.17,1,10,HistGB,HistGB
0.17,1,11,HistGB,RandomForest
0.17,1,12,HistGB,HistGB
0.17,1,13,HistGB,KNN
0.17,1,14,HistGB,HistGB
0.17,2,0,HistGB,HistGB
0.17,2,1,HistGB,HistGB
0.17,2,2,HistGB,HistGB
0.17,2,3,HistGB,HistGB
0.17,2,4,HistGB,HistGB
0.17,2,5,HistGB,HistGB
0.17,2,6,HistGB,HistGB
0.17,2,7,HistGB,HistGB
0.17,2,8,HistGB,HistGB
0.17,2,9,HistGB,HistGB
0.17,2,10,HistGB,HistGB
0.17,2,11,HistGB,HistGB
0.17,2,12,HistGB,HistGB
0.17,2,13,HistGB,HistGB
0.17,2,14,HistGB,HistGB
0.17,3,0,HistGB,HistGB
0.17,3,1,HistGB,HistGB
0.17,3,2,HistGB,RandomForest
0.17,3,3,HistGB,RandomForest
0.17,3,4,HistGB,HistGB
0.17,3,5,HistGB,RandomForest
0.17,3,6,HistGB,HistGB
0.17,3,7,HistGB,HistGB
0.17,3,8,HistGB,HistGB
0.17,3,9,HistGB,HistGB
0.17,3,10,HistGB,HistGB
0.17,3,11,HistGB,HistGB
0.17,3,12,HistGB,HistGB
0.17,3,13,HistGB,KNN
0.17,3,14,HistGB,RandomForest
0.17,4,0,HistGB,HistGB
0.17,4,1,HistGB,HistGB
0.17,4,2,HistGB,HistGB
0.17,4,3,HistGB,HistGB
0.17,4,4,HistGB,HistGB
0.17,4,5,HistGB,HistGB
0.17,4,6,HistGB,HistGB
0.17,4,7,HistGB,HistGB
0.17,4,8,HistGB,RandomForest
0.17,4,9,HistGB,HistGB
0.17,4,10,HistGB,KNN
0.17,4,11,HistGB,HistGB
0.17,4,12,HistGB,HistGB
0.17,4,13,HistGB,HistGB
0.17,4,14,HistGB,HistGB
0.17,5,0,HistGB,RandomForest
0.17,5,1,HistGB,HistGB
0.17,5,2,HistGB,HistGB
0.17,5,3,HistGB,HistGB
0.17,5,4,HistGB,RandomForest
0.17,5,5,HistGB,HistGB
0.17,5,6,HistGB,HistGB
0.17,5,7,HistGB,HistGB
0.17,5,8,HistGB,RandomForest
0.17,5,9,HistGB,RandomForest
0.17,5,10,HistGB,HistGB
0.17,5,11,HistGB,HistGB
0.17,5,12,HistGB,HistGB
0.17,5,13,HistGB,HistGB
0.17,5,14,HistGB,HistGB
0.17,6,0,HistGB,HistGB
0.17,6,1,HistGB,HistGB
0.17,6,2,HistGB,HistGB
0.17,6,3,HistGB,HistGB
0.17,6,4,HistGB,KNN
0.17,6,5,HistGB,RandomForest
0.17,6,6,HistGB,HistGB
0.17,6,7,HistGB,RandomForest
0.17,6,8,HistGB,HistGB
0.17,6,9,HistGB,HistGB
0.17,6,10,HistGB,HistGB
0.17,6,11,HistGB,HistGB
0.17,6,12,HistGB,HistGB
0.17,6,13,HistGB,HistGB
0.17,6,14,HistGB,KNN
0.17,7,0,HistGB,HistGB
0.17,7,1,HistGB,HistGB
0.17,7,2,HistGB,RandomForest
0.17,7,3,HistGB,HistGB
0.17,7,4,HistGB,HistGB
0.17,7,5,HistGB,HistGB
0.17,7,6,HistGB,RandomForest
0.17,7,7,HistGB,HistGB
0.17,7,8,HistGB,HistGB
0.17,7,9,HistGB,HistGB
0.17,7,10,HistGB,RandomForest
0.17,7,11,HistGB,HistGB
0.17,7,12,HistGB,HistGB
0.17,7,13,HistGB,HistGB
0.17,7,14,HistGB,HistGB
0.17,8,0,HistGB,HistGB
0.17,8,1,HistGB,HistGB
0.17,8,2,HistGB,HistGB
0.17,8,3,HistGB,HistGB
0.17,8,4,HistGB,HistGB
0.17,8,5,HistGB,HistGB
0.17,8,6,HistGB,HistGB
0.17,8,7,HistGB,RandomForest
0.17,8,8,HistGB,HistGB
0.17,8,9,HistGB,RandomForest
0.17,8,10,HistGB,RandomForest
0.17,8,11,HistGB,HistGB
0.17,8,12,HistGB,HistGB
0.17,8,13,HistGB,HistGB
0.17,8,14,HistGB,KNN
0.17,9,0,HistGB,HistGB
0.17,9,1,HistGB,HistGB
0.17,9,2,HistGB,HistGB
0.17,9,3,HistGB,HistGB
0.17,9,4,HistGB,HistGB
0.17,9,5,HistGB,HistGB
0.17,9,6,HistGB,HistGB
0.17,9,7,HistGB,HistGB
0.17,9,8,HistGB,KNN
0.17,9,9,HistGB,HistGB
0.17,9,10,HistGB,RandomForest
0.17,9,11,HistGB,HistGB
0.17,9,12,HistGB,RandomForest
0.17,9,13,HistGB,HistGB
0.17,9,14,HistGB,HistGB
0.17,10,0,HistGB,HistGB
0.17,10,1,HistGB,HistGB
0.17,10,2,HistGB,HistGB
0.17,10,3,HistGB,HistGB
0.17,10,4,HistGB,HistGB
0.17,10,5,HistGB,RandomForest
0.17,10,6,HistGB,HistGB
0.17,10,7,HistGB,HistGB
0.17,10,8,HistGB,HistGB
0.17,10,9,HistGB,HistGB
0.17,10,10,HistGB,KNN
0.17,10,11,HistGB,HistGB
0.17,10,12,HistGB,RandomForest
0.17,10,13,HistGB,HistGB
0.17,10,14,HistGB,HistGB
0.17,11,0,HistGB,HistGB
0.17,11,1,HistGB,RandomForest
0.17,11,2,HistGB,HistGB
0.17,11,3,HistGB,RandomForest
0.17,11,4,HistGB,HistGB
0.17,11,5,HistGB,HistGB
0.17,11,6,HistGB,HistGB
0.17,11,7,HistGB,HistGB
0.17,11,8,HistGB,HistGB
0.17,11,9,HistGB,HistGB
0.17,11,10,HistGB,HistGB
0.17,11,11,HistGB,HistGB
0.17,11,12,HistGB,HistGB
0.17,11,13,HistGB,HistGB
0.17,11,14,HistGB,HistGB
0.17,12,0,HistGB,HistGB
0.17,12,1,HistGB,HistGB
0.17,12,2,HistGB,HistGB
0.17,12,3,HistGB,HistGB
0.17,12,4,HistGB,RandomForest
0.17,12,5,HistGB,HistGB
0.17,12,6,HistGB,HistGB
0.17,12,7,HistGB,HistGB
0.17,12,8,HistGB,KNN
0.17,12,9,HistGB,HistGB
0.17,12,10,HistGB,HistGB
0.17,12,11,HistGB,KNN
0.17,12,12,HistGB,HistGB
0.17,12,13,HistGB,HistGB
0.17,12,14,HistGB,RandomForest
0.17,13,0,HistGB,HistGB
0.17,13,1,HistGB,HistGB
0.17,13,2,HistGB,HistGB
0.17,13,3,HistGB,HistGB
0.17,13,4,HistGB,HistGB
0.17,13,5,HistGB,HistGB
0.17,13,6,HistGB,HistGB
0.17,13,7,HistGB,HistGB
0.17,13,8,HistGB,HistGB
0.17,13,9,HistGB,HistGB
0.17,13,10,HistGB,HistGB
0.17,13,11,HistGB,KNN
0.17,13,12,HistGB,HistGB
0.17,13,13,HistGB,HistGB
0.17,13,14,HistGB,HistGB
0.17,14,0,HistGB,HistGB
0.17,14,1,HistGB,RandomForest
0.17,14,2,HistGB,HistGB
0.17,14,3,HistGB,HistGB
0.17,14,4,HistGB,HistGB
0.17,14,5,HistGB,HistGB
0.17,14,6,HistGB,HistGB
0.17,14,7,HistGB,RandomForest
0.17,14,8,HistGB,HistGB
0.17,14,9,HistGB,HistGB
0.17,14,10,HistGB,HistGB
0.17,14,11,HistGB,HistGB
0.17,14,12,HistGB,HistGB
0.17,14,13,HistGB,RandomForest
0.17,14,14,HistGB,HistGB
0.17,15,0,HistGB,HistGB
0.17,15,1,HistGB,HistGB
0.17,15,2,HistGB,HistGB
0.17,15,3,HistGB,HistGB
0.17,15,4,HistGB,HistGB
0.17,15,5,HistGB,HistGB
0.17,15,6,HistGB,HistGB
0.17,15,7,HistGB,RandomForest
0.17,15,8,HistGB,HistGB
0.17,15,9,HistGB,HistGB
0.17,15,10,HistGB,HistGB
0.17,15,11,HistGB,HistGB
0.17,15,12,HistGB,HistGB
0.17,15,13,HistGB,HistGB
0.17,15,14,HistGB,KNN
0.17,16,0,HistGB,RandomForest
0.17,16,1,HistGB,HistGB
0.17,16,2,HistGB,HistGB
0.17,16,3,HistGB,KNN
0.17,16,4,HistGB,RandomForest
0.17,16,5,HistGB,HistGB
0.17,16,6,HistGB,RandomForest
0.17,16,7,HistGB,HistGB
0.17,16,8,HistGB,RandomForest
0.17,16,9,HistGB,HistGB
0.17,16,10,HistGB,KNN
0.17,16,11,HistGB,RandomForest
0.17,16,12,HistGB,HistGB
0.17,16,13,HistGB,HistGB
0.17,16,14,HistGB,RandomForest
0.17,17,0,HistGB,HistGB
0.17,17,1,HistGB,RandomForest
0.17,17,2,HistGB,RandomForest
0.17,17,3,HistGB,KNN
0.17,17,4,HistGB,RandomForest
0.17,17,5,HistGB,RandomForest
0.17,17,6,HistGB,HistGB
0.17,17,7,HistGB,HistGB
0.17,17,8,HistGB,RandomForest
0.17,17,9,HistGB,HistGB
0.17,17,10,HistGB,HistGB
0.17,17,11,HistGB,RandomForest
0.17,17,12,HistGB,RandomForest
0.17,17,13,HistGB,KNN
0.17,17,14,HistGB,RandomForest
0.17,18,0,HistGB,HistGB
0.17,18,1,HistGB,HistGB
0.17,18,2,HistGB,HistGB
0.17,18,3,HistGB,HistGB
0.17,18,4,HistGB,KNN
0.17,18,5,HistGB,KNN
0.17,18,6,HistGB,HistGB
0.17,18,7,HistGB,KNN
0.17,18,8,HistGB,HistGB
0.17,18,9,HistGB,HistGB
0.17,18,10,HistGB,KNN
0.17,18,11,HistGB,KNN
0.17,18,12,HistGB,HistGB
0.17,18,13,HistGB,HistGB
0.17,18,14,HistGB,KNN
0.17,19,0,HistGB,HistGB
0.17,19,1,HistGB,HistGB
0.17,19,2,HistGB,HistGB
0.17,19,3,HistGB,RandomForest
0.17,19,4,HistGB,HistGB
0.17,19,5,HistGB,KNN
0.17,19,6,HistGB,KNN
0.17,19,7,HistGB,RandomForest
0.17,19,8,HistGB,KNN
0.17,19,9,HistGB,HistGB
0.17,19,10,HistGB,HistGB
0.17,19,11,HistGB,HistGB
0.17,19,12,HistGB,HistGB
0.17,19,13,HistGB,HistGB
0.17,19,14,HistGB,HistGB
0.17,20,0,HistGB,HistGB
0.17,20,1,HistGB,HistGB
0.17,20,2,HistGB,HistGB
0.17,20,3,HistGB,HistGB
0.17,20,4,HistGB,HistGB
0.17,20,5,HistGB,RandomForest
0.17,20,6,HistGB,HistGB
0.17,20,7,HistGB,HistGB
0.17,20,8,HistGB,HistGB
0.17,20,9,HistGB,HistGB
0.17,20,10,HistGB,HistGB
0.17,20,11,HistGB,HistGB
0.17,20,12,HistGB,HistGB
0.17,20,13,HistGB,RandomForest
0.17,20,14,HistGB,HistGB
0.17,21,0,HistGB,RandomForest
0.17,21,1,HistGB,HistGB
0.17,21,2,HistGB,HistGB
0.17,21,3,HistGB,HistGB
0.17,21,4,HistGB,HistGB
0.17,21,5,HistGB,HistGB
0.17,21,6,HistGB,HistGB
0.17,21,7,HistGB,HistGB
0.17,21,8,HistGB,KNN
0.17,21,9,HistGB,HistGB
0.17,21,10,HistGB,RandomForest
0.17,21,11,HistGB,RandomForest
0.17,21,12,HistGB,HistGB
0.17,21,13,HistGB,HistGB
0.17,21,14,HistGB,HistGB
0.17,22,0,HistGB,RandomForest
0.17,22,1,HistGB,RandomForest
0.17,22,2,HistGB,HistGB
0.17,22,3,HistGB,RandomForest
0.17,22,4,HistGB,RandomForest
0.17,22,5,HistGB,HistGB
0.17,22,6,HistGB,HistGB
0.17,22,7,HistGB,HistGB
0.17,22,8,HistGB,RandomForest
0.17,22,9,HistGB,HistGB
0.17,22,10,HistGB,RandomForest
0.17,22,11,HistGB,HistGB
0.17,22,12,HistGB,HistGB
0.17,22,13,HistGB,RandomForest
0.17,22,14,HistGB,HistGB
0.17,23,0,HistGB,RandomForest
0.17,23,1,HistGB,HistGB
0.17,23,2,HistGB,RandomForest
0.17,23,3,HistGB,KNN
0.17,23,4,HistGB,HistGB
0.17,23,5,HistGB,HistGB
0.17,23,6,HistGB,HistGB
0.17,23,7,HistGB,HistGB
0.17,23,8,HistGB,HistGB
0.17,23,9,HistGB,HistGB
0.17,23,10,HistGB,RandomForest
0.17,23,11,HistGB,HistGB
0.17,23,12,HistGB,HistGB
0.17,23,13,HistGB,HistGB
0.17,23,14,HistGB,HistGB
0.17,24,0,HistGB,HistGB
0.17,24,1,HistGB,HistGB
0.17,24,2,HistGB,HistGB
0.17,24,3,HistGB,HistGB
0.17,24,4,HistGB,HistGB
0.17,24,5,HistGB,HistGB
0.17,24,6,HistGB,HistGB
0.17,24,7,HistGB,HistGB
0.17,24,8,HistGB,HistGB
0.17,24,9,HistGB,HistGB
0.17,24,10,HistGB,HistGB
0.17,24,11,HistGB,HistGB
0.17,24,12,HistGB,KNN
0.17,24,13,HistGB,RandomForest
0.17,24,14,HistGB,HistGB
0.18,0,0,HistGB,HistGB
0.18,0,1,HistGB,HistGB
0.18,0,2,HistGB,HistGB
0.18,0,3,HistGB,HistGB
0.18,0,4,HistGB,HistGB
0.18,0,5,HistGB,HistGB
0.18,0,6,HistGB,KNN
0.18,0,7,HistGB,HistGB
0.18,0,8,HistGB,RandomForest
0.18,0,9,HistGB,HistGB
0.18,0,10,HistGB,HistGB
0.18,0,11,HistGB,HistGB
0.18,0,12,HistGB,RandomForest
0.18,0,13,HistGB,HistGB
0.18,0,14,HistGB,HistGB
0.18,1,0,HistGB,HistGB
0.18,1,1,HistGB,RandomForest
0.18,1,2,HistGB,HistGB
0.18,1,3,HistGB,HistGB
0.18,1,4,HistGB,HistGB
0.18,1,5,HistGB,HistGB
0.18,1,6,HistGB,HistGB
0.18,1,7,HistGB,HistGB
0.18,1,8,HistGB,HistGB
0.18,1,9,HistGB,HistGB
0.18,1,10,HistGB,RandomForest
0.18,1,11,HistGB,RandomForest
0.18,1,12,HistGB,HistGB
0.18,1,13,HistGB,RandomForest
0.18,1,14,HistGB,RandomForest
0.18,2,0,HistGB,RandomForest
0.18,2,1,HistGB,HistGB
0.18,2,2,HistGB,HistGB
0.18,2,3,HistGB,RandomForest
0.18,2,4,HistGB,RandomForest
0.18,2,5,HistGB,HistGB
0.18,2,6,HistGB,HistGB
0.18,2,7,HistGB,HistGB
0.18,2,8,HistGB,RandomForest
0.18,2,9,HistGB,RandomForest
0.18,2,10,HistGB,RandomForest
0.18,2,11,HistGB,HistGB
0.18,2,12,HistGB,HistGB
0.18,2,13,HistGB,HistGB
0.18,2,14,HistGB,HistGB
0.18,3,0,HistGB,HistGB
0.18,3,1,HistGB,RandomForest
0.18,3,2,HistGB,HistGB
0.18,3,3,HistGB,HistGB
0.18,3,4,HistGB,HistGB
0.18,3,5,HistGB,HistGB
0.18,3,6,HistGB,RandomForest
0.18,3,7,HistGB,HistGB
0.18,3,8,HistGB,HistGB
0.18,3,9,HistGB,HistGB
0.18,3,10,HistGB,HistGB
0.18,3,11,HistGB,RandomForest
0.18,3,12,HistGB,RandomForest
0.18,3,13,HistGB,HistGB
0.18,3,14,HistGB,HistGB
0.18,4,0,HistGB,RandomForest
0.18,4,1,HistGB,RandomForest
0.18,4,2,HistGB,HistGB
0.18,4,3,HistGB,KNN
0.18,4,4,HistGB,HistGB
0.18,4,5,HistGB,HistGB
0.18,4,6,HistGB,HistGB
0.18,4,7,HistGB,HistGB
0.18,4,8,HistGB,HistGB
0.18,4,9,HistGB,RandomForest
0.18,4,10,HistGB,KNN
0.18,4,11,HistGB,RandomForest
0.18,4,12,HistGB,HistGB
0.18,4,13,HistGB,HistGB
0.18,4,14,HistGB,KNN
0.18,5,0,HistGB,RandomForest
0.18,5,1,HistGB,RandomForest
0.18,5,2,HistGB,HistGB
0.18,5,3,HistGB,HistGB
0.18,5,4,HistGB,RandomForest
0.18,5,5,HistGB,HistGB
0.18,5,6,HistGB,HistGB
0.18,5,7,HistGB,RandomForest
0.18,5,8,HistGB,HistGB
0.18,5,9,HistGB,RandomForest
0.18,5,10,HistGB,RandomForest
0.18,5,11,HistGB,HistGB
0.18,5,12,HistGB,HistGB
0.18,5,13,HistGB,KNN
0.18,5,14,HistGB,HistGB
0.18,6,0,HistGB,HistGB
0.18,6,1,HistGB,HistGB
0.18,6,2,HistGB,RandomForest
0.18,6,3,HistGB,RandomForest
0.18,6,4,HistGB,RandomForest
0.18,6,5,HistGB,HistGB
0.18,6,6,HistGB,HistGB
0.18,6,7,HistGB,HistGB
0.18,6,8,HistGB,HistGB
0.18,6,9,HistGB,HistGB
0.18,6,10,HistGB,HistGB
0.18,6,11,HistGB,HistGB
0.18,6,12,HistGB,HistGB
0.18,6,13,HistGB,HistGB
0.18,6,14,HistGB,RandomForest
0.18,7,0,HistGB,HistGB
0.18,7,1,HistGB,HistGB
0.18,7,2,HistGB,RandomForest
0.18,7,3,HistGB,RandomForest
0.18,7,4,HistGB,RandomForest
0.18,7,5,HistGB,KNN
0.18,7,6,HistGB,HistGB
0.18,7,7,HistGB,HistGB
0.18,7,8,HistGB,HistGB
0.18,7,9,HistGB,HistGB
0.18,7,10,HistGB,HistGB
0.18,7,11,HistGB,RandomForest
0.18,7,12,HistGB,HistGB
0.18,7,13,HistGB,RandomForest
0.18,7,14,HistGB,HistGB
0.18,8,0,HistGB,RandomForest
0.18,8,1,HistGB,RandomForest
0.18,8,2,HistGB,HistGB
0.18,8,3,HistGB,KNN
0.18,8,4,HistGB,KNN
0.18,8,5,HistGB,RandomForest
0.18,8,6,HistGB,HistGB
0.18,8,7,HistGB,RandomForest
0.18,8,8,HistGB,HistGB
0.18,8,9,HistGB,HistGB
0.18,8,10,HistGB,HistGB
0.18,8,11,HistGB,HistGB
0.18,8,12,HistGB,HistGB
0.18,8,13,HistGB,RandomForest
0.18,8,14,HistGB,HistGB
0.18,9,0,HistGB,HistGB
0.18,9,1,HistGB,HistGB
0.18,9,2,HistGB,HistGB
0.18,9,3,HistGB,RandomForest
0.18,9,4,HistGB,HistGB
0.18,9,5,HistGB,HistGB
0.18,9,6,HistGB,HistGB
0.18,9,7,HistGB,HistGB
0.18,9,8,HistGB,HistGB
0.18,9,9,HistGB,HistGB
0.18,9,10,HistGB,HistGB
0.18,9,11,HistGB,HistGB
0.18,9,12,HistGB,HistGB
0.18,9,13,HistGB,HistGB
0.18,9,14,HistGB,HistGB
0.18,10,0,HistGB,HistGB
0.18,10,1,HistGB,HistGB
0.18,10,2,HistGB,HistGB
0.18,10,3,HistGB,KNN
0.18,10,4,HistGB,RandomForest
0.18,10,5,HistGB,HistGB
0.18,10,6,HistGB,HistGB
0.18,10,7,HistGB,HistGB
0.18,10,8,HistGB,HistGB
0.18,10,9,HistGB,HistGB
0.18,10,10,HistGB,HistGB
0.18,10,11,HistGB,HistGB
0.18,10,12,HistGB,HistGB
0.18,10,13,HistGB,HistGB
0.18,10,14,HistGB,HistGB
0.18,11,0,HistGB,RandomForest
0.18,11,1,HistGB,HistGB
0.18,11,2,HistGB,HistGB
0.18,11,3,HistGB,RandomForest
0.18,11,4,HistGB,HistGB
0.18,11,5,HistGB,HistGB
0.18,11,6,HistGB,HistGB
0.18,11,7,HistGB,HistGB
0.18,11,8,HistGB,HistGB
0.18,11,9,HistGB,HistGB
0.18,11,10,HistGB,HistGB
0.18,11,11,HistGB,HistGB
0.18,11,12,HistGB,HistGB
0.18,11,13,HistGB,HistGB
0.18,11,14,HistGB,HistGB
0.18,12,0,HistGB,HistGB
0.18,12,1,HistGB,HistGB
0.18,12,2,HistGB,HistGB
0.18,12,3,HistGB,HistGB
0.18,12,4,HistGB,HistGB
0.18,12,5,HistGB,KNN
0.18,12,6,HistGB,HistGB
0.18,12,7,HistGB,RandomForest
0.18,12,8,HistGB,HistGB
0.18,12,9,HistGB,HistGB
0.18,12,10,HistGB,HistGB
0.18,12,11,HistGB,HistGB
0.18,12,12,HistGB,HistGB
0.18,12,13,HistGB,HistGB
0.18,12,14,HistGB,HistGB
0.18,13,0,HistGB,HistGB
0.18,13,1,HistGB,RandomForest
0.18,13,2,HistGB,RandomForest
0.18,13,3,HistGB,HistGB
0.18,13,4,HistGB,RandomForest
0.18,13,5,HistGB,HistGB
0.18,13,6,HistGB,HistGB
0.18,13,7,HistGB,KNN
0.18,13,8,HistGB,HistGB
0.18,13,9,HistGB,HistGB
0.18,13,10,HistGB,RandomForest
0.18,13,11,HistGB,KNN
0.18,13,12,HistGB,KNN
0.18,13,13,HistGB,HistGB
0.18,13,14,HistGB,HistGB
0.18,14,0,HistGB,HistGB
0.18,14,1,HistGB,HistGB
0.18,14,2,HistGB,HistGB
0.18,14,3,HistGB,HistGB
0.18,14,4,HistGB,HistGB
0.18,14,5,HistGB,HistGB
0.18,14,6,HistGB,HistGB
0.18,14,7,HistGB,RandomForest
0.18,14,8,HistGB,KNN
0.18,14,9,HistGB,HistGB
0.18,14,10,HistGB,HistGB
0.18,14,11,HistGB,HistGB
0.18,14,12,HistGB,HistGB
0.18,14,13,HistGB,HistGB
0.18,14,14,HistGB,HistGB
0.18,15,0,HistGB,HistGB
0.18,15,1,HistGB,HistGB
0.18,15,2,HistGB,HistGB
0.18,15,3,HistGB,HistGB
0.18,15,4,HistGB,RandomForest
0.18,15,5,HistGB,RandomForest
0.18,15,6,HistGB,HistGB
0.18,15,7,HistGB,RandomForest
0.18,15,8,HistGB,RandomForest
0.18,15,9,HistGB,HistGB
0.18,15,10,HistGB,RandomForest
0.18,15,11,HistGB,HistGB
0.18,15,12,HistGB,HistGB
0.18,15,13,HistGB,RandomForest
0.18,15,14,HistGB,KNN
0.18,16,0,HistGB,RandomForest
0.18,16,1,HistGB,KNN
0.18,16,2,HistGB,HistGB
0.18,16,3,HistGB,RandomForest
0.18,16,4,HistGB,HistGB
0.18,16,5,HistGB,RandomForest
0.18,16,6,HistGB,RandomForest
0.18,16,7,HistGB,HistGB
0.18,16,8,HistGB,RandomForest
0.18,16,9,HistGB,RandomForest
0.18,16,10,HistGB,KNN
0.18,16,11,HistGB,HistGB
0.18,16,12,HistGB,HistGB
0.18,16,13,HistGB,HistGB
0.18,16,14,HistGB,HistGB
0.18,17,0,HistGB,RandomForest
0.18,17,1,HistGB,RandomForest
0.18,17,2,HistGB,HistGB
0.18,17,3,HistGB,KNN
0.18,17,4,HistGB,RandomForest
0.18,17,5,HistGB,HistGB
0.18,17,6,HistGB,KNN
0.18,17,7,HistGB,HistGB
0.18,17,8,HistGB,RandomForest
0.18,17,9,HistGB,KNN
0.18,17,10,HistGB,HistGB
0.18,17,11,HistGB,RandomForest
0.18,17,12,HistGB,RandomForest
0.18,17,13,HistGB,HistGB
0.18,17,14,HistGB,HistGB
0.18,18,0,HistGB,RandomForest
0.18,18,1,HistGB,KNN
0.18,18,2,HistGB,HistGB
0.18,18,3,HistGB,RandomForest
0.18,18,4,HistGB,KNN
0.18,18,5,HistGB,KNN
0.18,18,6,HistGB,KNN
0.18,18,7,HistGB,KNN
0.18,18,8,HistGB,HistGB
0.18,18,9,HistGB,HistGB
0.18,18,10,HistGB,KNN
0.18,18,11,HistGB,HistGB
0.18,18,12,HistGB,HistGB
0.18,18,13,HistGB,HistGB
0.18,18,14,HistGB,KNN
0.18,19,0,HistGB,KNN
0.18,19,1,HistGB,HistGB
0.18,19,2,HistGB,HistGB
0.18,19,3,HistGB,RandomForest
0.18,19,4,HistGB,HistGB
0.18,19,5,HistGB,HistGB
0.18,19,6,HistGB,KNN
0.18,19,7,HistGB,HistGB
0.18,19,8,HistGB,KNN
0.18,19,9,HistGB,HistGB
0.18,19,10,HistGB,HistGB
0.18,19,11,HistGB,HistGB
0.18,19,12,HistGB,HistGB
0.18,19,13,HistGB,KNN
0.18,19,14,HistGB,HistGB
0.18,20,0,HistGB,HistGB
0.18,20,1,HistGB,HistGB
0.18,20,2,HistGB,HistGB
0.18,20,3,HistGB,KNN
0.18,20,4,HistGB,HistGB
0.18,20,5,HistGB,HistGB
0.18,20,6,HistGB,HistGB
0.18,20,7,HistGB,KNN
0.18,20,8,HistGB,HistGB
0.18,20,9,HistGB,HistGB
0.18,20,10,HistGB,HistGB
0.18,20,11,HistGB,HistGB
0.18,20,12,HistGB,HistGB
0.18,20,13,HistGB,HistGB
0.18,20,14,HistGB,HistGB
0.18,21,0,HistGB,HistGB
0.18,21,1,HistGB,HistGB
0.18,21,2,HistGB,RandomForest
0.18,21,3,HistGB,HistGB
0.18,21,4,HistGB,HistGB
0.18,21,5,HistGB,HistGB
0.18,21,6,HistGB,HistGB
0.18,21,7,HistGB,HistGB
0.18,21,8,HistGB,KNN
0.18,21,9,HistGB,HistGB
0.18,21,10,HistGB,RandomForest
0.18,21,11,HistGB,KNN
0.18,21,12,HistGB,HistGB
0.18,21,13,HistGB,HistGB
0.18,21,14,HistGB,HistGB
0.18,22,0,HistGB,HistGB
0.18,22,1,HistGB,RandomForest
0.18,22,2,HistGB,RandomForest
0.18,22,3,HistGB,KNN
0.18,22,4,HistGB,RandomForest
0.18,22,5,HistGB,HistGB
0.18,22,6,HistGB,HistGB
0.18,22,7,HistGB,HistGB
0.18,22,8,HistGB,RandomForest
0.18,22,9,HistGB,HistGB
0.18,22,10,HistGB,HistGB
0.18,22,11,HistGB,HistGB
0.18,22,12,HistGB,KNN
0.18,22,13,HistGB,HistGB
0.18,22,14,HistGB,HistGB
0.18,23,0,HistGB,KNN
0.18,23,1,HistGB,HistGB
0.18,23,2,HistGB,KNN
0.18,23,3,HistGB,KNN
0.18,23,4,HistGB,KNN
0.18,23,5,HistGB,RandomForest
0.18,23,6,HistGB,RandomForest
0.18,23,7,HistGB,HistGB
0.18,23,8,HistGB,RandomForest
0.18,23,9,HistGB,RandomForest
0.18,23,10,HistGB,RandomForest
0.18,23,11,HistGB,KNN
0.18,23,12,HistGB,HistGB
0.18,23,13,HistGB,KNN
0.18,23,14,HistGB,HistGB
0.18,24,0,HistGB,HistGB
0.18,24,1,HistGB,HistGB
0.18,24,2,HistGB,HistGB
0.18,24,3,HistGB,HistGB
0.18,24,4,HistGB,RandomForest
0.18,24,5,HistGB,RandomForest
0.18,24,6,HistGB,HistGB
0.18,24,7,HistGB,HistGB
0.18,24,8,HistGB,HistGB
0.18,24,9,HistGB,HistGB
0.18,24,10,HistGB,HistGB
0.18,24,11,HistGB,KNN
0.18,24,12,HistGB,HistGB
0.18,24,13,HistGB,HistGB
0.18,24,14,HistGB,RandomForest
0.19,0,0,HistGB,KNN
0.19,0,1,HistGB,HistGB
0.19,0,2,HistGB,HistGB
0.19,0,3,HistGB,RandomForest
0.19,0,4,HistGB,KNN
0.19,0,5,HistGB,KNN
0.19,0,6,HistGB,HistGB
0.19,0,7,HistGB,KNN
0.19,0,8,HistGB,HistGB
0.19,0,9,HistGB,RandomForest
0.19,0,10,HistGB,HistGB
0.19,0,11,HistGB,RandomForest
0.19,0,12,HistGB,RandomForest
0.19,0,13,HistGB,RandomForest
0.19,0,14,HistGB,RandomForest
0.19,1,0,HistGB,KNN
0.19,1,1,HistGB,HistGB
0.19,1,2,HistGB,HistGB
0.19,1,3,HistGB,HistGB
0.19,1,4,HistGB,KNN
0.19,1,5,HistGB,KNN
0.19,1,6,HistGB,HistGB
0.19,1,7,HistGB,HistGB
0.19,1,8,HistGB,HistGB
0.19,1,9,HistGB,RandomForest
0.19,1,10,HistGB,HistGB
0.19,1,11,HistGB,RandomForest
0.19,1,12,HistGB,RandomForest
0.19,1,13,HistGB,RandomForest
0.19,1,14,HistGB,HistGB
0.19,2,0,HistGB,KNN
0.19,2,1,HistGB,RandomForest
0.19,2,2,HistGB,HistGB
0.19,2,3,HistGB,RandomForest
0.19,2,4,HistGB,RandomForest
0.19,2,5,HistGB,HistGB
0.19,2,6,HistGB,HistGB
0.19,2,7,HistGB,HistGB
0.19,2,8,HistGB,KNN
0.19,2,9,HistGB,HistGB
0.19,2,10,HistGB,RandomForest
0.19,2,11,HistGB,HistGB
0.19,2,12,HistGB,HistGB
0.19,2,13,HistGB,RandomForest
0.19,2,14,HistGB,HistGB
0.19,3,0,HistGB,HistGB
0.19,3,1,HistGB,KNN
0.19,3,2,HistGB,HistGB
0.19,3,3,HistGB,HistGB
0.19,3,4,HistGB,HistGB
0.19,3,5,HistGB,HistGB
0.19,3,6,HistGB,RandomForest
0.19,3,7,HistGB,HistGB
0.19,3,8,HistGB,HistGB
0.19,3,9,HistGB,RandomForest
0.19,3,10,HistGB,RandomForest
0.19,3,11,HistGB,HistGB
0.19,3,12,HistGB,RandomForest
0.19,3,13,HistGB,HistGB
0.19,3,14,HistGB,HistGB
0.19,4,0,HistGB,HistGB
0.19,4,1,HistGB,HistGB
0.19,4,2,HistGB,HistGB
0.19,4,3,HistGB,HistGB
0.19,4,4,HistGB,HistGB
0.19,4,5,HistGB,HistGB
0.19,4,6,HistGB,HistGB
0.19,4,7,HistGB,HistGB
0.19,4,8,HistGB,RandomForest
0.19,4,9,HistGB,RandomForest
0.19,4,10,HistGB,HistGB
0.19,4,11,HistGB,HistGB
0.19,4,12,HistGB,HistGB
0.19,4,13,HistGB,KNN
0.19,4,14,HistGB,HistGB
0.19,5,0,HistGB,RandomForest
0.19,5,1,HistGB,RandomForest
0.19,5,2,HistGB,HistGB
0.19,5,3,HistGB,HistGB
0.19,5,4,HistGB,RandomForest
0.19,5,5,HistGB,HistGB
0.19,5,6,HistGB,HistGB
0.19,5,7,HistGB,HistGB
0.19,5,8,HistGB,RandomForest
0.19,5,9,HistGB,HistGB
0.19,5,10,HistGB,KNN
0.19,5,11,HistGB,HistGB
0.19,5,12,HistGB,HistGB
0.19,5,13,HistGB,RandomForest
0.19,5,14,HistGB,HistGB
0.19,6,0,HistGB,HistGB
0.19,6,1,HistGB,HistGB
0.19,6,2,HistGB,HistGB
0.19,6,3,HistGB,KNN
0.19,6,4,HistGB,HistGB
0.19,6,5,HistGB,RandomForest
0.19,6,6,HistGB,KNN
0.19,6,7,HistGB,RandomForest
0.19,6,8,HistGB,HistGB
0.19,6,9,HistGB,RandomForest
0.19,6,10,HistGB,KNN
0.19,6,11,HistGB,HistGB
0.19,6,12,HistGB,KNN
0.19,6,13,HistGB,HistGB
0.19,6,14,HistGB,RandomForest
0.19,7,0,HistGB,KNN
0.19,7,1,HistGB,KNN
0.19,7,2,HistGB,KNN
0.19,7,3,HistGB,KNN
0.19,7,4,HistGB,HistGB
0.19,7,5,HistGB,KNN
0.19,7,6,HistGB,HistGB
0.19,7,7,HistGB,KNN
0.19,7,8,HistGB,HistGB
0.19,7,9,HistGB,HistGB
0.19,7,10,HistGB,KNN
0.19,7,11,HistGB,RandomForest
0.19,7,12,HistGB,HistGB
0.19,7,13,HistGB,HistGB
0.19,7,14,HistGB,KNN
0.19,8,0,HistGB,HistGB
0.19,8,1,HistGB,HistGB
0.19,8,2,HistGB,HistGB
0.19,8,3,HistGB,HistGB
0.19,8,4,HistGB,KNN
0.19,8,5,HistGB,KNN
0.19,8,6,HistGB,KNN
0.19,8,7,HistGB,HistGB
0.19,8,8,HistGB,RandomForest
0.19,8,9,HistGB,RandomForest
0.19,8,10,HistGB,KNN
0.19,8,11,HistGB,RandomForest
0.19,8,12,HistGB,HistGB
0.19,8,13,HistGB,HistGB
0.19,8,14,HistGB,KNN
0.19,9,0,HistGB,HistGB
0.19,9,1,HistGB,RandomForest
0.19,9,2,HistGB,HistGB
0.19,9,3,HistGB,HistGB
0.19,9,4,HistGB,HistGB
0.19,9,5,HistGB,KNN
0.19,9,6,HistGB,RandomForest
0.19,9,7,HistGB,HistGB
0.19,9,8,HistGB,KNN
0.19,9,9,HistGB,HistGB
0.19,9,10,HistGB,RandomForest
0.19,9,11,HistGB,HistGB
0.19,9,12,HistGB,HistGB
0.19,9,13,HistGB,HistGB
0.19,9,14,HistGB,HistGB
0.19,10,0,HistGB,HistGB
0.19,10,1,HistGB,KNN
0.19,10,2,HistGB,HistGB
0.19,10,3,HistGB,HistGB
0.19,10,4,HistGB,HistGB
0.19,10,5,HistGB,HistGB
0.19,10,6,HistGB,HistGB
0.19,10,7,HistGB,HistGB
0.19,10,8,HistGB,HistGB
0.19,10,9,HistGB,HistGB
0.19,10,10,HistGB,RandomForest
0.19,10,11,HistGB,HistGB
0.19,10,12,HistGB,HistGB
0.19,10,13,HistGB,HistGB
0.19,10,14,HistGB,HistGB
0.19,11,0,HistGB,HistGB
0.19,11,1,HistGB,RandomForest
0.19,11,2,HistGB,KNN
0.19,11,3,HistGB,RandomForest
0.19,11,4,HistGB,RandomForest
0.19,11,5,HistGB,RandomForest
0.19,11,6,HistGB,HistGB
0.19,11,7,HistGB,RandomForest
0.19,11,8,HistGB,HistGB
0.19,11,9,HistGB,KNN
0.19,11,10,HistGB,HistGB
0.19,11,11,HistGB,HistGB
0.19,11,12,HistGB,HistGB
0.19,11,13,HistGB,HistGB
0.19,11,14,HistGB,HistGB
0.19,12,0,HistGB,HistGB
0.19,12,1,HistGB,HistGB
0.19,12,2,HistGB,HistGB
0.19,12,3,HistGB,KNN
0.19,12,4,HistGB,RandomForest
0.19,12,5,HistGB,KNN
0.19,12,6,HistGB,HistGB
0.19,12,7,HistGB,HistGB
0.19,12,8,HistGB,HistGB
0.19,12,9,HistGB,HistGB
0.19,12,10,HistGB,HistGB
0.19,12,11,HistGB,KNN
0.19,12,12,HistGB,HistGB
0.19,12,13,HistGB,HistGB
0.19,12,14,HistGB,RandomForest
0.19,13,0,HistGB,HistGB
0.19,13,1,HistGB,HistGB
0.19,13,2,HistGB,HistGB
0.19,13,3,HistGB,KNN
0.19,13,4,HistGB,HistGB
0.19,13,5,HistGB,HistGB
0.19,13,6,HistGB,KNN
0.19,13,7,HistGB,KNN
0.19,13,8,HistGB,RandomForest
0.19,13,9,HistGB,HistGB
0.19,13,10,HistGB,HistGB
0.19,13,11,HistGB,KNN
0.19,13,12,HistGB,KNN
0.19,13,13,HistGB,RandomForest
0.19,13,14,HistGB,HistGB
0.19,14,0,HistGB,HistGB
0.19,14,1,HistGB,HistGB
0.19,14,2,HistGB,HistGB
0.19,14,3,HistGB,RandomForest
0.19,14,4,HistGB,KNN
0.19,14,5,HistGB,RandomForest
0.19,14,6,HistGB,KNN
0.19,14,7,HistGB,RandomForest
0.19,14,8,HistGB,KNN
0.19,14,9,HistGB,RandomForest
0.19,14,10,HistGB,HistGB
0.19,14,11,HistGB,HistGB
0.19,14,12,HistGB,HistGB
0.19,14,13,HistGB,HistGB
0.19,14,14,HistGB,KNN
0.19,15,0,HistGB,HistGB
0.19,15,1,HistGB,RandomForest
0.19,15,2,HistGB,HistGB
0.19,15,3,HistGB,HistGB
0.19,15,4,HistGB,RandomForest
0.19,15,5,HistGB,RandomForest
0.19,15,6,HistGB,HistGB
0.19,15,7,HistGB,RandomForest
0.19,15,8,HistGB,RandomForest
0.19,15,9,HistGB,RandomForest
0.19,15,10,HistGB,HistGB
0.19,15,11,HistGB,HistGB
0.19,15,12,HistGB,HistGB
0.19,15,13,HistGB,HistGB
0.19,15,14,HistGB,KNN
0.19,16,0,HistGB,RandomForest
0.19,16,1,HistGB,HistGB
0.19,16,2,HistGB,HistGB
0.19,16,3,HistGB,KNN
0.19,16,4,HistGB,HistGB
0.19,16,5,HistGB,RandomForest
0.19,16,6,HistGB,RandomForest
0.19,16,7,HistGB,HistGB
0.19,16,8,HistGB,KNN
0.19,16,9,HistGB,RandomForest
0.19,16,10,HistGB,KNN
0.19,16,11,HistGB,RandomForest
0.19,16,12,HistGB,HistGB
0.19,16,13,HistGB,HistGB
0.19,16,14,HistGB,HistGB
0.19,17,0,HistGB,RandomForest
0.19,17,1,HistGB,KNN
0.19,17,2,HistGB,HistGB
0.19,17,3,HistGB,KNN
0.19,17,4,HistGB,RandomForest
0.19,17,5,HistGB,HistGB
0.19,17,6,HistGB,HistGB
0.19,17,7,HistGB,HistGB
0.19,17,8,HistGB,HistGB
0.19,17,9,HistGB,HistGB
0.19,17,10,HistGB,HistGB
0.19,17,11,HistGB,HistGB
0.19,17,12,HistGB,RandomForest
0.19,17,13,HistGB,KNN
0.19,17,14,HistGB,HistGB
0.19,18,0,HistGB,HistGB
0.19,18,1,HistGB,RandomForest
0.19,18,2,HistGB,HistGB
0.19,18,3,HistGB,HistGB
0.19,18,4,HistGB,KNN
0.19,18,5,HistGB,HistGB
0.19,18,6,HistGB,KNN
0.19,18,7,HistGB,HistGB
0.19,18,8,HistGB,HistGB
0.19,18,9,HistGB,HistGB
0.19,18,10,HistGB,KNN
0.19,18,11,HistGB,RandomForest
0.19,18,12,HistGB,HistGB
0.19,18,13,HistGB,HistGB
0.19,18,14,HistGB,KNN
0.19,19,0,HistGB,HistGB
0.19,19,1,HistGB,HistGB
0.19,19,2,HistGB,HistGB
0.19,19,3,HistGB,HistGB
0.19,19,4,HistGB,KNN
0.19,19,5,HistGB,HistGB
0.19,19,6,HistGB,KNN
0.19,19,7,HistGB,HistGB
0.19,19,8,HistGB,HistGB
0.19,19,9,HistGB,HistGB
0.19,19,10,HistGB,HistGB
0.19,19,11,HistGB,KNN
0.19,19,12,HistGB,KNN
0.19,19,13,HistGB,KNN
0.19,19,14,HistGB,HistGB
0.19,20,0,HistGB,HistGB
0.19,20,1,HistGB,HistGB
0.19,20,2,HistGB,HistGB
0.19,20,3,HistGB,KNN
0.19,20,4,HistGB,HistGB
0.19,20,5,HistGB,KNN
0.19,20,6,HistGB,HistGB
0.19,20,7,HistGB,HistGB
0.19,20,8,HistGB,HistGB
0.19,20,9,HistGB,HistGB
0.19,20,10,HistGB,HistGB
0.19,20,11,HistGB,KNN
0.19,20,12,HistGB,HistGB
0.19,20,13,HistGB,RandomForest
0.19,20,14,HistGB,KNN
0.19,21,0,HistGB,HistGB
0.19,21,1,HistGB,HistGB
0.19,21,2,HistGB,HistGB
0.19,21,3,HistGB,KNN
0.19,21,4,HistGB,HistGB
0.19,21,5,HistGB,HistGB
0.19,21,6,HistGB,HistGB
0.19,21,7,HistGB,HistGB
0.19,21,8,HistGB,KNN
0.19,21,9,HistGB,HistGB
0.19,21,10,HistGB,KNN
0.19,21,11,HistGB,HistGB
0.19,21,12,HistGB,HistGB
0.19,21,13,HistGB,HistGB
0.19,21,14,HistGB,HistGB
0.19,22,0,HistGB,HistGB
0.19,22,1,HistGB,HistGB
0.19,22,2,HistGB,HistGB
0.19,22,3,HistGB,HistGB
0.19,22,4,HistGB,RandomForest
0.19,22,5,HistGB,RandomForest
0.19,22,6,HistGB,RandomForest
0.19,22,7,HistGB,HistGB
0.19,22,8,HistGB,HistGB
0.19,22,9,HistGB,HistGB
0.19,22,10,HistGB,HistGB
0.19,22,11,HistGB,HistGB
0.19,22,12,HistGB,HistGB
0.19,22,13,HistGB,RandomForest
0.19,22,14,HistGB,RandomForest
0.19,23,0,HistGB,RandomForest
0.19,23,1,HistGB,RandomForest
0.19,23,2,HistGB,KNN
0.19,23,3,HistGB,HistGB
0.19,23,4,HistGB,KNN
0.19,23,5,HistGB,HistGB
0.19,23,6,HistGB,HistGB
0.19,23,7,HistGB,HistGB
0.19,23,8,HistGB,HistGB
0.19,23,9,HistGB,RandomForest
0.19,23,10,HistGB,HistGB
0.19,23,11,HistGB,HistGB
0.19,23,12,HistGB,HistGB
0.19,23,13,HistGB,KNN
0.19,23,14,HistGB,HistGB
0.19,24,0,HistGB,HistGB
0.19,24,1,HistGB,HistGB
0.19,24,2,HistGB,HistGB
0.19,24,3,HistGB,HistGB
0.19,24,4,HistGB,HistGB
0.19,24,5,HistGB,HistGB
0.19,24,6,HistGB,HistGB
0.19,24,7,HistGB,HistGB
0.19,24,8,HistGB,KNN
0.19,24,9,HistGB,HistGB
0.19,24,10,HistGB,HistGB
0.19,24,11,HistGB,KNN
0.19,24,12,HistGB,KNN
0.19,24,13,HistGB,RandomForest
0.19,24,14,HistGB,RandomForest
0.195,0,0,HistGB,KNN
0.195,0,1,HistGB,HistGB
0.195,0,2,HistGB,HistGB
0.195,0,3,HistGB,RandomForest
0.195,0,4,HistGB,HistGB
0.195,0,5,HistGB,KNN
0.195,0,6,HistGB,KNN
0.195,0,7,HistGB,KNN
0.195,0,8,HistGB,HistGB
0.195,0,9,HistGB,RandomForest
0.195,0,10,HistGB,HistGB
0.195,0,11,HistGB,KNN
0.195,0,12,HistGB,HistGB
0.195,0,13,HistGB,HistGB
0.195,0,14,HistGB,KNN
0.195,1,0,HistGB,KNN
0.195,1,1,HistGB,KNN
0.195,1,2,HistGB,HistGB
0.195,1,3,HistGB,HistGB
0.195,1,4,HistGB,HistGB
0.195,1,5,HistGB,KNN
0.195,1,6,HistGB,HistGB
0.195,1,7,HistGB,KNN
0.195,1,8,HistGB,RandomForest
0.195,1,9,HistGB,HistGB
0.195,1,10,HistGB,HistGB
0.195,1,11,HistGB,HistGB
0.195,1,12,HistGB,RandomForest
0.195,1,13,HistGB,KNN
0.195,1,14,HistGB,HistGB
0.195,2,0,HistGB,KNN
0.195,2,1,HistGB,KNN
0.195,2,2,HistGB,HistGB
0.195,2,3,HistGB,RandomForest
0.195,2,4,HistGB,HistGB
0.195,2,5,HistGB,HistGB
0.195,2,6,HistGB,HistGB
0.195,2,7,HistGB,HistGB
0.195,2,8,HistGB,HistGB
0.195,2,9,HistGB,HistGB
0.195,2,10,HistGB,KNN
0.195,2,11,HistGB,HistGB
0.195,2,12,HistGB,HistGB
0.195,2,13,HistGB,KNN
0.195,2,14,HistGB,HistGB
0.195,3,0,HistGB,HistGB
0.195,3,1,HistGB,RandomForest
0.195,3,2,HistGB,HistGB
0.195,3,3,HistGB,KNN
0.195,3,4,HistGB,KNN
0.195,3,5,HistGB,HistGB
0.195,3,6,HistGB,HistGB
0.195,3,7,HistGB,HistGB
0.195,3,8,HistGB,KNN
0.195,3,9,HistGB,HistGB
0.195,3,10,HistGB,HistGB
0.195,3,11,HistGB,HistGB
0.195,3,12,HistGB,HistGB
0.195,3,13,HistGB,HistGB
0.195,3,14,HistGB,HistGB
0.195,4,0,HistGB,HistGB
0.195,4,1,HistGB,HistGB
0.195,4,2,HistGB,HistGB
0.195,4,3,HistGB,KNN
0.195,4,4,HistGB,HistGB
0.195,4,5,HistGB,HistGB
0.195,4,6,HistGB,KNN
0.195,4,7,HistGB,HistGB
0.195,4,8,HistGB,HistGB
0.195,4,9,HistGB,RandomForest
0.195,4,10,HistGB,KNN
0.195,4,11,HistGB,HistGB
0.195,4,12,HistGB,HistGB
0.195,4,13,HistGB,HistGB
0.195,4,14,HistGB,KNN
0.195,5,0,HistGB,RandomForest
0.195,5,1,HistGB,HistGB
0.195,5,2,HistGB,KNN
0.195,5,3,HistGB,RandomForest
0.195,5,4,HistGB,RandomForest
0.195,5,5,HistGB,HistGB
0.195,5,6,HistGB,HistGB
0.195,5,7,HistGB,HistGB
0.195,5,8,HistGB,RandomForest
0.195,5,9,HistGB,RandomForest
0.195,5,10,HistGB,KNN
0.195,5,11,HistGB,KNN
0.195,5,12,HistGB,RandomForest
0.195,5,13,HistGB,RandomForest
0.195,5,14,HistGB,KNN
0.195,6,0,HistGB,HistGB
0.195,6,1,HistGB,RandomForest
0.195,6,2,HistGB,HistGB
0.195,6,3,HistGB,RandomForest
0.195,6,4,HistGB,KNN
0.195,6,5,HistGB,RandomForest
0.195,6,6,HistGB,HistGB
0.195,6,7,HistGB,KNN
0.195,6,8,HistGB,HistGB
0.195,6,9,HistGB,HistGB
0.195,6,10,HistGB,HistGB
0.195,6,11,HistGB,HistGB
0.195,6,12,HistGB,KNN
0.195,6,13,HistGB,HistGB
0.195,6,14,HistGB,KNN
0.195,7,0,HistGB,KNN
0.195,7,1,HistGB,KNN
0.195,7,2,HistGB,KNN
0.195,7,3,HistGB,KNN
0.195,7,4,HistGB,RandomForest
0.195,7,5,HistGB,KNN
0.195,7,6,HistGB,HistGB
0.195,7,7,HistGB,HistGB
0.195,7,8,HistGB,HistGB
0.195,7,9,HistGB,HistGB
0.195,7,10,HistGB,RandomForest
0.195,7,11,HistGB,HistGB
0.195,7,12,HistGB,HistGB
0.195,7,13,HistGB,HistGB
0.195,7,14,HistGB,HistGB
0.195,8,0,HistGB,HistGB
0.195,8,1,HistGB,HistGB
0.195,8,2,HistGB,KNN
0.195,8,3,HistGB,HistGB
0.195,8,4,HistGB,HistGB
0.195,8,5,HistGB,HistGB
0.195,8,6,HistGB,KNN
0.195,8,7,HistGB,HistGB
0.195,8,8,HistGB,HistGB
0.195,8,9,HistGB,RandomForest
0.195,8,10,HistGB,KNN
0.195,8,11,HistGB,HistGB
0.195,8,12,HistGB,HistGB
0.195,8,13,HistGB,HistGB
0.195,8,14,HistGB,KNN
0.195,9,0,HistGB,HistGB
0.195,9,1,HistGB,HistGB
0.195,9,2,HistGB,RandomForest
0.195,9,3,HistGB,KNN
0.195,9,4,HistGB,KNN
0.195,9,5,HistGB,RandomForest
0.195,9,6,HistGB,HistGB
0.195,9,7,HistGB,HistGB
0.195,9,8,HistGB,RandomForest
0.195,9,9,HistGB,HistGB
0.195,9,10,HistGB,HistGB
0.195,9,11,HistGB,HistGB
0.195,9,12,HistGB,HistGB
0.195,9,13,HistGB,RandomForest
0.195,9,14,HistGB,KNN
0.195,10,0,HistGB,HistGB
0.195,10,1,HistGB,HistGB
0.195,10,2,HistGB,RandomForest
0.195,10,3,HistGB,HistGB
0.195,10,4,HistGB,HistGB
0.195,10,5,HistGB,HistGB
0.195,10,6,HistGB,HistGB
0.195,10,7,HistGB,HistGB
0.195,10,8,HistGB,HistGB
0.195,10,9,HistGB,KNN
0.195,10,10,HistGB,HistGB
0.195,10,11,HistGB,HistGB
0.195,10,12,HistGB,RandomForest
0.195,10,13,HistGB,HistGB
0.195,10,14,HistGB,HistGB
0.195,11,0,HistGB,HistGB
0.195,11,1,HistGB,HistGB
0.195,11,2,HistGB,KNN
0.195,11,3,HistGB,KNN
0.195,11,4,HistGB,KNN
0.195,11,5,HistGB,HistGB
0.195,11,6,HistGB,HistGB
0.195,11,7,HistGB,RandomForest
0.195,11,8,HistGB,KNN
0.195,11,9,HistGB,KNN
0.195,11,10,HistGB,HistGB
0.195,11,11,HistGB,HistGB
0.195,11,12,HistGB,KNN
0.195,11,13,HistGB,RandomForest
0.195,11,14,HistGB,HistGB
0.195,12,0,HistGB,HistGB
0.195,12,1,HistGB,HistGB
0.195,12,2,HistGB,HistGB
0.195,12,3,HistGB,HistGB
0.195,12,4,HistGB,RandomForest
0.195,12,5,HistGB,KNN
0.195,12,6,HistGB,KNN
0.195,12,7,HistGB,KNN
0.195,12,8,HistGB,KNN
0.195,12,9,HistGB,HistGB
0.195,12,10,HistGB,KNN
0.195,12,11,HistGB,KNN
0.195,12,12,HistGB,HistGB
0.195,12,13,HistGB,HistGB
0.195,12,14,HistGB,HistGB
0.195,13,0,HistGB,HistGB
0.195,13,1,HistGB,HistGB
0.195,13,2,HistGB,HistGB
0.195,13,3,HistGB,HistGB
0.195,13,4,HistGB,HistGB
0.195,13,5,HistGB,HistGB
0.195,13,6,HistGB,HistGB
0.195,13,7,HistGB,KNN
0.195,13,8,HistGB,RandomForest
0.195,13,9,HistGB,HistGB
0.195,13,10,HistGB,HistGB
0.195,13,11,HistGB,KNN
0.195,13,12,HistGB,KNN
0.195,13,13,HistGB,RandomForest
0.195,13,14,HistGB,HistGB
0.195,14,0,HistGB,HistGB
0.195,14,1,HistGB,HistGB
0.195,14,2,HistGB,KNN
0.195,14,3,HistGB,HistGB
0.195,14,4,HistGB,KNN
0.195,14,5,HistGB,HistGB
0.195,14,6,HistGB,HistGB
0.195,14,7,HistGB,RandomForest
0.195,14,8,HistGB,KNN
0.195,14,9,HistGB,HistGB
0.195,14,10,HistGB,HistGB
0.195,14,11,HistGB,HistGB
0.195,14,12,HistGB,HistGB
0.195,14,13,HistGB,RandomForest
0.195,14,14,HistGB,HistGB
0.195,15,0,HistGB,KNN
0.195,15,1,HistGB,HistGB
0.195,15,2,HistGB,HistGB
0.195,15,3,HistGB,HistGB
0.195,15,4,HistGB,RandomForest
0.195,15,5,HistGB,HistGB
0.195,15,6,HistGB,HistGB
0.195,15,7,HistGB,RandomForest
0.195,15,8,HistGB,HistGB
0.195,15,9,HistGB,HistGB
0.195,15,10,HistGB,HistGB
0.195,15,11,HistGB,HistGB
0.195,15,12,HistGB,HistGB
0.195,15,13,HistGB,RandomForest
0.195,15,14,HistGB,KNN
0.195,16,0,HistGB,HistGB
0.195,16,1,HistGB,HistGB
0.195,16,2,HistGB,HistGB
0.195,16,3,HistGB,KNN
0.195,16,4,HistGB,HistGB
0.195,16,5,HistGB,RandomForest
0.195,16,6,HistGB,RandomForest
0.195,16,7,HistGB,HistGB
0.195,16,8,HistGB,KNN
0.195,16,9,HistGB,RandomForest
0.195,16,10,HistGB,KNN
0.195,16,11,HistGB,RandomForest
0.195,16,12,HistGB,HistGB
0.195,16,13,HistGB,RandomForest
0.195,16,14,HistGB,RandomForest
0.195,17,0,HistGB,HistGB
0.195,17,1,HistGB,HistGB
0.195,17,2,HistGB,RandomForest
0.195,17,3,HistGB,KNN
0.195,17,4,HistGB,KNN
0.195,17,5,HistGB,HistGB
0.195,17,6,HistGB,HistGB
0.195,17,7,HistGB,HistGB
0.195,17,8,HistGB,KNN
0.195,17,9,HistGB,RandomForest
0.195,17,10,HistGB,RandomForest
0.195,17,11,HistGB,KNN
0.195,17,12,HistGB,HistGB
0.195,17,13,HistGB,HistGB
0.195,17,14,HistGB,HistGB
0.195,18,0,HistGB,HistGB
0.195,18,1,HistGB,RandomForest
0.195,18,2,HistGB,HistGB
0.195,18,3,HistGB,KNN
0.195,18,4,HistGB,KNN
0.195,18,5,HistGB,HistGB
0.195,18,6,HistGB,KNN
0.195,18,7,HistGB,KNN
0.195,18,8,HistGB,HistGB
0.195,18,9,HistGB,RandomForest
0.195,18,10,HistGB,KNN
0.195,18,11,HistGB,HistGB
0.195,18,12,HistGB,HistGB
0.195,18,13,HistGB,HistGB
0.195,18,14,HistGB,KNN
0.195,19,0,HistGB,KNN
0.195,19,1,HistGB,HistGB
0.195,19,2,HistGB,HistGB
0.195,19,3,HistGB,KNN
0.195,19,4,HistGB,HistGB
0.195,19,5,HistGB,KNN
0.195,19,6,HistGB,KNN
0.195,19,7,HistGB,HistGB
0.195,19,8,HistGB,KNN
0.195,19,9,HistGB,HistGB
0.195,19,10,HistGB,KNN
0.195,19,11,HistGB,KNN
0.195,19,12,HistGB,RandomForest
0.195,19,13,HistGB,HistGB
0.195,19,14,HistGB,KNN
0.195,20,0,HistGB,HistGB
0.195,20,1,HistGB,HistGB
0.195,20,2,HistGB,HistGB
0.195,20,3,HistGB,HistGB
0.195,20,4,HistGB,HistGB
0.195,20,5,HistGB,HistGB
0.195,20,6,HistGB,HistGB
0.195,20,7,HistGB,HistGB
0.195,20,8,HistGB,HistGB
0.195,20,9,HistGB,HistGB
0.195,20,10,HistGB,RandomForest
0.195,20,11,HistGB,KNN
0.195,20,12,HistGB,HistGB
0.195,20,13,HistGB,RandomForest
0.195,20,14,HistGB,HistGB
0.195,21,0,HistGB,RandomForest
0.195,21,1,HistGB,HistGB
0.195,21,2,HistGB,HistGB
0.195,21,3,HistGB,HistGB
0.195,21,4,HistGB,HistGB
0.195,21,5,HistGB,HistGB
0.195,21,6,HistGB,HistGB
0.195,21,7,HistGB,HistGB
0.195,21,8,HistGB,KNN
0.195,21,9,HistGB,HistGB
0.195,21,10,HistGB,HistGB
0.195,21,11,HistGB,KNN
0.195,21,12,HistGB,HistGB
0.195,21,13,HistGB,HistGB
0.195,21,14,HistGB,HistGB
0.195,22,0,HistGB,HistGB
0.195,22,1,HistGB,RandomForest
0.195,22,2,HistGB,KNN
0.195,22,3,HistGB,KNN
0.195,22,4,HistGB,HistGB
0.195,22,5,HistGB,HistGB
0.195,22,6,HistGB,HistGB
0.195,22,7,HistGB,HistGB
0.195,22,8,HistGB,HistGB
0.195,22,9,HistGB,HistGB
0.195,22,10,HistGB,RandomForest
0.195,22,11,HistGB,RandomForest
0.195,22,12,HistGB,HistGB
0.195,22,13,HistGB,RandomForest
0.195,22,14,HistGB,RandomForest
0.195,23,0,HistGB,KNN
0.195,23,1,HistGB,HistGB
0.195,23,2,HistGB,RandomForest
0.195,23,3,HistGB,KNN
0.195,23,4,HistGB,HistGB
0.195,23,5,HistGB,RandomForest
0.195,23,6,HistGB,HistGB
0.195,23,7,HistGB,KNN
0.195,23,8,HistGB,RandomForest
0.195,23,9,HistGB,RandomForest
0.195,23,10,HistGB,HistGB
0.195,23,11,HistGB,HistGB
0.195,23,12,HistGB,HistGB
0.195,23,13,HistGB,KNN
0.195,23,14,HistGB,RandomForest
0.195,24,0,HistGB,HistGB
0.195,24,1,HistGB,HistGB
0.195,24,2,HistGB,HistGB
0.195,24,3,HistGB,RandomForest
0.195,24,4,HistGB,HistGB
0.195,24,5,HistGB,HistGB
0.195,24,6,HistGB,HistGB
0.195,24,7,HistGB,KNN
0.195,24,8,HistGB,KNN
0.195,24,9,HistGB,HistGB
0.195,24,10,HistGB,HistGB
0.195,24,11,HistGB,KNN
0.195,24,12,HistGB,HistGB
0.195,24,13,HistGB,RandomForest
0.195,24,14,HistGB,HistGB
0.2,0,0,HistGB,HistGB
0.2,0,1,HistGB,RandomForest
0.2,0,2,HistGB,HistGB
0.2,0,3,HistGB,RandomForest
0.2,0,4,HistGB,HistGB
0.2,0,5,HistGB,KNN
0.2,0,6,HistGB,HistGB
0.2,0,7,HistGB,RandomForest
0.2,0,8,HistGB,RandomForest
0.2,0,9,HistGB,RandomForest
0.2,0,10,HistGB,HistGB
0.2,0,11,HistGB,HistGB
0.2,0,12,HistGB,HistGB
0.2,0,13,HistGB,RandomForest
0.2,0,14,HistGB,HistGB
0.2,1,0,HistGB,HistGB
0.2,1,1,HistGB,HistGB
0.2,1,2,HistGB,KNN
0.2,1,3,HistGB,KNN
0.2,1,4,HistGB,HistGB
0.2,1,5,HistGB,RandomForest
0.2,1,6,HistGB,HistGB
0.2,1,7,HistGB,KNN
0.2,1,8,HistGB,HistGB
0.2,1,9,HistGB,HistGB
0.2,1,10,HistGB,RandomForest
0.2,1,11,HistGB,RandomForest
0.2,1,12,HistGB,RandomForest
0.2,1,13,HistGB,RandomForest
0.2,1,14,HistGB,KNN
0.2,2,0,HistGB,HistGB
0.2,2,1,HistGB,KNN
0.2,2,2,HistGB,HistGB
0.2,2,3,HistGB,RandomForest
0.2,2,4,HistGB,HistGB
0.2,2,5,HistGB,HistGB
0.2,2,6,HistGB,HistGB
0.2,2,7,HistGB,KNN
0.2,2,8,HistGB,HistGB
0.2,2,9,HistGB,HistGB
0.2,2,10,HistGB,RandomForest
0.2,2,11,HistGB,HistGB
0.2,2,12,HistGB,HistGB
0.2,2,13,HistGB,HistGB
0.2,2,14,HistGB,RandomForest
0.2,3,0,HistGB,KNN
0.2,3,1,HistGB,HistGB
0.2,3,2,HistGB,HistGB
0.2,3,3,HistGB,KNN
0.2,3,4,HistGB,HistGB
0.2,3,5,HistGB,HistGB
0.2,3,6,HistGB,RandomForest
0.2,3,7,HistGB,HistGB
0.2,3,8,HistGB,RandomForest
0.2,3,9,HistGB,RandomForest
0.2,3,10,HistGB,HistGB
0.2,3,11,HistGB,HistGB
0.2,3,12,HistGB,HistGB
0.2,3,13,HistGB,HistGB
0.2,3,14,HistGB,HistGB
0.2,4,0,HistGB,HistGB
0.2,4,1,HistGB,RandomForest
0.2,4,2,HistGB,HistGB
0.2,4,3,HistGB,KNN
0.2,4,4,HistGB,HistGB
0.2,4,5,HistGB,HistGB
0.2,4,6,HistGB,HistGB
0.2,4,7,HistGB,HistGB
0.2,4,8,HistGB,HistGB
0.2,4,9,HistGB,HistGB
0.2,4,10,HistGB,HistGB
0.2,4,11,HistGB,HistGB
0.2,4,12,HistGB,KNN
0.2,4,13,HistGB,HistGB
0.2,4,14,HistGB,KNN
0.2,5,0,HistGB,HistGB
0.2,5,1,HistGB,HistGB
0.2,5,2,HistGB,HistGB
0.2,5,3,HistGB,RandomForest
0.2,5,4,HistGB,KNN
0.2,5,5,HistGB,HistGB
0.2,5,6,HistGB,HistGB
0.2,5,7,HistGB,HistGB
0.2,5,8,HistGB,RandomForest
0.2,5,9,HistGB,RandomForest
0.2,5,10,HistGB,HistGB
0.2,5,11,HistGB,HistGB
0.2,5,12,HistGB,HistGB
0.2,5,13,HistGB,KNN
0.2,5,14,HistGB,KNN
0.2,6,0,HistGB,HistGB
0.2,6,1,HistGB,KNN
0.2,6,2,HistGB,HistGB
0.2,6,3,HistGB,KNN
0.2,6,4,HistGB,KNN
0.2,6,5,HistGB,HistGB
0.2,6,6,HistGB,HistGB
0.2,6,7,HistGB,KNN
0.2,6,8,HistGB,HistGB
0.2,6,9,HistGB,RandomForest
0.2,6,10,HistGB,HistGB
0.2,6,11,HistGB,HistGB
0.2,6,12,HistGB,KNN
0.2,6,13,HistGB,RandomForest
0.2,6,14,HistGB,KNN
0.2,7,0,HistGB,HistGB
0.2,7,1,HistGB,KNN
0.2,7,2,HistGB,HistGB
0.2,7,3,HistGB,HistGB
0.2,7,4,HistGB,HistGB
0.2,7,5,HistGB,KNN
0.2,7,6,HistGB,HistGB
0.2,7,7,HistGB,KNN
0.2,7,8,HistGB,KNN
0.2,7,9,HistGB,HistGB
0.2,7,10,HistGB,HistGB
0.2,7,11,HistGB,RandomForest
0.2,7,12,HistGB,HistGB
0.2,7,13,HistGB,HistGB
0.2,7,14,HistGB,HistGB
0.2,8,0,HistGB,HistGB
0.2,8,1,HistGB,HistGB
0.2,8,2,HistGB,HistGB
0.2,8,3,HistGB,HistGB
0.2,8,4,HistGB,KNN
0.2,8,5,HistGB,RandomForest
0.2,8,6,HistGB,RandomForest
0.2,8,7,HistGB,KNN
0.2,8,8,HistGB,RandomForest
0.2,8,9,HistGB,RandomForest
0.2,8,10,HistGB,KNN
0.2,8,11,HistGB,RandomForest
0.2,8,12,HistGB,RandomForest
0.2,8,13,HistGB,HistGB
0.2,8,14,HistGB,KNN
0.2,9,0,HistGB,HistGB
0.2,9,1,HistGB,RandomForest
0.2,9,2,HistGB,HistGB
0.2,9,3,HistGB,KNN
0.2,9,4,HistGB,KNN
0.2,9,5,HistGB,RandomForest
0.2,9,6,HistGB,HistGB
0.2,9,7,HistGB,HistGB
0.2,9,8,HistGB,KNN
0.2,9,9,HistGB,HistGB
0.2,9,10,HistGB,HistGB
0.2,9,11,HistGB,HistGB
0.2,9,12,HistGB,HistGB
0.2,9,13,HistGB,HistGB
0.2,9,14,HistGB,HistGB
0.2,10,0,HistGB,HistGB
0.2,10,1,HistGB,RandomForest
0.2,10,2,HistGB,KNN
0.2,10,3,HistGB,RandomForest
0.2,10,4,HistGB,HistGB
0.2,10,5,HistGB,HistGB
0.2,10,6,HistGB,RandomForest
0.2,10,7,HistGB,HistGB
0.2,10,8,HistGB,RandomForest
0.2,10,9,HistGB,KNN
0.2,10,10,HistGB,KNN
0.2,10,11,HistGB,HistGB
0.2,10,12,HistGB,HistGB
0.2,10,13,HistGB,HistGB
0.2,10,14,HistGB,KNN
0.2,11,0,HistGB,RandomForest
0.2,11,1,HistGB,KNN
0.2,11,2,HistGB,KNN
0.2,11,3,HistGB,KNN
0.2,11,4,HistGB,HistGB
0.2,11,5,HistGB,RandomForest
0.2,11,6,HistGB,KNN
0.2,11,7,HistGB,HistGB
0.2,11,8,HistGB,KNN
0.2,11,9,HistGB,KNN
0.2,11,10,HistGB,HistGB
0.2,11,11,HistGB,HistGB
0.2,11,12,HistGB,HistGB
0.2,11,13,HistGB,RandomForest
0.2,11,14,HistGB,RandomForest
0.2,12,0,HistGB,KNN
0.2,12,1,HistGB,HistGB
0.2,12,2,HistGB,HistGB
0.2,12,3,HistGB,HistGB
0.2,12,4,HistGB,RandomForest
0.2,12,5,HistGB,KNN
0.2,12,6,HistGB,KNN
0.2,12,7,HistGB,HistGB
0.2,12,8,HistGB,RandomForest
0.2,12,9,HistGB,HistGB
0.2,12,10,HistGB,KNN
0.2,12,11,HistGB,RandomForest
0.2,12,12,HistGB,HistGB
0.2,12,13,HistGB,HistGB
0.2,12,14,HistGB,KNN
0.2,13,0,HistGB,KNN
0.2,13,1,HistGB,HistGB
0.2,13,2,HistGB,HistGB
0.2,13,3,HistGB,HistGB
0.2,13,4,HistGB,RandomForest
0.2,13,5,HistGB,HistGB
0.2,13,6,HistGB,KNN
0.2,13,7,HistGB,KNN
0.2,13,8,HistGB,RandomForest
0.2,13,9,HistGB,HistGB
0.2,13,10,HistGB,HistGB
0.2,13,11,HistGB,KNN
0.2,13,12,HistGB,KNN
0.2,13,13,HistGB,KNN
0.2,13,14,HistGB,KNN
0.2,14,0,HistGB,HistGB
0.2,14,1,HistGB,HistGB
0.2,14,2,HistGB,KNN
0.2,14,3,HistGB,KNN
0.2,14,4,HistGB,HistGB
0.2,14,5,HistGB,KNN
0.2,14,6,HistGB,HistGB
0.2,14,7,HistGB,RandomForest
0.2,14,8,HistGB,KNN
0.2,14,9,HistGB,HistGB
0.2,14,10,HistGB,KNN
0.2,14,11,HistGB,HistGB
0.2,14,12,HistGB,KNN
0.2,14,13,HistGB,HistGB
0.2,14,14,HistGB,HistGB
0.2,15,0,HistGB,KNN
0.2,15,1,HistGB,HistGB
0.2,15,2,HistGB,HistGB
0.2,15,3,HistGB,RandomForest
0.2,15,4,HistGB,RandomForest
0.2,15,5,HistGB,HistGB
0.2,15,6,HistGB,HistGB
0.2,15,7,HistGB,RandomForest
0.2,15,8,HistGB,RandomForest
0.2,15,9,HistGB,HistGB
0.2,15,10,HistGB,HistGB
0.2,15,11,HistGB,HistGB
0.2,15,12,HistGB,RandomForest
0.2,15,13,HistGB,RandomForest
0.2,15,14,HistGB,KNN
0.2,16,0,HistGB,RandomForest
0.2,16,1,HistGB,RandomForest
0.2,16,2,HistGB,HistGB
0.2,16,3,HistGB,KNN
0.2,16,4,HistGB,HistGB
0.2,16,5,HistGB,HistGB
0.2,16,6,HistGB,HistGB
0.2,16,7,HistGB,HistGB
0.2,16,8,HistGB,RandomForest
0.2,16,9,HistGB,HistGB
0.2,16,10,HistGB,RandomForest
0.2,16,11,HistGB,HistGB
0.2,16,12,HistGB,HistGB
0.2,16,13,HistGB,RandomForest
0.2,16,14,HistGB,RandomForest
0.2,17,0,HistGB,HistGB
0.2,17,1,HistGB,RandomForest
0.2,17,2,HistGB,HistGB
0.2,17,3,HistGB,KNN
0.2,17,4,HistGB,KNN
0.2,17,5,HistGB,HistGB
0.2,17,6,HistGB,KNN
0.2,17,7,HistGB,KNN
0.2,17,8,HistGB,KNN
0.2,17,9,HistGB,KNN
0.2,17,10,HistGB,HistGB
0.2,17,11,HistGB,RandomForest
0.2,17,12,HistGB,HistGB
0.2,17,13,HistGB,RandomForest
0.2,17,14,HistGB,RandomForest
0.2,18,0,HistGB,HistGB
0.2,18,1,HistGB,KNN
0.2,18,2,HistGB,HistGB
0.2,18,3,HistGB,HistGB
0.2,18,4,HistGB,KNN
0.2,18,5,HistGB,HistGB
0.2,18,6,HistGB,KNN
0.2,18,7,HistGB,KNN
0.2,18,8,HistGB,KNN
0.2,18,9,HistGB,HistGB
0.2,18,10,HistGB,KNN
0.2,18,11,HistGB,KNN
0.2,18,12,HistGB,HistGB
0.2,18,13,HistGB,HistGB
0.2,18,14,HistGB,KNN
0.2,19,0,HistGB,KNN
0.2,19,1,HistGB,HistGB
0.2,19,2,HistGB,KNN
0.2,19,3,HistGB,RandomForest
0.2,19,4,HistGB,KNN
0.2,19,5,HistGB,KNN
0.2,19,6,HistGB,KNN
0.2,19,7,HistGB,HistGB
0.2,19,8,HistGB,KNN
0.2,19,9,HistGB,HistGB
0.2,19,10,HistGB,KNN
0.2,19,11,HistGB,HistGB
0.2,19,12,HistGB,KNN
0.2,19,13,HistGB,HistGB
0.2,19,14,HistGB,HistGB
0.2,20,0,HistGB,KNN
0.2,20,1,HistGB,HistGB
0.2,20,2,HistGB,HistGB
0.2,20,3,HistGB,KNN
0.2,20,4,HistGB,HistGB
0.2,20,5,HistGB,KNN
0.2,20,6,HistGB,KNN
0.2,20,7,HistGB,HistGB
0.2,20,8,HistGB,HistGB
0.2,20,9,HistGB,HistGB
0.2,20,10,HistGB,HistGB
0.2,20,11,HistGB,KNN
0.2,20,12,HistGB,RandomForest
0.2,20,13,HistGB,RandomForest
0.2,20,14,HistGB,KNN
0.2,21,0,HistGB,HistGB
0.2,21,1,HistGB,RandomForest
0.2,21,2,HistGB,HistGB
0.2,21,3,HistGB,KNN
0.2,21,4,HistGB,RandomForest
0.2,21,5,HistGB,HistGB
0.2,21,6,HistGB,HistGB
0.2,21,7,HistGB,HistGB
0.2,21,8,HistGB,KNN
0.2,21,9,HistGB,HistGB
0.2,21,10,HistGB,HistGB
0.2,21,11,HistGB,HistGB
0.2,21,12,HistGB,HistGB
0.2,21,13,HistGB,HistGB
0.2,21,14,HistGB,HistGB
0.2,22,0,HistGB,KNN
0.2,22,1,HistGB,RandomForest
0.2,22,2,HistGB,HistGB
0.2,22,3,HistGB,KNN
0.2,22,4,HistGB,KNN
0.2,22,5,HistGB,RandomForest
0.2,22,6,HistGB,RandomForest
0.2,22,7,HistGB,HistGB
0.2,22,8,HistGB,KNN
0.2,22,9,HistGB,RandomForest
0.2,22,10,HistGB,HistGB
0.2,22,11,HistGB,HistGB
0.2,22,12,HistGB,HistGB
0.2,22,13,HistGB,HistGB
0.2,22,14,HistGB,RandomForest
0.2,23,0,HistGB,RandomForest
0.2,23,1,HistGB,HistGB
0.2,23,2,HistGB,RandomForest
0.2,23,3,HistGB,KNN
0.2,23,4,HistGB,KNN
0.2,23,5,HistGB,RandomForest
0.2,23,6,HistGB,HistGB
0.2,23,7,HistGB,KNN
0.2,23,8,HistGB,HistGB
0.2,23,9,HistGB,RandomForest
0.2,23,10,HistGB,HistGB
0.2,23,11,HistGB,RandomForest
0.2,23,12,HistGB,HistGB
0.2,23,13,HistGB,KNN
0.2,23,14,HistGB,RandomForest
0.2,24,0,HistGB,HistGB
0.2,24,1,HistGB,RandomForest
0.2,24,2,HistGB,HistGB
0.2,24,3,HistGB,HistGB
0.2,24,4,HistGB,HistGB
0.2,24,5,HistGB,HistGB
0.2,24,6,HistGB,RandomForest
0.2,24,7,HistGB,KNN
0.2,24,8,HistGB,KNN
0.2,24,9,HistGB,HistGB
0.2,24,10,HistGB,KNN
0.2,24,11,HistGB,HistGB
0.2,24,12,HistGB,KNN
0.2,24,13,HistGB,HistGB
0.2,24,14,HistGB,RandomForest
0.205,0,0,HistGB,KNN
0.205,0,1,HistGB,KNN
0.205,0,2,HistGB,HistGB
0.205,0,3,HistGB,HistGB
0.205,0,4,HistGB,KNN
0.205,0,5,HistGB,HistGB
0.205,0,6,HistGB,KNN
0.205,0,7,HistGB,KNN
0.205,0,8,HistGB,HistGB
0.205,0,9,HistGB,KNN
0.205,0,10,HistGB,HistGB
0.205,0,11,HistGB,KNN
0.205,0,12,HistGB,RandomForest
0.205,0,13,HistGB,KNN
0.205,0,14,HistGB,KNN
0.205,1,0,HistGB,HistGB
0.205,1,1,HistGB,HistGB
0.205,1,2,HistGB,HistGB
0.205,1,3,HistGB,KNN
0.205,1,4,HistGB,HistGB
0.205,1,5,HistGB,HistGB
0.205,1,6,HistGB,KNN
0.205,1,7,HistGB,HistGB
0.205,1,8,HistGB,HistGB
0.205,1,9,HistGB,HistGB
0.205,1,10,HistGB,HistGB
0.205,1,11,HistGB,HistGB
0.205,1,12,HistGB,HistGB
0.205,1,13,HistGB,KNN
0.205,1,14,HistGB,HistGB
0.205,2,0,HistGB,KNN
0.205,2,1,HistGB,RandomForest
0.205,2,2,HistGB,HistGB
0.205,2,3,HistGB,RandomForest
0.205,2,4,HistGB,HistGB
0.205,2,5,HistGB,RandomForest
0.205,2,6,HistGB,HistGB
0.205,2,7,HistGB,HistGB
0.205,2,8,HistGB,RandomForest
0.205,2,9,HistGB,HistGB
0.205,2,10,HistGB,HistGB
0.205,2,11,HistGB,HistGB
0.205,2,12,HistGB,KNN
0.205,2,13,HistGB,HistGB
0.205,2,14,HistGB,RandomForest
0.205,3,0,HistGB,HistGB
0.205,3,1,HistGB,RandomForest
0.205,3,2,HistGB,RandomForest
0.205,3,3,HistGB,RandomForest
0.205,3,4,HistGB,HistGB
0.205,3,5,HistGB,HistGB
0.205,3,6,HistGB,RandomForest
0.205,3,7,HistGB,HistGB
0.205,3,8,HistGB,HistGB
0.205,3,9,HistGB,RandomForest
0.205,3,10,HistGB,RandomForest
0.205,3,11,HistGB,HistGB
0.205,3,12,HistGB,HistGB
0.205,3,13,HistGB,HistGB
0.205,3,14,HistGB,HistGB
0.205,4,0,HistGB,RandomForest
0.205,4,1,HistGB,HistGB
0.205,4,2,HistGB,HistGB
0.205,4,3,HistGB,KNN
0.205,4,4,HistGB,HistGB
0.205,4,5,HistGB,RandomForest
0.205,4,6,HistGB,KNN
0.205,4,7,HistGB,HistGB
0.205,4,8,HistGB,RandomForest
0.205,4,9,HistGB,RandomForest
0.205,4,10,HistGB,KNN
0.205,4,11,HistGB,RandomForest
0.205,4,12,HistGB,KNN
0.205,4,13,HistGB,RandomForest
0.205,4,14,HistGB,KNN
0.205,5,0,HistGB,RandomForest
0.205,5,1,HistGB,HistGB
0.205,5,2,HistGB,KNN
0.205,5,3,HistGB,HistGB
0.205,5,4,HistGB,KNN
0.205,5,5,HistGB,KNN
0.205,5,6,HistGB,HistGB
0.205,5,7,HistGB,KNN
0.205,5,8,HistGB,RandomForest
0.205,5,9,HistGB,HistGB
0.205,5,10,HistGB,HistGB
0.205,5,11,HistGB,HistGB
0.205,5,12,HistGB,HistGB
0.205,5,13,HistGB,RandomForest
0.205,5,14,HistGB,KNN
0.205,6,0,HistGB,HistGB
0.205,6,1,HistGB,HistGB
0.205,6,2,HistGB,KNN
0.205,6,3,HistGB,HistGB
0.205,6,4,HistGB,KNN
0.205,6,5,HistGB,RandomForest
0.205,6,6,HistGB,KNN
0.205,6,7,HistGB,KNN
0.205,6,8,HistGB,RandomForest
0.205,6,9,HistGB,HistGB
0.205,6,10,HistGB,KNN
0.205,6,11,HistGB,HistGB
0.205,6,12,HistGB,KNN
0.205,6,13,HistGB,HistGB
0.205,6,14,HistGB,RandomForest
0.205,7,0,HistGB,KNN
0.205,7,1,HistGB,HistGB
0.205,7,2,HistGB,KNN
0.205,7,3,HistGB,HistGB
0.205,7,4,HistGB,HistGB
0.205,7,5,HistGB,KNN
0.205,7,6,HistGB,HistGB
0.205,7,7,HistGB,HistGB
0.205,7,8,HistGB,HistGB
0.205,7,9,HistGB,HistGB
0.205,7,10,HistGB,KNN
0.205,7,11,HistGB,RandomForest
0.205,7,12,HistGB,HistGB
0.205,7,13,HistGB,HistGB
0.205,7,14,HistGB,HistGB
0.205,8,0,HistGB,HistGB
0.205,8,1,HistGB,HistGB
0.205,8,2,HistGB,HistGB
0.205,8,3,HistGB,KNN
0.205,8,4,HistGB,KNN
0.205,8,5,HistGB,KNN
0.205,8,6,HistGB,HistGB
0.205,8,7,HistGB,RandomForest
0.205,8,8,HistGB,HistGB
0.205,8,9,HistGB,RandomForest
0.205,8,10,HistGB,HistGB
0.205,8,11,HistGB,KNN
0.205,8,12,HistGB,HistGB
0.205,8,13,HistGB,RandomForest
0.205,8,14,HistGB,KNN
0.205,9,0,HistGB,RandomForest
0.205,9,1,HistGB,RandomForest
0.205,9,2,HistGB,RandomForest
0.205,9,3,HistGB,KNN
0.205,9,4,HistGB,HistGB
0.205,9,5,HistGB,KNN
0.205,9,6,HistGB,HistGB
0.205,9,7,HistGB,RandomForest
0.205,9,8,HistGB,KNN
0.205,9,9,HistGB,HistGB
0.205,9,10,HistGB,HistGB
0.205,9,11,HistGB,HistGB
0.205,9,12,HistGB,HistGB
0.205,9,13,HistGB,HistGB
0.205,9,14,HistGB,HistGB
0.205,10,0,HistGB,KNN
0.205,10,1,HistGB,KNN
0.205,10,2,HistGB,KNN
0.205,10,3,HistGB,HistGB
0.205,10,4,HistGB,HistGB
0.205,10,5,HistGB,HistGB
0.205,10,6,HistGB,HistGB
0.205,10,7,HistGB,HistGB
0.205,10,8,HistGB,HistGB
0.205,10,9,HistGB,HistGB
0.205,10,10,HistGB,HistGB
0.205,10,11,HistGB,HistGB
0.205,10,12,HistGB,KNN
0.205,10,13,HistGB,HistGB
0.205,10,14,HistGB,HistGB
0.205,11,0,HistGB,HistGB
0.205,11,1,HistGB,KNN
0.205,11,2,HistGB,HistGB
0.205,11,3,HistGB,KNN
0.205,11,4,HistGB,KNN
0.205,11,5,HistGB,KNN
0.205,11,6,HistGB,KNN
0.205,11,7,HistGB,KNN
0.205,11,8,HistGB,KNN
0.205,11,9,HistGB,KNN
0.205,11,10,HistGB,KNN
0.205,11,11,HistGB,HistGB
0.205,11,12,HistGB,HistGB
0.205,11,13,HistGB,HistGB
0.205,11,14,HistGB,HistGB
0.205,12,0,HistGB,KNN
0.205,12,1,HistGB,HistGB
0.205,12,2,HistGB,HistGB
0.205,12,3,HistGB,HistGB
0.205,12,4,HistGB,RandomForest
0.205,12,5,HistGB,KNN
0.205,12,6,HistGB,KNN
0.205,12,7,HistGB,RandomForest
0.205,12,8,HistGB,KNN
0.205,12,9,HistGB,KNN
0.205,12,10,HistGB,HistGB
0.205,12,11,HistGB,KNN
0.205,12,12,HistGB,HistGB
0.205,12,13,HistGB,HistGB
0.205,12,14,HistGB,RandomForest
0.205,13,0,HistGB,RandomForest
0.205,13,1,HistGB,RandomForest
0.205,13,2,HistGB,HistGB
0.205,13,3,HistGB,HistGB
0.205,13,4,HistGB,RandomForest
0.205,13,5,HistGB,HistGB
0.205,13,6,HistGB,KNN
0.205,13,7,HistGB,KNN
0.205,13,8,HistGB,HistGB
0.205,13,9,HistGB,HistGB
0.205,13,10,HistGB,HistGB
0.205,13,11,HistGB,KNN
0.205,13,12,HistGB,KNN
0.205,13,13,HistGB,HistGB
0.205,13,14,HistGB,HistGB
0.205,14,0,HistGB,HistGB
0.205,14,1,HistGB,RandomForest
0.205,14,2,HistGB,KNN
0.205,14,3,HistGB,KNN
0.205,14,4,HistGB,KNN
0.205,14,5,HistGB,HistGB
0.205,14,6,HistGB,KNN
0.205,14,7,HistGB,RandomForest
0.205,14,8,HistGB,KNN
0.205,14,9,HistGB,RandomForest
0.205,14,10,HistGB,KNN
0.205,14,11,HistGB,HistGB
0.205,14,12,HistGB,HistGB
0.205,14,13,HistGB,HistGB
0.205,14,14,HistGB,KNN
0.205,15,0,HistGB,HistGB
0.205,15,1,HistGB,HistGB
0.205,15,2,HistGB,HistGB
0.205,15,3,HistGB,KNN
0.205,15,4,HistGB,RandomForest
0.205,15,5,HistGB,HistGB
0.205,15,6,HistGB,HistGB
0.205,15,7,HistGB,KNN
0.205,15,8,HistGB,HistGB
0.205,15,9,HistGB,RandomForest
0.205,15,10,HistGB,HistGB
0.205,15,11,HistGB,HistGB
0.205,15,12,HistGB,RandomForest
0.205,15,13,HistGB,RandomForest
0.205,15,14,HistGB,KNN
0.205,16,0,HistGB,KNN
0.205,16,1,HistGB,HistGB
0.205,16,2,HistGB,HistGB
0.205,16,3,HistGB,KNN
0.205,16,4,HistGB,HistGB
0.205,16,5,HistGB,HistGB
0.205,16,6,HistGB,RandomForest
0.205,16,7,HistGB,KNN
0.205,16,8,HistGB,RandomForest
0.205,16,9,HistGB,KNN
0.205,16,10,HistGB,KNN
0.205,16,11,HistGB,KNN
0.205,16,12,HistGB,HistGB
0.205,16,13,HistGB,KNN
0.205,16,14,HistGB,RandomForest
0.205,17,0,HistGB,KNN
0.205,17,1,HistGB,KNN
0.205,17,2,HistGB,KNN
0.205,17,3,HistGB,KNN
0.205,17,4,HistGB,KNN
0.205,17,5,HistGB,KNN
0.205,17,6,HistGB,RandomForest
0.205,17,7,HistGB,KNN
0.205,17,8,HistGB,KNN
0.205,17,9,HistGB,KNN
0.205,17,10,HistGB,HistGB
0.205,17,11,HistGB,RandomForest
0.205,17,12,HistGB,RandomForest
0.205,17,13,HistGB,KNN
0.205,17,14,HistGB,KNN
0.205,18,0,HistGB,KNN
0.205,18,1,HistGB,KNN
0.205,18,2,HistGB,HistGB
0.205,18,3,HistGB,KNN
0.205,18,4,HistGB,KNN
0.205,18,5,HistGB,HistGB
0.205,18,6,HistGB,KNN
0.205,18,7,HistGB,KNN
0.205,18,8,HistGB,KNN
0.205,18,9,HistGB,HistGB
0.205,18,10,HistGB,KNN
0.205,18,11,HistGB,HistGB
0.205,18,12,HistGB,HistGB
0.205,18,13,HistGB,HistGB
0.205,18,14,HistGB,KNN
0.205,19,0,HistGB,KNN
0.205,19,1,HistGB,HistGB
0.205,19,2,HistGB,HistGB
0.205,19,3,HistGB,HistGB
0.205,19,4,HistGB,HistGB
0.205,19,5,HistGB,KNN
0.205,19,6,HistGB,KNN
0.205,19,7,HistGB,HistGB
0.205,19,8,HistGB,KNN
0.205,19,9,HistGB,HistGB
0.205,19,10,HistGB,HistGB
0.205,19,11,HistGB,HistGB
0.205,19,12,HistGB,KNN
0.205,19,13,HistGB,HistGB
0.205,19,14,HistGB,KNN
0.205,20,0,HistGB,HistGB
0.205,20,1,HistGB,HistGB
0.205,20,2,HistGB,HistGB
0.205,20,3,HistGB,KNN
0.205,20,4,HistGB,HistGB
0.205,20,5,HistGB,RandomForest
0.205,20,6,HistGB,KNN
0.205,20,7,HistGB,HistGB
0.205,20,8,HistGB,HistGB
0.205,20,9,HistGB,HistGB
0.205,20,10,HistGB,RandomForest
0.205,20,11,HistGB,KNN
0.205,20,12,HistGB,HistGB
0.205,20,13,HistGB,HistGB
0.205,20,14,HistGB,KNN
0.205,21,0,HistGB,RandomForest
0.205,21,1,HistGB,HistGB
0.205,21,2,HistGB,KNN
0.205,21,3,HistGB,HistGB
0.205,21,4,HistGB,RandomForest
0.205,21,5,HistGB,KNN
0.205,21,6,HistGB,HistGB
0.205,21,7,HistGB,KNN
0.205,21,8,HistGB,KNN
0.205,21,9,HistGB,KNN
0.205,21,10,HistGB,KNN
0.205,21,11,HistGB,KNN
0.205,21,12,HistGB,KNN
0.205,21,13,HistGB,HistGB
0.205,21,14,HistGB,HistGB
0.205,22,0,HistGB,HistGB
0.205,22,1,HistGB,HistGB
0.205,22,2,HistGB,RandomForest
0.205,22,3,HistGB,HistGB
0.205,22,4,HistGB,HistGB
0.205,22,5,HistGB,HistGB
0.205,22,6,HistGB,HistGB
0.205,22,7,HistGB,HistGB
0.205,22,8,HistGB,HistGB
0.205,22,9,HistGB,RandomForest
0.205,22,10,HistGB,HistGB
0.205,22,11,HistGB,RandomForest
0.205,22,12,HistGB,HistGB
0.205,22,13,HistGB,RandomForest
0.205,22,14,HistGB,RandomForest
0.205,23,0,HistGB,KNN
0.205,23,1,HistGB,HistGB
0.205,23,2,HistGB,HistGB
0.205,23,3,HistGB,HistGB
0.205,23,4,HistGB,HistGB
0.205,23,5,HistGB,RandomForest
0.205,23,6,HistGB,HistGB
0.205,23,7,HistGB,HistGB
0.205,23,8,HistGB,KNN
0.205,23,9,HistGB,HistGB
0.205,23,10,HistGB,HistGB
0.205,23,11,HistGB,HistGB
0.205,23,12,HistGB,HistGB
0.205,23,13,HistGB,KNN
0.205,23,14,HistGB,HistGB
0.205,24,0,HistGB,HistGB
0.205,24,1,HistGB,KNN
0.205,24,2,HistGB,RandomForest
0.205,24,3,HistGB,HistGB
0.205,24,4,HistGB,HistGB
0.205,24,5,HistGB,HistGB
0.205,24,6,HistGB,HistGB
0.205,24,7,HistGB,KNN
0.205,24,8,HistGB,KNN
0.205,24,9,HistGB,HistGB
0.205,24,10,HistGB,HistGB
0.205,24,11,HistGB,KNN
0.205,24,12,HistGB,HistGB
0.205,24,13,HistGB,HistGB
0.205,24,14,HistGB,HistGB
0.21,0,0,HistGB,KNN
0.21,0,1,HistGB,KNN
0.21,0,2,HistGB,HistGB
0.21,0,3,HistGB,HistGB
0.21,0,4,HistGB,HistGB
0.21,0,5,HistGB,KNN
0.21,0,6,HistGB,KNN
0.21,0,7,HistGB,KNN
0.21,0,8,HistGB,HistGB
0.21,0,9,HistGB,RandomForest
0.21,0,10,HistGB,HistGB
0.21,0,11,HistGB,KNN
0.21,0,12,HistGB,HistGB
0.21,0,13,HistGB,HistGB
0.21,0,14,HistGB,KNN
0.21,1,0,HistGB,KNN
0.21,1,1,HistGB,HistGB
0.21,1,2,HistGB,HistGB
0.21,1,3,HistGB,KNN
0.21,1,4,HistGB,HistGB
0.21,1,5,HistGB,HistGB
0.21,1,6,HistGB,HistGB
0.21,1,7,HistGB,HistGB
0.21,1,8,HistGB,HistGB
0.21,1,9,HistGB,RandomForest
0.21,1,10,HistGB,HistGB
0.21,1,11,HistGB,RandomForest
0.21,1,12,HistGB,HistGB
0.21,1,13,HistGB,KNN
0.21,1,14,HistGB,HistGB
0.21,2,0,HistGB,KNN
0.21,2,1,HistGB,KNN
0.21,2,2,HistGB,RandomForest
0.21,2,3,HistGB,RandomForest
0.21,2,4,HistGB,HistGB
0.21,2,5,HistGB,HistGB
0.21,2,6,HistGB,HistGB
0.21,2,7,HistGB,KNN
0.21,2,8,HistGB,HistGB
0.21,2,9,HistGB,HistGB
0.21,2,10,HistGB,KNN
0.21,2,11,HistGB,RandomForest
0.21,2,12,HistGB,HistGB
0.21,2,13,HistGB,HistGB
0.21,2,14,HistGB,HistGB
0.21,3,0,HistGB,HistGB
0.21,3,1,HistGB,RandomForest
0.21,3,2,HistGB,HistGB
0.21,3,3,HistGB,KNN
0.21,3,4,HistGB,KNN
0.21,3,5,HistGB,HistGB
0.21,3,6,HistGB,HistGB
0.21,3,7,HistGB,HistGB
0.21,3,8,HistGB,KNN
0.21,3,9,HistGB,HistGB
0.21,3,10,HistGB,HistGB
0.21,3,11,HistGB,HistGB
0.21,3,12,HistGB,KNN
0.21,3,13,HistGB,HistGB
0.21,3,14,HistGB,RandomForest
0.21,4,0,HistGB,KNN
0.21,4,1,HistGB,HistGB
0.21,4,2,HistGB,HistGB
0.21,4,3,HistGB,KNN
0.21,4,4,HistGB,HistGB
0.21,4,5,HistGB,HistGB
0.21,4,6,HistGB,KNN
0.21,4,7,HistGB,HistGB
0.21,4,8,HistGB,HistGB
0.21,4,9,HistGB,RandomForest
0.21,4,10,HistGB,KNN
0.21,4,11,HistGB,RandomForest
0.21,4,12,HistGB,KNN
0.21,4,13,HistGB,HistGB
0.21,4,14,HistGB,KNN
0.21,5,0,HistGB,RandomForest
0.21,5,1,HistGB,HistGB
0.21,5,2,HistGB,KNN
0.21,5,3,HistGB,HistGB
0.21,5,4,HistGB,KNN
0.21,5,5,HistGB,HistGB
0.21,5,6,HistGB,HistGB
0.21,5,7,HistGB,RandomForest
0.21,5,8,HistGB,RandomForest
0.21,5,9,HistGB,RandomForest
0.21,5,10,HistGB,KNN
0.21,5,11,HistGB,HistGB
0.21,5,12,HistGB,HistGB
0.21,5,13,HistGB,KNN
0.21,5,14,HistGB,KNN
0.21,6,0,HistGB,HistGB
0.21,6,1,HistGB,HistGB
0.21,6,2,HistGB,HistGB
0.21,6,3,HistGB,KNN
0.21,6,4,HistGB,KNN
0.21,6,5,HistGB,HistGB
0.21,6,6,HistGB,KNN
0.21,6,7,HistGB,KNN
0.21,6,8,HistGB,HistGB
0.21,6,9,HistGB,HistGB
0.21,6,10,HistGB,KNN
0.21,6,11,HistGB,HistGB
0.21,6,12,HistGB,KNN
0.21,6,13,HistGB,HistGB
0.21,6,14,HistGB,KNN
0.21,7,0,HistGB,HistGB
0.21,7,1,HistGB,KNN
0.21,7,2,HistGB,KNN
0.21,7,3,HistGB,RandomForest
0.21,7,4,HistGB,HistGB
0.21,7,5,HistGB,KNN
0.21,7,6,HistGB,HistGB
0.21,7,7,HistGB,RandomForest
0.21,7,8,HistGB,HistGB
0.21,7,9,HistGB,HistGB
0.21,7,10,HistGB,RandomForest
0.21,7,11,HistGB,RandomForest
0.21,7,12,HistGB,HistGB
0.21,7,13,HistGB,HistGB
0.21,7,14,HistGB,HistGB
0.21,8,0,HistGB,HistGB
0.21,8,1,HistGB,HistGB
0.21,8,2,HistGB,HistGB
0.21,8,3,HistGB,KNN
0.21,8,4,HistGB,KNN
0.21,8,5,HistGB,HistGB
0.21,8,6,HistGB,KNN
0.21,8,7,HistGB,KNN
0.21,8,8,HistGB,KNN
0.21,8,9,HistGB,HistGB
0.21,8,10,HistGB,KNN
0.21,8,11,HistGB,HistGB
0.21,8,12,HistGB,KNN
0.21,8,13,HistGB,HistGB
0.21,8,14,HistGB,KNN
0.21,9,0,HistGB,HistGB
0.21,9,1,HistGB,HistGB
0.21,9,2,HistGB,HistGB
0.21,9,3,HistGB,KNN
0.21,9,4,HistGB,KNN
0.21,9,5,HistGB,RandomForest
0.21,9,6,HistGB,RandomForest
0.21,9,7,HistGB,HistGB
0.21,9,8,HistGB,KNN
0.21,9,9,HistGB,KNN
0.21,9,10,HistGB,KNN
0.21,9,11,HistGB,KNN
0.21,9,12,HistGB,HistGB
0.21,9,13,HistGB,HistGB
0.21,9,14,HistGB,KNN
0.21,10,0,HistGB,HistGB
0.21,10,1,HistGB,HistGB
0.21,10,2,HistGB,HistGB
0.21,10,3,HistGB,KNN
0.21,10,4,HistGB,RandomForest
0.21,10,5,HistGB,HistGB
0.21,10,6,HistGB,HistGB
0.21,10,7,HistGB,HistGB
0.21,10,8,HistGB,RandomForest
0.21,10,9,HistGB,KNN
0.21,10,10,HistGB,KNN
0.21,10,11,HistGB,HistGB
0.21,10,12,HistGB,KNN
0.21,10,13,HistGB,KNN
0.21,10,14,HistGB,HistGB
0.21,11,0,HistGB,HistGB
0.21,11,1,HistGB,HistGB
0.21,11,2,HistGB,HistGB
0.21,11,3,HistGB,KNN
0.21,11,4,HistGB,HistGB
0.21,11,5,HistGB,RandomForest
0.21,11,6,HistGB,HistGB
0.21,11,7,HistGB,KNN
0.21,11,8,HistGB,KNN
0.21,11,9,HistGB,KNN
0.21,11,10,HistGB,HistGB
0.21,11,11,HistGB,HistGB
0.21,11,12,HistGB,HistGB
0.21,11,13,HistGB,RandomForest
0.21,11,14,HistGB,HistGB
0.21,12,0,HistGB,RandomForest
0.21,12,1,HistGB,KNN
0.21,12,2,HistGB,HistGB
0.21,12,3,HistGB,KNN
0.21,12,4,HistGB,HistGB
0.21,12,5,HistGB,KNN
0.21,12,6,HistGB,HistGB
0.21,12,7,HistGB,RandomForest
0.21,12,8,HistGB,HistGB
0.21,12,9,HistGB,HistGB
0.21,12,10,HistGB,KNN
0.21,12,11,HistGB,KNN
0.21,12,12,HistGB,HistGB
0.21,12,13,HistGB,HistGB
0.21,12,14,HistGB,HistGB
0.21,13,0,HistGB,HistGB
0.21,13,1,HistGB,HistGB
0.21,13,2,HistGB,HistGB
0.21,13,3,HistGB,RandomForest
0.21,13,4,HistGB,RandomForest
0.21,13,5,HistGB,HistGB
0.21,13,6,HistGB,KNN
0.21,13,7,HistGB,HistGB
0.21,13,8,HistGB,HistGB
0.21,13,9,HistGB,HistGB
0.21,13,10,HistGB,HistGB
0.21,13,11,HistGB,KNN
0.21,13,12,HistGB,KNN
0.21,13,13,HistGB,KNN
0.21,13,14,HistGB,KNN
0.21,14,0,HistGB,HistGB
0.21,14,1,HistGB,HistGB
0.21,14,2,HistGB,HistGB
0.21,14,3,HistGB,RandomForest
0.21,14,4,HistGB,KNN
0.21,14,5,HistGB,HistGB
0.21,14,6,HistGB,KNN
0.21,14,7,HistGB,KNN
0.21,14,8,HistGB,KNN
0.21,14,9,HistGB,HistGB
0.21,14,10,HistGB,HistGB
0.21,14,11,HistGB,KNN
0.21,14,12,HistGB,HistGB
0.21,14,13,HistGB,HistGB
0.21,14,14,HistGB,HistGB
0.21,15,0,HistGB,HistGB
0.21,15,1,HistGB,HistGB
0.21,15,2,HistGB,HistGB
0.21,15,3,HistGB,HistGB
0.21,15,4,HistGB,HistGB
0.21,15,5,HistGB,HistGB
0.21,15,6,HistGB,RandomForest
0.21,15,7,HistGB,KNN
0.21,15,8,HistGB,RandomForest
0.21,15,9,HistGB,HistGB
0.21,15,10,HistGB,HistGB
0.21,15,11,HistGB,HistGB
0.21,15,12,HistGB,KNN
0.21,15,13,HistGB,HistGB
0.21,15,14,HistGB,KNN
0.21,16,0,HistGB,KNN
0.21,16,1,HistGB,KNN
0.21,16,2,HistGB,HistGB
0.21,16,3,HistGB,KNN
0.21,16,4,HistGB,HistGB
0.21,16,5,HistGB,KNN
0.21,16,6,HistGB,HistGB
0.21,16,7,HistGB,HistGB
0.21,16,8,HistGB,KNN
0.21,16,9,HistGB,HistGB
0.21,16,10,HistGB,KNN
0.21,16,11,HistGB,KNN
0.21,16,12,HistGB,RandomForest
0.21,16,13,HistGB,RandomForest
0.21,16,14,HistGB,HistGB
0.21,17,0,HistGB,KNN
0.21,17,1,HistGB,KNN
0.21,17,2,HistGB,KNN
0.21,17,3,HistGB,KNN
0.21,17,4,HistGB,RandomForest
0.21,17,5,HistGB,KNN
0.21,17,6,HistGB,KNN
0.21,17,7,HistGB,KNN
0.21,17,8,HistGB,KNN
0.21,17,9,HistGB,KNN
0.21,17,10,HistGB,HistGB
0.21,17,11,HistGB,RandomForest
0.21,17,12,HistGB,RandomForest
0.21,17,13,HistGB,KNN
0.21,17,14,HistGB,KNN
0.21,18,0,HistGB,HistGB
0.21,18,1,HistGB,KNN
0.21,18,2,HistGB,HistGB
0.21,18,3,HistGB,HistGB
0.21,18,4,HistGB,HistGB
0.21,18,5,HistGB,HistGB
0.21,18,6,HistGB,KNN
0.21,18,7,HistGB,KNN
0.21,18,8,HistGB,HistGB
0.21,18,9,HistGB,KNN
0.21,18,10,HistGB,KNN
0.21,18,11,HistGB,HistGB
0.21,18,12,HistGB,HistGB
0.21,18,13,HistGB,HistGB
0.21,18,14,HistGB,KNN
0.21,19,0,HistGB,HistGB
0.21,19,1,HistGB,KNN
0.21,19,2,HistGB,HistGB
0.21,19,3,HistGB,KNN
0.21,19,4,HistGB,HistGB
0.21,19,5,HistGB,KNN
0.21,19,6,HistGB,KNN
0.21,19,7,HistGB,KNN
0.21,19,8,HistGB,KNN
0.21,19,9,HistGB,HistGB
0.21,19,10,HistGB,KNN
0.21,19,11,HistGB,KNN
0.21,19,12,HistGB,HistGB
0.21,19,13,HistGB,HistGB
0.21,19,14,HistGB,KNN
0.21,20,0,HistGB,KNN
0.21,20,1,HistGB,KNN
0.21,20,2,HistGB,HistGB
0.21,20,3,HistGB,KNN
0.21,20,4,HistGB,HistGB
0.21,20,5,HistGB,HistGB
0.21,20,6,HistGB,HistGB
0.21,20,7,HistGB,HistGB
0.21,20,8,HistGB,KNN
0.21,20,9,HistGB,HistGB
0.21,20,10,HistGB,HistGB
0.21,20,11,HistGB,KNN
0.21,20,12,HistGB,HistGB
0.21,20,13,HistGB,RandomForest
0.21,20,14,HistGB,KNN
0.21,21,0,HistGB,RandomForest
0.21,21,1,HistGB,HistGB
0.21,21,2,HistGB,HistGB
0.21,21,3,HistGB,HistGB
0.21,21,4,HistGB,HistGB
0.21,21,5,HistGB,HistGB
0.21,21,6,HistGB,HistGB
0.21,21,7,HistGB,HistGB
0.21,21,8,HistGB,KNN
0.21,21,9,HistGB,HistGB
0.21,21,10,HistGB,KNN
0.21,21,11,HistGB,KNN
0.21,21,12,HistGB,KNN
0.21,21,13,HistGB,HistGB
0.21,21,14,HistGB,HistGB
0.21,22,0,HistGB,HistGB
0.21,22,1,HistGB,KNN
0.21,22,2,HistGB,KNN
0.21,22,3,HistGB,KNN
0.21,22,4,HistGB,KNN
0.21,22,5,HistGB,HistGB
0.21,22,6,HistGB,RandomForest
0.21,22,7,HistGB,HistGB
0.21,22,8,HistGB,RandomForest
0.21,22,9,HistGB,HistGB
0.21,22,10,HistGB,HistGB
0.21,22,11,HistGB,HistGB
0.21,22,12,HistGB,HistGB
0.21,22,13,HistGB,HistGB
0.21,22,14,HistGB,HistGB
0.21,23,0,HistGB,HistGB
0.21,23,1,HistGB,RandomForest
0.21,23,2,HistGB,KNN
0.21,23,3,HistGB,KNN
0.21,23,4,HistGB,KNN
0.21,23,5,HistGB,RandomForest
0.21,23,6,HistGB,HistGB
0.21,23,7,HistGB,HistGB
0.21,23,8,HistGB,KNN
0.21,23,9,HistGB,RandomForest
0.21,23,10,HistGB,HistGB
0.21,23,11,HistGB,HistGB
0.21,23,12,HistGB,KNN
0.21,23,13,HistGB,HistGB
0.21,23,14,HistGB,RandomForest
0.21,24,0,HistGB,KNN
0.21,24,1,HistGB,RandomForest
0.21,24,2,HistGB,HistGB
0.21,24,3,HistGB,KNN
0.21,24,4,HistGB,KNN
0.21,24,5,HistGB,HistGB
0.21,24,6,HistGB,HistGB
0.21,24,7,HistGB,HistGB
0.21,24,8,HistGB,KNN
0.21,24,9,HistGB,HistGB
0.21,24,10,HistGB,KNN
0.21,24,11,HistGB,KNN
0.21,24,12,HistGB,KNN
0.21,24,13,HistGB,RandomForest
0.21,24,14,HistGB,KNN
0.22,0,0,HistGB,HistGB
0.22,0,1,HistGB,RandomForest
0.22,0,2,HistGB,HistGB
0.22,0,3,HistGB,RandomForest
0.22,0,4,HistGB,KNN
0.22,0,5,HistGB,KNN
0.22,0,6,HistGB,KNN
0.22,0,7,HistGB,KNN
0.22,0,8,HistGB,KNN
0.22,0,9,HistGB,HistGB
0.22,0,10,HistGB,HistGB
0.22,0,11,HistGB,KNN
0.22,0,12,HistGB,KNN
0.22,0,13,HistGB,HistGB
0.22,0,14,HistGB,KNN
0.22,1,0,HistGB,KNN
0.22,1,1,HistGB,HistGB
0.22,1,2,HistGB,KNN
0.22,1,3,HistGB,KNN
0.22,1,4,HistGB,KNN
0.22,1,5,HistGB,KNN
0.22,1,6,HistGB,KNN
0.22,1,7,HistGB,HistGB
0.22,1,8,HistGB,HistGB
0.22,1,9,HistGB,HistGB
0.22,1,10,HistGB,HistGB
0.22,1,11,HistGB,KNN
0.22,1,12,HistGB,HistGB
0.22,1,13,HistGB,KNN
0.22,1,14,HistGB,RandomForest
0.22,2,0,HistGB,RandomForest
0.22,2,1,HistGB,KNN
0.22,2,2,HistGB,KNN
0.22,2,3,HistGB,RandomForest
0.22,2,4,HistGB,HistGB
0.22,2,5,HistGB,KNN
0.22,2,6,HistGB,HistGB
0.22,2,7,HistGB,KNN
0.22,2,8,HistGB,RandomForest
0.22,2,9,HistGB,HistGB
0.22,2,10,HistGB,KNN
0.22,2,11,HistGB,KNN
0.22,2,12,HistGB,KNN
0.22,2,13,HistGB,HistGB
0.22,2,14,HistGB,KNN
0.22,3,0,HistGB,KNN
0.22,3,1,HistGB,KNN
0.22,3,2,HistGB,KNN
0.22,3,3,HistGB,KNN
0.22,3,4,HistGB,HistGB
0.22,3,5,HistGB,KNN
0.22,3,6,HistGB,HistGB
0.22,3,7,HistGB,KNN
0.22,3,8,HistGB,KNN
0.22,3,9,HistGB,HistGB
0.22,3,10,HistGB,RandomForest
0.22,3,11,HistGB,KNN
0.22,3,12,HistGB,HistGB
0.22,3,13,HistGB,KNN
0.22,3,14,HistGB,KNN
0.22,4,0,HistGB,RandomForest
0.22,4,1,HistGB,HistGB
0.22,4,2,HistGB,HistGB
0.22,4,3,HistGB,KNN
0.22,4,4,HistGB,HistGB
0.22,4,5,HistGB,HistGB
0.22,4,6,HistGB,KNN
0.22,4,7,HistGB,HistGB
0.22,4,8,HistGB,KNN
0.22,4,9,HistGB,KNN
0.22,4,10,HistGB,HistGB
0.22,4,11,HistGB,KNN
0.22,4,12,HistGB,HistGB
0.22,4,13,HistGB,KNN
0.22,4,14,HistGB,KNN
0.22,5,0,HistGB,KNN
0.22,5,1,HistGB,HistGB
0.22,5,2,HistGB,HistGB
0.22,5,3,HistGB,HistGB
0.22,5,4,HistGB,KNN
0.22,5,5,HistGB,KNN
0.22,5,6,HistGB,HistGB
0.22,5,7,HistGB,KNN
0.22,5,8,HistGB,HistGB
0.22,5,9,HistGB,RandomForest
0.22,5,10,HistGB,HistGB
0.22,5,11,HistGB,HistGB
0.22,5,12,HistGB,HistGB
0.22,5,13,HistGB,HistGB
0.22,5,14,HistGB,KNN
0.22,6,0,HistGB,KNN
0.22,6,1,HistGB,HistGB
0.22,6,2,HistGB,KNN
0.22,6,3,HistGB,KNN
0.22,6,4,HistGB,KNN
0.22,6,5,HistGB,KNN
0.22,6,6,HistGB,HistGB
0.22,6,7,HistGB,KNN
0.22,6,8,HistGB,HistGB
0.22,6,9,HistGB,HistGB
0.22,6,10,HistGB,HistGB
0.22,6,11,HistGB,HistGB
0.22,6,12,HistGB,KNN
0.22,6,13,HistGB,RandomForest
0.22,6,14,HistGB,KNN
0.22,7,0,HistGB,KNN
0.22,7,1,HistGB,KNN
0.22,7,2,HistGB,KNN
0.22,7,3,HistGB,KNN
0.22,7,4,HistGB,HistGB
0.22,7,5,HistGB,KNN
0.22,7,6,HistGB,RandomForest
0.22,7,7,HistGB,RandomForest
0.22,7,8,HistGB,KNN
0.22,7,9,HistGB,KNN
0.22,7,10,HistGB,KNN
0.22,7,11,HistGB,RandomForest
0.22,7,12,HistGB,HistGB
0.22,7,13,HistGB,HistGB
0.22,7,14,HistGB,KNN
0.22,8,0,HistGB,HistGB
0.22,8,1,HistGB,KNN
0.22,8,2,HistGB,HistGB
0.22,8,3,HistGB,KNN
0.22,8,4,HistGB,KNN
0.22,8,5,HistGB,KNN
0.22,8,6,HistGB,KNN
0.22,8,7,HistGB,RandomForest
0.22,8,8,HistGB,HistGB
0.22,8,9,HistGB,RandomForest
0.22,8,10,HistGB,KNN
0.22,8,11,HistGB,HistGB
0.22,8,12,HistGB,KNN
0.22,8,13,HistGB,KNN
0.22,8,14,HistGB,KNN
0.22,9,0,HistGB,HistGB
0.22,9,1,HistGB,RandomForest
0.22,9,2,HistGB,HistGB
0.22,9,3,HistGB,KNN
0.22,9,4,HistGB,KNN
0.22,9,5,HistGB,KNN
0.22,9,6,HistGB,RandomForest
0.22,9,7,HistGB,RandomForest
0.22,9,8,HistGB,KNN
0.22,9,9,HistGB,RandomForest
0.22,9,10,HistGB,KNN
0.22,9,11,HistGB,HistGB
0.22,9,12,HistGB,HistGB
0.22,9,13,HistGB,HistGB
0.22,9,14,HistGB,RandomForest
0.22,10,0,HistGB,HistGB
0.22,10,1,HistGB,KNN
0.22,10,2,HistGB,HistGB
0.22,10,3,HistGB,KNN
0.22,10,4,HistGB,RandomForest
0.22,10,5,HistGB,HistGB
0.22,10,6,HistGB,HistGB
0.22,10,7,HistGB,HistGB
0.22,10,8,HistGB,HistGB
0.22,10,9,HistGB,RandomForest
0.22,10,10,HistGB,KNN
0.22,10,11,HistGB,KNN
0.22,10,12,HistGB,KNN
0.22,10,13,HistGB,HistGB
0.22,10,14,HistGB,HistGB
0.22,11,0,HistGB,HistGB
0.22,11,1,HistGB,KNN
0.22,11,2,HistGB,KNN
0.22,11,3,HistGB,HistGB
0.22,11,4,HistGB,KNN
0.22,11,5,HistGB,KNN
0.22,11,6,HistGB,KNN
0.22,11,7,HistGB,KNN
0.22,11,8,HistGB,KNN
0.22,11,9,HistGB,HistGB
0.22,11,10,HistGB,KNN
0.22,11,11,HistGB,RandomForest
0.22,11,12,HistGB,KNN
0.22,11,13,HistGB,KNN
0.22,11,14,HistGB,HistGB
0.22,12,0,HistGB,HistGB
0.22,12,1,HistGB,HistGB
0.22,12,2,HistGB,HistGB
0.22,12,3,HistGB,KNN
0.22,12,4,HistGB,HistGB
0.22,12,5,HistGB,KNN
0.22,12,6,HistGB,KNN
0.22,12,7,HistGB,HistGB
0.22,12,8,HistGB,KNN
0.22,12,9,HistGB,RandomForest
0.22,12,10,HistGB,KNN
0.22,12,11,HistGB,KNN
0.22,12,12,HistGB,KNN
0.22,12,13,HistGB,KNN
0.22,12,14,HistGB,HistGB
0.22,13,0,HistGB,KNN
0.22,13,1,HistGB,RandomForest
0.22,13,2,HistGB,HistGB
0.22,13,3,HistGB,KNN
0.22,13,4,HistGB,RandomForest
0.22,13,5,HistGB,HistGB
0.22,13,6,HistGB,KNN
0.22,13,7,HistGB,HistGB
0.22,13,8,HistGB,RandomForest
0.22,13,9,HistGB,HistGB
0.22,13,10,HistGB,KNN
0.22,13,11,HistGB,KNN
0.22,13,12,HistGB,KNN
0.22,13,13,HistGB,HistGB
0.22,13,14,HistGB,HistGB
0.22,14,0,HistGB,HistGB
0.22,14,1,HistGB,HistGB
0.22,14,2,HistGB,KNN
0.22,14,3,HistGB,KNN
0.22,14,4,HistGB,KNN
0.22,14,5,HistGB,KNN
0.22,14,6,HistGB,KNN
0.22,14,7,HistGB,KNN
0.22,14,8,HistGB,KNN
0.22,14,9,HistGB,RandomForest
0.22,14,10,HistGB,KNN
0.22,14,11,HistGB,KNN
0.22,14,12,HistGB,HistGB
0.22,14,13,HistGB,KNN
0.22,14,14,HistGB,KNN
0.22,15,0,HistGB,KNN
0.22,15,1,HistGB,HistGB
0.22,15,2,HistGB,HistGB
0.22,15,3,HistGB,KNN
0.22,15,4,HistGB,HistGB
0.22,15,5,HistGB,HistGB
0.22,15,6,HistGB,HistGB
0.22,15,7,HistGB,KNN
0.22,15,8,HistGB,RandomForest
0.22,15,9,HistGB,RandomForest
0.22,15,10,HistGB,HistGB
0.22,15,11,HistGB,HistGB
0.22,15,12,HistGB,HistGB
0.22,15,13,HistGB,KNN
0.22,15,14,HistGB,KNN
0.22,16,0,HistGB,KNN
0.22,16,1,HistGB,KNN
0.22,16,2,HistGB,KNN
0.22,16,3,HistGB,KNN
0.22,16,4,HistGB,RandomForest
0.22,16,5,HistGB,KNN
0.22,16,6,HistGB,RandomForest
0.22,16,7,HistGB,RandomForest
0.22,16,8,HistGB,KNN
0.22,16,9,HistGB,KNN
0.22,16,10,HistGB,KNN
0.22,16,11,HistGB,KNN
0.22,16,12,HistGB,KNN
0.22,16,13,HistGB,KNN
0.22,16,14,HistGB,RandomForest
0.22,17,0,HistGB,KNN
0.22,17,1,HistGB,RandomForest
0.22,17,2,HistGB,KNN
0.22,17,3,HistGB,KNN
0.22,17,4,HistGB,KNN
0.22,17,5,HistGB,HistGB
0.22,17,6,HistGB,KNN
0.22,17,7,HistGB,KNN
0.22,17,8,HistGB,KNN
0.22,17,9,HistGB,KNN
0.22,17,10,HistGB,HistGB
0.22,17,11,HistGB,RandomForest
0.22,17,12,HistGB,KNN
0.22,17,13,HistGB,KNN
0.22,17,14,HistGB,KNN
0.22,18,0,HistGB,HistGB
0.22,18,1,HistGB,KNN
0.22,18,2,HistGB,HistGB
0.22,18,3,HistGB,KNN
0.22,18,4,HistGB,KNN
0.22,18,5,HistGB,KNN
0.22,18,6,HistGB,HistGB
0.22,18,7,HistGB,KNN
0.22,18,8,HistGB,KNN
0.22,18,9,HistGB,RandomForest
0.22,18,10,HistGB,KNN
0.22,18,11,HistGB,KNN
0.22,18,12,HistGB,KNN
0.22,18,13,HistGB,KNN
0.22,18,14,HistGB,KNN
0.22,19,0,HistGB,KNN
0.22,19,1,HistGB,KNN
0.22,19,2,HistGB,HistGB
0.22,19,3,HistGB,KNN
0.22,19,4,HistGB,KNN
0.22,19,5,HistGB,KNN
0.22,19,6,HistGB,KNN
0.22,19,7,HistGB,KNN
0.22,19,8,HistGB,KNN
0.22,19,9,HistGB,HistGB
0.22,19,10,HistGB,KNN
0.22,19,11,HistGB,KNN
0.22,19,12,HistGB,KNN
0.22,19,13,HistGB,KNN
0.22,19,14,HistGB,KNN
0.22,20,0,HistGB,HistGB
0.22,20,1,HistGB,KNN
0.22,20,2,HistGB,KNN
0.22,20,3,HistGB,HistGB
0.22,20,4,HistGB,HistGB
0.22,20,5,HistGB,KNN
0.22,20,6,HistGB,HistGB
0.22,20,7,HistGB,KNN
0.22,20,8,HistGB,KNN
0.22,20,9,HistGB,KNN
0.22,20,10,HistGB,HistGB
0.22,20,11,HistGB,KNN
0.22,20,12,HistGB,HistGB
0.22,20,13,HistGB,KNN
0.22,20,14,HistGB,KNN
0.22,21,0,HistGB,HistGB
0.22,21,1,HistGB,RandomForest
0.22,21,2,HistGB,RandomForest
0.22,21,3,HistGB,KNN
0.22,21,4,HistGB,RandomForest
0.22,21,5,HistGB,KNN
0.22,21,6,HistGB,HistGB
0.22,21,7,HistGB,HistGB
0.22,21,8,HistGB,KNN
0.22,21,9,HistGB,HistGB
0.22,21,10,HistGB,KNN
0.22,21,11,HistGB,KNN
0.22,21,12,HistGB,KNN
0.22,21,13,HistGB,HistGB
0.22,21,14,HistGB,HistGB
0.22,22,0,HistGB,KNN
0.22,22,1,HistGB,KNN
0.22,22,2,HistGB,KNN
0.22,22,3,HistGB,KNN
0.22,22,4,HistGB,HistGB
0.22,22,5,HistGB,RandomForest
0.22,22,6,HistGB,KNN
0.22,22,7,HistGB,HistGB
0.22,22,8,HistGB,HistGB
0.22,22,9,HistGB,RandomForest
0.22,22,10,HistGB,RandomForest
0.22,22,11,HistGB,KNN
0.22,22,12,HistGB,KNN
0.22,22,13,HistGB,KNN
0.22,22,14,HistGB,HistGB
0.22,23,0,HistGB,KNN
0.22,23,1,HistGB,KNN
0.22,23,2,HistGB,KNN
0.22,23,3,HistGB,KNN
0.22,23,4,HistGB,RandomForest
0.22,23,5,HistGB,RandomForest
0.22,23,6,HistGB,HistGB
0.22,23,7,HistGB,KNN
0.22,23,8,HistGB,KNN
0.22,23,9,HistGB,RandomForest
0.22,23,10,HistGB,HistGB
0.22,23,11,HistGB,KNN
0.22,23,12,HistGB,HistGB
0.22,23,13,HistGB,HistGB
0.22,23,14,HistGB,HistGB
0.22,24,0,HistGB,KNN
0.22,24,1,HistGB,HistGB
0.22,24,2,HistGB,HistGB
0.22,24,3,HistGB,KNN
0.22,24,4,HistGB,HistGB
0.22,24,5,HistGB,HistGB
0.22,24,6,HistGB,HistGB
0.22,24,7,HistGB,HistGB
0.22,24,8,HistGB,KNN
0.22,24,9,HistGB,KNN
0.22,24,10,HistGB,KNN
0.22,24,11,HistGB,KNN
0.22,24,12,HistGB,KNN
0.22,24,13,HistGB,KNN
0.22,24,14,HistGB,RandomForest
0.24,0,0,HistGB,KNN
0.24,0,1,HistGB,KNN
0.24,0,2,HistGB,HistGB
0.24,0,3,HistGB,RandomForest
0.24,0,4,HistGB,KNN
0.24,0,5,HistGB,KNN
0.24,0,6,HistGB,KNN
0.24,0,7,HistGB,KNN
0.24,0,8,HistGB,RandomForest
0.24,0,9,HistGB,HistGB
0.24,0,10,HistGB,KNN
0.24,0,11,HistGB,KNN
0.24,0,12,HistGB,HistGB
0.24,0,13,HistGB,KNN
0.24,0,14,HistGB,RandomForest
0.24,1,0,HistGB,KNN
0.24,1,1,HistGB,HistGB
0.24,1,2,HistGB,KNN
0.24,1,3,HistGB,KNN
0.24,1,4,HistGB,KNN
0.24,1,5,HistGB,KNN
0.24,1,6,HistGB,KNN
0.24,1,7,HistGB,KNN
0.24,1,8,HistGB,HistGB
0.24,1,9,HistGB,HistGB
0.24,1,10,HistGB,RandomForest
0.24,1,11,HistGB,KNN
0.24,1,12,HistGB,RandomForest
0.24,1,13,HistGB,KNN
0.24,1,14,HistGB,KNN
0.24,2,0,HistGB,KNN
0.24,2,1,HistGB,KNN
0.24,2,2,HistGB,HistGB
0.24,2,3,HistGB,KNN
0.24,2,4,HistGB,KNN
0.24,2,5,HistGB,KNN
0.24,2,6,HistGB,KNN
0.24,2,7,HistGB,KNN
0.24,2,8,HistGB,KNN
0.24,2,9,HistGB,RandomForest
0.24,2,10,HistGB,KNN
0.24,2,11,HistGB,KNN
0.24,2,12,HistGB,KNN
0.24,2,13,HistGB,HistGB
0.24,2,14,HistGB,KNN
0.24,3,0,HistGB,KNN
0.24,3,1,HistGB,HistGB
0.24,3,2,HistGB,KNN
0.24,3,3,HistGB,KNN
0.24,3,4,HistGB,KNN
0.24,3,5,HistGB,KNN
0.24,3,6,HistGB,KNN
0.24,3,7,HistGB,KNN
0.24,3,8,HistGB,KNN
0.24,3,9,HistGB,KNN
0.24,3,10,HistGB,HistGB
0.24,3,11,HistGB,KNN
0.24,3,12,HistGB,KNN
0.24,3,13,HistGB,KNN
0.24,3,14,HistGB,HistGB
0.24,4,0,HistGB,HistGB
0.24,4,1,HistGB,HistGB
0.24,4,2,HistGB,HistGB
0.24,4,3,HistGB,KNN
0.24,4,4,HistGB,HistGB
0.24,4,5,HistGB,HistGB
0.24,4,6,HistGB,KNN
0.24,4,7,HistGB,HistGB
0.24,4,8,HistGB,KNN
0.24,4,9,HistGB,HistGB
0.24,4,10,HistGB,KNN
0.24,4,11,HistGB,KNN
0.24,4,12,HistGB,HistGB
0.24,4,13,HistGB,KNN
0.24,4,14,HistGB,KNN
0.24,5,0,HistGB,RandomForest
0.24,5,1,HistGB,KNN
0.24,5,2,HistGB,KNN
0.24,5,3,HistGB,HistGB
0.24,5,4,HistGB,KNN
0.24,5,5,HistGB,HistGB
0.24,5,6,HistGB,HistGB
0.24,5,7,HistGB,KNN
0.24,5,8,HistGB,KNN
0.24,5,9,HistGB,KNN
0.24,5,10,HistGB,KNN
0.24,5,11,HistGB,KNN
0.24,5,12,HistGB,HistGB
0.24,5,13,HistGB,KNN
0.24,5,14,HistGB,KNN
0.24,6,0,HistGB,HistGB
0.24,6,1,HistGB,HistGB
0.24,6,2,HistGB,KNN
0.24,6,3,HistGB,KNN
0.24,6,4,HistGB,KNN
0.24,6,5,HistGB,KNN
0.24,6,6,HistGB,KNN
0.24,6,7,HistGB,KNN
0.24,6,8,HistGB,HistGB
0.24,6,9,HistGB,HistGB
0.24,6,10,HistGB,KNN
0.24,6,11,HistGB,KNN
0.24,6,12,HistGB,KNN
0.24,6,13,HistGB,HistGB
0.24,6,14,HistGB,KNN
0.24,7,0,HistGB,KNN
0.24,7,1,HistGB,KNN
0.24,7,2,HistGB,KNN
0.24,7,3,HistGB,KNN
0.24,7,4,HistGB,HistGB
0.24,7,5,HistGB,KNN
0.24,7,6,HistGB,HistGB
0.24,7,7,HistGB,KNN
0.24,7,8,HistGB,KNN
0.24,7,9,HistGB,KNN
0.24,7,10,HistGB,KNN
0.24,7,11,HistGB,KNN
0.24,7,12,HistGB,KNN
0.24,7,13,HistGB,HistGB
0.24,7,14,HistGB,KNN
0.24,8,0,HistGB,RandomForest
0.24,8,1,HistGB,KNN
0.24,8,2,HistGB,KNN
0.24,8,3,HistGB,KNN
0.24,8,4,HistGB,HistGB
0.24,8,5,HistGB,KNN
0.24,8,6,HistGB,KNN
0.24,8,7,HistGB,KNN
0.24,8,8,HistGB,KNN
0.24,8,9,HistGB,RandomForest
0.24,8,10,HistGB,KNN
0.24,8,11,HistGB,KNN
0.24,8,12,HistGB,KNN
0.24,8,13,HistGB,HistGB
0.24,8,14,HistGB,KNN
0.24,9,0,HistGB,KNN
0.24,9,1,HistGB,HistGB
0.24,9,2,HistGB,HistGB
0.24,9,3,HistGB,KNN
0.24,9,4,HistGB,KNN
0.24,9,5,HistGB,KNN
0.24,9,6,HistGB,HistGB
0.24,9,7,HistGB,KNN
0.24,9,8,HistGB,KNN
0.24,9,9,HistGB,KNN
0.24,9,10,HistGB,KNN
0.24,9,11,HistGB,KNN
0.24,9,12,HistGB,HistGB
0.24,9,13,HistGB,HistGB
0.24,9,14,HistGB,KNN
0.24,10,0,HistGB,KNN
0.24,10,1,HistGB,KNN
0.24,10,2,HistGB,HistGB
0.24,10,3,HistGB,KNN
0.24,10,4,HistGB,HistGB
0.24,10,5,HistGB,HistGB
0.24,10,6,HistGB,KNN
0.24,10,7,HistGB,HistGB
0.24,10,8,HistGB,KNN
0.24,10,9,HistGB,KNN
0.24,10,10,HistGB,KNN
0.24,10,11,HistGB,KNN
0.24,10,12,HistGB,KNN
0.24,10,13,HistGB,KNN
0.24,10,14,HistGB,KNN
0.24,11,0,HistGB,KNN
0.24,11,1,HistGB,KNN
0.24,11,2,HistGB,KNN
0.24,11,3,HistGB,KNN
0.24,11,4,HistGB,KNN
0.24,11,5,HistGB,KNN
0.24,11,6,HistGB,KNN
0.24,11,7,HistGB,KNN
0.24,11,8,HistGB,KNN
0.24,11,9,HistGB,HistGB
0.24,11,10,HistGB,KNN
0.24,11,11,HistGB,HistGB
0.24,11,12,HistGB,KNN
0.24,11,13,HistGB,HistGB
0.24,11,14,HistGB,KNN
0.24,12,0,HistGB,KNN
0.24,12,1,HistGB,KNN
0.24,12,2,HistGB,HistGB
0.24,12,3,HistGB,KNN
0.24,12,4,HistGB,RandomForest
0.24,12,5,HistGB,KNN
0.24,12,6,HistGB,KNN
0.24,12,7,HistGB,KNN
0.24,12,8,HistGB,KNN
0.24,12,9,HistGB,KNN
0.24,12,10,HistGB,KNN
0.24,12,11,HistGB,KNN
0.24,12,12,HistGB,HistGB
0.24,12,13,HistGB,KNN
0.24,12,14,HistGB,KNN
0.24,13,0,HistGB,KNN
0.24,13,1,HistGB,RandomForest
0.24,13,2,HistGB,KNN
0.24,13,3,HistGB,KNN
0.24,13,4,HistGB,KNN
0.24,13,5,HistGB,HistGB
0.24,13,6,HistGB,KNN
0.24,13,7,HistGB,KNN
0.24,13,8,HistGB,KNN
0.24,13,9,HistGB,RandomForest
0.24,13,10,HistGB,HistGB
0.24,13,11,HistGB,KNN
0.24,13,12,HistGB,KNN
0.24,13,13,HistGB,KNN
0.24,13,14,HistGB,KNN
0.24,14,0,HistGB,KNN
0.24,14,1,HistGB,KNN
0.24,14,2,HistGB,KNN
0.24,14,3,HistGB,KNN
0.24,14,4,HistGB,KNN
0.24,14,5,HistGB,KNN
0.24,14,6,HistGB,KNN
0.24,14,7,HistGB,HistGB
0.24,14,8,HistGB,KNN
0.24,14,9,HistGB,RandomForest
0.24,14,10,HistGB,KNN
0.24,14,11,HistGB,KNN
0.24,14,12,HistGB,KNN
0.24,14,13,HistGB,KNN
0.24,14,14,HistGB,KNN
0.24,15,0,HistGB,KNN
0.24,15,1,HistGB,HistGB
0.24,15,2,HistGB,KNN
0.24,15,3,HistGB,KNN
0.24,15,4,HistGB,RandomForest
0.24,15,5,HistGB,KNN
0.24,15,6,HistGB,HistGB
0.24,15,7,HistGB,KNN
0.24,15,8,HistGB,HistGB
0.24,15,9,HistGB,HistGB
0.24,15,10,HistGB,KNN
0.24,15,11,HistGB,HistGB
0.24,15,12,HistGB,HistGB
0.24,15,13,HistGB,KNN
0.24,15,14,HistGB,KNN
0.24,16,0,HistGB,KNN
0.24,16,1,HistGB,HistGB
0.24,16,2,HistGB,KNN
0.24,16,3,HistGB,KNN
0.24,16,4,HistGB,HistGB
0.24,16,5,HistGB,KNN
0.24,16,6,HistGB,HistGB
0.24,16,7,HistGB,RandomForest
0.24,16,8,HistGB,KNN
0.24,16,9,HistGB,KNN
0.24,16,10,HistGB,KNN
0.24,16,11,HistGB,KNN
0.24,16,12,HistGB,HistGB
0.24,16,13,HistGB,HistGB
0.24,16,14,HistGB,KNN
0.24,17,0,HistGB,KNN
0.24,17,1,HistGB,KNN
0.24,17,2,HistGB,KNN
0.24,17,3,HistGB,KNN
0.24,17,4,HistGB,KNN
0.24,17,5,HistGB,KNN
0.24,17,6,HistGB,KNN
0.24,17,7,HistGB,KNN
0.24,17,8,HistGB,KNN
0.24,17,9,HistGB,KNN
0.24,17,10,HistGB,HistGB
0.24,17,11,HistGB,KNN
0.24,17,12,HistGB,KNN
0.24,17,13,HistGB,KNN
0.24,17,14,HistGB,KNN
0.24,18,0,HistGB,HistGB
0.24,18,1,HistGB,KNN
0.24,18,2,HistGB,HistGB
0.24,18,3,HistGB,KNN
0.24,18,4,HistGB,KNN
0.24,18,5,HistGB,KNN
0.24,18,6,HistGB,KNN
0.24,18,7,HistGB,KNN
0.24,18,8,HistGB,KNN
0.24,18,9,HistGB,KNN
0.24,18,10,HistGB,KNN
0.24,18,11,HistGB,KNN
0.24,18,12,HistGB,HistGB
0.24,18,13,HistGB,KNN
0.24,18,14,HistGB,KNN
0.24,19,0,HistGB,KNN
0.24,19,1,HistGB,KNN
0.24,19,2,HistGB,KNN
0.24,19,3,HistGB,KNN
0.24,19,4,HistGB,KNN
0.24,19,5,HistGB,KNN
0.24,19,6,HistGB,KNN
0.24,19,7,HistGB,HistGB
0.24,19,8,HistGB,KNN
0.24,19,9,HistGB,KNN
0.24,19,10,HistGB,KNN
0.24,19,11,HistGB,KNN
0.24,19,12,HistGB,KNN
0.24,19,13,HistGB,KNN
0.24,19,14,HistGB,KNN
0.24,20,0,HistGB,KNN
0.24,20,1,HistGB,HistGB
0.24,20,2,HistGB,KNN
0.24,20,3,HistGB,KNN
0.24,20,4,HistGB,KNN
0.24,20,5,HistGB,KNN
0.24,20,6,HistGB,KNN
0.24,20,7,HistGB,KNN
0.24,20,8,HistGB,HistGB
0.24,20,9,HistGB,HistGB
0.24,20,10,HistGB,KNN
0.24,20,11,HistGB,KNN
0.24,20,12,HistGB,RandomForest
0.24,20,13,HistGB,HistGB
0.24,20,14,HistGB,KNN
0.24,21,0,HistGB,HistGB
0.24,21,1,HistGB,KNN
0.24,21,2,HistGB,KNN
0.24,21,3,HistGB,KNN
0.24,21,4,HistGB,HistGB
0.24,21,5,HistGB,RandomForest
0.24,21,6,HistGB,HistGB
0.24,21,7,HistGB,KNN
0.24,21,8,HistGB,HistGB
0.24,21,9,HistGB,KNN
0.24,21,10,HistGB,KNN
0.24,21,11,HistGB,KNN
0.24,21,12,HistGB,KNN
0.24,21,13,HistGB,HistGB
0.24,21,14,HistGB,HistGB
0.24,22,0,HistGB,HistGB
0.24,22,1,HistGB,KNN
0.24,22,2,HistGB,KNN
0.24,22,3,HistGB,KNN
0.24,22,4,HistGB,KNN
0.24,22,5,HistGB,RandomForest
0.24,22,6,HistGB,KNN
0.24,22,7,HistGB,KNN
0.24,22,8,HistGB,RandomForest
0.24,22,9,HistGB,KNN
0.24,22,10,HistGB,KNN
0.24,22,11,HistGB,KNN
0.24,22,12,HistGB,KNN
0.24,22,13,HistGB,KNN
0.24,22,14,HistGB,HistGB
0.24,23,0,HistGB,KNN
0.24,23,1,HistGB,KNN
0.24,23,2,HistGB,KNN
0.24,23,3,HistGB,KNN
0.24,23,4,HistGB,KNN
0.24,23,5,HistGB,KNN
0.24,23,6,HistGB,KNN
0.24,23,7,HistGB,KNN
0.24,23,8,HistGB,KNN
0.24,23,9,HistGB,RandomForest
0.24,23,10,HistGB,HistGB
0.24,23,11,HistGB,HistGB
0.24,23,12,HistGB,HistGB
0.24,23,13,HistGB,KNN
0.24,23,14,HistGB,RandomForest
0.24,24,0,HistGB,KNN
0.24,24,1,HistGB,KNN
0.24,24,2,HistGB,HistGB
0.24,24,3,HistGB,KNN
0.24,24,4,HistGB,RandomForest
0.24,24,5,HistGB,HistGB
0.24,24,6,HistGB,KNN
0.24,24,7,HistGB,KNN
0.24,24,8,HistGB,KNN
0.24,24,9,HistGB,KNN
0.24,24,10,HistGB,KNN
0.24,24,11,HistGB,KNN
0.24,24,12,HistGB,KNN
0.24,24,13,HistGB,KNN
0.24,24,14,HistGB,KNN
0.27,0,0,HistGB,KNN
0.27,0,1,HistGB,KNN
0.27,0,2,HistGB,HistGB
0.27,0,3,HistGB,KNN
0.27,0,4,HistGB,KNN
0.27,0,5,HistGB,KNN
0.27,0,6,HistGB,KNN
0.27,0,7,HistGB,KNN
0.27,0,8,HistGB,HistGB
0.27,0,9,HistGB,KNN
0.27,0,10,HistGB,KNN
0.27,0,11,HistGB,KNN
0.27,0,12,HistGB,KNN
0.27,0,13,HistGB,KNN
0.27,0,14,HistGB,KNN
0.27,1,0,HistGB,KNN
0.27,1,1,HistGB,KNN
0.27,1,2,HistGB,KNN
0.27,1,3,HistGB,KNN
0.27,1,4,HistGB,KNN
0.27,1,5,HistGB,KNN
0.27,1,6,HistGB,KNN
0.27,1,7,HistGB,KNN
0.27,1,8,HistGB,KNN
0.27,1,9,HistGB,HistGB
0.27,1,10,HistGB,KNN
0.27,1,11,HistGB,KNN
0.27,1,12,HistGB,HistGB
0.27,1,13,HistGB,KNN
0.27,1,14,HistGB,KNN
0.27,2,0,HistGB,KNN
0.27,2,1,HistGB,KNN
0.27,2,2,HistGB,KNN
0.27,2,3,HistGB,KNN
0.27,2,4,HistGB,KNN
0.27,2,5,HistGB,KNN
0.27,2,6,HistGB,KNN
0.27,2,7,HistGB,KNN
0.27,2,8,HistGB,KNN
0.27,2,9,HistGB,RandomForest
0.27,2,10,HistGB,KNN
0.27,2,11,HistGB,KNN
0.27,2,12,HistGB,KNN
0.27,2,13,HistGB,KNN
0.27,2,14,HistGB,KNN
0.27,3,0,HistGB,KNN
0.27,3,1,HistGB,KNN
0.27,3,2,HistGB,KNN
0.27,3,3,HistGB,KNN
0.27,3,4,HistGB,KNN
0.27,3,5,HistGB,KNN
0.27,3,6,HistGB,KNN
0.27,3,7,HistGB,KNN
0.27,3,8,HistGB,KNN
0.27,3,9,HistGB,KNN
0.27,3,10,HistGB,KNN
0.27,3,11,HistGB,KNN
0.27,3,12,HistGB,KNN
0.27,3,13,HistGB,KNN
0.27,3,14,HistGB,HistGB
0.27,4,0,HistGB,KNN
0.27,4,1,HistGB,KNN
0.27,4,2,HistGB,KNN
0.27,4,3,HistGB,KNN
0.27,4,4,HistGB,HistGB
0.27,4,5,HistGB,HistGB
0.27,4,6,HistGB,KNN
0.27,4,7,HistGB,KNN
0.27,4,8,HistGB,KNN
0.27,4,9,HistGB,KNN
0.27,4,10,HistGB,KNN
0.27,4,11,HistGB,KNN
0.27,4,12,HistGB,KNN
0.27,4,13,HistGB,KNN
0.27,4,14,HistGB,KNN
0.27,5,0,HistGB,KNN
0.27,5,1,HistGB,KNN
0.27,5,2,HistGB,KNN
0.27,5,3,HistGB,KNN
0.27,5,4,HistGB,KNN
0.27,5,5,HistGB,KNN
0.27,5,6,HistGB,KNN
0.27,5,7,HistGB,KNN
0.27,5,8,HistGB,KNN
0.27,5,9,HistGB,KNN
0.27,5,10,HistGB,KNN
0.27,5,11,HistGB,KNN
0.27,5,12,HistGB,KNN
0.27,5,13,HistGB,KNN
0.27,5,14,HistGB,KNN
0.27,6,0,HistGB,KNN
0.27,6,1,HistGB,KNN
0.27,6,2,HistGB,KNN
0.27,6,3,HistGB,KNN
0.27,6,4,HistGB,KNN
0.27,6,5,HistGB,KNN
0.27,6,6,HistGB,KNN
0.27,6,7,HistGB,KNN
0.27,6,8,HistGB,RandomForest
0.27,6,9,HistGB,KNN
0.27,6,10,HistGB,KNN
0.27,6,11,HistGB,KNN
0.27,6,12,HistGB,KNN
0.27,6,13,HistGB,KNN
0.27,6,14,HistGB,KNN
0.27,7,0,HistGB,KNN
0.27,7,1,HistGB,KNN
0.27,7,2,HistGB,KNN
0.27,7,3,HistGB,KNN
0.27,7,4,HistGB,HistGB
0.27,7,5,HistGB,KNN
0.27,7,6,HistGB,KNN
0.27,7,7,HistGB,KNN
0.27,7,8,HistGB,KNN
0.27,7,9,HistGB,KNN
0.27,7,10,HistGB,KNN
0.27,7,11,HistGB,KNN
0.27,7,12,HistGB,KNN
0.27,7,13,HistGB,RandomForest
0.27,7,14,HistGB,KNN
0.27,8,0,HistGB,HistGB
0.27,8,1,HistGB,KNN
0.27,8,2,HistGB,KNN
0.27,8,3,HistGB,KNN
0.27,8,4,HistGB,KNN
0.27,8,5,HistGB,KNN
0.27,8,6,HistGB,KNN
0.27,8,7,HistGB,KNN
0.27,8,8,HistGB,KNN
0.27,8,9,HistGB,KNN
0.27,8,10,HistGB,KNN
0.27,8,11,HistGB,KNN
0.27,8,12,HistGB,KNN
0.27,8,13,HistGB,KNN
0.27,8,14,HistGB,KNN
0.27,9,0,HistGB,KNN
0.27,9,1,HistGB,KNN
0.27,9,2,HistGB,HistGB
0.27,9,3,HistGB,KNN
0.27,9,4,HistGB,KNN
0.27,9,5,HistGB,KNN
0.27,9,6,HistGB,KNN
0.27,9,7,HistGB,KNN
0.27,9,8,HistGB,KNN
0.27,9,9,HistGB,KNN
0.27,9,10,HistGB,KNN
0.27,9,11,HistGB,HistGB
0.27,9,12,HistGB,KNN
0.27,9,13,HistGB,KNN
0.27,9,14,HistGB,KNN
0.27,10,0,HistGB,KNN
0.27,10,1,HistGB,KNN
0.27,10,2,HistGB,KNN
0.27,10,3,HistGB,KNN
0.27,10,4,HistGB,KNN
0.27,10,5,HistGB,HistGB
0.27,10,6,HistGB,KNN
0.27,10,7,HistGB,HistGB
0.27,10,8,HistGB,KNN
0.27,10,9,HistGB,KNN
0.27,10,10,HistGB,KNN
0.27,10,11,HistGB,KNN
0.27,10,12,HistGB,KNN
0.27,10,13,HistGB,KNN
0.27,10,14,HistGB,KNN
0.27,11,0,HistGB,KNN
0.27,11,1,HistGB,KNN
0.27,11,2,HistGB,KNN
0.27,11,3,HistGB,KNN
0.27,11,4,HistGB,KNN
0.27,11,5,HistGB,KNN
0.27,11,6,HistGB,KNN
0.27,11,7,HistGB,KNN
0.27,11,8,HistGB,KNN
0.27,11,9,HistGB,KNN
0.27,11,10,HistGB,KNN
0.27,11,11,HistGB,KNN
0.27,11,12,HistGB,KNN
0.27,11,13,HistGB,KNN
0.27,11,14,HistGB,KNN
0.27,12,0,HistGB,KNN
0.27,12,1,HistGB,KNN
0.27,12,2,HistGB,KNN
0.27,12,3,HistGB,KNN
0.27,12,4,HistGB,KNN
0.27,12,5,HistGB,KNN
0.27,12,6,HistGB,KNN
0.27,12,7,HistGB,KNN
0.27,12,8,HistGB,KNN
0.27,12,9,HistGB,KNN
0.27,12,10,HistGB,KNN
0.27,12,11,HistGB,KNN
0.27,12,12,HistGB,KNN
0.27,12,13,HistGB,KNN
0.27,12,14,HistGB,KNN
0.27,13,0,HistGB,KNN
0.27,13,1,HistGB,KNN
0.27,13,2,HistGB,KNN
0.27,13,3,HistGB,KNN
0.27,13,4,HistGB,RandomForest
0.27,13,5,HistGB,HistGB
0.27,13,6,HistGB,KNN
0.27,13,7,HistGB,KNN
0.27,13,8,HistGB,KNN
0.27,13,9,HistGB,RandomForest
0.27,13,10,HistGB,KNN
0.27,13,11,HistGB,KNN
0.27,13,12,HistGB,KNN
0.27,13,13,HistGB,KNN
0.27,13,14,HistGB,KNN
0.27,14,0,HistGB,HistGB
0.27,14,1,HistGB,KNN
0.27,14,2,HistGB,KNN
0.27,14,3,HistGB,KNN
0.27,14,4,HistGB,KNN
0.27,14,5,HistGB,KNN
0.27,14,6,HistGB,KNN
0.27,14,7,HistGB,KNN
0.27,14,8,HistGB,KNN
0.27,14,9,HistGB,KNN
0.27,14,10,HistGB,KNN
0.27,14,11,HistGB,KNN
0.27,14,12,HistGB,KNN
0.27,14,13,HistGB,KNN
0.27,14,14,HistGB,KNN
0.27,15,0,HistGB,KNN
0.27,15,1,HistGB,HistGB
0.27,15,2,HistGB,KNN
0.27,15,3,HistGB,KNN
0.27,15,4,HistGB,RandomForest
0.27,15,5,HistGB,KNN
0.27,15,6,HistGB,HistGB
0.27,15,7,HistGB,KNN
0.27,15,8,HistGB,KNN
0.27,15,9,HistGB,KNN
0.27,15,10,HistGB,KNN
0.27,15,11,HistGB,HistGB
0.27,15,12,HistGB,KNN
0.27,15,13,HistGB,KNN
0.27,15,14,HistGB,KNN
0.27,16,0,HistGB,KNN
0.27,16,1,HistGB,KNN
0.27,16,2,HistGB,KNN
0.27,16,3,HistGB,KNN
0.27,16,4,HistGB,HistGB
0.27,16,5,HistGB,KNN
0.27,16,6,HistGB,KNN
0.27,16,7,HistGB,KNN
0.27,16,8,HistGB,KNN
0.27,16,9,HistGB,KNN
0.27,16,10,HistGB,KNN
0.27,16,11,HistGB,KNN
0.27,16,12,HistGB,KNN
0.27,16,13,HistGB,KNN
0.27,16,14,HistGB,KNN
0.27,17,0,HistGB,KNN
0.27,17,1,HistGB,KNN
0.27,17,2,HistGB,KNN
0.27,17,3,HistGB,KNN
0.27,17,4,HistGB,KNN
0.27,17,5,HistGB,KNN
0.27,17,6,HistGB,KNN
0.27,17,7,HistGB,KNN
0.27,17,8,HistGB,KNN
0.27,17,9,HistGB,KNN
0.27,17,10,HistGB,KNN
0.27,17,11,HistGB,KNN
0.27,17,12,HistGB,KNN
0.27,17,13,HistGB,KNN
0.27,17,14,HistGB,KNN
0.27,18,0,HistGB,KNN
0.27,18,1,HistGB,KNN
0.27,18,2,HistGB,KNN
0.27,18,3,HistGB,KNN
0.27,18,4,HistGB,KNN
0.27,18,5,HistGB,KNN
0.27,18,6,HistGB,KNN
0.27,18,7,HistGB,KNN
0.27,18,8,HistGB,KNN
0.27,18,9,HistGB,KNN
0.27,18,10,HistGB,KNN
0.27,18,11,HistGB,KNN
0.27,18,12,HistGB,KNN
0.27,18,13,HistGB,KNN
0.27,18,14,HistGB,KNN
0.27,19,0,HistGB,KNN
0.27,19,1,HistGB,KNN
0.27,19,2,HistGB,KNN
0.27,19,3,HistGB,KNN
0.27,19,4,HistGB,KNN
0.27,19,5,HistGB,KNN
0.27,19,6,HistGB,KNN
0.27,19,7,HistGB,KNN
0.27,19,8,HistGB,KNN
0.27,19,9,HistGB,KNN
0.27,19,10,HistGB,KNN
0.27,19,11,HistGB,KNN
0.27,19,12,HistGB,KNN
0.27,19,13,HistGB,KNN
0.27,19,14,HistGB,KNN
0.27,20,0,HistGB,KNN
0.27,20,1,HistGB,KNN
0.27,20,2,HistGB,KNN
0.27,20,3,HistGB,KNN
0.27,20,4,HistGB,KNN
0.27,20,5,HistGB,KNN
0.27,20,6,HistGB,KNN
0.27,20,7,HistGB,KNN
0.27,20,8,HistGB,KNN
0.27,20,9,HistGB,KNN
0.27,20,10,HistGB,KNN
0.27,20,11,HistGB,KNN
0.27,20,12,HistGB,HistGB
0.27,20,13,HistGB,KNN
0.27,20,14,HistGB,KNN
0.27,21,0,HistGB,RandomForest
0.27,21,1,HistGB,KNN
0.27,21,2,HistGB,KNN
0.27,21,3,HistGB,KNN
0.27,21,4,HistGB,KNN
0.27,21,5,HistGB,KNN
0.27,21,6,HistGB,KNN
0.27,21,7,HistGB,KNN
0.27,21,8,HistGB,KNN
0.27,21,9,HistGB,KNN
0.27,21,10,HistGB,KNN
0.27,21,11,HistGB,KNN
0.27,21,12,HistGB,KNN
0.27,21,13,HistGB,HistGB
0.27,21,14,HistGB,KNN
0.27,22,0,HistGB,KNN
0.27,22,1,HistGB,KNN
0.27,22,2,HistGB,KNN
0.27,22,3,HistGB,KNN
0.27,22,4,HistGB,KNN
0.27,22,5,HistGB,KNN
0.27,22,6,HistGB,KNN
0.27,22,7,HistGB,KNN
0.27,22,8,HistGB,KNN
0.27,22,9,HistGB,KNN
0.27,22,10,HistGB,KNN
0.27,22,11,HistGB,KNN
0.27,22,12,HistGB,KNN
0.27,22,13,HistGB,KNN
0.27,22,14,HistGB,RandomForest
0.27,23,0,HistGB,KNN
0.27,23,1,HistGB,KNN
0.27,23,2,HistGB,KNN
0.27,23,3,HistGB,KNN
0.27,23,4,HistGB,KNN
0.27,23,5,HistGB,KNN
0.27,23,6,HistGB,KNN
0.27,23,7,HistGB,KNN
0.27,23,8,HistGB,KNN
0.27,23,9,HistGB,KNN
0.27,23,10,HistGB,KNN
0.27,23,11,HistGB,KNN
0.27,23,12,HistGB,KNN
0.27,23,13,HistGB,KNN
0.27,23,14,HistGB,KNN
0.27,24,0,HistGB,KNN
0.27,24,1,HistGB,KNN
0.27,24,2,HistGB,KNN
0.27,24,3,HistGB,KNN
0.27,24,4,HistGB,KNN
0.27,24,5,HistGB,KNN
0.27,24,6,HistGB,KNN
0.27,24,7,HistGB,KNN
0.27,24,8,HistGB,KNN
0.27,24,9,HistGB,HistGB
0.27,24,10,HistGB,KNN
0.27,24,11,HistGB,KNN
0.27,24,12,HistGB,KNN
0.27,24,13,HistGB,KNN
0.27,24,14,HistGB,KNN
0.32,0,0,HistGB,KNN
0.32,0,1,HistGB,KNN
0.32,0,2,HistGB,KNN
0.32,0,3,HistGB,KNN
0.32,0,4,HistGB,KNN
0.32,0,5,HistGB,KNN
0.32,0,6,HistGB,KNN
0.32,0,7,HistGB,KNN
0.32,0,8,HistGB,KNN
0.32,0,9,HistGB,KNN
0.32,0,10,HistGB,KNN
0.32,0,11,HistGB,KNN
0.32,0,12,HistGB,KNN
0.32,0,13,HistGB,KNN
0.32,0,14,HistGB,KNN
0.32,1,0,HistGB,KNN
0.32,1,1,HistGB,KNN
0.32,1,2,HistGB,KNN
0.32,1,3,HistGB,KNN
0.32,1,4,HistGB,KNN
0.32,1,5,HistGB,KNN
0.32,1,6,HistGB,KNN
0.32,1,7,HistGB,KNN
0.32,1,8,HistGB,KNN
0.32,1,9,HistGB,KNN
0.32,1,10,HistGB,KNN
0.32,1,11,HistGB,KNN
0.32,1,12,HistGB,KNN
0.32,1,13,HistGB,KNN
0.32,1,14,HistGB,KNN
0.32,2,0,HistGB,KNN
0.32,2,1,HistGB,KNN
0.32,2,2,HistGB,KNN
0.32,2,3,HistGB,KNN
0.32,2,4,HistGB,KNN
0.32,2,5,HistGB,KNN
0.32,2,6,HistGB,KNN
0.32,2,7,HistGB,KNN
0.32,2,8,HistGB,KNN
0.32,2,9,HistGB,KNN
0.32,2,10,HistGB,KNN
0.32,2,11,HistGB,KNN
0.32,2,12,HistGB,KNN
0.32,2,13,HistGB,KNN
0.32,2,14,HistGB,KNN
0.32,3,0,HistGB,KNN
0.32,3,1,HistGB,KNN
0.32,3,2,HistGB,KNN
0.32,3,3,HistGB,KNN
0.32,3,4,HistGB,KNN
0.32,3,5,HistGB,KNN
0.32,3,6,HistGB,KNN
0.32,3,7,HistGB,KNN
0.32,3,8,HistGB,KNN
0.32,3,9,HistGB,KNN
0.32,3,10,HistGB,KNN
0.32,3,11,HistGB,KNN
0.32,3,12,HistGB,KNN
0.32,3,13,HistGB,KNN
0.32,3,14,HistGB,KNN
0.32,4,0,HistGB,KNN
0.32,4,1,HistGB,KNN
0.32,4,2,HistGB,KNN
0.32,4,3,HistGB,KNN
0.32,4,4,HistGB,KNN
0.32,4,5,HistGB,KNN
0.32,4,6,HistGB,KNN
0.32,4,7,HistGB,KNN
0.32,4,8,HistGB,KNN
0.32,4,9,HistGB,KNN
0.32,4,10,HistGB,KNN
0.32,4,11,HistGB,KNN
0.32,4,12,HistGB,KNN
0.32,4,13,HistGB,KNN
0.32,4,14,HistGB,KNN
0.32,5,0,HistGB,KNN
0.32,5,1,HistGB,KNN
0.32,5,2,HistGB,KNN
0.32,5,3,HistGB,KNN
0.32,5,4,HistGB,KNN
0.32,5,5,HistGB,KNN
0.32,5,6,HistGB,KNN
0.32,5,7,HistGB,KNN
0.32,5,8,HistGB,KNN
0.32,5,9,HistGB,KNN
0.32,5,10,HistGB,KNN
0.32,5,11,HistGB,KNN
0.32,5,12,HistGB,KNN
0.32,5,13,HistGB,KNN
0.32,5,14,HistGB,KNN
0.32,6,0,HistGB,KNN
0.32,6,1,HistGB,KNN
0.32,6,2,HistGB,KNN
0.32,6,3,HistGB,KNN
0.32,6,4,HistGB,KNN
0.32,6,5,HistGB,KNN
0.32,6,6,HistGB,KNN
0.32,6,7,HistGB,KNN
0.32,6,8,HistGB,HistGB
0.32,6,9,HistGB,KNN
0.32,6,10,HistGB,KNN
0.32,6,11,HistGB,KNN
0.32,6,12,HistGB,KNN
0.32,6,13,HistGB,KNN
0.32,6,14,HistGB,KNN
0.32,7,0,HistGB,KNN
0.32,7,1,HistGB,KNN
0.32,7,2,HistGB,KNN
0.32,7,3,HistGB,KNN
0.32,7,4,HistGB,KNN
0.32,7,5,HistGB,KNN
0.32,7,6,HistGB,KNN
0.32,7,7,HistGB,KNN
0.32,7,8,HistGB,KNN
0.32,7,9,HistGB,KNN
0.32,7,10,HistGB,KNN
0.32,7,11,HistGB,KNN
0.32,7,12,HistGB,KNN
0.32,7,13,HistGB,HistGB
0.32,7,14,HistGB,KNN
0.32,8,0,HistGB,KNN
0.32,8,1,HistGB,KNN
0.32,8,2,HistGB,KNN
0.32,8,3,HistGB,KNN
0.32,8,4,HistGB,KNN
0.32,8,5,HistGB,KNN
0.32,8,6,HistGB,KNN
0.32,8,7,HistGB,KNN
0.32,8,8,HistGB,KNN
0.32,8,9,HistGB,KNN
0.32,8,10,HistGB,KNN
0.32,8,11,HistGB,KNN
0.32,8,12,HistGB,KNN
0.32,8,13,HistGB,KNN
0.32,8,14,HistGB,KNN
0.32,9,0,HistGB,KNN
0.32,9,1,HistGB,KNN
0.32,9,2,HistGB,KNN
0.32,9,3,HistGB,KNN
0.32,9,4,HistGB,KNN
0.32,9,5,HistGB,KNN
0.32,9,6,HistGB,KNN
0.32,9,7,HistGB,KNN
0.32,9,8,HistGB,KNN
0.32,9,9,HistGB,KNN
0.32,9,10,HistGB,KNN
0.32,9,11,HistGB,KNN
0.32,9,12,HistGB,KNN
0.32,9,13,HistGB,KNN
0.32,9,14,HistGB,KNN
0.32,10,0,HistGB,KNN
0.32,10,1,HistGB,KNN
0.32,10,2,HistGB,KNN
0.32,10,3,HistGB,KNN
0.32,10,4,HistGB,KNN
0.32,10,5,HistGB,KNN
0.32,10,6,HistGB,KNN
0.32,10,7,HistGB,KNN
0.32,10,8,HistGB,KNN
0.32,10,9,HistGB,KNN
0.32,10,10,HistGB,KNN
0.32,10,11,HistGB,KNN
0.32,10,12,HistGB,KNN
0.32,10,13,HistGB,KNN
0.32,10,14,HistGB,KNN
0.32,11,0,HistGB,KNN
0.32,11,1,HistGB,KNN
0.32,11,2,HistGB,KNN
0.32,11,3,HistGB,KNN
0.32,11,4,HistGB,KNN
0.32,11,5,HistGB,KNN
0.32,11,6,HistGB,KNN
0.32,11,7,HistGB,KNN
0.32,11,8,HistGB,KNN
0.32,11,9,HistGB,KNN
0.32,11,10,HistGB,KNN
0.32,11,11,HistGB,KNN
0.32,11,12,HistGB,KNN
0.32,11,13,HistGB,KNN
0.32,11,14,HistGB,KNN
0.32,12,0,HistGB,KNN
0.32,12,1,HistGB,KNN
0.32,12,2,HistGB,KNN
0.32,12,3,HistGB,KNN
0.32,12,4,HistGB,KNN
0.32,12,5,HistGB,KNN
0.32,12,6,HistGB,KNN
0.32,12,7,HistGB,KNN
0.32,12,8,HistGB,KNN
0.32,12,9,HistGB,KNN
0.32,12,10,HistGB,KNN
0.32,12,11,HistGB,KNN
0.32,12,12,HistGB,KNN
0.32,12,13,HistGB,KNN
0.32,12,14,HistGB,KNN
0.32,13,0,HistGB,KNN
0.32,13,1,HistGB,KNN
0.32,13,2,HistGB,KNN
0.32,13,3,HistGB,KNN
0.32,13,4,HistGB,KNN
0.32,13,5,HistGB,KNN
0.32,13,6,HistGB,KNN
0.32,13,7,HistGB,KNN
0.32,13,8,HistGB,KNN
0.32,13,9,HistGB,KNN
0.32,13,10,HistGB,KNN
0.32,13,11,HistGB,KNN
0.32,13,12,HistGB,KNN
0.32,13,13,HistGB,KNN
0.32,13,14,HistGB,KNN
0.32,14,0,HistGB,KNN
0.32,14,1,HistGB,KNN
0.32,14,2,HistGB,KNN
0.32,14,3,HistGB,KNN
0.32,14,4,HistGB,KNN
0.32,14,5,HistGB,KNN
0.32,14,6,HistGB,KNN
0.32,14,7,HistGB,KNN
0.32,14,8,HistGB,KNN
0.32,14,9,HistGB,KNN
0.32,14,10,HistGB,KNN
0.32,14,11,HistGB,KNN
0.32,14,12,HistGB,KNN
0.32,14,13,HistGB,KNN
0.32,14,14,HistGB,KNN
0.32,15,0,HistGB,KNN
0.32,15,1,HistGB,KNN
0.32,15,2,HistGB,KNN
0.32,15,3,HistGB,KNN
0.32,15,4,HistGB,KNN
0.32,15,5,HistGB,KNN
0.32,15,6,HistGB,KNN
0.32,15,7,HistGB,KNN
0.32,15,8,HistGB,KNN
0.32,15,9,HistGB,KNN
0.32,15,10,HistGB,KNN
0.32,15,11,HistGB,HistGB
0.32,15,12,HistGB,KNN
0.32,15,13,HistGB,KNN
0.32,15,14,HistGB,KNN
0.32,16,0,HistGB,KNN
0.32,16,1,HistGB,KNN
0.32,16,2,HistGB,KNN
0.32,16,3,HistGB,KNN
0.32,16,4,HistGB,KNN
0.32,16,5,HistGB,KNN
0.32,16,6,HistGB,KNN
0.32,16,7,HistGB,KNN
0.32,16,8,HistGB,KNN
0.32,16,9,HistGB,KNN
0.32,16,10,HistGB,KNN
0.32,16,11,HistGB,KNN
0.32,16,12,HistGB,KNN
0.32,16,13,HistGB,KNN
0.32,16,14,HistGB,KNN
0.32,17,0,HistGB,KNN
0.32,17,1,HistGB,KNN
0.32,17,2,HistGB,KNN
0.32,17,3,HistGB,KNN
0.32,17,4,HistGB,KNN
0.32,17,5,HistGB,KNN
0.32,17,6,HistGB,KNN
0.32,17,7,HistGB,KNN
0.32,17,8,HistGB,KNN
0.32,17,9,HistGB,KNN
0.32,17,10,HistGB,KNN
0.32,17,11,HistGB,KNN
0.32,17,12,HistGB,KNN
0.32,17,13,HistGB,KNN
0.32,17,14,HistGB,KNN
0.32,18,0,HistGB,KNN
0.32,18,1,HistGB,KNN
0.32,18,2,HistGB,KNN
0.32,18,3,HistGB,KNN
0.32,18,4,HistGB,KNN
0.32,18,5,HistGB,KNN
0.32,18,6,HistGB,KNN
0.32,18,7,HistGB,KNN
0.32,18,8,HistGB,KNN
0.32,18,9,HistGB,KNN
0.32,18,10,HistGB,KNN
0.32,18,11,HistGB,KNN
0.32,18,12,HistGB,KNN
0.32,18,13,HistGB,KNN
0.32,18,14,HistGB,KNN
0.32,19,0,HistGB,KNN
0.32,19,1,HistGB,KNN
0.32,19,2,HistGB,KNN
0.32,19,3,HistGB,KNN
0.32,19,4,HistGB,KNN
0.32,19,5,HistGB,KNN
0.32,19,6,HistGB,KNN
0.32,19,7,HistGB,KNN
0.32,19,8,HistGB,KNN
0.32,19,9,HistGB,KNN
0.32,19,10,HistGB,KNN
0.32,19,11,HistGB,KNN
0.32,19,12,HistGB,KNN
0.32,19,13,HistGB,KNN
0.32,19,14,HistGB,KNN
0.32,20,0,HistGB,KNN
0.32,20,1,HistGB,KNN
0.32,20,2,HistGB,KNN
0.32,20,3,HistGB,KNN
0.32,20,4,HistGB,KNN
0.32,20,5,HistGB,KNN
0.32,20,6,HistGB,KNN
0.32,20,7,HistGB,KNN
0.32,20,8,HistGB,KNN
0.32,20,9,HistGB,KNN
0.32,20,10,HistGB,KNN
0.32,20,11,HistGB,KNN
0.32,20,12,HistGB,KNN
0.32,20,13,HistGB,KNN
0.32,20,14,HistGB,KNN
0.32,21,0,HistGB,RandomForest
0.32,21,1,HistGB,KNN
0.32,21,2,HistGB,KNN
0.32,21,3,HistGB,KNN
0.32,21,4,HistGB,KNN
0.32,21,5,HistGB,KNN
0.32,21,6,HistGB,KNN
0.32,21,7,HistGB,KNN
0.32,21,8,HistGB,KNN
0.32,21,9,HistGB,KNN
0.32,21,10,HistGB,KNN
0.32,21,11,HistGB,KNN
0.32,21,12,HistGB,KNN
0.32,21,13,HistGB,KNN
0.32,21,14,HistGB,KNN
0.32,22,0,HistGB,KNN
0.32,22,1,HistGB,KNN
0.32,22,2,HistGB,KNN
0.32,22,3,HistGB,KNN
0.32,22,4,HistGB,KNN
0.32,22,5,HistGB,KNN
0.32,22,6,HistGB,KNN
0.32,22,7,HistGB,KNN
0.32,22,8,HistGB,KNN
0.32,22,9,HistGB,KNN
0.32,22,10,HistGB,KNN
0.32,22,11,HistGB,KNN
0.32,22,12,HistGB,KNN
0.32,22,13,HistGB,KNN
0.32,22,14,HistGB,KNN
0.32,23,0,HistGB,KNN
0.32,23,1,HistGB,KNN
0.32,23,2,HistGB,KNN
0.32,23,3,HistGB,KNN
0.32,23,4,HistGB,KNN
0.32,23,5,HistGB,KNN
0.32,23,6,HistGB,KNN
0.32,23,7,HistGB,KNN
0.32,23,8,HistGB,KNN
0.32,23,9,HistGB,KNN
0.32,23,10,HistGB,KNN
0.32,23,11,HistGB,KNN
0.32,23,12,HistGB,KNN
0.32,23,13,HistGB,KNN
0.32,23,14,HistGB,KNN
0.32,24,0,HistGB,KNN
0.32,24,1,HistGB,KNN
0.32,24,2,HistGB,KNN
0.32,24,3,HistGB,KNN
0.32,24,4,HistGB,KNN
0.32,24,5,HistGB,KNN
0.32,24,6,HistGB,KNN
0.32,24,7,HistGB,KNN
0.32,24,8,HistGB,KNN
0.32,24,9,HistGB,KNN
0.32,24,10,HistGB,KNN
0.32,24,11,HistGB,KNN
0.32,24,12,HistGB,KNN
0.32,24,13,HistGB,KNN
0.32,24,14,HistGB,KNN
0.4,0,0,HistGB,KNN
0.4,0,1,HistGB,KNN
0.4,0,2,HistGB,KNN
0.4,0,3,HistGB,KNN
0.4,0,4,HistGB,KNN
0.4,0,5,HistGB,KNN
0.4,0,6,HistGB,KNN
0.4,0,7,HistGB,KNN
0.4,0,8,HistGB,KNN
0.4,0,9,HistGB,KNN
0.4,0,10,HistGB,KNN
0.4,0,11,HistGB,KNN
0.4,0,12,HistGB,KNN
0.4,0,13,HistGB,KNN
0.4,0,14,HistGB,KNN
0.4,1,0,HistGB,KNN
0.4,1,1,HistGB,KNN
0.4,1,2,HistGB,KNN
0.4,1,3,HistGB,KNN
0.4,1,4,HistGB,KNN
0.4,1,5,HistGB,KNN
0.4,1,6,HistGB,KNN
0.4,1,7,HistGB,KNN
0.4,1,8,HistGB,KNN
0.4,1,9,HistGB,KNN
0.4,1,10,HistGB,KNN
0.4,1,11,HistGB,KNN
0.4,1,12,HistGB,KNN
0.4,1,13,HistGB,KNN
0.4,1,14,HistGB,KNN
0.4,2,0,HistGB,KNN
0.4,2,1,HistGB,KNN
0.4,2,2,HistGB,KNN
0.4,2,3,HistGB,KNN
0.4,2,4,HistGB,KNN
0.4,2,5,HistGB,KNN
0.4,2,6,HistGB,KNN
0.4,2,7,HistGB,KNN
0.4,2,8,HistGB,KNN
0.4,2,9,HistGB,KNN
0.4,2,10,HistGB,KNN
0.4,2,11,HistGB,KNN
0.4,2,12,HistGB,KNN
0.4,2,13,HistGB,KNN
0.4,2,14,HistGB,KNN
0.4,3,0,HistGB,KNN
0.4,3,1,HistGB,KNN
0.4,3,2,HistGB,KNN
0.4,3,3,HistGB,KNN
0.4,3,4,HistGB,KNN
0.4,3,5,HistGB,KNN
0.4,3,6,HistGB,KNN
0.4,3,7,HistGB,KNN
0.4,3,8,HistGB,KNN
0.4,3,9,HistGB,KNN
0.4,3,10,HistGB,KNN
0.4,3,11,HistGB,KNN
0.4,3,12,HistGB,KNN
0.4,3,13,HistGB,KNN
0.4,3,14,HistGB,KNN
0.4,4,0,HistGB,KNN
0.4,4,1,HistGB,KNN
0.4,4,2,HistGB,KNN
0.4,4,3,HistGB,KNN
0.4,4,4,HistGB,KNN
0.4,4,5,HistGB,KNN
0.4,4,6,HistGB,KNN
0.4,4,7,HistGB,KNN
0.4,4,8,HistGB,KNN
0.4,4,9,HistGB,KNN
0.4,4,10,HistGB,KNN
0.4,4,11,HistGB,KNN
0.4,4,12,HistGB,KNN
0.4,4,13,HistGB,KNN
0.4,4,14,HistGB,KNN
0.4,5,0,HistGB,KNN
0.4,5,1,HistGB,KNN
0.4,5,2,HistGB,KNN
0.4,5,3,HistGB,KNN
0.4,5,4,HistGB,KNN
0.4,5,5,HistGB,KNN
0.4,5,6,HistGB,KNN
0.4,5,7,HistGB,KNN
0.4,5,8,HistGB,KNN
0.4,5,9,HistGB,KNN
0.4,5,10,HistGB,KNN
0.4,5,11,HistGB,KNN
0.4,5,12,HistGB,KNN
0.4,5,13,HistGB,KNN
0.4,5,14,HistGB,KNN
0.4,6,0,HistGB,KNN
0.4,6,1,HistGB,KNN
0.4,6,2,HistGB,KNN
0.4,6,3,HistGB,KNN
0.4,6,4,HistGB,KNN
0.4,6,5,HistGB,KNN
0.4,6,6,HistGB,KNN
0.4,6,7,HistGB,KNN
0.4,6,8,HistGB,KNN
0.4,6,9,HistGB,KNN
0.4,6,10,HistGB,KNN
0.4,6,11,HistGB,KNN
0.4,6,12,HistGB,KNN
0.4,6,13,HistGB,KNN
0.4,6,14,HistGB,KNN
0.4,7,0,HistGB,KNN
0.4,7,1,HistGB,KNN
0.4,7,2,HistGB,KNN
0.4,7,3,HistGB,KNN
0.4,7,4,HistGB,KNN
0.4,7,5,HistGB,KNN
0.4,7,6,HistGB,KNN
0.4,7,7,HistGB,KNN
0.4,7,8,HistGB,KNN
0.4,7,9,HistGB,KNN
0.4,7,10,HistGB,KNN
0.4,7,11,HistGB,KNN
0.4,7,12,HistGB,KNN
0.4,7,13,HistGB,KNN
0.4,7,14,HistGB,KNN
0.4,8,0,HistGB,KNN
0.4,8,1,HistGB,KNN
0.4,8,2,HistGB,KNN
0.4,8,3,HistGB,KNN
0.4,8,4,HistGB,KNN
0.4,8,5,HistGB,KNN
0.4,8,6,HistGB,KNN
0.4,8,7,HistGB,KNN
0.4,8,8,HistGB,KNN
0.4,8,9,HistGB,KNN
0.4,8,10,HistGB,KNN
0.4,8,11,HistGB,KNN
0.4,8,12,HistGB,KNN
0.4,8,13,HistGB,KNN
0.4,8,14,HistGB,KNN
0.4,9,0,HistGB,KNN
0.4,9,1,HistGB,KNN
0.4,9,2,HistGB,KNN
0.4,9,3,HistGB,KNN
0.4,9,4,HistGB,KNN
0.4,9,5,HistGB,KNN
0.4,9,6,HistGB,KNN
0.4,9,7,HistGB,KNN
0.4,9,8,HistGB,KNN
0.4,9,9,HistGB,KNN
0.4,9,10,HistGB,KNN
0.4,9,11,HistGB,KNN
0.4,9,12,HistGB,KNN
0.4,9,13,HistGB,KNN
0.4,9,14,HistGB,KNN
0.4,10,0,HistGB,KNN
0.4,10,1,HistGB,KNN
0.4,10,2,HistGB,KNN
0.4,10,3,HistGB,KNN
0.4,10,4,HistGB,KNN
0.4,10,5,HistGB,KNN
0.4,10,6,HistGB,KNN
0.4,10,7,HistGB,KNN
0.4,10,8,HistGB,KNN
0.4,10,9,HistGB,KNN
0.4,10,10,HistGB,KNN
0.4,10,11,HistGB,KNN
0.4,10,12,HistGB,KNN
0.4,10,13,HistGB,KNN
0.4,10,14,HistGB,KNN
0.4,11,0,HistGB,KNN
0.4,11,1,HistGB,KNN
0.4,11,2,HistGB,KNN
0.4,11,3,HistGB,KNN
0.4,11,4,HistGB,KNN
0.4,11,5,HistGB,KNN
0.4,11,6,HistGB,KNN
0.4,11,7,HistGB,KNN
0.4,11,8,HistGB,KNN
0.4,11,9,HistGB,KNN
0.4,11,10,HistGB,KNN
0.4,11,11,HistGB,KNN
0.4,11,12,HistGB,KNN
0.4,11,13,HistGB,KNN
0.4,11,14,HistGB,KNN
0.4,12,0,HistGB,KNN
0.4,12,1,HistGB,KNN
0.4,12,2,HistGB,KNN
0.4,12,3,HistGB,KNN
0.4,12,4,HistGB,KNN
0.4,12,5,HistGB,KNN
0.4,12,6,HistGB,KNN
0.4,12,7,HistGB,KNN
0.4,12,8,HistGB,KNN
0.4,12,9,HistGB,KNN
0.4,12,10,HistGB,KNN
0.4,12,11,HistGB,KNN
0.4,12,12,HistGB,KNN
0.4,12,13,HistGB,KNN
0.4,12,14,HistGB,KNN
0.4,13,0,HistGB,KNN
0.4,13,1,HistGB,KNN
0.4,13,2,HistGB,KNN
0.4,13,3,HistGB,KNN
0.4,13,4,HistGB,KNN
0.4,13,5,HistGB,KNN
0.4,13,6,HistGB,KNN
0.4,13,7,HistGB,KNN
0.4,13,8,HistGB,KNN
0.4,13,9,HistGB,KNN
0.4,13,10,HistGB,KNN
0.4,13,11,HistGB,KNN
0.4,13,12,HistGB,KNN
0.4,13,13,HistGB,KNN
0.4,13,14,HistGB,KNN
0.4,14,0,HistGB,KNN
0.4,14,1,HistGB,KNN
0.4,14,2,HistGB,KNN
0.4,14,3,HistGB,KNN
0.4,14,4,HistGB,KNN
0.4,14,5,HistGB,KNN
0.4,14,6,HistGB,KNN
0.4,14,7,HistGB,KNN
0.4,14,8,HistGB,KNN
0.4,14,9,HistGB,KNN
0.4,14,10,HistGB,KNN
0.4,14,11,HistGB,KNN
0.4,14,12,HistGB,KNN
0.4,14,13,HistGB,KNN
0.4,14,14,HistGB,KNN
0.4,15,0,HistGB,KNN
0.4,15,1,HistGB,KNN
0.4,15,2,HistGB,KNN
0.4,15,3,HistGB,KNN
0.4,15,4,HistGB,KNN
0.4,15,5,HistGB,KNN
0.4,15,6,HistGB,KNN
0.4,15,7,HistGB,KNN
0.4,15,8,HistGB,KNN
0.4,15,9,HistGB,KNN
0.4,15,10,HistGB,KNN
0.4,15,11,HistGB,KNN
0.4,15,12,HistGB,KNN
0.4,15,13,HistGB,KNN
0.4,15,14,HistGB,KNN
0.4,16,0,HistGB,KNN
0.4,16,1,HistGB,KNN
0.4,16,2,HistGB,KNN
0.4,16,3,HistGB,KNN
0.4,16,4,HistGB,KNN
0.4,16,5,HistGB,KNN
0.4,16,6,HistGB,KNN
0.4,16,7,HistGB,KNN
0.4,16,8,HistGB,KNN
0.4,16,9,HistGB,KNN
0.4,16,10,HistGB,KNN
0.4,16,11,HistGB,KNN
0.4,16,12,HistGB,KNN
0.4,16,13,HistGB,KNN
0.4,16,14,HistGB,KNN
0.4,17,0,HistGB,KNN
0.4,17,1,HistGB,KNN
0.4,17,2,HistGB,KNN
0.4,17,3,HistGB,KNN
0.4,17,4,HistGB,KNN
0.4,17,5,HistGB,KNN
0.4,17,6,HistGB,KNN
0.4,17,7,HistGB,KNN
0.4,17,8,HistGB,KNN
0.4,17,9,HistGB,KNN
0.4,17,10,HistGB,KNN
0.4,17,11,HistGB,KNN
0.4,17,12,HistGB,KNN
0.4,17,13,HistGB,KNN
0.4,17,14,HistGB,KNN
0.4,18,0,HistGB,KNN
0.4,18,1,HistGB,KNN
0.4,18,2,HistGB,KNN
0.4,18,3,HistGB,KNN
0.4,18,4,HistGB,KNN
0.4,18,5,HistGB,KNN
0.4,18,6,HistGB,KNN
0.4,18,7,HistGB,KNN
0.4,18,8,HistGB,KNN
0.4,18,9,HistGB,KNN
0.4,18,10,HistGB,KNN
0.4,18,11,HistGB,KNN
0.4,18,12,HistGB,KNN
0.4,18,13,HistGB,KNN
0.4,18,14,HistGB,KNN
0.4,19,0,HistGB,KNN
0.4,19,1,HistGB,KNN
0.4,19,2,HistGB,KNN
0.4,19,3,HistGB,KNN
0.4,19,4,HistGB,KNN
0.4,19,5,HistGB,KNN
0.4,19,6,HistGB,KNN
0.4,19,7,HistGB,KNN
0.4,19,8,HistGB,KNN
0.4,19,9,HistGB,KNN
0.4,19,10,HistGB,KNN
0.4,19,11,HistGB,KNN
0.4,19,12,HistGB,KNN
0.4,19,13,HistGB,KNN
0.4,19,14,HistGB,KNN
0.4,20,0,HistGB,KNN
0.4,20,1,HistGB,KNN
0.4,20,2,HistGB,KNN
0.4,20,3,HistGB,KNN
0.4,20,4,HistGB,KNN
0.4,20,5,HistGB,KNN
0.4,20,6,HistGB,KNN
0.4,20,7,HistGB,KNN
0.4,20,8,HistGB,KNN
0.4,20,9,HistGB,KNN
0.4,20,10,HistGB,KNN
0.4,20,11,HistGB,KNN
0.4,20,12,HistGB,KNN
0.4,20,13,HistGB,KNN
0.4,20,14,HistGB,KNN
0.4,21,0,HistGB,KNN
0.4,21,1,HistGB,KNN
0.4,21,2,HistGB,KNN
0.4,21,3,HistGB,KNN
0.4,21,4,HistGB,KNN
0.4,21,5,HistGB,KNN
0.4,21,6,HistGB,KNN
0.4,21,7,HistGB,KNN
0.4,21,8,HistGB,KNN
0.4,21,9,HistGB,KNN
0.4,21,10,HistGB,KNN
0.4,21,11,HistGB,KNN
0.4,21,12,HistGB,KNN
0.4,21,13,HistGB,KNN
0.4,21,14,HistGB,KNN
0.4,22,0,HistGB,KNN
0.4,22,1,HistGB,KNN
0.4,22,2,HistGB,KNN
0.4,22,3,HistGB,KNN
0.4,22,4,HistGB,KNN
0.4,22,5,HistGB,KNN
0.4,22,6,HistGB,KNN
0.4,22,7,HistGB,KNN
0.4,22,8,HistGB,KNN
0.4,22,9,HistGB,KNN
0.4,22,10,HistGB,KNN
0.4,22,11,HistGB,KNN
0.4,22,12,HistGB,KNN
0.4,22,13,HistGB,KNN
0.4,22,14,HistGB,KNN
0.4,23,0,HistGB,KNN
0.4,23,1,HistGB,KNN
0.4,23,2,HistGB,KNN
0.4,23,3,HistGB,KNN
0.4,23,4,HistGB,KNN
0.4,23,5,HistGB,KNN
0.4,23,6,HistGB,KNN
0.4,23,7,HistGB,KNN
0.4,23,8,HistGB,KNN
0.4,23,9,HistGB,KNN
0.4,23,10,HistGB,KNN
0.4,23,11,HistGB,KNN
0.4,23,12,HistGB,KNN
0.4,23,13,HistGB,KNN
0.4,23,14,HistGB,KNN
0.4,24,0,HistGB,KNN
0.4,24,1,HistGB,KNN
0.4,24,2,HistGB,KNN
0.4,24,3,HistGB,KNN
0.4,24,4,HistGB,KNN
0.4,24,5,HistGB,KNN
0.4,24,6,HistGB,KNN
0.4,24,7,HistGB,KNN
0.4,24,8,HistGB,KNN
0.4,24,9,HistGB,KNN
0.4,24,10,HistGB,KNN
0.4,24,11,HistGB,KNN
0.4,24,12,HistGB,KNN
0.4,24,13,HistGB,KNN
0.4,24,14,HistGB,KNN
0.5,0,0,HistGB,KNN
0.5,0,1,HistGB,KNN
0.5,0,2,HistGB,KNN
0.5,0,3,HistGB,KNN
0.5,0,4,HistGB,KNN
0.5,0,5,HistGB,KNN
0.5,0,6,HistGB,KNN
0.5,0,7,HistGB,KNN
0.5,0,8,HistGB,KNN
0.5,0,9,HistGB,KNN
0.5,0,10,HistGB,KNN
0.5,0,11,HistGB,KNN
0.5,0,12,HistGB,KNN
0.5,0,13,HistGB,KNN
0.5,0,14,HistGB,KNN
0.5,1,0,HistGB,KNN
0.5,1,1,HistGB,KNN
0.5,1,2,HistGB,KNN
0.5,1,3,HistGB,KNN
0.5,1,4,HistGB,KNN
0.5,1,5,HistGB,KNN
0.5,1,6,HistGB,KNN
0.5,1,7,HistGB,KNN
0.5,1,8,HistGB,KNN
0.5,1,9,HistGB,KNN
0.5,1,10,HistGB,KNN
0.5,1,11,HistGB,KNN
0.5,1,12,HistGB,KNN
0.5,1,13,HistGB,KNN
0.5,1,14,HistGB,KNN
0.5,2,0,HistGB,KNN
0.5,2,1,HistGB,KNN
0.5,2,2,HistGB,KNN
0.5,2,3,HistGB,KNN
0.5,2,4,HistGB,KNN
0.5,2,5,HistGB,KNN
0.5,2,6,HistGB,KNN
0.5,2,7,HistGB,KNN
0.5,2,8,HistGB,KNN
0.5,2,9,HistGB,KNN
0.5,2,10,HistGB,KNN
0.5,2,11,HistGB,KNN
0.5,2,12,HistGB,KNN
0.5,2,13,HistGB,KNN
0.5,2,14,HistGB,KNN
0.5,3,0,HistGB,KNN
0.5,3,1,HistGB,KNN
0.5,3,2,HistGB,KNN
0.5,3,3,HistGB,KNN
0.5,3,4,HistGB,KNN
0.5,3,5,HistGB,KNN
0.5,3,6,HistGB,KNN
0.5,3,7,HistGB,KNN
0.5,3,8,HistGB,KNN
0.5,3,9,HistGB,KNN
0.5,3,10,HistGB,KNN
0.5,3,11,HistGB,KNN
0.5,3,12,HistGB,KNN
0.5,3,13,HistGB,KNN
0.5,3,14,HistGB,KNN
0.5,4,0,HistGB,KNN
0.5,4,1,HistGB,KNN
0.5,4,2,HistGB,KNN
0.5,4,3,HistGB,KNN
0.5,4,4,HistGB,KNN
0.5,4,5,HistGB,KNN
0.5,4,6,HistGB,KNN
0.5,4,7,HistGB,KNN
0.5,4,8,HistGB,KNN
0.5,4,9,HistGB,KNN
0.5,4,10,HistGB,KNN
0.5,4,11,HistGB,KNN
0.5,4,12,HistGB,KNN
0.5,4,13,HistGB,KNN
0.5,4,14,HistGB,KNN
0.5,5,0,HistGB,KNN
0.5,5,1,HistGB,KNN
0.5,5,2,HistGB,KNN
0.5,5,3,HistGB,KNN
0.5,5,4,HistGB,KNN
0.5,5,5,HistGB,KNN
0.5,5,6,HistGB,KNN
0.5,5,7,HistGB,KNN
0.5,5,8,HistGB,KNN
0.5,5,9,HistGB,KNN
0.5,5,10,HistGB,KNN
0.5,5,11,HistGB,KNN
0.5,5,12,HistGB,KNN
0.5,5,13,HistGB,KNN
0.5,5,14,HistGB,KNN
0.5,6,0,HistGB,KNN
0.5,6,1,HistGB,KNN
0.5,6,2,HistGB,KNN
0.5,6,3,HistGB,KNN
0.5,6,4,HistGB,KNN
0.5,6,5,HistGB,KNN
0.5,6,6,HistGB,KNN
0.5,6,7,HistGB,KNN
0.5,6,8,HistGB,KNN
0.5,6,9,HistGB,KNN
0.5,6,10,HistGB,KNN
0.5,6,11,HistGB,KNN
0.5,6,12,HistGB,KNN
0.5,6,13,HistGB,KNN
0.5,6,14,HistGB,KNN
0.5,7,0,HistGB,KNN
0.5,7,1,HistGB,KNN
0.5,7,2,HistGB,KNN
0.5,7,3,HistGB,KNN
0.5,7,4,HistGB,KNN
0.5,7,5,HistGB,KNN
0.5,7,6,HistGB,KNN
0.5,7,7,HistGB,KNN
0.5,7,8,HistGB,KNN
0.5,7,9,HistGB,KNN
0.5,7,10,HistGB,KNN
0.5,7,11,HistGB,KNN
0.5,7,12,HistGB,KNN
0.5,7,13,HistGB,KNN
0.5,7,14,HistGB,KNN
0.5,8,0,HistGB,KNN
0.5,8,1,HistGB,KNN
0.5,8,2,HistGB,KNN
0.5,8,3,HistGB,KNN
0.5,8,4,HistGB,KNN
0.5,8,5,HistGB,KNN
0.5,8,6,HistGB,KNN
0.5,8,7,HistGB,KNN
0.5,8,8,HistGB,KNN
0.5,8,9,HistGB,KNN
0.5,8,10,HistGB,KNN
0.5,8,11,HistGB,KNN
0.5,8,12,HistGB,KNN
0.5,8,13,HistGB,KNN
0.5,8,14,HistGB,KNN
0.5,9,0,HistGB,KNN
0.5,9,1,HistGB,KNN
0.5,9,2,HistGB,KNN
0.5,9,3,HistGB,KNN
0.5,9,4,HistGB,KNN
0.5,9,5,HistGB,KNN
0.5,9,6,HistGB,KNN
0.5,9,7,HistGB,KNN
0.5,9,8,HistGB,KNN
0.5,9,9,HistGB,KNN
0.5,9,10,HistGB,KNN
0.5,9,11,HistGB,KNN
0.5,9,12,HistGB,KNN
0.5,9,13,HistGB,KNN
0.5,9,14,HistGB,KNN
0.5,10,0,HistGB,KNN
0.5,10,1,HistGB,KNN
0.5,10,2,HistGB,KNN
0.5,10,3,HistGB,KNN
0.5,10,4,HistGB,KNN
0.5,10,5,HistGB,KNN
0.5,10,6,HistGB,KNN
0.5,10,7,HistGB,KNN
0.5,10,8,HistGB,KNN
0.5,10,9,HistGB,KNN
0.5,10,10,HistGB,KNN
0.5,10,11,HistGB,KNN
0.5,10,12,HistGB,KNN
0.5,10,13,HistGB,KNN
0.5,10,14,HistGB,KNN
0.5,11,0,HistGB,KNN
0.5,11,1,HistGB,KNN
0.5,11,2,HistGB,KNN
0.5,11,3,HistGB,KNN
0.5,11,4,HistGB,KNN
0.5,11,5,HistGB,KNN
0.5,11,6,HistGB,KNN
0.5,11,7,HistGB,KNN
0.5,11,8,HistGB,KNN
0.5,11,9,HistGB,KNN
0.5,11,10,HistGB,KNN
0.5,11,11,HistGB,KNN
0.5,11,12,HistGB,KNN
0.5,11,13,HistGB,KNN
0.5,11,14,HistGB,KNN
0.5,12,0,HistGB,KNN
0.5,12,1,HistGB,KNN
0.5,12,2,HistGB,KNN
0.5,12,3,HistGB,KNN
0.5,12,4,HistGB,KNN
0.5,12,5,HistGB,KNN
0.5,12,6,HistGB,KNN
0.5,12,7,HistGB,KNN
0.5,12,8,HistGB,KNN
0.5,12,9,HistGB,KNN
0.5,12,10,HistGB,KNN
0.5,12,11,HistGB,KNN
0.5,12,12,HistGB,KNN
0.5,12,13,HistGB,KNN
0.5,12,14,HistGB,KNN
0.5,13,0,HistGB,KNN
0.5,13,1,HistGB,KNN
0.5,13,2,HistGB,KNN
0.5,13,3,HistGB,KNN
0.5,13,4,HistGB,KNN
0.5,13,5,HistGB,KNN
0.5,13,6,HistGB,KNN
0.5,13,7,HistGB,KNN
0.5,13,8,HistGB,KNN
0.5,13,9,HistGB,KNN
0.5,13,10,HistGB,KNN
0.5,13,11,HistGB,KNN
0.5,13,12,HistGB,KNN
0.5,13,13,HistGB,KNN
0.5,13,14,HistGB,KNN
0.5,14,0,HistGB,KNN
0.5,14,1,HistGB,KNN
0.5,14,2,HistGB,KNN
0.5,14,3,HistGB,KNN
0.5,14,4,HistGB,KNN
0.5,14,5,HistGB,KNN
0.5,14,6,HistGB,KNN
0.5,14,7,HistGB,KNN
0.5,14,8,HistGB,KNN
0.5,14,9,HistGB,KNN
0.5,14,10,HistGB,KNN
0.5,14,11,HistGB,KNN
0.5,14,12,HistGB,KNN
0.5,14,13,HistGB,KNN
0.5,14,14,HistGB,KNN
0.5,15,0,HistGB,KNN
0.5,15,1,HistGB,KNN
0.5,15,2,HistGB,KNN
0.5,15,3,HistGB,KNN
0.5,15,4,HistGB,KNN
0.5,15,5,HistGB,KNN
0.5,15,6,HistGB,KNN
0.5,15,7,HistGB,KNN
0.5,15,8,HistGB,KNN
0.5,15,9,HistGB,KNN
0.5,15,10,HistGB,KNN
0.5,15,11,HistGB,KNN
0.5,15,12,HistGB,KNN
0.5,15,13,HistGB,KNN
0.5,15,14,HistGB,KNN
0.5,16,0,HistGB,KNN
0.5,16,1,HistGB,KNN
0.5,16,2,HistGB,KNN
0.5,16,3,HistGB,KNN
0.5,16,4,HistGB,KNN
0.5,16,5,HistGB,KNN
0.5,16,6,HistGB,KNN
0.5,16,7,HistGB,KNN
0.5,16,8,HistGB,KNN
0.5,16,9,HistGB,KNN
0.5,16,10,HistGB,KNN
0.5,16,11,HistGB,KNN
0.5,16,12,HistGB,KNN
0.5,16,13,HistGB,KNN
0.5,16,14,HistGB,KNN
0.5,17,0,HistGB,KNN
0.5,17,1,HistGB,KNN
0.5,17,2,HistGB,KNN
0.5,17,3,HistGB,KNN
0.5,17,4,HistGB,KNN
0.5,17,5,HistGB,KNN
0.5,17,6,HistGB,KNN
0.5,17,7,HistGB,KNN
0.5,17,8,HistGB,KNN
0.5,17,9,HistGB,KNN
0.5,17,10,HistGB,KNN
0.5,17,11,HistGB,KNN
0.5,17,12,HistGB,KNN
0.5,17,13,HistGB,KNN
0.5,17,14,HistGB,KNN
0.5,18,0,HistGB,KNN
0.5,18,1,HistGB,KNN
0.5,18,2,HistGB,KNN
0.5,18,3,HistGB,KNN
0.5,18,4,HistGB,KNN
0.5,18,5,HistGB,KNN
0.5,18,6,HistGB,KNN
0.5,18,7,HistGB,KNN
0.5,18,8,HistGB,KNN
0.5,18,9,HistGB,KNN
0.5,18,10,HistGB,KNN
0.5,18,11,HistGB,KNN
0.5,18,12,HistGB,KNN
0.5,18,13,HistGB,KNN
0.5,18,14,HistGB,KNN
0.5,19,0,HistGB,KNN
0.5,19,1,HistGB,KNN
0.5,19,2,HistGB,KNN
0.5,19,3,HistGB,KNN
0.5,19,4,HistGB,KNN
0.5,19,5,HistGB,KNN
0.5,19,6,HistGB,KNN
0.5,19,7,HistGB,KNN
0.5,19,8,HistGB,KNN
0.5,19,9,HistGB,KNN
0.5,19,10,HistGB,KNN
0.5,19,11,HistGB,KNN
0.5,19,12,HistGB,KNN
0.5,19,13,HistGB,KNN
0.5,19,14,HistGB,KNN
0.5,20,0,HistGB,KNN
0.5,20,1,HistGB,KNN
0.5,20,2,HistGB,KNN
0.5,20,3,HistGB,KNN
0.5,20,4,HistGB,KNN
0.5,20,5,HistGB,KNN
0.5,20,6,HistGB,KNN
0.5,20,7,HistGB,KNN
0.5,20,8,HistGB,KNN
0.5,20,9,HistGB,KNN
0.5,20,10,HistGB,KNN
0.5,20,11,HistGB,KNN
0.5,20,12,HistGB,KNN
0.5,20,13,HistGB,KNN
0.5,20,14,HistGB,KNN
0.5,21,0,HistGB,KNN
0.5,21,1,HistGB,KNN
0.5,21,2,HistGB,KNN
0.5,21,3,HistGB,KNN
0.5,21,4,HistGB,KNN
0.5,21,5,HistGB,KNN
0.5,21,6,HistGB,KNN
0.5,21,7,HistGB,KNN
0.5,21,8,HistGB,KNN
0.5,21,9,HistGB,KNN
0.5,21,10,HistGB,KNN
0.5,21,11,HistGB,KNN
0.5,21,12,HistGB,KNN
0.5,21,13,HistGB,KNN
0.5,21,14,HistGB,KNN
0.5,22,0,HistGB,KNN
0.5,22,1,HistGB,KNN
0.5,22,2,HistGB,KNN
0.5,22,3,HistGB,KNN
0.5,22,4,HistGB,KNN
0.5,22,5,HistGB,KNN
0.5,22,6,HistGB,KNN
0.5,22,7,HistGB,KNN
0.5,22,8,HistGB,KNN
0.5,22,9,HistGB,KNN
0.5,22,10,HistGB,KNN
0.5,22,11,HistGB,KNN
0.5,22,12,HistGB,KNN
0.5,22,13,HistGB,KNN
0.5,22,14,HistGB,KNN
0.5,23,0,HistGB,KNN
0.5,23,1,HistGB,KNN
0.5,23,2,HistGB,KNN
0.5,23,3,HistGB,KNN
0.5,23,4,HistGB,KNN
0.5,23,5,HistGB,KNN
0.5,23,6,HistGB,KNN
0.5,23,7,HistGB,KNN
0.5,23,8,HistGB,KNN
0.5,23,9,HistGB,KNN
0.5,23,10,HistGB,KNN
0.5,23,11,HistGB,KNN
0.5,23,12,HistGB,KNN
0.5,23,13,HistGB,KNN
0.5,23,14,HistGB,KNN
0.5,24,0,HistGB,KNN
0.5,24,1,HistGB,KNN
0.5,24,2,HistGB,KNN
0.5,24,3,HistGB,KNN
0.5,24,4,HistGB,KNN
0.5,24,5,HistGB,KNN
0.5,24,6,HistGB,KNN
0.5,24,7,HistGB,KNN
0.5,24,8,HistGB,KNN
0.5,24,9,HistGB,KNN
0.5,24,10,HistGB,KNN
0.5,24,11,HistGB,KNN
0.5,24,12,HistGB,KNN
0.5,24,13,HistGB,KNN
0.5,24,14,HistGB,KNN
