radius,outer,clean_final_choice,sr_final_choice,oracle_choice,clean_test_sr,sr_test_sr,oracle_test_sr,clean_regret,sr_regret,clean_oracle_match,sr_oracle_match,test_sr_OLS,test_sr_RidgeCV,test_sr_LassoCV,test_sr_KNN,test_sr_RandomForest,test_sr_HistGB,clean_vote_OLS,clean_vote_RidgeCV,clean_vote_LassoCV,clean_vote_KNN,clean_vote_RandomForest,clean_vote_HistGB,sr_vote_OLS,sr_vote_RidgeCV,sr_vote_LassoCV,sr_vote_KNN,sr_vote_RandomForest,sr_vote_HistGB
0.0,0,HistGB,HistGB,HistGB,11.760155104475219,11.760155104475219,11.760155104475219,0.0,0.0,1,1,20.561485599673052,20.561550189921693,20.56134918953141,16.712860826663256,15.021511178214515,11.760155104475219,0,0,0,0,0,15,0,0,0,0,0,15
0.0,1,HistGB,HistGB,HistGB,13.73168860179165,13.73168860179165,13.73168860179165,0.0,0.0,1,1,22.234696738811987,22.2344588144965,22.2343879384934,18.554607271747013,17.094931281070952,13.73168860179165,0,0,0,0,0,15,0,0,0,0,0,15
0.0,2,HistGB,HistGB,HistGB,12.032461022034239,12.032461022034239,12.032461022034239,0.0,0.0,1,1,20.560486310199966,20.560912557965725,20.560808701231192,17.294565601799835,14.905902093243498,12.032461022034239,0,0,0,0,0,15,0,0,0,0,0,15
0.0,3,HistGB,HistGB,HistGB,12.507296971676508,12.507296971676508,12.507296971676508,0.0,0.0,1,1,20.229018760575247,20.22905673211694,20.229321557741375,17.083764160481746,15.698783372543698,12.507296971676508,0,0,0,0,0,15,0,0,0,0,0,15
0.0,4,HistGB,HistGB,HistGB,11.663767967150225,11.663767967150225,11.663767967150225,0.0,0.0,1,1,20.550562928808915,20.551248270061386,20.55079644560702,17.097545822077784,14.939391802679976,11.663767967150225,0,0,0,0,0,15,0,0,0,0,0,15
0.0,5,HistGB,HistGB,HistGB,12.788000461342667,12.788000461342667,12.788000461342667,0.0,0.0,1,1,21.294117891418804,21.294539561234735,21.294332514363994,17.909664222574467,15.878629438730396,12.788000461342667,0,0,0,0,0,15,0,0,0,0,0,15
0.0,6,HistGB,HistGB,HistGB,15.137088661400586,15.137088661400586,15.137088661400586,0.0,0.0,1,1,23.326479892478957,23.325745380301193,23.326712622508445,18.91809526396279,18.12905686908063,15.137088661400586,0,0,0,0,0,15,0,0,0,0,0,15
0.0,7,HistGB,HistGB,HistGB,11.832086758523523,11.832086758523523,11.832086758523523,0.0,0.0,1,1,19.694983736616813,19.694212896744762,19.69523901861261,16.401418327290294,14.746119257824855,11.832086758523523,0,0,0,0,0,15,0,0,0,0,0,15
0.0,8,HistGB,HistGB,HistGB,11.80698803744633,11.80698803744633,11.80698803744633,0.0,0.0,1,1,19.888578207747905,19.888646148707434,19.888937278199112,16.860979045119617,14.8460465528431,11.80698803744633,0,0,0,0,0,15,0,0,0,0,0,15
0.0,9,HistGB,HistGB,HistGB,12.556532991757797,12.556532991757797,12.556532991757797,0.0,0.0,1,1,21.2065472131719,21.206894950756297,21.206533848764625,18.208051796429306,15.687411194382394,12.556532991757797,0,0,0,0,0,15,0,0,0,0,0,15
0.0,10,HistGB,HistGB,HistGB,12.006766732493656,12.006766732493656,12.006766732493656,0.0,0.0,1,1,20.640225625501323,20.64036598917804,20.640266527125156,17.662682533055555,15.084869606529411,12.006766732493656,0,0,0,0,0,15,0,0,0,0,0,15
0.0,11,HistGB,HistGB,HistGB,11.346172695771271,11.346172695771271,11.346172695771271,0.0,0.0,1,1,20.104346405165874,20.104816546742185,20.1046514126272,17.126978919479217,14.42035185285255,11.346172695771271,0,0,0,0,0,15,0,0,0,0,0,15
0.0,12,HistGB,HistGB,HistGB,11.53607012306929,11.53607012306929,11.53607012306929,0.0,0.0,1,1,20.31494294091038,20.31492175095785,20.315131908153614,16.711416334917228,14.672999172572515,11.53607012306929,0,0,0,0,0,15,0,0,0,0,0,15
0.0,13,HistGB,HistGB,HistGB,12.501230435307573,12.501230435307573,12.501230435307573,0.0,0.0,1,1,21.067288238256207,21.067787795617612,21.06554469936371,18.31367704428567,15.564684700132855,12.501230435307573,0,0,0,0,0,15,0,0,0,0,0,15
0.0,14,HistGB,HistGB,HistGB,12.374390426143172,12.374390426143172,12.374390426143172,0.0,0.0,1,1,21.193621437730442,21.19354720008292,21.19322066191318,17.8750387525064,15.580084096688989,12.374390426143172,0,0,0,0,0,15,0,0,0,0,0,15
0.0,15,HistGB,HistGB,HistGB,12.425630433445933,12.425630433445933,12.425630433445933,0.0,0.0,1,1,20.580666062976277,20.580477754614403,20.580834555340896,17.154024846008546,15.35665477958914,12.425630433445933,0,0,0,0,0,15,0,0,0,0,0,15
0.0,16,HistGB,HistGB,HistGB,13.092049300369299,13.092049300369299,13.092049300369299,0.0,0.0,1,1,21.750843148725266,21.750501829454233,21.75077724144625,17.942796416201624,16.173253954867366,13.092049300369299,0,0,0,0,0,15,0,0,0,0,0,15
0.0,17,HistGB,HistGB,HistGB,14.474854688524557,14.474854688524557,14.474854688524557,0.0,0.0,1,1,22.123134638282878,22.122704716501428,22.12217236788052,19.164317183569533,17.655053324123227,14.474854688524557,0,0,0,0,0,15,0,0,0,0,0,15
0.0,18,HistGB,HistGB,HistGB,12.72431903276434,12.72431903276434,12.72431903276434,0.0,0.0,1,1,20.42370252602718,20.423443769038386,20.423998661142246,17.532936016468177,15.732452956038294,12.72431903276434,0,0,0,0,0,15,0,0,0,0,0,15
0.0,19,HistGB,HistGB,HistGB,12.38932481964971,12.38932481964971,12.38932481964971,0.0,0.0,1,1,21.202296623260146,21.202149801215388,21.202381051979224,17.274932376884575,15.665882190371697,12.38932481964971,0,0,0,0,0,15,0,0,0,0,0,15
0.0,20,HistGB,HistGB,HistGB,13.18137194824744,13.18137194824744,13.18137194824744,0.0,0.0,1,1,21.547146773673425,21.547143391693385,21.547191682257584,18.07931347354128,16.26054469750337,13.18137194824744,0,0,0,0,0,15,0,0,0,0,0,15
0.0,21,HistGB,HistGB,HistGB,13.996657000066353,13.996657000066353,13.996657000066353,0.0,0.0,1,1,22.24111787420444,22.241455266084344,22.241304007634415,19.158311701142612,16.919600092536964,13.996657000066353,0,0,0,0,0,15,0,0,0,0,0,15
0.0,22,HistGB,HistGB,HistGB,13.811627922541728,13.811627922541728,13.811627922541728,0.0,0.0,1,1,21.852484951612574,21.85276595503358,21.853239777114634,18.441009499620222,16.66938802967055,13.811627922541728,0,0,0,0,0,15,0,0,0,0,0,15
0.0,23,HistGB,HistGB,HistGB,13.328737828660241,13.328737828660241,13.328737828660241,0.0,0.0,1,1,21.42672892659948,21.426697579800027,21.426172371265583,18.63753147195054,16.37076992079601,13.328737828660241,0,0,0,0,0,15,0,0,0,0,0,15
0.0,24,HistGB,HistGB,HistGB,13.136467261751262,13.136467261751262,13.136467261751262,0.0,0.0,1,1,21.690567284811312,21.690863505518863,21.689224914787737,18.530273423408048,16.249751682558433,13.136467261751262,0,0,0,0,0,15,0,0,0,0,0,15
0.025,0,HistGB,HistGB,HistGB,13.790624657970188,13.790624657970188,13.790624657970188,0.0,0.0,1,1,20.589651606515634,20.5896861361903,20.589513829847117,16.79379038457811,15.396293647582617,13.790624657970188,0,0,0,0,0,15,0,0,0,0,0,15
0.025,1,HistGB,HistGB,HistGB,15.569190624933023,15.569190624933023,15.569190624933023,0.0,0.0,1,1,22.285100757192563,22.28480564536642,22.284793787594086,18.644386250237933,17.48848106798731,15.569190624933023,0,0,0,0,0,15,0,0,0,0,0,15
0.025,2,HistGB,HistGB,HistGB,14.088427543524208,14.088427543524208,14.088427543524208,0.0,0.0,1,1,20.63685715406291,20.637240922870596,20.63716126336187,17.40844408082005,15.34131617294459,14.088427543524208,0,0,0,0,0,15,0,0,0,0,0,15
0.025,3,HistGB,HistGB,HistGB,14.466111791412365,14.466111791412365,14.466111791412365,0.0,0.0,1,1,20.277478841994455,20.2774982854079,20.277769906656243,17.18234353972315,16.009306629273443,14.466111791412365,0,0,0,0,0,15,0,0,0,0,0,15
0.025,4,HistGB,HistGB,HistGB,13.735054816062018,13.735054816062018,13.735054816062018,0.0,0.0,1,1,20.603324034344777,20.60398162331394,20.60355270171649,17.200604715351112,15.364243200882632,13.735054816062018,0,0,0,0,0,15,0,0,0,0,0,15
0.025,5,HistGB,HistGB,HistGB,14.867893327492942,14.867893327492942,14.867893327492942,0.0,0.0,1,1,21.336293637676825,21.336683562103666,21.33650426489387,18.03232002466543,16.2788752351348,14.867893327492942,0,0,0,0,0,15,0,0,0,0,0,15
0.025,6,HistGB,HistGB,HistGB,17.17176789089314,17.17176789089314,17.17176789089314,0.0,0.0,1,1,23.371519606188475,23.370751587482616,23.37174038889425,19.050968396735673,18.501169931430777,17.17176789089314,0,0,0,0,0,15,0,0,0,0,0,15
0.025,7,HistGB,HistGB,HistGB,13.928703035242147,13.928703035242147,13.928703035242147,0.0,0.0,1,1,19.737299304055174,19.73650637711615,19.7375575677792,16.51491861598398,15.106277316314728,13.928703035242147,0,0,0,0,0,15,0,0,0,0,0,15
0.025,8,HistGB,HistGB,HistGB,14.035703406909802,14.035703406909802,14.035703406909802,0.0,0.0,1,1,19.902592208248382,19.902647996811353,19.90294903437412,16.948554250638526,15.329942988688535,14.035703406909802,0,0,0,0,0,15,0,0,0,0,0,15
0.025,9,HistGB,HistGB,HistGB,14.77125823960297,14.77125823960297,14.77125823960297,0.0,0.0,1,1,21.2578486468994,21.25818473704115,21.25783628411168,18.322813115694633,16.150797869013818,14.77125823960297,0,0,0,0,0,15,0,0,0,0,0,15
0.025,10,HistGB,HistGB,HistGB,14.180458644223837,14.180458644223837,14.180458644223837,0.0,0.0,1,1,20.712636842866665,20.7127603805726,20.712672699329637,17.800550289558565,15.540907576917146,14.180458644223837,0,0,0,0,0,15,0,0,0,0,0,15
0.025,11,HistGB,HistGB,HistGB,13.50742579877159,13.50742579877159,13.50742579877159,0.0,0.0,1,1,20.135591540647635,20.136039708170106,20.135894443371818,17.229563111821,14.804284925565536,13.50742579877159,0,0,0,0,0,15,0,0,0,0,0,15
0.025,12,HistGB,HistGB,HistGB,13.758001907403685,13.758001907403685,13.758001907403685,0.0,0.0,1,1,20.380557797498394,20.38051530778652,20.38074125402343,16.827734555015816,15.035359579276719,13.758001907403685,0,0,0,0,0,15,0,0,0,0,0,15
0.025,13,HistGB,HistGB,HistGB,14.626656518553975,14.626656518553975,14.626656518553975,0.0,0.0,1,1,21.12384707566905,21.12431074924698,21.122100649502332,18.40566096022652,15.874698065558666,14.626656518553975,0,0,0,0,0,15,0,0,0,0,0,15
0.025,14,HistGB,HistGB,HistGB,14.533640708116963,14.533640708116963,14.533640708116963,0.0,0.0,1,1,21.229315771707533,21.229220477862118,21.22891640762448,17.992725973192467,15.977220361707065,14.533640708116963,0,0,0,0,0,15,0,0,0,0,0,15
0.025,15,HistGB,HistGB,HistGB,14.46272762558578,14.46272762558578,14.46272762558578,0.0,0.0,1,1,20.634489208729917,20.63426641821826,20.634656055415658,17.28838926437569,15.764076346146236,14.46272762558578,0,0,0,0,0,15,0,0,0,0,0,15
0.025,16,HistGB,HistGB,HistGB,15.171306018649071,15.171306018649071,15.171306018649071,0.0,0.0,1,1,21.794714608136918,21.79436199785581,21.79464302407125,18.070556963880964,16.573072642907732,15.171306018649071,0,0,0,0,0,15,0,0,0,0,0,15
0.025,17,HistGB,HistGB,HistGB,16.52161216946523,16.52161216946523,16.52161216946523,0.0,0.0,1,1,22.19345721183721,22.19300338239846,22.19251149773405,19.30686133645113,18.064203433263003,16.52161216946523,0,0,0,0,0,15,0,0,0,0,0,15
0.025,18,HistGB,HistGB,HistGB,14.780199693916027,14.780199693916027,14.780199693916027,0.0,0.0,1,1,20.46805087810539,20.46778361700635,20.468355876554163,17.63792841663326,16.177311884231408,14.780199693916027,0,0,0,0,0,15,0,0,0,0,0,15
0.025,19,HistGB,HistGB,HistGB,14.493836285631525,14.493836285631525,14.493836285631525,0.0,0.0,1,1,21.249660841290922,21.249492296417316,21.2497438669158,17.372599683056805,16.086903867332612,14.493836285631525,0,0,0,0,0,15,0,0,0,0,0,15
0.025,20,HistGB,HistGB,HistGB,15.368108126940594,15.368108126940594,15.368108126940594,0.0,0.0,1,1,21.60318560425214,21.603145954122244,21.603229743674365,18.178895905265563,16.632106549969926,15.368108126940594,0,0,0,0,0,15,0,0,0,0,0,15
0.025,21,HistGB,HistGB,HistGB,16.055770073743247,16.055770073743247,16.055770073743247,0.0,0.0,1,1,22.306324420491027,22.306629473608083,22.306504777106625,19.25557234649906,17.36132977874308,16.055770073743247,0,0,0,0,0,15,0,0,0,0,0,15
0.025,22,HistGB,HistGB,HistGB,15.713546741354476,15.713546741354476,15.713546741354476,0.0,0.0,1,1,21.906271248723087,21.90652387919001,21.907026348873657,18.566793121873634,17.051682850264438,15.713546741354476,0,0,0,0,0,15,0,0,0,0,0,15
0.025,23,HistGB,HistGB,HistGB,15.55503612142687,15.55503612142687,15.55503612142687,0.0,0.0,1,1,21.47775839999658,21.477717363519314,21.477187926586808,18.77027097829567,16.79268312066264,15.55503612142687,0,0,0,0,0,15,0,0,0,0,0,15
0.025,24,HistGB,HistGB,HistGB,15.081413399945886,15.081413399945886,15.081413399945886,0.0,0.0,1,1,21.739623333670167,21.739908537913454,21.73828588441237,18.665538668244782,16.634274657195856,15.081413399945886,0,0,0,0,0,15,0,0,0,0,0,15
0.05,0,HistGB,HistGB,HistGB,14.843939848664137,14.843939848664137,14.843939848664137,0.0,0.0,1,1,20.745389009160366,20.745402234880043,20.74526041804112,17.00385051983221,15.764762752646122,14.843939848664137,0,0,0,0,0,15,0,0,0,0,0,15
0.05,1,HistGB,HistGB,HistGB,16.677985485307932,16.677985485307932,16.677985485307932,0.0,0.0,1,1,22.420576851001503,22.420167450637326,22.420284530340084,18.841054718492614,17.91996300527938,16.677985485307932,0,0,0,0,0,15,0,0,0,0,0,15
0.05,2,HistGB,HistGB,HistGB,15.350361628676213,15.350361628676213,15.350361628676213,0.0,0.0,1,1,20.71942110886546,20.719747130300206,20.71973513045027,17.615813207615084,15.794889397262446,15.350361628676213,0,0,0,0,0,15,0,0,0,0,0,15
0.05,3,HistGB,HistGB,HistGB,15.445433338307444,15.445433338307444,15.445433338307444,0.0,0.0,1,1,20.429216006431282,20.429197270221223,20.42949910936143,17.36592163849108,16.343747536320862,15.445433338307444,0,0,0,0,0,15,0,0,0,0,0,15
0.05,4,HistGB,HistGB,HistGB,14.913263486245233,14.913263486245233,14.913263486245233,0.0,0.0,1,1,20.714018856650004,20.71463392064889,20.714256422515525,17.395162529536027,15.701455445555261,14.913263486245233,0,0,0,0,0,15,0,0,0,0,0,15
0.05,5,HistGB,HistGB,HistGB,15.92386335076428,15.92386335076428,15.92386335076428,0.0,0.0,1,1,21.499123637987736,21.499444864948316,21.49935905988905,18.223565544827512,16.740446619964352,15.92386335076428,0,0,0,0,0,15,0,0,0,0,0,15
0.05,6,HistGB,HistGB,HistGB,17.933604429715228,17.933604429715228,17.933604429715228,0.0,0.0,1,1,23.53422093822821,23.5333659012269,23.53441455935224,19.228168108405963,18.805670878750274,17.933604429715228,0,0,0,0,0,15,0,0,0,0,0,15
0.05,7,HistGB,HistGB,HistGB,14.873551718118756,14.873551718118756,14.873551718118756,0.0,0.0,1,1,19.932506079322025,19.93164493917063,19.932792791317784,16.701229038475773,15.561819873192821,14.873551718118756,0,0,0,0,0,15,0,0,0,0,0,15
0.05,8,HistGB,HistGB,HistGB,15.09884619741778,15.09884619741778,15.09884619741778,0.0,0.0,1,1,20.064603717952277,20.06462294285162,20.064946376755792,17.158206019167785,15.794819155550563,15.09884619741778,0,0,0,0,0,15,0,0,0,0,0,15
0.05,9,HistGB,HistGB,HistGB,15.765061332045013,15.765061332045013,15.765061332045013,0.0,0.0,1,1,21.43074602632581,21.43102256310453,21.430719370922414,18.502152277369753,16.55926868639677,15.765061332045013,0,0,0,0,0,15,0,0,0,0,0,15
0.05,10,HistGB,HistGB,HistGB,15.27249424756396,15.27249424756396,15.27249424756396,0.0,0.0,1,1,20.858365891446848,20.85845423016288,20.858383686366945,17.965885573863435,15.957212739552329,15.27249424756396,0,0,0,0,0,15,0,0,0,0,0,15
0.05,11,HistGB,HistGB,HistGB,14.601242284701458,14.601242284701458,14.601242284701458,0.0,0.0,1,1,20.283184446903835,20.283554043668513,20.283489498196285,17.432828370159246,15.242284018783087,14.601242284701458,0,0,0,0,0,15,0,0,0,0,0,15
0.05,12,HistGB,HistGB,HistGB,14.761672426401422,14.761672426401422,14.761672426401422,0.0,0.0,1,1,20.524593984779816,20.524436657561363,20.52476074221294,17.029587204831333,15.430950503623395,14.761672426401422,0,0,0,0,0,15,0,0,0,0,0,15
0.05,13,HistGB,HistGB,HistGB,15.574082331577673,15.574082331577673,15.574082331577673,0.0,0.0,1,1,21.248535246664662,21.24896527759748,21.246764296802553,18.592844757139485,16.306782602594193,15.574082331577673,0,0,0,0,0,15,0,0,0,0,0,15
0.05,14,HistGB,HistGB,HistGB,15.644274653649427,15.644274653649427,15.644274653649427,0.0,0.0,1,1,21.39089908497352,21.390744854120445,21.390478435611957,18.174586892933508,16.307966932618058,15.644274653649427,0,0,0,0,0,15,0,0,0,0,0,15
0.05,15,HistGB,HistGB,HistGB,15.589006005137533,15.589006005137533,15.589006005137533,0.0,0.0,1,1,20.780605395481665,20.780298286038814,20.78077390140938,17.491299874249645,16.273243633663473,15.589006005137533,0,0,0,0,0,15,0,0,0,0,0,15
0.05,16,HistGB,HistGB,HistGB,16.26697494057908,16.26697494057908,16.26697494057908,0.0,0.0,1,1,21.959775007585336,21.959347653293367,21.95973728874352,18.273647563005788,16.945755533210498,16.26697494057908,0,0,0,0,0,15,0,0,0,0,1,14
0.05,17,HistGB,HistGB,HistGB,17.408309587471944,17.408309587471944,17.408309587471944,0.0,0.0,1,1,22.292430780358643,22.29190852093001,22.29144440774281,19.43468948026514,18.413601965709443,17.408309587471944,0,0,0,0,0,15,0,0,0,0,0,15
0.05,18,HistGB,HistGB,HistGB,15.74969969277622,15.74969969277622,15.74969969277622,0.0,0.0,1,1,20.62014739542148,20.619846425755465,20.620449778450325,17.78438761587748,16.62223004187711,15.74969969277622,0,0,0,0,0,15,0,0,0,0,0,15
0.05,19,HistGB,HistGB,HistGB,15.447310184877987,15.447310184877987,15.447310184877987,0.0,0.0,1,1,21.440070885683237,21.439840829466576,21.440169619050604,17.546744691331323,16.462341738159317,15.447310184877987,0,0,0,0,0,15,0,0,0,0,0,15
0.05,20,HistGB,HistGB,HistGB,16.366083986102698,16.366083986102698,16.366083986102698,0.0,0.0,1,1,21.728027160903547,21.727944574401942,21.728041090112352,18.39475333699198,17.015478093310602,16.366083986102698,0,0,0,0,0,15,0,0,0,0,0,15
0.05,21,HistGB,HistGB,HistGB,16.91684541689369,16.91684541689369,16.91684541689369,0.0,0.0,1,1,22.45868316350195,22.45887947872708,22.458889216300765,19.4453137562591,17.81313224622198,16.91684541689369,0,0,0,0,0,15,0,0,0,0,0,15
0.05,22,HistGB,HistGB,HistGB,16.73572245408453,16.73572245408453,16.73572245408453,0.0,0.0,1,1,22.000383115790672,22.000582695500853,22.00111751459711,18.77564994838037,17.427816986108436,16.73572245408453,0,0,0,0,0,15,0,0,0,0,0,15
0.05,23,HistGB,HistGB,HistGB,16.52120017261421,16.52120017261421,16.52120017261421,0.0,0.0,1,1,21.63065228437208,21.63057740616427,21.630101773798444,18.925559505267053,17.129336767592477,16.52120017261421,0,0,0,0,0,15,0,0,0,0,0,15
0.05,24,HistGB,HistGB,HistGB,16.003493881026984,16.003493881026984,16.003493881026984,0.0,0.0,1,1,21.880273385913117,21.880516969682343,21.878937319532994,18.866069794658088,16.966828943748855,16.003493881026984,0,0,0,0,0,15,0,0,0,0,0,15
0.075,0,HistGB,HistGB,HistGB,15.602419240269313,15.602419240269313,15.602419240269313,0.0,0.0,1,1,21.03350485844056,21.03337142073876,21.033372596568025,17.303866141752557,16.18972586036822,15.602419240269313,0,0,0,0,0,15,0,0,0,0,1,14
0.075,1,HistGB,HistGB,HistGB,17.1033607173825,17.1033607173825,17.1033607173825,0.0,0.0,1,1,22.619526391994285,22.61894881033612,22.61916628579956,19.048744401494215,18.130027447247805,17.1033607173825,0,0,0,0,0,15,0,0,0,0,1,14
0.075,2,HistGB,HistGB,HistGB,16.097585050785945,16.097585050785945,16.097585050785945,0.0,0.0,1,1,21.00523128851932,21.005380828702826,21.005487807949944,17.887099442989097,16.229109981478757,16.097585050785945,0,0,0,0,0,15,0,0,0,0,1,14
0.075,3,HistGB,HistGB,HistGB,16.037489081353804,16.037489081353804,16.037489081353804,0.0,0.0,1,1,20.63491265437499,20.63484791918717,20.635175805838273,17.615493187453872,16.71274940227538,16.037489081353804,0,0,0,0,0,15,0,0,0,0,1,14
0.075,4,HistGB,HistGB,HistGB,15.645178691147736,15.645178691147736,15.645178691147736,0.0,0.0,1,1,20.993334985417736,20.993828201162387,20.993552427965575,17.674516841223113,16.129722144110218,15.645178691147736,0,0,0,0,0,15,0,0,0,0,2,13
0.075,5,HistGB,HistGB,HistGB,16.708992531526835,16.708992531526835,16.708992531526835,0.0,0.0,1,1,21.71406516677423,21.71427738096005,21.71430319356072,18.483585397331872,17.19145618894615,16.708992531526835,0,0,0,0,0,15,0,0,0,0,1,14
0.075,6,HistGB,HistGB,HistGB,18.744834979217543,18.744834979217543,18.744834979217543,0.0,0.0,1,1,23.75734903645994,23.75643290326751,23.757558915477112,19.493098179659068,19.180476244705122,18.744834979217543,0,0,0,0,0,15,0,0,0,0,0,15
0.075,7,HistGB,HistGB,HistGB,15.59129978448232,15.59129978448232,15.59129978448232,0.0,0.0,1,1,20.142492189101418,20.141497155171542,20.14276629668959,16.927009639876168,15.9143667820068,15.59129978448232,0,0,0,0,0,15,0,0,0,0,0,15
0.075,8,HistGB,HistGB,HistGB,15.808777605744115,15.808777605744115,15.808777605744115,0.0,0.0,1,1,20.312479307546436,20.312410247920898,20.31283067159547,17.42298084359802,16.302501173609294,15.808777605744115,0,0,0,0,0,15,0,0,0,0,1,14
0.075,9,HistGB,HistGB,HistGB,16.432472335229797,16.432472335229797,16.432472335229797,0.0,0.0,1,1,21.62523705043296,21.625422495943347,21.625170546523364,18.70832699677178,17.02058549033534,16.432472335229797,0,0,0,0,0,15,0,0,0,0,1,14
0.075,10,HistGB,HistGB,HistGB,15.897692398167809,15.897692398167809,15.897692398167809,0.0,0.0,1,1,21.04384456666451,21.043875634793967,21.043874675702945,18.23409635744408,16.24685484525761,15.897692398167809,0,0,0,0,0,15,0,0,0,0,0,15
0.075,11,HistGB,HistGB,HistGB,15.524256628008994,15.524256628008994,15.524256628008994,0.0,0.0,1,1,20.56151478696332,20.561772325990123,20.56182424934319,17.702126136436632,15.745700685374198,15.524256628008994,0,0,0,0,0,15,0,0,0,0,0,15
0.075,12,HistGB,HistGB,HistGB,15.437288012287256,15.437288012287256,15.437288012287256,0.0,0.0,1,1,20.80164790664218,20.801426844091623,20.801851212308858,17.28400057634424,15.854878934267983,15.437288012287256,0,0,0,0,0,15,0,0,0,0,0,15
0.075,13,HistGB,HistGB,HistGB,16.12309624817435,16.12309624817435,16.12309624817435,0.0,0.0,1,1,21.46969565355075,21.470042774476536,21.46796116267534,18.84843888516301,16.72392577581261,16.12309624817435,0,0,0,0,0,15,0,0,0,0,2,13
0.075,14,HistGB,HistGB,HistGB,16.287274118796535,16.287274118796535,16.287274118796535,0.0,0.0,1,1,21.594243894976717,21.593963252633657,21.593808183162732,18.402667188710684,16.70129123693177,16.287274118796535,0,0,0,0,0,15,0,0,0,0,0,15
0.075,15,HistGB,HistGB,HistGB,16.257283465451724,16.257283465451724,16.257283465451724,0.0,0.0,1,1,21.020012418218208,21.019560020425118,21.02018769596375,17.75422977170152,16.735004268121212,16.257283465451724,0,0,0,0,0,15,0,0,0,0,1,14
0.075,16,HistGB,HistGB,HistGB,16.9386162995056,16.9386162995056,16.9386162995056,0.0,0.0,1,1,22.229614954602155,22.229091347289355,22.229571090005052,18.564516059608767,17.354909564869782,16.9386162995056,0,0,0,0,0,15,0,0,0,0,1,14
0.075,17,HistGB,HistGB,HistGB,18.217991662683282,18.217991662683282,18.217991662683282,0.0,0.0,1,1,22.530211161808968,22.529529432899036,22.529218772442515,19.64395836384168,18.859267812789525,18.217991662683282,0,0,0,0,0,15,0,0,0,0,1,14
0.075,18,HistGB,HistGB,HistGB,16.590297285457343,16.590297285457343,16.590297285457343,0.0,0.0,1,1,20.849969724166282,20.849596170604475,20.850288180646366,18.02641428221697,17.097594844795136,16.590297285457343,0,0,0,0,0,15,0,0,0,0,0,15
0.075,19,HistGB,HistGB,HistGB,16.18385579139402,16.18385579139402,16.18385579139402,0.0,0.0,1,1,21.589105132367127,21.588841759956853,21.58920198098805,17.802970665740993,16.862668025854468,16.18385579139402,0,0,0,0,0,15,0,0,0,0,1,14
0.075,20,HistGB,HistGB,HistGB,16.977362855414967,16.977362855414967,16.977362855414967,0.0,0.0,1,1,21.972877505157054,21.972631451832527,21.972909491209204,18.615759456289364,17.423259461539843,16.977362855414967,0,0,0,0,0,15,0,0,0,0,1,14
0.075,21,HistGB,HistGB,HistGB,17.50064431861544,17.50064431861544,17.50064431861544,0.0,0.0,1,1,22.637489396865323,22.637611484353336,22.637682552846186,19.67632524039417,18.257780899089482,17.50064431861544,0,0,0,0,0,15,0,0,0,0,1,14
0.075,22,HistGB,HistGB,HistGB,17.469428077532648,17.469428077532648,17.469428077532648,0.0,0.0,1,1,22.248251281773133,22.248297692990842,22.248991168609443,18.979839989994016,17.763524665388847,17.469428077532648,0,0,0,0,0,15,0,0,0,0,1,14
0.075,23,HistGB,HistGB,HistGB,17.282817860668946,17.282817860668946,17.282817860668946,0.0,0.0,1,1,21.844678063805265,21.84450983899668,21.84414453459006,19.133433239994385,17.597344717320276,17.282817860668946,0,0,0,0,0,15,0,0,0,0,0,15
0.075,24,HistGB,HistGB,HistGB,16.55918562948082,16.55918562948082,16.55918562948082,0.0,0.0,1,1,22.131899082104233,22.132028728448294,22.130581894824005,19.151421442993307,17.46078609604387,16.55918562948082,0,0,0,0,0,15,0,0,0,0,0,15
0.1,0,HistGB,HistGB,HistGB,16.06918849714951,16.06918849714951,16.06918849714951,0.0,0.0,1,1,21.234334706196858,21.234114509624636,21.234214110851777,17.5231621823255,16.61502278917208,16.06918849714951,0,0,0,0,0,15,0,0,0,0,3,12
0.1,1,HistGB,HistGB,HistGB,17.715227486371926,17.715227486371926,17.715227486371926,0.0,0.0,1,1,22.982254550614904,22.981405695473825,22.98191444453975,19.32869326584255,18.60646843160361,17.715227486371926,0,0,0,0,0,15,0,0,0,0,0,15
0.1,2,HistGB,HistGB,HistGB,16.59812152428756,16.59812152428756,16.59812152428756,0.0,0.0,1,1,21.246519681529982,21.246526868148536,21.246831882731694,18.17558155965749,16.700248997279846,16.59812152428756,0,0,0,0,0,15,0,0,0,0,2,13
0.1,3,HistGB,HistGB,HistGB,16.681998568610286,16.681998568610286,16.681998568610286,0.0,0.0,1,1,21.108633579503742,21.108466795778718,21.108875571486426,17.925438981719108,17.297507571152945,16.681998568610286,0,0,0,0,0,15,0,0,0,0,1,14
0.1,4,HistGB,HistGB,HistGB,16.108514635915505,16.108514635915505,16.108514635915505,0.0,0.0,1,1,21.34340282166773,21.343752031895047,21.343632719357323,18.032655629744397,16.533723138602546,16.108514635915505,0,0,0,0,0,15,0,0,0,0,1,14
0.1,5,HistGB,HistGB,HistGB,17.268672823209283,17.268672823209283,17.268672823209283,0.0,0.0,1,1,22.0416039670709,22.041675110624137,22.041807279069214,18.794459096153552,17.675023604872088,17.268672823209283,0,0,0,0,0,15,0,0,0,0,2,13
0.1,6,HistGB,HistGB,HistGB,19.40432003734352,19.40432003734352,19.40432003734352,0.0,0.0,1,1,24.077738963809665,24.076617326487362,24.077961337888805,19.745096589509153,19.656064666313206,19.40432003734352,0,0,0,0,0,15,0,0,0,0,0,15
0.1,7,HistGB,HistGB,HistGB,16.082236395832705,16.082236395832705,16.082236395832705,0.0,0.0,1,1,20.47550420807273,20.47439523831647,20.475817320144362,17.211537249203268,16.38496571166882,16.082236395832705,0,0,0,0,0,15,0,0,0,0,2,13
0.1,8,HistGB,HistGB,HistGB,16.407129732211875,16.407129732211875,16.407129732211875,0.0,0.0,1,1,20.708077557049656,20.70786744787214,20.708385795402002,17.746024009013,16.73423313147043,16.407129732211875,0,0,0,0,0,15,0,0,0,0,3,12
0.1,9,HistGB,HistGB,HistGB,17.16320210267766,17.16320210267766,17.16320210267766,0.0,0.0,1,1,21.987327936602224,21.98745396397651,21.98721263282407,19.065701276677917,17.577178587975947,17.16320210267766,0,0,0,0,0,15,0,0,0,0,2,13
0.1,10,HistGB,HistGB,HistGB,16.50268958110556,16.50268958110556,16.50268958110556,0.0,0.0,1,1,21.388875743152518,21.388807728447656,21.388861076931075,18.527082647635567,16.749299555038895,16.50268958110556,0,0,0,0,0,15,0,0,0,0,2,13
0.1,11,HistGB,HistGB,HistGB,15.964533676765804,15.964533676765804,15.964533676765804,0.0,0.0,1,1,20.828082176417855,20.828201731264212,20.828383226372164,17.96719913149301,16.16115687272874,15.964533676765804,0,0,0,0,0,15,0,0,0,0,2,13
0.1,12,HistGB,HistGB,HistGB,15.955340858425545,15.955340858425545,15.955340858425545,0.0,0.0,1,1,21.09638730113908,21.09598377183517,21.096527037018877,17.54851771166636,16.329104718260098,15.955340858425545,0,0,0,0,0,15,0,0,0,0,2,13
0.1,13,HistGB,HistGB,HistGB,16.931967619416174,16.931967619416174,16.931967619416174,0.0,0.0,1,1,21.838136924242903,21.83833882529302,21.836397520609736,19.15551732759574,17.312721455968603,16.931967619416174,0,0,0,0,0,15,0,0,0,0,0,15
0.1,14,HistGB,HistGB,HistGB,16.92890955586985,16.92890955586985,16.92890955586985,0.0,0.0,1,1,21.945226334596114,21.94481693205843,21.94474100996399,18.72975835972648,17.211724075768167,16.92890955586985,0,0,0,0,0,15,0,0,0,0,2,13
0.1,15,HistGB,HistGB,HistGB,16.861669366598026,16.861669366598026,16.861669366598026,0.0,0.0,1,1,21.38337048313481,21.382744635567846,21.383527070935017,18.030242339464674,17.216895033530417,16.861669366598026,0,0,0,0,0,15,0,0,0,0,2,13
0.1,16,HistGB,HistGB,HistGB,17.657517204616237,17.657517204616237,17.657517204616237,0.0,0.0,1,1,22.559054098579406,22.558356222990874,22.55900123386944,18.896520323914547,17.864783460260963,17.657517204616237,0,0,0,0,0,15,0,0,0,0,2,13
0.1,17,HistGB,HistGB,HistGB,18.682009768699448,18.682009768699448,18.682009768699448,0.0,0.0,1,1,22.87538854568629,22.87451105566326,22.874350486521443,19.95574950153938,19.314145657921667,18.682009768699448,0,0,0,0,0,15,0,0,0,0,3,12
0.1,18,HistGB,HistGB,HistGB,17.15936754113902,17.15936754113902,17.15936754113902,0.0,0.0,1,1,21.182466311688653,21.18202520612004,21.182752103354048,18.312341343757314,17.548723649015553,17.15936754113902,0,0,0,0,0,15,0,0,0,0,1,14
0.1,19,HistGB,HistGB,HistGB,16.832397587873736,16.832397587873736,16.832397587873736,0.0,0.0,1,1,21.985935730213836,21.985547655849793,21.986018445655915,18.145966862039433,17.309308951737627,16.832397587873736,0,0,0,0,0,15,0,0,0,0,2,13
0.1,20,HistGB,HistGB,HistGB,17.57369629098549,17.57369629098549,17.57369629098549,0.0,0.0,1,1,22.367615013122712,22.367108387642347,22.36762349265498,18.992819541985696,17.8272904138411,17.57369629098549,0,0,0,0,0,15,0,0,0,0,0,15
0.1,21,HistGB,HistGB,HistGB,18.210565702406882,18.210565702406882,18.210565702406882,0.0,0.0,1,1,23.03562284671413,23.035541294752935,23.03587418086031,19.975424731932844,18.869684452683728,18.210565702406882,0,0,0,0,0,15,0,0,0,0,1,14
0.1,22,HistGB,HistGB,HistGB,17.918651632655692,17.918651632655692,17.918651632655692,0.0,0.0,1,1,22.5665329434214,22.566383606885235,22.567280911124122,19.27823232860887,18.321451029044834,17.918651632655692,0,0,0,0,0,15,0,0,0,0,1,14
0.1,23,HistGB,HistGB,HistGB,17.87434674116678,17.87434674116678,17.87434674116678,0.0,0.0,1,1,22.195818161774824,22.19554221237122,22.195258132308503,19.465028851441705,18.010011515936938,17.87434674116678,0,0,0,0,0,15,0,0,0,0,2,13
0.1,24,HistGB,HistGB,HistGB,17.41484728033265,17.41484728033265,17.41484728033265,0.0,0.0,1,1,22.477971711053918,22.477940951012247,22.476615939009694,19.442251999825764,17.963190036501977,17.41484728033265,0,0,0,0,0,15,0,0,0,0,2,13
0.125,0,HistGB,HistGB,HistGB,17.00575987216138,17.00575987216138,17.00575987216138,0.0,0.0,1,1,21.763785895657293,21.763305623144557,21.76361343748289,17.90573026312758,17.370626546722104,17.00575987216138,0,0,0,0,0,15,0,0,0,0,4,11
0.125,1,HistGB,HistGB,HistGB,18.33725329819504,18.33725329819504,18.33725329819504,0.0,0.0,1,1,23.374430549430407,23.373291792954657,23.374155237740613,19.65463900758922,19.04608803952577,18.33725329819504,0,0,0,0,0,15,0,0,0,0,3,12
0.125,2,HistGB,HistGB,HistGB,17.21724673187134,17.21724673187134,17.21724673187134,0.0,0.0,1,1,21.65472954149578,21.654364747253947,21.654970648031124,18.504832260816166,17.24969645932736,17.21724673187134,0,0,0,0,0,15,0,0,0,0,3,12
0.125,3,HistGB,HistGB,HistGB,17.281163614811067,17.281163614811067,17.281163614811067,0.0,0.0,1,1,21.379642796388225,21.379317149449744,21.379884025098622,18.23018917548091,17.6693064422116,17.281163614811067,0,0,0,0,0,15,0,0,0,0,4,11
0.125,4,HistGB,HistGB,HistGB,16.88311695920378,16.88311695920378,16.88311695920378,0.0,0.0,1,1,21.770545496495206,21.770676068415877,21.770754187944735,18.40812346487301,17.175244463206262,16.88311695920378,0,0,0,0,0,15,0,0,0,0,0,15
0.125,5,HistGB,HistGB,HistGB,17.878328453772124,17.878328453772124,17.878328453772124,0.0,0.0,1,1,22.41817834237471,22.418089922102883,22.418378542109167,19.144982759170713,18.22846805478094,17.878328453772124,0,0,0,0,0,15,0,0,0,0,5,10
0.125,6,HistGB,HistGB,HistGB,19.841159838015535,19.841159838015535,19.841159838015535,0.0,0.0,1,1,24.36176220921886,24.360483425846656,24.36195634082914,19.995195064444662,20.01150799554756,19.841159838015535,0,0,0,0,0,15,0,0,0,0,1,14
0.125,7,HistGB,HistGB,HistGB,16.89260186372728,16.89260186372728,16.89260186372728,0.0,0.0,1,1,20.899798126910234,20.898441854301115,20.900115463746033,17.55481047318217,16.943029273681464,16.89260186372728,0,0,0,0,0,15,0,0,0,0,3,12
0.125,8,HistGB,HistGB,HistGB,17.1404725006791,17.1404725006791,17.1404725006791,0.0,0.0,1,1,21.0624418061247,21.062136449854954,21.062724048681616,18.113705627116737,17.454258223113,17.1404725006791,0,0,0,0,0,15,0,0,0,0,2,13
0.125,9,HistGB,HistGB,HistGB,17.95791554876776,17.95791554876776,17.95791554876776,0.0,0.0,1,1,22.43695905012307,22.436927970735173,22.436844611263602,19.445628531510973,18.288851478698813,17.95791554876776,0,0,0,0,0,15,0,0,0,0,4,11
0.125,10,HistGB,HistGB,HistGB,17.257245445196528,17.257245445196528,17.257245445196528,0.0,0.0,1,1,21.887101573183806,21.88691213731865,21.887095589513816,18.921378852278455,17.32598644036834,17.257245445196528,0,0,0,0,0,15,0,0,0,0,2,13
0.125,11,HistGB,HistGB,RandomForest,16.910610725035884,16.910610725035884,16.82530011320785,0.08531061182803512,0.08531061182803512,0,0,21.36378559670248,21.363678388742212,21.364081813901866,18.5124379190732,16.82530011320785,16.910610725035884,0,0,0,0,0,15,0,0,0,0,3,12
0.125,12,HistGB,HistGB,HistGB,16.752075143544047,16.752075143544047,16.752075143544047,0.0,0.0,1,1,21.587497253182296,21.586848116236094,21.587571491327846,17.95748058581757,17.011394105367476,16.752075143544047,0,0,0,0,0,15,0,0,0,0,2,13
0.125,13,HistGB,HistGB,HistGB,17.56200941741063,17.56200941741063,17.56200941741063,0.0,0.0,1,1,22.185876032767705,22.185961996511782,22.184072611316864,19.538064970449877,17.72238865167177,17.56200941741063,0,0,0,0,0,15,0,0,0,1,3,11
0.125,14,HistGB,HistGB,HistGB,17.589341617098057,17.589341617098057,17.589341617098057,0.0,0.0,1,1,22.299443808986787,22.298874100547113,22.2990120352411,19.041743976823454,17.634661970332967,17.589341617098057,0,0,0,0,0,15,0,0,0,0,3,12
0.125,15,HistGB,HistGB,HistGB,17.598865490901666,17.598865490901666,17.598865490901666,0.0,0.0,1,1,21.827505311349856,21.826632496047885,21.827634281370763,18.373540417824252,17.759552695057966,17.598865490901666,0,0,0,0,0,15,0,0,0,0,3,12
0.125,16,HistGB,HistGB,HistGB,18.289025994564877,18.289025994564877,18.289025994564877,0.0,0.0,1,1,22.996163303590468,22.995273016531577,22.99609837373612,19.2196076233514,18.381430173070775,18.289025994564877,0,0,0,0,0,15,0,0,0,0,2,13
0.125,17,HistGB,HistGB,HistGB,19.42636777970264,19.42636777970264,19.42636777970264,0.0,0.0,1,1,23.340282234051763,23.33918029082025,23.339302491309287,20.362224229023433,19.859782028643234,19.42636777970264,0,0,0,0,0,15,0,0,0,0,4,11
0.125,18,HistGB,HistGB,HistGB,17.821053377967917,17.821053377967917,17.821053377967917,0.0,0.0,1,1,21.721394125658104,21.720818414173205,21.721685034066052,18.684782167582146,18.149318109177543,17.821053377967917,0,0,0,0,0,15,0,0,0,1,4,10
0.125,19,HistGB,HistGB,HistGB,17.429921806429377,17.429921806429377,17.429921806429377,0.0,0.0,1,1,22.41601898644234,22.41544379407628,22.416131011931945,18.509396632429812,17.9311809444914,17.429921806429377,0,0,0,0,0,15,0,0,0,0,2,13
0.125,20,HistGB,HistGB,HistGB,18.37657867938143,18.37657867938143,18.37657867938143,0.0,0.0,1,1,22.782444741830336,22.78177241065356,22.782425692504567,19.310261430496407,18.46503335193374,18.37657867938143,0,0,0,0,0,15,0,0,0,0,2,13
0.125,21,HistGB,HistGB,HistGB,18.71462691032486,18.71462691032486,18.71462691032486,0.0,0.0,1,1,23.302301254652864,23.301992802016407,23.302511216344858,20.259635316592206,19.168440681939295,18.71462691032486,0,0,0,0,0,15,0,0,0,0,2,13
0.125,22,HistGB,HistGB,HistGB,18.715316149376374,18.715316149376374,18.715316149376374,0.0,0.0,1,1,23.11451781157229,23.11415508142016,23.11517458146506,19.73236498190795,18.881148069611683,18.715316149376374,0,0,0,0,0,15,0,0,0,0,4,11
0.125,23,HistGB,HistGB,HistGB,18.652658699198003,18.652658699198003,18.652658699198003,0.0,0.0,1,1,22.67680018088468,22.67640503000068,22.676216529962314,19.868787278504012,18.682457888322023,18.652658699198003,0,0,0,0,0,15,0,0,0,0,3,12
0.125,24,HistGB,HistGB,HistGB,18.030630551012646,18.030630551012646,18.030630551012646,0.0,0.0,1,1,22.936519643612804,22.93633808037317,22.935069314587484,19.838591967722383,18.528578400492012,18.030630551012646,0,0,0,0,0,15,0,0,0,0,3,12
0.15,0,HistGB,HistGB,HistGB,17.541973445772758,17.541973445772758,17.541973445772758,0.0,0.0,1,1,22.32660085504202,22.325930910052254,22.326387829754893,18.388477153771547,17.916017546302676,17.541973445772758,0,0,0,0,0,15,0,0,0,0,4,11
0.15,1,HistGB,HistGB,HistGB,19.010878031887327,19.010878031887327,19.010878031887327,0.0,0.0,1,1,23.958904596064606,23.957389782327127,23.958537776315527,20.103658813730984,19.74510614637382,19.010878031887327,0,0,0,0,0,15,0,0,0,1,3,11
0.15,2,HistGB,HistGB,HistGB,17.80100779364431,17.80100779364431,17.80100779364431,0.0,0.0,1,1,22.238503124533388,22.237921907138126,22.23868129987953,18.92963424576875,17.833663423924254,17.80100779364431,0,0,0,0,0,15,0,0,0,0,3,12
0.15,3,HistGB,HistGB,HistGB,18.014524537865135,18.014524537865135,18.014524537865135,0.0,0.0,1,1,21.98803806619186,21.987605808232516,21.988248435162756,18.711842001889416,18.389149196401938,18.014524537865135,0,0,0,0,0,15,0,0,0,0,1,14
0.15,4,HistGB,HistGB,HistGB,17.437948123990314,17.437948123990314,17.437948123990314,0.0,0.0,1,1,22.221937256860066,22.221854030023174,22.222135849127177,18.776584593256363,17.746706784823584,17.437948123990314,0,0,0,0,0,15,0,0,0,0,3,12
0.15,5,HistGB,HistGB,HistGB,18.58285094234233,18.58285094234233,18.58285094234233,0.0,0.0,1,1,22.945981570530517,22.945712757217635,22.94618547674217,19.56493339318045,18.91160094330895,18.58285094234233,0,0,0,0,0,15,0,0,0,0,6,9
0.15,6,HistGB,HistGB,KNN,20.665741030167556,20.665741030167556,20.55617663708099,0.10956439308656485,0.10956439308656485,0,0,25.039927872322007,25.038419276884266,25.04019233341269,20.55617663708099,20.777127080721346,20.665741030167556,0,0,0,0,0,15,0,0,0,0,1,14
0.15,7,HistGB,HistGB,HistGB,17.529586892481948,17.529586892481948,17.529586892481948,0.0,0.0,1,1,21.419919354330343,21.418391712702082,21.420315787935845,17.970398911809447,17.632509001623532,17.529586892481948,0,0,0,0,0,15,0,0,0,0,2,13
0.15,8,HistGB,HistGB,HistGB,17.8122895281797,17.8122895281797,17.8122895281797,0.0,0.0,1,1,21.539409228266816,21.53897028040976,21.53972526961741,18.449879149938962,18.057389694897616,17.8122895281797,0,0,0,0,0,15,0,0,0,0,4,11
0.15,9,HistGB,HistGB,HistGB,18.495670339370204,18.495670339370204,18.495670339370204,0.0,0.0,1,1,22.898784200388,22.89856911875531,22.898714009142502,19.784192407158482,18.77211009083351,18.495670339370204,0,0,0,0,0,15,0,0,0,1,2,12
0.15,10,HistGB,HistGB,RandomForest,17.97117283362848,17.97117283362848,17.920692448422127,0.05048038520635245,0.05048038520635245,0,0,22.43526199104967,22.434895289304155,22.43526967516398,19.292430684389867,17.920692448422127,17.97117283362848,0,0,0,0,0,15,0,0,0,0,1,14
0.15,11,HistGB,HistGB,RandomForest,17.484846230170547,17.484846230170547,17.41666006093395,0.06818616923659704,0.06818616923659704,0,0,21.710827535637005,21.71056899849627,21.711061341970346,18.795630824892452,17.41666006093395,17.484846230170547,0,0,0,0,0,15,0,0,0,0,4,11
0.15,12,HistGB,HistGB,HistGB,17.466672392177024,17.466672392177024,17.466672392177024,0.0,0.0,1,1,22.11337959455949,22.112553822437047,22.11356639799328,18.424564779115236,17.58297531991904,17.466672392177024,0,0,0,0,0,15,0,0,0,0,1,14
0.15,13,HistGB,HistGB,HistGB,18.257215445819707,18.257215445819707,18.257215445819707,0.0,0.0,1,1,22.7744549265934,22.774229059259333,22.77266999411048,19.915783478472257,18.573240204597578,18.257215445819707,0,0,0,0,0,15,0,0,0,0,2,13
0.15,14,HistGB,HistGB,HistGB,18.137408455216548,18.137408455216548,18.137408455216548,0.0,0.0,1,1,22.781372854547254,22.780604356460767,22.780885341323064,19.375277867166645,18.26171066346918,18.137408455216548,0,0,0,0,0,15,0,0,0,0,4,11
0.15,15,HistGB,HistGB,HistGB,18.107544438260927,18.107544438260927,18.107544438260927,0.0,0.0,1,1,22.26500855289266,22.2639832128764,22.265145917881203,18.7588221069636,18.370661799821523,18.107544438260927,0,0,0,0,0,15,0,0,0,0,3,12
0.15,16,HistGB,HistGB,HistGB,18.786140469800454,18.786140469800454,18.786140469800454,0.0,0.0,1,1,23.455033291086657,23.45394234373014,23.454973502497463,19.630078267995007,19.042766416418893,18.786140469800454,0,0,0,0,0,15,0,0,0,0,5,10
0.15,17,HistGB,HistGB,HistGB,20.041240568377912,20.041240568377912,20.041240568377912,0.0,0.0,1,1,23.883555516561035,23.882094498033673,23.882468238334443,20.666777338238568,20.601853883394906,20.041240568377912,0,0,0,0,0,15,0,0,0,0,4,11
0.15,18,HistGB,HistGB,HistGB,18.367784803289087,18.367784803289087,18.367784803289087,0.0,0.0,1,1,22.243703947969582,22.243004282992715,22.244074513089007,19.05821184825198,18.755824700393298,18.367784803289087,0,0,0,0,0,15,0,0,0,2,3,10
0.15,19,HistGB,HistGB,HistGB,18.104123699192264,18.104123699192264,18.104123699192264,0.0,0.0,1,1,23.025887436862284,23.025063725130476,23.025938291616512,18.868378910996704,18.45807730475467,18.104123699192264,0,0,0,0,0,15,0,0,0,1,1,13
0.15,20,HistGB,HistGB,HistGB,18.801855062804623,18.801855062804623,18.801855062804623,0.0,0.0,1,1,23.289390837863266,23.288344984523118,23.28940395402355,19.705015054608563,19.062960655642357,18.801855062804623,0,0,0,0,0,15,0,0,0,0,2,13
0.15,21,HistGB,HistGB,HistGB,19.596197331768092,19.596197331768092,19.596197331768092,0.0,0.0,1,1,24.000389529134168,23.99985122992051,24.00062793141061,20.869973191341682,20.03493444149011,19.596197331768092,0,0,0,0,0,15,0,0,0,0,1,14
0.15,22,HistGB,HistGB,HistGB,19.298586066791096,19.298586066791096,19.298586066791096,0.0,0.0,1,1,23.56200791542427,23.561358190529518,23.562728850608565,20.08406841921086,19.598774817129428,19.298586066791096,0,0,0,0,0,15,0,0,0,0,6,9
0.15,23,HistGB,HistGB,HistGB,19.173574821481136,19.173574821481136,19.173574821481136,0.0,0.0,1,1,23.088929485872296,23.088389469279903,23.088349882541774,20.17233384941767,19.200275506514206,19.173574821481136,0,0,0,0,0,15,0,0,0,0,3,12
0.15,24,HistGB,HistGB,HistGB,18.65781447093841,18.65781447093841,18.65781447093841,0.0,0.0,1,1,23.512924444281044,23.512545766628534,23.511586489265603,20.2282352313486,19.14190944538653,18.65781447093841,0,0,0,0,0,15,0,0,0,1,2,12
0.17,0,HistGB,HistGB,HistGB,18.319853116651757,18.319853116651757,18.319853116651757,0.0,0.0,1,1,22.90892680575558,22.90811913088917,22.90873549603779,18.709822946586865,18.56577117659472,18.319853116651757,0,0,0,0,0,15,0,0,0,1,3,11
0.17,1,HistGB,HistGB,HistGB,19.688023777027134,19.688023777027134,19.688023777027134,0.0,0.0,1,1,24.59078385577859,24.58872331918381,24.590395739814465,20.47635382835927,20.396328233098536,19.688023777027134,0,0,0,0,0,15,0,0,0,1,1,13
0.17,2,HistGB,HistGB,RandomForest,18.668881914825974,18.668881914825974,18.625872873359057,0.04300904146691664,0.04300904146691664,0,0,22.919896435408937,22.918821818607586,22.919983266679804,19.428019234941782,18.625872873359057,18.668881914825974,0,0,0,0,0,15,0,0,0,0,0,15
0.17,3,HistGB,HistGB,HistGB,18.424270684214704,18.424270684214704,18.424270684214704,0.0,0.0,1,1,22.441956813522445,22.441363010005933,22.442215758671754,19.067651633589968,18.866881807215073,18.424270684214704,0,0,0,0,0,15,0,0,0,1,4,10
0.17,4,HistGB,HistGB,HistGB,18.165646173412185,18.165646173412185,18.165646173412185,0.0,0.0,1,1,22.716813285189037,22.716628384208324,22.716944770829617,19.142348425768375,18.31214567604812,18.165646173412185,0,0,0,0,0,15,0,0,0,1,1,13
0.17,5,HistGB,HistGB,HistGB,19.248751808961835,19.248751808961835,19.248751808961835,0.0,0.0,1,1,23.596973375566026,23.596342424557232,23.59712384109401,20.051784060421603,19.515587379783597,19.248751808961835,0,0,0,0,0,15,0,0,0,0,4,11
0.17,6,HistGB,HistGB,KNN,21.249224537497206,21.249224537497206,20.97546336152554,0.2737611759716643,0.2737611759716643,0,0,25.608562721423066,25.60679153143535,25.608687370775858,20.97546336152554,21.39414368714674,21.249224537497206,0,0,0,0,0,15,0,0,0,2,2,11
0.17,7,HistGB,HistGB,HistGB,18.183019602500583,18.183019602500583,18.183019602500583,0.0,0.0,1,1,22.051909482977457,22.050100521330922,22.052269605951174,18.38704042873547,18.328588239677448,18.183019602500583,0,0,0,0,0,15,0,0,0,0,3,12
0.17,8,HistGB,HistGB,HistGB,18.48155572283458,18.48155572283458,18.48155572283458,0.0,0.0,1,1,22.13201122936097,22.13138366165497,22.132280843303366,18.851390738967492,18.685685726428293,18.48155572283458,0,0,0,0,0,15,0,0,0,1,3,11
0.17,9,HistGB,HistGB,HistGB,19.13082063952156,19.13082063952156,19.13082063952156,0.0,0.0,1,1,23.36723920828967,23.36680547276888,23.36718866274216,20.156124041918698,19.43521120389079,19.13082063952156,0,0,0,0,0,15,0,0,0,1,2,12
0.17,10,HistGB,HistGB,RandomForest,18.62222695335386,18.62222695335386,18.566847467090497,0.05537948626336231,0.05537948626336231,0,0,22.889429756267916,22.888996064197737,22.88933630386007,19.695191450420847,18.566847467090497,18.62222695335386,0,0,0,0,0,15,0,0,0,1,2,12
0.17,11,HistGB,HistGB,HistGB,17.86993009277499,17.86993009277499,17.86993009277499,0.0,0.0,1,1,22.237881426611793,22.237372409827692,22.238165856372916,19.14814340034461,18.00203242751892,17.86993009277499,0,0,0,0,0,15,0,0,0,0,2,13
0.17,12,HistGB,HistGB,HistGB,18.153151088193713,18.153151088193713,18.153151088193713,0.0,0.0,1,1,22.706825642866786,22.70570987685078,22.706912675909948,18.742406812744623,18.207051947897085,18.153151088193713,0,0,0,0,0,15,0,0,0,2,2,11
0.17,13,HistGB,HistGB,HistGB,18.77183521391494,18.77183521391494,18.77183521391494,0.0,0.0,1,1,23.280671767054773,23.280363009593497,23.278843630823705,20.26525100514793,19.045779345198408,18.77183521391494,0,0,0,0,0,15,0,0,0,1,0,14
0.17,14,HistGB,HistGB,RandomForest,19.070448205151358,19.070448205151358,19.026754068940818,0.04369413621054008,0.04369413621054008,0,0,23.496879307726683,23.495798339243496,23.496378959682882,19.956298315574298,19.026754068940818,19.070448205151358,0,0,0,0,0,15,0,0,0,0,3,12
0.17,15,HistGB,HistGB,HistGB,18.672483125769663,18.672483125769663,18.672483125769663,0.0,0.0,1,1,22.763301105448736,22.76206571962678,22.76341434992145,19.107222843012458,19.006766393267366,18.672483125769663,0,0,0,0,0,15,0,0,0,1,1,13
0.17,16,HistGB,HistGB,HistGB,19.561741928258204,19.561741928258204,19.561741928258204,0.0,0.0,1,1,23.93010386105257,23.928760409717267,23.930111675855983,19.9929198985159,19.668194069928497,19.561741928258204,0,0,0,0,0,15,0,0,0,2,6,7
0.17,17,HistGB,RandomForest,HistGB,20.733215827507063,21.21160905714226,20.733215827507063,0.0,0.4783932296351985,1,0,24.442561219874538,24.44075767677884,24.441538853807053,21.142907450410366,21.21160905714226,20.733215827507063,0,0,0,0,0,15,0,0,0,2,8,5
0.17,18,HistGB,HistGB,HistGB,18.969710726691137,18.969710726691137,18.969710726691137,0.0,0.0,1,1,22.64745320543098,22.64672066317062,22.64774317067397,19.354139184428863,19.319618635224586,18.969710726691137,0,0,0,0,0,15,0,0,0,6,0,9
0.17,19,HistGB,HistGB,HistGB,18.793489877236425,18.793489877236425,18.793489877236425,0.0,0.0,1,1,23.529460487849143,23.528435717564356,23.529507600010014,19.39182457043684,19.159953836922337,18.793489877236425,0,0,0,0,0,15,0,0,0,3,2,10
0.17,20,HistGB,HistGB,HistGB,19.27661107324427,19.27661107324427,19.27661107324427,0.0,0.0,1,1,23.6797910763791,23.678549452551408,23.679662062660533,20.032805195505443,19.492127220746926,19.27661107324427,0,0,0,0,0,15,0,0,0,0,2,13
0.17,21,HistGB,HistGB,HistGB,20.416149108181738,20.416149108181738,20.416149108181738,0.0,0.0,1,1,24.58127050669583,24.58040953144174,24.58151771743295,21.258382628260048,20.777259364881395,20.416149108181738,0,0,0,0,0,15,0,0,0,1,3,11
0.17,22,HistGB,HistGB,HistGB,20.151868294267775,20.151868294267775,20.151868294267775,0.0,0.0,1,1,24.212316792788002,24.211389960633124,24.213058503460427,20.646311302983694,20.482964106603944,20.151868294267775,0,0,0,0,0,15,0,0,0,0,7,8
0.17,23,HistGB,HistGB,HistGB,19.79245364197727,19.79245364197727,19.79245364197727,0.0,0.0,1,1,23.69005937751893,23.68932302204517,23.68934455874886,20.51388601879192,19.900968803813708,19.79245364197727,0,0,0,0,0,15,0,0,0,1,3,11
0.17,24,HistGB,HistGB,HistGB,19.163239538078518,19.163239538078518,19.163239538078518,0.0,0.0,1,1,24.030025241272583,24.029452207527378,24.02857252423157,20.60657808330955,19.70679860787591,19.163239538078518,0,0,0,0,0,15,0,0,0,1,1,13
0.18,0,HistGB,HistGB,HistGB,18.73910632740712,18.73910632740712,18.73910632740712,0.0,0.0,1,1,23.186432649863566,23.185444686444043,23.186301752340444,18.989689070196214,18.96770067293773,18.73910632740712,0,0,0,0,0,15,0,0,0,1,2,12
0.18,1,HistGB,HistGB,HistGB,19.99840677943348,19.99840677943348,19.99840677943348,0.0,0.0,1,1,24.83365152014381,24.831467097737576,24.83328132047354,20.76058837618702,20.72991176675694,19.99840677943348,0,0,0,0,0,15,0,0,0,0,5,10
0.18,2,HistGB,HistGB,RandomForest,18.9371633119798,18.9371633119798,18.885298419564197,0.051864892415601105,0.051864892415601105,0,0,23.062560468124992,23.061398716652665,23.062799947228203,19.507718755266655,18.885298419564197,18.9371633119798,0,0,0,0,0,15,0,0,0,0,6,9
0.18,3,HistGB,HistGB,HistGB,18.818979252312083,18.818979252312083,18.818979252312083,0.0,0.0,1,1,22.63073669156148,22.630179988455975,22.630876034399282,19.275578417095428,19.207424765579056,18.818979252312083,0,0,0,0,0,15,0,0,0,0,4,11
0.18,4,HistGB,HistGB,HistGB,18.326844623704243,18.326844623704243,18.326844623704243,0.0,0.0,1,1,22.799463044351644,22.799092940131068,22.799628967741462,19.190480408030997,18.47135826377405,18.326844623704243,0,0,0,0,0,15,0,0,0,3,4,8
0.18,5,HistGB,HistGB,HistGB,19.629661808432825,19.629661808432825,19.629661808432825,0.0,0.0,1,1,23.81763506759478,23.816883055965878,23.81778386603338,20.09675410137297,19.74120716107094,19.629661808432825,0,0,0,0,0,15,0,0,0,1,6,8
0.18,6,HistGB,HistGB,KNN,21.64564433284375,21.64564433284375,21.10772504041265,0.537919292431102,0.537919292431102,0,0,25.893492993646433,25.89169385499287,25.893565600763555,21.10772504041265,21.792116458383337,21.64564433284375,0,0,0,0,0,15,0,0,0,0,4,11
0.18,7,HistGB,HistGB,HistGB,18.336869636873363,18.336869636873363,18.336869636873363,0.0,0.0,1,1,22.26203139585444,22.2601361164094,22.26235402474635,18.57948709649687,18.57178696768748,18.336869636873363,0,0,0,0,0,15,0,0,0,1,5,9
0.18,8,HistGB,HistGB,HistGB,18.73827824739669,18.73827824739669,18.73827824739669,0.0,0.0,1,1,22.33005157031967,22.32941387394863,22.33044330796291,19.07901581916475,18.89322634640706,18.73827824739669,0,0,0,0,0,15,0,0,0,2,5,8
0.18,9,HistGB,HistGB,HistGB,19.586600036954504,19.586600036954504,19.586600036954504,0.0,0.0,1,1,23.664713088413404,23.66422082773128,23.66457706488124,20.32578712206396,19.77104161852429,19.586600036954504,0,0,0,0,0,15,0,0,0,0,1,14
0.18,10,HistGB,HistGB,RandomForest,18.83830912983477,18.83830912983477,18.835203791177907,0.0031053386568622443,0.0031053386568622443,0,0,23.108403967655235,23.107964391283932,23.108497111324017,19.799289499611,18.835203791177907,18.83830912983477,0,0,0,0,0,15,0,0,0,1,1,13
0.18,11,HistGB,HistGB,RandomForest,18.363444055680382,18.363444055680382,18.360530218957827,0.0029138367225556294,0.0029138367225556294,0,0,22.664005276771505,22.66326925109353,22.664281920939324,19.320996064795846,18.360530218957827,18.363444055680382,0,0,0,0,0,15,0,0,0,0,2,13
0.18,12,HistGB,HistGB,HistGB,18.31239822629494,18.31239822629494,18.31239822629494,0.0,0.0,1,1,22.767363389005066,22.76602380574093,22.767476642806045,18.817193269908323,18.380370133550112,18.31239822629494,0,0,0,0,0,15,0,0,0,1,1,13
0.18,13,HistGB,HistGB,HistGB,19.305818263310695,19.305818263310695,19.305818263310695,0.0,0.0,1,1,23.668616068475213,23.66819383896204,23.666798408650983,20.59234386582099,19.53220948131381,19.305818263310695,0,0,0,0,0,15,0,0,0,3,4,8
0.18,14,HistGB,HistGB,HistGB,19.39503071120214,19.39503071120214,19.39503071120214,0.0,0.0,1,1,23.66270317714394,23.66146438033901,23.662171150863152,20.094588343797913,19.430445009596248,19.39503071120214,0,0,0,0,0,15,0,0,0,1,1,13
0.18,15,HistGB,HistGB,HistGB,19.169280148505823,19.169280148505823,19.169280148505823,0.0,0.0,1,1,23.156978658041194,23.155647830143742,23.157052532718694,19.346910885215273,19.41240398183241,19.169280148505823,0,0,0,0,0,15,0,0,0,1,6,8
0.18,16,HistGB,HistGB,RandomForest,19.968485227963747,19.968485227963747,19.962074657659592,0.006410570304154817,0.006410570304154817,0,0,24.31508704740259,24.313651821105985,24.31500412129644,20.26037907640098,19.962074657659592,19.968485227963747,0,0,0,0,0,15,0,0,0,2,6,7
0.18,17,HistGB,HistGB,HistGB,21.145243166746457,21.145243166746457,21.145243166746457,0.0,0.0,1,1,24.66628755695414,24.664344841932696,24.665147767787424,21.32675194050636,21.507420629064544,21.145243166746457,0,0,0,0,0,15,0,0,0,3,6,6
0.18,18,HistGB,KNN,HistGB,19.442794418787987,19.63466110956669,19.442794418787987,0.0,0.19186669077870278,1,0,23.04532611181172,23.04448093487662,23.045577542660794,19.63466110956669,19.73585146776416,19.442794418787987,0,0,0,0,0,15,0,0,0,7,2,6
0.18,19,HistGB,HistGB,HistGB,18.91109169530324,18.91109169530324,18.91109169530324,0.0,0.0,1,1,23.77811172368813,23.77702049053839,23.77822517064346,19.442049235404912,19.41824368517003,18.91109169530324,0,0,0,0,0,15,0,0,0,4,1,10
0.18,20,HistGB,HistGB,HistGB,19.78676763880441,19.78676763880441,19.78676763880441,0.0,0.0,1,1,24.028342017108525,24.026761266158406,24.02831626724699,20.257085323511216,19.876789456996335,19.78676763880441,0,0,0,0,0,15,0,0,0,2,0,13
0.18,21,HistGB,HistGB,HistGB,20.690030966808003,20.690030966808003,20.690030966808003,0.0,0.0,1,1,24.884108244420386,24.883207494673343,24.884363889908123,21.422487550315132,21.001358757844283,20.690030966808003,0,0,0,0,0,15,0,0,0,2,2,11
0.18,22,HistGB,HistGB,HistGB,20.328887089063464,20.328887089063464,20.328887089063464,0.0,0.0,1,1,24.29565540962776,24.29455828453204,24.296373806314172,20.551823278343274,20.521440179055705,20.328887089063464,0,0,0,0,0,15,0,0,0,2,4,9
0.18,23,HistGB,KNN,HistGB,20.089422087331798,20.736959127812085,20.089422087331798,0.0,0.6475370404802874,1,0,23.915955230915344,23.91518515342563,23.915261552372613,20.736959127812085,20.12506859370768,20.089422087331798,0,0,0,0,0,15,0,0,0,6,5,4
0.18,24,HistGB,HistGB,HistGB,19.538546640340936,19.538546640340936,19.538546640340936,0.0,0.0,1,1,24.1361894052746,24.135485470750115,24.134836930029913,20.751860337856588,19.988850015073393,19.538546640340936,0,0,0,0,0,15,0,0,0,1,3,11
0.19,0,HistGB,RandomForest,HistGB,18.928739010266547,19.217913478340854,18.928739010266547,0.0,0.28917446807430736,1,0,23.400767886214673,23.399697394454403,23.40060963088802,19.139543512488924,19.217913478340854,18.928739010266547,0,0,0,0,0,15,0,0,0,4,6,5
0.19,1,HistGB,HistGB,HistGB,20.143835873105846,20.143835873105846,20.143835873105846,0.0,0.0,1,1,24.886026901413178,24.88361404956965,24.88574774653932,20.755594195270138,20.729755571637078,20.143835873105846,0,0,0,0,0,15,0,0,0,3,4,8
0.19,2,HistGB,HistGB,RandomForest,19.26838422455713,19.26838422455713,19.252233135900717,0.01615108865641446,0.01615108865641446,0,0,23.345273261243186,23.343986340771654,23.345247537607584,19.696144316545364,19.252233135900717,19.26838422455713,0,0,0,0,0,15,0,0,0,2,5,8
0.19,3,HistGB,HistGB,HistGB,19.443279896968026,19.443279896968026,19.443279896968026,0.0,0.0,1,1,23.10747132207058,23.106699531819082,23.107676166860458,19.529605467282504,19.57374568000227,19.443279896968026,0,0,0,0,0,15,0,0,0,1,4,10
0.19,4,HistGB,HistGB,HistGB,18.913922205901436,18.913922205901436,18.913922205901436,0.0,0.0,1,1,23.223814143746146,23.223291214189235,23.224037870577504,19.613071957734306,19.062090399378448,18.913922205901436,0,0,0,0,0,15,0,0,0,1,2,12
0.19,5,HistGB,HistGB,HistGB,19.95917516081851,19.95917516081851,19.95917516081851,0.0,0.0,1,1,23.93162941902436,23.93085296546261,23.93182453009607,20.219020281269156,20.171624517914058,19.95917516081851,0,0,0,0,0,15,0,0,0,1,5,9
0.19,6,HistGB,HistGB,KNN,21.816136053242055,21.816136053242055,21.221317844771534,0.5948182084705209,0.5948182084705209,0,0,26.1116379269372,26.109667621978115,26.111776392171457,21.221317844771534,21.80130818382652,21.816136053242055,0,0,0,0,0,15,0,0,0,4,4,7
0.19,7,HistGB,KNN,HistGB,18.734365705176398,18.774541861317335,18.734365705176398,0.0,0.04017615614093728,1,0,22.571056989038713,22.568944924346326,22.57139466299861,18.774541861317335,18.844719985065225,18.734365705176398,0,0,0,0,0,15,0,0,0,8,1,6
0.19,8,HistGB,HistGB,HistGB,19.090144255140743,19.090144255140743,19.090144255140743,0.0,0.0,1,1,22.587000193590022,22.586218305768053,22.587359608375078,19.202362722887752,19.251486615674892,19.090144255140743,0,0,0,0,0,15,0,0,0,5,3,7
0.19,9,HistGB,HistGB,HistGB,19.759868075233722,19.759868075233722,19.759868075233722,0.0,0.0,1,1,24.04629677819834,24.04570139257222,24.04623272446059,20.597441146180742,20.22419885664821,19.759868075233722,0,0,0,0,0,15,0,0,0,2,3,10
0.19,10,HistGB,HistGB,RandomForest,19.228897842651488,19.228897842651488,19.11294703331267,0.11595080933881974,0.11595080933881974,0,0,23.421839639710885,23.421262104792834,23.421872496707483,20.053448562375703,19.11294703331267,19.228897842651488,0,0,0,0,0,15,0,0,0,1,1,13
0.19,11,HistGB,HistGB,HistGB,18.667847445401883,18.667847445401883,18.667847445401883,0.0,0.0,1,1,23.02176627583216,23.020938545573383,23.022051064813198,19.620868000509937,18.76995357901935,18.667847445401883,0,0,0,0,0,15,0,0,0,2,5,8
0.19,12,HistGB,HistGB,HistGB,18.74800249831791,18.74800249831791,18.74800249831791,0.0,0.0,1,1,23.06200384076169,23.06061041070959,23.062170633291018,19.0309632448056,18.823004468901228,18.74800249831791,0,0,0,0,0,15,0,0,0,3,2,10
0.19,13,HistGB,HistGB,HistGB,19.487413662156857,19.487413662156857,19.487413662156857,0.0,0.0,1,1,23.791358325922314,23.790718744466634,23.78956487331895,20.627911515357205,19.637018307939407,19.487413662156857,0,0,0,0,0,15,0,0,0,5,2,8
0.19,14,HistGB,HistGB,HistGB,19.805729525276647,19.805729525276647,19.805729525276647,0.0,0.0,1,1,24.112131968898986,24.11078415209005,24.111743265144852,20.362011714757084,19.823880417946835,19.805729525276647,0,0,0,0,0,15,0,0,0,4,4,7
0.19,15,HistGB,HistGB,HistGB,19.53354628711148,19.53354628711148,19.53354628711148,0.0,0.0,1,1,23.49820052461153,23.496522427916798,23.498366820657562,19.618598375178443,19.798055600488105,19.53354628711148,0,0,0,0,0,15,0,0,0,1,6,8
0.19,16,HistGB,HistGB,HistGB,20.421383899735122,20.421383899735122,20.421383899735122,0.0,0.0,1,1,24.67460530601878,24.67310788992094,24.67463361312584,20.533975780645825,20.467024701065334,20.421383899735122,0,0,0,0,0,15,0,0,0,3,5,7
0.19,17,HistGB,HistGB,HistGB,21.336585653266862,21.336585653266862,21.336585653266862,0.0,0.0,1,1,24.902426665085606,24.900439959730605,24.901396414969547,21.420566899318523,21.86407770149402,21.336585653266862,0,0,0,0,0,15,0,0,0,3,3,9
0.19,18,HistGB,HistGB,HistGB,19.63875503262111,19.63875503262111,19.63875503262111,0.0,0.0,1,1,23.212569216977638,23.2116507583735,23.212850498087732,19.727747830033994,19.844373797364298,19.63875503262111,0,0,0,0,0,15,0,0,0,4,2,9
0.19,19,HistGB,HistGB,HistGB,19.237587544515986,19.237587544515986,19.237587544515986,0.0,0.0,1,1,23.847681675809373,23.846541920758803,23.84779901330719,19.547908981423685,19.61676375036452,19.237587544515986,0,0,0,0,0,15,0,0,0,5,0,10
0.19,20,HistGB,HistGB,HistGB,19.92591817042073,19.92591817042073,19.92591817042073,0.0,0.0,1,1,24.258757622375946,24.25716721392907,24.258715900000706,20.41783160970748,20.10163644906917,19.92591817042073,0,0,0,0,0,15,0,0,0,4,1,10
0.19,21,HistGB,HistGB,HistGB,21.007827210990577,21.007827210990577,21.007827210990577,0.0,0.0,1,1,25.185208092361314,25.184046683663787,25.18534704757484,21.53452339813407,21.167090371818112,21.007827210990577,0,0,0,0,0,15,0,0,0,3,0,12
0.19,22,HistGB,HistGB,HistGB,20.67660900892144,20.67660900892144,20.67660900892144,0.0,0.0,1,1,24.615251444997245,24.61408998826492,24.615955714045075,20.824194069788632,20.84519609771473,20.67660900892144,0,0,0,0,0,15,0,0,0,0,5,10
0.19,23,HistGB,HistGB,RandomForest,20.6083352155968,20.6083352155968,20.554130699292205,0.05420451630459411,0.05420451630459411,0,0,24.198045153054355,24.197225386221298,24.197424588127003,20.975719808111897,20.554130699292205,20.6083352155968,0,0,0,0,0,15,0,0,0,3,3,9
0.19,24,HistGB,HistGB,HistGB,19.83663934120755,19.83663934120755,19.83663934120755,0.0,0.0,1,1,24.548131395627625,24.5473574416762,24.546722856068563,20.889895387910965,20.19665733625576,19.83663934120755,0,0,0,0,0,15,0,0,0,3,2,10
0.195,0,HistGB,HistGB,HistGB,18.94855190893583,18.94855190893583,18.94855190893583,0.0,0.0,1,1,23.526969863867464,23.525801498331383,23.526817147341472,19.180121105053857,19.337922158394335,18.94855190893583,0,0,0,0,0,15,0,0,0,6,2,7
0.195,1,HistGB,HistGB,HistGB,20.368088767298296,20.368088767298296,20.368088767298296,0.0,0.0,1,1,25.199410120789686,25.196856983554408,25.19895044417702,20.928341575502266,21.198778447886028,20.368088767298296,0,0,0,0,0,15,0,0,0,5,2,8
0.195,2,HistGB,HistGB,RandomForest,19.42051619712138,19.42051619712138,19.37137666042762,0.049139536693758146,0.049139536693758146,0,0,23.459135670911213,23.457715679305558,23.45907035307694,19.852423924931504,19.37137666042762,19.42051619712138,0,0,0,0,0,15,0,0,0,4,1,10
0.195,3,HistGB,HistGB,HistGB,19.289756719364167,19.289756719364167,19.289756719364167,0.0,0.0,1,1,23.21799976654626,23.21725028175214,23.21820101587245,19.549482536497553,19.710870458143926,19.289756719364167,0,0,0,0,0,15,0,0,0,3,1,11
0.195,4,HistGB,HistGB,HistGB,19.078157131448172,19.078157131448172,19.078157131448172,0.0,0.0,1,1,23.522396302171288,23.52172878893136,23.522530529750277,19.694137421174318,19.20955478647479,19.078157131448172,0,0,0,0,0,15,0,0,0,4,1,10
0.195,5,HistGB,RandomForest,HistGB,20.083754317095565,20.26085150573623,20.083754317095565,0.0,0.1770971886406656,1,0,24.134066101706853,24.133133114938918,24.13433681165623,20.44923348796606,20.26085150573623,20.083754317095565,0,0,0,0,0,15,0,0,0,4,7,4
0.195,6,HistGB,HistGB,KNN,22.044823488426808,22.044823488426808,21.45647730905589,0.5883461793709159,0.5883461793709159,0,0,26.34761574543595,26.34548572259778,26.347649587005904,21.45647730905589,22.233075219599463,22.044823488426808,0,0,0,0,0,15,0,0,0,4,3,8
0.195,7,HistGB,HistGB,KNN,18.938186527279242,18.938186527279242,18.841476120587156,0.09671040669208608,0.09671040669208608,0,0,22.692065623133438,22.68995107346428,22.69248084491238,18.841476120587156,19.031401522357104,18.938186527279242,0,0,0,0,0,15,0,0,0,5,2,8
0.195,8,HistGB,HistGB,HistGB,19.232992403248684,19.232992403248684,19.232992403248684,0.0,0.0,1,1,22.81554915808099,22.814743047517847,22.815751809623254,19.37212227110014,19.45441231542807,19.232992403248684,0,0,0,0,0,15,0,0,0,4,1,10
0.195,9,HistGB,HistGB,HistGB,20.049923108557504,20.049923108557504,20.049923108557504,0.0,0.0,1,1,24.0977351100011,24.09711406397775,24.097632970262733,20.643388189568327,20.322690600817324,20.049923108557504,0,0,0,0,0,15,0,0,0,3,4,8
0.195,10,HistGB,HistGB,RandomForest,19.160871488190494,19.160871488190494,19.09069145537473,0.07018003281576313,0.07018003281576313,0,0,23.41743371746703,23.416786488857817,23.417415822085562,19.988008844870237,19.09069145537473,19.160871488190494,0,0,0,0,0,15,0,0,0,1,2,12
0.195,11,HistGB,HistGB,RandomForest,18.86602930374433,18.86602930374433,18.85258004038811,0.013449263356221763,0.013449263356221763,0,0,22.96431281397823,22.963501376742936,22.9646086096755,19.712601129638255,18.85258004038811,18.86602930374433,0,0,0,0,0,15,0,0,0,6,2,7
0.195,12,HistGB,HistGB,RandomForest,18.868119885721047,18.868119885721047,18.8212516349206,0.04686825080044699,0.04686825080044699,0,0,23.21658330174573,23.215135750257343,23.21665793118045,19.199700798393362,18.8212516349206,18.868119885721047,0,0,0,0,0,15,0,0,0,6,1,8
0.195,13,HistGB,HistGB,HistGB,19.57173509087314,19.57173509087314,19.57173509087314,0.0,0.0,1,1,23.85533573444929,23.854679219736614,23.853549639688005,20.59097344958318,19.811847755685946,19.57173509087314,0,0,0,0,0,15,0,0,0,3,2,10
0.195,14,HistGB,HistGB,HistGB,19.965514472528557,19.965514472528557,19.965514472528557,0.0,0.0,1,1,24.231734903762067,24.23032240463497,24.231169995478936,20.476424405705142,19.97800170846363,19.965514472528557,0,0,0,0,0,15,0,0,0,3,2,10
0.195,15,HistGB,HistGB,KNN,19.60598411468798,19.60598411468798,19.600883395602878,0.0051007190851031226,0.0051007190851031226,0,0,23.446549898231066,23.444834887042006,23.446749111086657,19.600883395602878,19.855152553671914,19.60598411468798,0,0,0,0,0,15,0,0,0,2,3,10
0.195,16,HistGB,HistGB,HistGB,20.388204252481753,20.388204252481753,20.388204252481753,0.0,0.0,1,1,24.642302147714318,24.640625899770992,24.642369390683186,20.441366068211988,20.433396300790054,20.388204252481753,0,0,0,0,0,15,0,0,0,3,6,6
0.195,17,HistGB,HistGB,HistGB,21.501676443053423,21.501676443053423,21.501676443053423,0.0,0.0,1,1,24.98495493963828,24.98277463666966,24.983946693440796,21.58723568170201,21.86979510507388,21.501676443053423,0,0,0,0,0,15,0,0,0,4,3,8
0.195,18,HistGB,HistGB,KNN,19.84366822147733,19.84366822147733,19.76488314864371,0.07878507283361813,0.07878507283361813,0,0,23.26464295126825,23.26374571290007,23.264852534527527,19.76488314864371,20.042694638236586,19.84366822147733,0,0,0,0,0,15,0,0,0,6,2,7
0.195,19,HistGB,KNN,HistGB,19.44290091278094,19.635202647538772,19.44290091278094,0.0,0.19230173475783374,1,0,24.209645753673435,24.208393455953196,24.209810500540204,19.635202647538772,19.84863741332301,19.44290091278094,0,0,0,0,0,15,0,0,0,8,1,6
0.195,20,HistGB,HistGB,HistGB,20.217141968810136,20.217141968810136,20.217141968810136,0.0,0.0,1,1,24.440129985984573,24.43831598962245,24.44000857526897,20.536077049229473,20.421148591615935,20.217141968810136,0,0,0,0,0,15,0,0,0,1,2,12
0.195,21,HistGB,HistGB,HistGB,21.01563974370217,21.01563974370217,21.01563974370217,0.0,0.0,1,1,25.24010817580178,25.238807373963905,25.240320274208504,21.573147342920244,21.35819026393324,21.01563974370217,0,0,0,0,0,15,0,0,0,2,1,12
0.195,22,HistGB,HistGB,HistGB,21.04389462322039,21.04389462322039,21.04389462322039,0.0,0.0,1,1,24.94732880110829,24.946068704277064,24.94795685354112,21.069739838397698,21.137648600862146,21.04389462322039,0,0,0,0,0,15,0,0,0,2,5,8
0.195,23,HistGB,HistGB,HistGB,20.449555974761566,20.449555974761566,20.449555974761566,0.0,0.0,1,1,24.146473445232253,24.14565729390257,24.14573187173649,20.958161586640475,20.627160753158964,20.449555974761566,0,0,0,0,0,15,0,0,0,4,5,6
0.195,24,HistGB,HistGB,HistGB,20.19006158937519,20.19006158937519,20.19006158937519,0.0,0.0,1,1,24.60597972025553,24.60511998187297,24.604484809954624,21.124242709112632,20.64556516720209,20.19006158937519,0,0,0,0,0,15,0,0,0,3,2,10
0.2,0,HistGB,HistGB,HistGB,19.316959778242975,19.316959778242975,19.316959778242975,0.0,0.0,1,1,23.643951545065978,23.64279793098008,23.64368023564023,19.33529642412818,19.469680576996257,19.316959778242975,0,0,0,0,0,15,0,0,0,1,6,8
0.2,1,HistGB,HistGB,HistGB,20.633704058890523,20.633704058890523,20.633704058890523,0.0,0.0,1,1,25.38574791495498,25.383093226092324,25.385399791585776,20.988118869736013,21.294989300218496,20.633704058890523,0,0,0,0,0,15,0,0,0,4,5,6
0.2,2,HistGB,HistGB,RandomForest,19.60198171985055,19.60198171985055,19.530966200000307,0.07101551985024201,0.07101551985024201,0,0,23.63904501142684,23.637428195517522,23.639039618625393,19.89029596386833,19.530966200000307,19.60198171985055,0,0,0,0,0,15,0,0,0,2,3,10
0.2,3,HistGB,HistGB,HistGB,19.402467232517452,19.402467232517452,19.402467232517452,0.0,0.0,1,1,23.268993326052573,23.268116779262634,23.26908666222617,19.550570304039876,19.67950937779006,19.402467232517452,0,0,0,0,0,15,0,0,0,2,3,10
0.2,4,HistGB,HistGB,HistGB,19.198799190026282,19.198799190026282,19.198799190026282,0.0,0.0,1,1,23.51049556034626,23.509788245364117,23.510674937424458,19.812968172484528,19.43808560125952,19.198799190026282,0,0,0,0,0,15,0,0,0,3,1,11
0.2,5,HistGB,HistGB,HistGB,20.309646525902178,20.309646525902178,20.309646525902178,0.0,0.0,1,1,24.483459518816023,24.482478317695026,24.48355224702134,20.544638077401657,20.4800338935398,20.309646525902178,0,0,0,0,0,15,0,0,0,3,3,9
0.2,6,HistGB,HistGB,KNN,22.22715469741236,22.22715469741236,21.45106211319845,0.7760925842139095,0.7760925842139095,0,0,26.46919674853858,26.467136863326264,26.46914308438768,21.45106211319845,22.367294828127015,22.22715469741236,0,0,0,0,0,15,0,0,0,6,2,7
0.2,7,HistGB,HistGB,KNN,19.087134768957217,19.087134768957217,18.914661584201482,0.17247318475573437,0.17247318475573437,0,0,22.917579328430115,22.915357348171582,22.918002645895005,18.914661584201482,19.129402364090332,19.087134768957217,0,0,0,0,0,15,0,0,0,4,1,10
0.2,8,HistGB,RandomForest,HistGB,19.353522301384245,19.635343077883455,19.353522301384245,0.0,0.28182077649920956,1,0,23.049398438990007,23.048504020193903,23.049714057989966,19.4297476825972,19.635343077883455,19.353522301384245,0,0,0,0,0,15,0,0,0,4,6,5
0.2,9,HistGB,HistGB,HistGB,20.244280483753503,20.244280483753503,20.244280483753503,0.0,0.0,1,1,24.442955824518027,24.44225342600242,24.442700614751576,20.759517003218594,20.50657078927451,20.244280483753503,0,0,0,0,0,15,0,0,0,3,2,10
0.2,10,HistGB,HistGB,RandomForest,19.482679894775195,19.482679894775195,19.397262692891125,0.08541720188406998,0.08541720188406998,0,0,23.601688745753645,23.600979013491003,23.601635637355106,20.183306255017218,19.397262692891125,19.482679894775195,0,0,0,0,0,15,0,0,0,4,4,7
0.2,11,HistGB,KNN,HistGB,18.81764877008533,19.720747831922374,18.81764877008533,0.0,0.9030990618370431,1,0,23.097346285249102,23.096424193682687,23.097606722203682,19.720747831922374,18.859747751474462,18.81764877008533,0,0,0,0,0,15,0,0,0,6,4,5
0.2,12,HistGB,HistGB,HistGB,19.156116543683805,19.156116543683805,19.156116543683805,0.0,0.0,1,1,23.436498170248488,23.434951328567887,23.436457825620828,19.28080431886713,19.23746983785056,19.156116543683805,0,0,0,0,0,15,0,0,0,5,3,7
0.2,13,HistGB,KNN,HistGB,20.013494337453572,20.993866750009243,20.013494337453572,0.0,0.9803724125556705,1,0,24.187398966129955,24.186669425539456,24.185618166168293,20.993866750009243,20.13924375092364,20.013494337453572,0,0,0,0,0,15,0,0,0,7,2,6
0.2,14,HistGB,HistGB,HistGB,20.033455238923583,20.033455238923583,20.033455238923583,0.0,0.0,1,1,24.25765880370957,24.256261537279027,24.257075346238196,20.484338702816657,20.0533751462131,20.033455238923583,0,0,0,0,0,15,0,0,0,6,1,8
0.2,15,HistGB,HistGB,KNN,19.869830311349162,19.869830311349162,19.770319702527313,0.09951060882184848,0.09951060882184848,0,0,23.828781014497324,23.827036320640186,23.828804698413567,19.770319702527313,20.054477738981472,19.869830311349162,0,0,0,0,0,15,0,0,0,2,6,7
0.2,16,HistGB,HistGB,HistGB,20.56981023209017,20.56981023209017,20.56981023209017,0.0,0.0,1,1,24.988472814706356,24.98682841085951,24.98827661674522,20.74824864265046,20.625479765066768,20.56981023209017,0,0,0,0,0,15,0,0,0,1,6,8
0.2,17,HistGB,KNN,KNN,21.90020836235615,21.846734191028197,21.846734191028197,0.05347417132795229,0.0,0,1,25.425862541179153,25.423531168232746,25.42486669591356,21.846734191028197,22.24660592100581,21.90020836235615,0,0,0,0,0,15,0,0,0,6,4,5
0.2,18,HistGB,KNN,KNN,20.131021284413876,20.099350238418523,20.099350238418523,0.03167104599535264,0.0,0,1,23.712460255146073,23.7115093273566,23.712940447455754,20.099350238418523,20.401067631017586,20.131021284413876,0,0,0,0,0,15,0,0,0,8,0,7
0.2,19,HistGB,KNN,HistGB,19.59435135708357,19.747357179175573,19.59435135708357,0.0,0.15300582209200186,1,0,24.31793732294458,24.316534203250423,24.318081586618487,19.747357179175573,20.00536892775428,19.59435135708357,0,0,0,0,0,15,0,0,0,8,1,6
0.2,20,HistGB,HistGB,HistGB,20.38206963513907,20.38206963513907,20.38206963513907,0.0,0.0,1,1,24.509450201294886,24.507662299104325,24.509388772712796,20.64765181172246,20.521488373257018,20.38206963513907,0,0,0,0,0,15,0,0,0,6,2,7
0.2,21,HistGB,HistGB,HistGB,21.186528023649814,21.186528023649814,21.186528023649814,0.0,0.0,1,1,25.281282747521573,25.279890668771152,25.28158036167177,21.671517042573594,21.49287249571922,21.186528023649814,0,0,0,0,0,15,0,0,0,2,2,11
0.2,22,HistGB,HistGB,HistGB,20.970762127732502,20.970762127732502,20.970762127732502,0.0,0.0,1,1,25.007164358876725,25.005766214090382,25.00776764812931,21.063528092176284,21.22813359323738,20.970762127732502,0,0,0,0,0,15,0,0,0,4,5,6
0.2,23,HistGB,RandomForest,HistGB,20.731601966614555,20.825750995009155,20.731601966614555,0.0,0.09414902839460026,1,0,24.370013682005013,24.36902085596272,24.36941213959054,21.09697164614846,20.825750995009155,20.731601966614555,0,0,0,0,0,15,0,0,0,4,6,5
0.2,24,HistGB,HistGB,HistGB,20.04810559903347,20.04810559903347,20.04810559903347,0.0,0.0,1,1,24.616408160384562,24.61555586452268,24.61504098472204,21.136811627411657,20.60179770234814,20.04810559903347,0,0,0,0,0,15,0,0,0,4,3,8
0.205,0,HistGB,KNN,HistGB,19.255219626703422,19.336107027943015,19.255219626703422,0.0,0.08088740123959326,1,0,23.663304513283126,23.66206956825228,23.663093612837645,19.336107027943015,19.511259329964446,19.255219626703422,0,0,0,0,0,15,0,0,0,9,1,5
0.205,1,HistGB,HistGB,HistGB,20.621657783975895,20.621657783975895,20.621657783975895,0.0,0.0,1,1,25.324796107221946,25.322140480755664,25.324542325397196,21.09127393490936,21.296269411383204,20.621657783975895,0,0,0,0,0,15,0,0,0,3,0,12
0.205,2,HistGB,HistGB,RandomForest,19.650388910396828,19.650388910396828,19.589588356831094,0.060800553565734106,0.060800553565734106,0,0,23.74240095194091,23.740662055887984,23.74250869389198,19.979176810526145,19.589588356831094,19.650388910396828,0,0,0,0,0,15,0,0,0,2,5,8
0.205,3,HistGB,HistGB,HistGB,19.744587106284147,19.744587106284147,19.744587106284147,0.0,0.0,1,1,23.646157025426437,23.645311594451183,23.646401357146104,19.847765864813518,20.03098846304722,19.744587106284147,0,0,0,0,0,15,0,0,0,0,6,9
0.205,4,HistGB,RandomForest,HistGB,19.223798345756286,19.415344551126942,19.223798345756286,0.0,0.19154620537065625,1,0,23.697776456750436,23.696929369595626,23.697924539239924,19.904804733565182,19.415344551126942,19.223798345756286,0,0,0,0,0,15,0,0,0,5,6,4
0.205,5,HistGB,HistGB,HistGB,20.44672128744043,20.44672128744043,20.44672128744043,0.0,0.0,1,1,24.468947864318128,24.467783409299717,24.469082846492896,20.687227418721168,20.558658788576956,20.44672128744043,0,0,0,0,0,15,0,0,0,5,3,7
0.205,6,HistGB,HistGB,KNN,22.373519956896363,22.373519956896363,21.55461122346301,0.8189087334333536,0.8189087334333536,0,0,26.578396847368747,26.576028690705634,26.57845364899909,21.55461122346301,22.433466007021934,22.373519956896363,0,0,0,0,0,15,0,0,0,6,3,6
0.205,7,HistGB,HistGB,KNN,19.08062722469875,19.08062722469875,18.95104358537885,0.1295836393198968,0.1295836393198968,0,0,22.893703331222103,22.891510719847222,22.893990782888732,18.95104358537885,19.190519244643472,19.08062722469875,0,0,0,0,0,15,0,0,0,4,1,10
0.205,8,HistGB,HistGB,KNN,19.77332242554724,19.77332242554724,19.5941396456204,0.1791827799268404,0.1791827799268404,0,0,23.045279790327324,23.044388570222637,23.045504189890917,19.5941396456204,19.79102285327497,19.77332242554724,0,0,0,0,0,15,0,0,0,5,3,7
0.205,9,HistGB,HistGB,HistGB,20.314145163822847,20.314145163822847,20.314145163822847,0.0,0.0,1,1,24.353427664824945,24.35273654069706,24.353303475448772,20.69745801883461,20.60163806188395,20.314145163822847,0,0,0,0,0,15,0,0,0,3,4,8
0.205,10,HistGB,HistGB,RandomForest,19.617070047058732,19.617070047058732,19.490814810726594,0.1262552363321383,0.1262552363321383,0,0,23.895016795224077,23.894390105754944,23.894915536770082,20.423878739672293,19.490814810726594,19.617070047058732,0,0,0,0,0,15,0,0,0,4,0,11
0.205,11,HistGB,KNN,RandomForest,19.140038359414305,19.9464679427682,19.08259108832609,0.05744727108821479,0.8638768544421112,0,0,23.40383848386275,23.40293064081428,23.404056053964215,19.9464679427682,19.08259108832609,19.140038359414305,0,0,0,0,0,15,0,0,0,9,0,6
0.205,12,HistGB,HistGB,HistGB,19.237595593572284,19.237595593572284,19.237595593572284,0.0,0.0,1,1,23.52648718139289,23.524670703815147,23.526435220101636,19.35923237740881,19.326783462303514,19.237595593572284,0,0,0,0,0,15,0,0,0,6,3,6
0.205,13,HistGB,HistGB,HistGB,19.922165353249536,19.922165353249536,19.922165353249536,0.0,0.0,1,1,24.214410604551745,24.213787407220316,24.212464048184266,20.937830861736668,20.063952533576163,19.922165353249536,0,0,0,0,0,15,0,0,0,4,3,8
0.205,14,HistGB,KNN,HistGB,20.0411401278212,20.49414067053451,20.0411401278212,0.0,0.45300054271330836,1,0,24.300639711099507,24.299095373707914,24.30009145103201,20.49414067053451,20.065508431459936,20.0411401278212,0,0,0,0,0,15,0,0,0,7,3,5
0.205,15,HistGB,HistGB,KNN,19.98435566501587,19.98435566501587,19.741713249630173,0.24264241538569564,0.24264241538569564,0,0,23.9358338697075,23.93394800152448,23.93600524055982,19.741713249630173,20.187810422380185,19.98435566501587,0,0,0,0,0,15,0,0,0,3,4,8
0.205,16,HistGB,KNN,HistGB,20.609266345867905,20.729310285304596,20.609266345867905,0.0,0.120043939436691,1,0,25.10753176214149,25.10574154154315,25.107385877759636,20.729310285304596,20.78307610585987,20.609266345867905,0,0,0,0,0,15,0,0,0,7,3,5
0.205,17,HistGB,KNN,HistGB,21.780170819509515,21.866940826932723,21.780170819509515,0.0,0.08677000742320828,1,0,25.45198751277373,25.449587244348365,25.450861173151246,21.866940826932723,22.35297849211299,21.780170819509515,0,0,0,0,0,15,0,0,0,11,3,1
0.205,18,HistGB,KNN,KNN,20.008442450118146,19.94292431707132,19.94292431707132,0.06551813304682597,0.0,0,1,23.672522031730523,23.67150450249725,23.672880949177113,19.94292431707132,20.404285626307097,20.008442450118146,0,0,0,0,0,15,0,0,0,9,0,6
0.205,19,HistGB,HistGB,HistGB,19.75277409495944,19.75277409495944,19.75277409495944,0.0,0.0,1,1,24.40646513000052,24.405086827027848,24.40657861549335,19.87988071146533,20.06318191182384,19.75277409495944,0,0,0,0,0,15,0,0,0,6,0,9
0.205,20,HistGB,HistGB,HistGB,20.588172744910775,20.588172744910775,20.588172744910775,0.0,0.0,1,1,24.756723950130706,24.754716484057003,24.75660310923409,20.805412280307266,20.85493347507978,20.588172744910775,0,0,0,0,0,15,0,0,0,4,2,9
0.205,21,HistGB,KNN,HistGB,21.42692463412255,21.79667207119156,21.42692463412255,0.0,0.3697474370690088,1,0,25.457721439376822,25.456261324876913,25.458071935636216,21.79667207119156,21.791022057969393,21.42692463412255,0,0,0,0,0,15,0,0,0,8,2,5
0.205,22,HistGB,HistGB,HistGB,20.97978639460052,20.97978639460052,20.97978639460052,0.0,0.0,1,1,24.90630709717833,24.905022921025875,24.906947812013673,21.006059480276786,21.218765987802193,20.97978639460052,0,0,0,0,0,15,0,0,0,0,5,10
0.205,23,HistGB,HistGB,HistGB,21.13855968154512,21.13855968154512,21.13855968154512,0.0,0.0,1,1,24.732564394156444,24.731540331648954,24.732027395223835,21.30406142094889,21.286349687323472,21.13855968154512,0,0,0,0,0,15,0,0,0,3,1,11
0.205,24,HistGB,HistGB,HistGB,20.3679059755521,20.3679059755521,20.3679059755521,0.0,0.0,1,1,25.02808708445601,25.0272068017195,25.026579329541605,21.392755435645952,20.940521888493073,20.3679059755521,0,0,0,0,0,15,0,0,0,4,1,10
0.21,0,HistGB,HistGB,KNN,19.712347729890087,19.712347729890087,19.62070076050922,0.09164696938086792,0.09164696938086792,0,0,24.156680294096102,24.155322625770967,24.15656114656442,19.62070076050922,19.987705383791567,19.712347729890087,0,0,0,0,0,15,0,0,0,7,1,7
0.21,1,HistGB,HistGB,HistGB,20.883479751389164,20.883479751389164,20.883479751389164,0.0,0.0,1,1,25.630496659096966,25.6277862421084,25.630038759050315,21.281338824066953,21.569705024795084,20.883479751389164,0,0,0,0,0,15,0,0,0,3,2,10
0.21,2,HistGB,HistGB,RandomForest,19.80436562213185,19.80436562213185,19.776411638303763,0.02795398382808756,0.02795398382808756,0,0,23.913221492760524,23.91140523297527,23.913029858562773,20.03087367709801,19.776411638303763,19.80436562213185,0,0,0,0,0,15,0,0,0,4,3,8
0.21,3,HistGB,HistGB,HistGB,19.799628451121052,19.799628451121052,19.799628451121052,0.0,0.0,1,1,23.69244086875181,23.691565216765245,23.692679500820326,19.961910418985966,20.178312279210477,19.799628451121052,0,0,0,0,0,15,0,0,0,4,2,9
0.21,4,HistGB,HistGB,HistGB,19.524084711512714,19.524084711512714,19.524084711512714,0.0,0.0,1,1,23.85796630261278,23.85685658359772,23.85816095400524,19.902973719693726,19.60336226259007,19.524084711512714,0,0,0,0,0,15,0,0,0,6,2,7
0.21,5,HistGB,HistGB,HistGB,20.691741037075953,20.691741037075953,20.691741037075953,0.0,0.0,1,1,24.810461149640915,24.809262211876934,24.81075744217863,20.77670411585632,20.75732847813665,20.691741037075953,0,0,0,0,0,15,0,0,0,5,4,6
0.21,6,HistGB,HistGB,KNN,22.638128623682924,22.638128623682924,21.735449205266427,0.902679418416497,0.902679418416497,0,0,26.732135053184,26.72963959010398,26.73218002248182,21.735449205266427,22.613540001837116,22.638128623682924,0,0,0,0,0,15,0,0,0,7,0,8
0.21,7,HistGB,HistGB,KNN,19.563223774521386,19.563223774521386,19.129134412148225,0.434089362373161,0.434089362373161,0,0,23.112048542585512,23.10981919304931,23.112342639756783,19.129134412148225,19.557991609172426,19.563223774521386,0,0,0,0,0,15,0,0,0,3,4,8
0.21,8,HistGB,KNN,KNN,19.949149133827166,19.754159286311616,19.754159286311616,0.1949898475155507,0.0,0,1,23.26119708420205,23.26017590957095,23.261498344580172,19.754159286311616,20.07947616685195,19.949149133827166,0,0,0,0,0,15,0,0,0,8,0,7
0.21,9,HistGB,KNN,HistGB,20.53946391412387,20.982882321065837,20.53946391412387,0.0,0.44341840694196577,1,0,24.701408516133874,24.70074817165459,24.701385812478858,20.982882321065837,20.82165414619791,20.53946391412387,0,0,0,0,0,15,0,0,0,7,2,6
0.21,10,HistGB,HistGB,RandomForest,19.791512389893274,19.791512389893274,19.766638000384393,0.024874389508880768,0.024874389508880768,0,0,24.030523268432738,24.029750662232367,24.030334925821467,20.48470595716269,19.766638000384393,19.791512389893274,0,0,0,0,0,15,0,0,0,5,2,8
0.21,11,HistGB,HistGB,HistGB,19.12476153385831,19.12476153385831,19.12476153385831,0.0,0.0,1,1,23.211602327596708,23.210652369969594,23.21195266958607,19.811427834637808,19.17255832489049,19.12476153385831,0,0,0,0,0,15,0,0,0,4,2,9
0.21,12,HistGB,HistGB,HistGB,19.62285011346803,19.62285011346803,19.62285011346803,0.0,0.0,1,1,23.90320624151381,23.901422720818616,23.90329589807086,19.63675067855227,19.69345881611182,19.62285011346803,0,0,0,0,0,15,0,0,0,5,2,8
0.21,13,HistGB,HistGB,HistGB,20.191275002262802,20.191275002262802,20.191275002262802,0.0,0.0,1,1,24.533961088893403,24.533130895862733,24.532156410418455,21.13758289117044,20.55432076189095,20.191275002262802,0,0,0,0,0,15,0,0,0,5,2,8
0.21,14,HistGB,HistGB,HistGB,20.17871752830445,20.17871752830445,20.17871752830445,0.0,0.0,1,1,24.621937925743637,24.620364865966923,24.621299431552995,20.58014152468207,20.200012660046916,20.17871752830445,0,0,0,0,0,15,0,0,0,5,1,9
0.21,15,HistGB,HistGB,KNN,20.35635435076348,20.35635435076348,20.008689836811453,0.3476645139520258,0.3476645139520258,0,0,24.06887676378544,24.06706656384531,24.069072649497194,20.008689836811453,20.4958247298693,20.35635435076348,0,0,0,0,0,15,0,0,0,3,2,10
0.21,16,HistGB,KNN,RandomForest,20.844016484607646,20.840344291850116,20.833181161887754,0.010835322719891849,0.0071631299623611255,0,0,25.031298187221466,25.029384552446363,25.031336738421373,20.840344291850116,20.833181161887754,20.844016484607646,0,0,0,0,0,15,0,0,0,7,2,6
0.21,17,HistGB,KNN,KNN,22.20143236502758,21.973972367422398,21.973972367422398,0.22745999760518032,0.0,0,1,25.644867113676874,25.642493793173593,25.643658310447226,21.973972367422398,22.43230955278492,22.20143236502758,0,0,0,0,0,15,0,0,0,11,3,1
0.21,18,HistGB,HistGB,KNN,20.435337004508213,20.435337004508213,20.187319179856438,0.24801782465177524,0.24801782465177524,0,0,23.755893141255548,23.754918262908834,23.756143632026447,20.187319179856438,20.613419574888447,20.435337004508213,0,0,0,0,0,15,0,0,0,6,0,9
0.21,19,HistGB,KNN,HistGB,19.97509701714303,20.032694142887376,19.97509701714303,0.0,0.05759712574434417,1,0,24.53517717599664,24.533814056169945,24.53524659296044,20.032694142887376,20.248757900106686,19.97509701714303,0,0,0,0,0,15,0,0,0,9,0,6
0.21,20,HistGB,HistGB,HistGB,20.63839378129152,20.63839378129152,20.63839378129152,0.0,0.0,1,1,24.792562289941305,24.79049483381961,24.792448955135722,20.776110160225358,20.7877899018769,20.63839378129152,0,0,0,0,0,15,0,0,0,6,1,8
0.21,21,HistGB,HistGB,HistGB,21.409568945258446,21.409568945258446,21.409568945258446,0.0,0.0,1,1,25.53929517738485,25.537847982660796,25.53952111333687,21.887328352862333,21.82455464549901,21.409568945258446,0,0,0,0,0,15,0,0,0,4,1,10
0.21,22,HistGB,HistGB,KNN,21.279054027647227,21.279054027647227,21.24068021908822,0.03837380855900818,0.03837380855900818,0,0,25.15109974477459,25.149596280111258,25.1516940712717,21.24068021908822,21.29424222628104,21.279054027647227,0,0,0,0,0,15,0,0,0,4,2,9
0.21,23,HistGB,HistGB,HistGB,21.073886705689354,21.073886705689354,21.073886705689354,0.0,0.0,1,1,24.742419923394557,24.741366743908554,24.741729926780273,21.334876409437367,21.201334656730996,21.073886705689354,0,0,0,0,0,15,0,0,0,5,4,6
0.21,24,HistGB,KNN,HistGB,20.58508699071329,21.435227269307976,20.58508699071329,0.0,0.8501402785946865,1,0,25.05307354687653,25.052051304472645,25.051584395017326,21.435227269307976,21.194063095333547,20.58508699071329,0,0,0,0,0,15,0,0,0,8,2,5
0.22,0,HistGB,KNN,KNN,19.90785175248965,19.691250044805567,19.691250044805567,0.21660170768408094,0.0,0,1,24.259354248558534,24.257914509567982,24.259190024171474,19.691250044805567,20.09776093313874,19.90785175248965,0,0,0,0,0,15,0,0,0,8,2,5
0.22,1,HistGB,KNN,HistGB,21.233525486864377,21.491842519376117,21.233525486864377,0.0,0.25831703251174076,1,0,25.820402628655156,25.817304636839147,25.82006461948807,21.491842519376117,21.870069641888385,21.233525486864377,0,0,0,0,0,15,0,0,0,8,1,6
0.22,2,HistGB,KNN,RandomForest,20.109082372060247,20.25375313397213,19.987711155116237,0.12137121694400932,0.26604197885589187,0,0,24.037288954715457,24.035272081843136,24.037179368427157,20.25375313397213,19.987711155116237,20.109082372060247,0,0,0,0,0,15,0,0,0,8,3,4
0.22,3,HistGB,KNN,KNN,20.336737071086688,20.112634909051316,20.112634909051316,0.22410216203537203,0.0,0,1,23.948356344346564,23.94729762618338,23.948552326637397,20.112634909051316,20.593902377317292,20.336737071086688,0,0,0,0,0,15,0,0,0,10,1,4
0.22,4,HistGB,HistGB,HistGB,20.075274838855492,20.075274838855492,20.075274838855492,0.0,0.0,1,1,24.379703353574794,24.378726389919635,24.379968896675095,20.412321329103616,20.177942421250293,20.075274838855492,0,0,0,0,0,15,0,0,0,7,1,7
0.22,5,HistGB,HistGB,KNN,21.205031849635144,21.205031849635144,20.978886030108548,0.22614581952659663,0.22614581952659663,0,0,25.117492553282343,25.116082518270208,25.117602966251006,20.978886030108548,21.249364220293288,21.205031849635144,0,0,0,0,0,15,0,0,0,5,1,9
0.22,6,HistGB,KNN,KNN,23.040484225028543,21.942921677401575,21.942921677401575,1.0975625476269677,0.0,0,1,27.23315020329296,27.230536480992765,27.233192432065024,21.942921677401575,22.932172667916067,23.040484225028543,0,0,0,0,0,15,0,0,0,8,1,6
0.22,7,HistGB,KNN,KNN,19.920079893010225,19.39711995632519,19.39711995632519,0.5229599366850337,0.0,0,1,23.511843722966844,23.509488584151768,23.512237830223977,19.39711995632519,19.919442697364286,19.920079893010225,0,0,0,0,0,15,0,0,0,9,3,3
0.22,8,HistGB,KNN,KNN,20.2674248877836,19.962731928541942,19.962731928541942,0.3046929592416596,0.0,0,1,23.72199668791235,23.720921860869456,23.722107921500143,19.962731928541942,20.41020758969249,20.2674248877836,0,0,0,0,0,15,0,0,0,9,2,4
0.22,9,HistGB,HistGB,HistGB,21.062275477512856,21.062275477512856,21.062275477512856,0.0,0.0,1,1,24.96092190804171,24.959946654873473,24.96081435994689,21.271974313773676,21.19796626994808,21.062275477512856,0,0,0,0,0,15,0,0,0,5,5,5
0.22,10,HistGB,HistGB,RandomForest,20.174931424922566,20.174931424922566,20.110959681638672,0.06397174328389355,0.06397174328389355,0,0,24.454885043218624,24.45409792045336,24.454852566420104,20.73429473486736,20.110959681638672,20.174931424922566,0,0,0,0,0,15,0,0,0,5,2,8
0.22,11,HistGB,KNN,HistGB,19.774000533139986,20.299003836192195,19.774000533139986,0.0,0.525003303052209,1,0,24.019352714261935,24.018094369223483,24.01960416439623,20.299003836192195,19.78585247565762,19.774000533139986,0,0,0,0,0,15,0,0,0,10,1,4
0.22,12,HistGB,KNN,KNN,19.744612541463596,19.702002418074095,19.702002418074095,0.0426101233895011,0.0,0,1,24.03560709243924,24.03350597140625,24.035690687739336,19.702002418074095,19.890643759162597,19.744612541463596,0,0,0,0,0,15,0,0,0,8,1,6
0.22,13,HistGB,HistGB,HistGB,20.518024626107024,20.518024626107024,20.518024626107024,0.0,0.0,1,1,24.590151514051502,24.58911447427861,24.588270519676193,21.14746590338769,20.59087795469111,20.518024626107024,0,0,0,0,0,15,0,0,0,6,3,6
0.22,14,HistGB,KNN,HistGB,20.61293459267262,20.91117325527296,20.61293459267262,0.0,0.2982386626003404,1,0,24.926773506517897,24.9250780854612,24.926191754648087,20.91117325527296,20.632949961789503,20.61293459267262,0,0,0,0,0,15,0,0,0,11,1,3
0.22,15,HistGB,HistGB,KNN,20.516047498210984,20.516047498210984,20.15525387438554,0.3607936238254439,0.3607936238254439,0,0,24.420889298220345,24.41901675905639,24.420910825936208,20.15525387438554,20.73330021794196,20.516047498210984,0,0,0,0,0,15,0,0,0,5,2,8
0.22,16,HistGB,KNN,KNN,21.450554141971814,21.129381256995234,21.129381256995234,0.3211728849765798,0.0,0,1,25.55752080348372,25.555546318019573,25.557500536423916,21.129381256995234,21.306126540179637,21.450554141971814,0,0,0,0,0,15,0,0,0,11,4,0
0.22,17,HistGB,KNN,KNN,22.54344361345976,22.17304452561822,22.17304452561822,0.3703990878415411,0.0,0,1,25.96543620052574,25.96277171441047,25.964363973006787,22.17304452561822,22.863892793151404,22.54344361345976,0,0,0,0,0,15,0,0,0,11,2,2
0.22,18,HistGB,KNN,KNN,20.712513665869867,20.37815701999781,20.37815701999781,0.33435664587205594,0.0,0,1,24.170660040129693,24.16963049006336,24.170913987819223,20.37815701999781,21.0305015009589,20.712513665869867,0,0,0,0,0,15,0,0,0,11,1,3
0.22,19,HistGB,KNN,KNN,20.458568618173725,20.267049179236082,20.267049179236082,0.19151943893764312,0.0,0,1,24.963323648225405,24.96174165329361,24.96352409304951,20.267049179236082,20.826116226130516,20.458568618173725,0,0,0,0,0,15,0,0,0,13,0,2
0.22,20,HistGB,KNN,KNN,21.443655732407933,21.252480717874562,21.252480717874562,0.19117501453337127,0.0,0,1,25.509472281919678,25.50729538184297,25.509384659718286,21.252480717874562,21.486714395584492,21.443655732407933,0,0,0,0,0,15,0,0,0,9,0,6
0.22,21,HistGB,HistGB,HistGB,21.608124453025308,21.608124453025308,21.608124453025308,0.0,0.0,1,1,25.91689229115376,25.915294933739208,25.917198854843207,22.04398118610235,22.064361072655892,21.608124453025308,0,0,0,0,0,15,0,0,0,6,3,6
0.22,22,HistGB,KNN,KNN,21.834453100701797,21.551607120998373,21.551607120998373,0.2828459797034242,0.0,0,1,25.646594306792558,25.644947398314972,25.647245191888416,21.551607120998373,22.028869283230218,21.834453100701797,0,0,0,0,0,15,0,0,0,8,3,4
0.22,23,HistGB,KNN,KNN,21.77422399055988,21.692222040513787,21.692222040513787,0.08200195004609157,0.0,0,1,25.268631392351942,25.267500086390772,25.267984899444876,21.692222040513787,21.804846261063688,21.77422399055988,0,0,0,0,0,15,0,0,0,7,3,5
0.22,24,HistGB,KNN,HistGB,20.664512188543082,21.579318968499607,20.664512188543082,0.0,0.9148067799565247,1,0,25.447713537085683,25.446621353627815,25.446200039356473,21.579318968499607,21.302985490400022,20.664512188543082,0,0,0,0,0,15,0,0,0,8,1,6
0.24,0,HistGB,KNN,KNN,20.982521657856744,20.33664056590208,20.33664056590208,0.6458810919546636,0.0,0,1,25.168622366941538,25.166827933015504,25.168396626147338,20.33664056590208,20.982827727030124,20.982521657856744,0,0,0,0,0,15,0,0,0,9,3,3
0.24,1,HistGB,KNN,KNN,22.064357590263988,21.92280236504782,21.92280236504782,0.1415552252161696,0.0,0,1,26.539812856048172,26.536053297173307,26.539296879829624,21.92280236504782,22.69672607234901,22.064357590263988,0,0,0,0,0,15,0,0,0,10,2,3
0.24,2,HistGB,KNN,KNN,20.795923753710372,20.741214770005673,20.741214770005673,0.054708983704699676,0.0,0,1,24.65635530512032,24.653865396622045,24.65628067205084,20.741214770005673,20.750368127945872,20.795923753710372,0,0,0,0,0,15,0,0,0,12,1,2
0.24,3,HistGB,KNN,KNN,20.844638850931638,20.4321294687124,20.4321294687124,0.4125093822192376,0.0,0,1,24.753417951045645,24.752193134464083,24.753492770567664,20.4321294687124,21.194482230055048,20.844638850931638,0,0,0,0,0,15,0,0,0,12,0,3
0.24,4,HistGB,HistGB,HistGB,20.575640835804098,20.575640835804098,20.575640835804098,0.0,0.0,1,1,25.100157039722376,25.098854701087888,25.100402003387373,20.615349065471438,20.74685812711077,20.575640835804098,0,0,0,0,0,15,0,0,0,7,0,8
0.24,5,HistGB,KNN,KNN,21.855421787034246,21.582918404859733,21.582918404859733,0.27250338217451286,0.0,0,1,25.927971358398683,25.926299620744373,25.928064369493217,21.582918404859733,21.884072398380336,21.855421787034246,0,0,0,0,0,15,0,0,0,10,1,4
0.24,6,HistGB,KNN,KNN,24.16724330250814,22.650935540068335,22.650935540068335,1.516307762439805,0.0,0,1,28.171544278752528,28.168710239083037,28.171554154378352,22.650935540068335,24.129371072169096,24.16724330250814,0,0,0,0,0,15,0,0,0,10,0,5
0.24,7,HistGB,KNN,KNN,20.526325030059937,19.87952199459999,19.87952199459999,0.6468030354599463,0.0,0,1,24.21596268374727,24.21332122563889,24.2163292123805,19.87952199459999,20.618353497934134,20.526325030059937,0,0,0,0,0,15,0,0,0,12,0,3
0.24,8,HistGB,KNN,KNN,21.085049356636727,20.522281621260348,20.522281621260348,0.5627677353763794,0.0,0,1,24.396999976168335,24.395792994836757,24.397073060952273,20.522281621260348,21.14254723031775,21.085049356636727,0,0,0,0,0,15,0,0,0,11,2,2
0.24,9,HistGB,KNN,HistGB,21.501204391987695,21.528784485732306,21.501204391987695,0.0,0.02758009374461068,1,0,25.528049836906078,25.526972141339577,25.527925330462374,21.528784485732306,21.774918943797577,21.501204391987695,0,0,0,0,0,15,0,0,0,10,0,5
0.24,10,HistGB,KNN,HistGB,20.799187355071187,21.171760104487944,20.799187355071187,0.0,0.3725727494167579,1,0,25.014789110961466,25.013882437221884,25.01474905900566,21.171760104487944,20.812055310568528,20.799187355071187,0,0,0,0,0,15,0,0,0,11,0,4
0.24,11,HistGB,KNN,RandomForest,20.46050823698773,20.65526578250647,20.371659546986443,0.08884869000128859,0.2836062355200255,0,0,24.655747114855192,24.65414684005937,24.65590164867986,20.65526578250647,20.371659546986443,20.46050823698773,0,0,0,0,0,15,0,0,0,12,0,3
0.24,12,HistGB,KNN,KNN,20.428737965777046,20.153818096825816,20.153818096825816,0.2749198689512298,0.0,0,1,24.756027883736262,24.753807640244432,24.755983091673237,20.153818096825816,20.44637630702352,20.428737965777046,0,0,0,0,0,15,0,0,0,12,1,2
0.24,13,HistGB,KNN,HistGB,21.2669017233842,21.732486893902095,21.2669017233842,0.0,0.46558517051789394,1,0,25.47277920202588,25.471425413537737,25.47092458339315,21.732486893902095,21.47041032377755,21.2669017233842,0,0,0,0,0,15,0,0,0,11,2,2
0.24,14,HistGB,KNN,KNN,21.462084175510434,21.3226337532928,21.3226337532928,0.13945042221763515,0.0,0,1,25.642283182602885,25.640257548687792,25.641645869002087,21.3226337532928,21.359438038737377,21.462084175510434,0,0,0,0,0,15,0,0,0,13,1,1
0.24,15,HistGB,KNN,KNN,21.109553749660595,20.527675639584437,20.527675639584437,0.5818781100761576,0.0,0,1,24.915464092798896,24.9135049567707,24.915307939455538,20.527675639584437,21.22584130940877,21.109553749660595,0,0,0,0,0,15,0,0,0,8,1,6
0.24,16,HistGB,KNN,KNN,22.00953698747326,21.60327312063129,21.60327312063129,0.4062638668419716,0.0,0,1,26.25003194521549,26.24782977561973,26.24983733951999,21.60327312063129,21.883506693709826,22.00953698747326,0,0,0,0,0,15,0,0,0,9,1,5
0.24,17,HistGB,KNN,KNN,23.25946017164457,22.623664626537796,22.623664626537796,0.6357955451067738,0.0,0,1,26.72309521873171,26.72009436119387,26.722021842389243,22.623664626537796,23.55479709764901,23.25946017164457,0,0,0,0,0,15,0,0,0,14,0,1
0.24,18,HistGB,KNN,KNN,21.322163342513168,20.865332927318907,20.865332927318907,0.45683041519426126,0.0,0,1,24.940639970752912,24.939376551854732,24.94101138693338,20.865332927318907,21.53349408583605,21.322163342513168,0,0,0,0,0,15,0,0,0,12,0,3
0.24,19,HistGB,KNN,KNN,20.93072529938225,20.611027408455104,20.611027408455104,0.31969789092714507,0.0,0,1,25.71648273901265,25.714628093026477,25.716621857933276,20.611027408455104,21.40937133535234,20.93072529938225,0,0,0,0,0,15,0,0,0,14,0,1
0.24,20,HistGB,KNN,KNN,21.74925183304476,21.538000917902348,21.538000917902348,0.21125091514241134,0.0,0,1,25.979814346445288,25.977177972989974,25.97957169954698,21.538000917902348,21.977873786618705,21.74925183304476,0,0,0,0,0,15,0,0,0,10,1,4
0.24,21,HistGB,KNN,KNN,22.651067969927944,22.618736893558314,22.618736893558314,0.03233107636962984,0.0,0,1,26.808286559946,26.80611848870711,26.808489250775505,22.618736893558314,23.003536988379363,22.651067969927944,0,0,0,0,0,15,0,0,0,8,1,6
0.24,22,HistGB,KNN,KNN,22.46146878945244,22.050215114306514,22.050215114306514,0.41125367514592526,0.0,0,1,26.201428419170863,26.19942082736323,26.20211156576229,22.050215114306514,22.629270185734345,22.46146878945244,0,0,0,0,0,15,0,0,0,11,2,2
0.24,23,HistGB,KNN,KNN,22.339223359037533,22.080331879911917,22.080331879911917,0.25889147912561583,0.0,0,1,25.85909297056543,25.857775664988026,25.858384021439242,22.080331879911917,22.350294922813195,22.339223359037533,0,0,0,0,0,15,0,0,0,10,2,3
0.24,24,HistGB,KNN,HistGB,21.588328318789458,22.026004958332372,21.588328318789458,0.0,0.43767663954291436,1,0,26.093904208332884,26.092442290418866,26.092375832295023,22.026004958332372,22.114656571202726,21.588328318789458,0,0,0,0,0,15,0,0,0,12,1,2
0.27,0,HistGB,KNN,KNN,21.820525944255543,20.88367751895087,20.88367751895087,0.9368484253046745,0.0,0,1,26.121653545064483,26.119348853627,26.12135084347939,20.88367751895087,21.912600497184574,21.820525944255543,0,0,0,0,0,15,0,0,0,13,0,2
0.27,1,HistGB,KNN,KNN,23.16068894174866,22.572348842297952,22.572348842297952,0.5883400994507078,0.0,0,1,27.88704697896964,27.882404126191943,27.886623440789954,22.572348842297952,23.791443472119173,23.16068894174866,0,0,0,0,0,15,0,0,0,13,0,2
0.27,2,HistGB,KNN,KNN,22.04569549871075,21.34793557146038,21.34793557146038,0.6977599272503703,0.0,0,1,25.928981325782996,25.925746060065297,25.928566992976393,21.34793557146038,22.016907592861028,22.04569549871075,0,0,0,0,0,15,0,0,0,14,1,0
0.27,3,HistGB,KNN,KNN,22.14818236618642,21.3953791684926,21.3953791684926,0.7528031976938188,0.0,0,1,25.960144933961878,25.9585448275742,25.96018496581254,21.3953791684926,22.257927050015613,22.14818236618642,0,0,0,0,0,15,0,0,0,14,0,1
0.27,4,HistGB,KNN,KNN,22.293913281734984,21.663301370865547,21.663301370865547,0.6306119108694368,0.0,0,1,26.35122506319279,26.349122527683775,26.35153196189283,21.663301370865547,22.401785199343557,22.293913281734984,0,0,0,0,0,15,0,0,0,13,0,2
0.27,5,HistGB,KNN,KNN,23.076363868563234,22.231403185268114,22.231403185268114,0.8449606832951204,0.0,0,1,26.848417580591263,26.846355407750693,26.848437016489243,22.231403185268114,23.187557908504814,23.076363868563234,0,0,0,0,0,15,0,0,0,15,0,0
0.27,6,HistGB,KNN,KNN,24.712886285745324,23.087143680863925,23.087143680863925,1.625742604881399,0.0,0,1,28.966538260545175,28.963071440650015,28.96647176912405,23.087143680863925,24.6723846949375,24.712886285745324,0,0,0,0,0,15,0,0,0,14,1,0
0.27,7,HistGB,KNN,KNN,21.76513743853503,20.579001941508245,20.579001941508245,1.1861354970267861,0.0,0,1,25.47881943712903,25.475614477015153,25.47921616875153,20.579001941508245,21.837066903296044,21.76513743853503,0,0,0,0,0,15,0,0,0,13,1,1
0.27,8,HistGB,KNN,KNN,22.212405993585303,21.129698861851843,21.129698861851843,1.0827071317334607,0.0,0,1,25.456566583083724,25.454950307504223,25.456779977264866,21.129698861851843,22.3508235248924,22.212405993585303,0,0,0,0,0,15,0,0,0,14,0,1
0.27,9,HistGB,KNN,KNN,22.778714360200436,22.34350196320334,22.34350196320334,0.4352123969970947,0.0,0,1,26.673034784091353,26.671519189117678,26.672707903349693,22.34350196320334,23.046398277898852,22.778714360200436,0,0,0,0,0,15,0,0,0,13,0,2
0.27,10,HistGB,KNN,KNN,22.028159759052254,21.837316675111555,21.837316675111555,0.19084308394069893,0.0,0,1,26.04367506199135,26.042309523109875,26.04365128145317,21.837316675111555,21.851331652955576,22.028159759052254,0,0,0,0,0,15,0,0,0,13,0,2
0.27,11,HistGB,KNN,HistGB,21.371279880845798,21.39275969604764,21.371279880845798,0.0,0.021479815201843167,1,0,25.6161860017774,25.61408195130719,25.61629883341338,21.39275969604764,21.416878554420126,21.371279880845798,0,0,0,0,0,15,0,0,0,15,0,0
0.27,12,HistGB,KNN,KNN,21.335032778617826,20.83797914950846,20.83797914950846,0.49705362910936657,0.0,0,1,25.630056504324674,25.627258621380065,25.630210173567367,20.83797914950846,21.452391135973837,21.335032778617826,0,0,0,0,0,15,0,0,0,15,0,0
0.27,13,HistGB,KNN,HistGB,22.542972362122008,22.64466365281341,22.542972362122008,0.0,0.10169129069140226,1,0,26.70407964978914,26.70236336437921,26.702104911908364,22.64466365281341,22.732537315942825,22.542972362122008,0,0,0,0,0,15,0,0,0,12,2,1
0.27,14,HistGB,KNN,KNN,22.680177849619124,21.9928842597069,21.9928842597069,0.6872935899122226,0.0,0,1,26.85173582910567,26.849255171842344,26.851084734777917,21.9928842597069,22.66829272212381,22.680177849619124,0,0,0,0,0,15,0,0,0,14,0,1
0.27,15,HistGB,KNN,KNN,22.46395539232542,21.398220034637568,21.398220034637568,1.0657353576878528,0.0,0,1,26.217371178569145,26.214336732910592,26.21739855680172,21.398220034637568,22.66723448548213,22.46395539232542,0,0,0,0,0,15,0,0,0,11,1,3
0.27,16,HistGB,KNN,KNN,23.278303900563913,22.37134378739577,22.37134378739577,0.9069601131681431,0.0,0,1,27.630044105087993,27.62729210658007,27.630020859908313,22.37134378739577,23.233198496759993,23.278303900563913,0,0,0,0,0,15,0,0,0,14,0,1
0.27,17,HistGB,KNN,KNN,24.549504986435455,23.530664579715463,23.530664579715463,1.0188404067199919,0.0,0,1,27.88318525978926,27.87950719909223,27.88198667749867,23.530664579715463,24.809361775543564,24.549504986435455,0,0,0,0,0,15,0,0,0,15,0,0
0.27,18,HistGB,KNN,KNN,22.521745695316714,21.516973509570803,21.516973509570803,1.0047721857459102,0.0,0,1,26.025800032675786,26.0243059693527,26.026283852791757,21.516973509570803,22.887891382383735,22.521745695316714,0,0,0,0,0,15,0,0,0,15,0,0
0.27,19,HistGB,KNN,KNN,22.38907981854218,21.53035506037868,21.53035506037868,0.8587247581634969,0.0,0,1,26.889819511669906,26.887560373624474,26.889901322206967,21.53035506037868,22.62728659970936,22.38907981854218,0,0,0,0,0,15,0,0,0,15,0,0
0.27,20,HistGB,KNN,KNN,23.135006864840502,22.325801039917454,22.325801039917454,0.8092058249230476,0.0,0,1,27.147049219409453,27.143690970690205,27.146972382620064,22.325801039917454,23.251964664644536,23.135006864840502,0,0,0,0,0,15,0,0,0,14,0,1
0.27,21,HistGB,KNN,KNN,23.865758599228794,23.390742166654636,23.390742166654636,0.47501643257415793,0.0,0,1,27.761947336864942,27.759231623288013,27.762164684579016,23.390742166654636,24.078100508295375,23.865758599228794,0,0,0,0,0,15,0,0,0,13,1,1
0.27,22,HistGB,KNN,KNN,23.721722182517812,22.8591211066933,22.8591211066933,0.8626010758245108,0.0,0,1,27.537245962603798,27.534510154430674,27.5377426023506,22.8591211066933,23.66897091237235,23.721722182517812,0,0,0,0,0,15,0,0,0,14,1,0
0.27,23,HistGB,KNN,KNN,23.35927333299554,22.870024666339255,22.870024666339255,0.48924866665628386,0.0,0,1,26.99130313718478,26.98965229378382,26.99059430307867,22.870024666339255,23.575175190833544,23.35927333299554,0,0,0,0,0,15,0,0,0,15,0,0
0.27,24,HistGB,KNN,HistGB,22.8993632642965,22.907939756868654,22.8993632642965,0.0,0.008576492572153427,1,0,27.495873203504495,27.494093388180602,27.494375239483148,22.907939756868654,23.455716323250215,22.8993632642965,0,0,0,0,0,15,0,0,0,14,0,1
0.32,0,HistGB,KNN,KNN,24.12467046999476,22.341097564161196,22.341097564161196,1.7835729058335659,0.0,0,1,28.509402864096973,28.50617202440595,28.509007386213696,22.341097564161196,24.146791859918846,24.12467046999476,0,0,0,0,0,15,0,0,0,15,0,0
0.32,1,HistGB,KNN,KNN,25.770706273543922,24.167646892408502,24.167646892408502,1.6030593811354201,0.0,0,1,30.20280347324944,30.19662307741162,30.202337120702044,24.167646892408502,26.20871417074619,25.770706273543922,0,0,0,0,0,15,0,0,0,15,0,0
0.32,2,HistGB,KNN,KNN,24.595723773292878,23.22830694722482,23.22830694722482,1.3674168260680588,0.0,0,1,28.71474188420119,28.710077270836962,28.714291789646246,23.22830694722482,24.704868995361174,24.595723773292878,0,0,0,0,0,15,0,0,0,15,0,0
0.32,3,HistGB,KNN,KNN,24.092743914151054,22.651724084282826,22.651724084282826,1.4410198298682282,0.0,0,1,28.19994235947815,28.197805777061923,28.19984884066461,22.651724084282826,24.3967632123244,24.092743914151054,0,0,0,0,0,15,0,0,0,15,0,0
0.32,4,HistGB,KNN,KNN,23.90705141032773,22.899209031890777,22.899209031890777,1.0078423784369512,0.0,0,1,28.120965527999008,28.117990936844063,28.12109397628379,22.899209031890777,23.92099620351343,23.90705141032773,0,0,0,0,0,15,0,0,0,15,0,0
0.32,5,HistGB,KNN,KNN,25.212724593070813,23.74077037955543,23.74077037955543,1.4719542135153851,0.0,0,1,29.149220992884697,29.14587370834815,29.14951274016648,23.74077037955543,25.198612946197276,25.212724593070813,0,0,0,0,0,15,0,0,0,15,0,0
0.32,6,HistGB,KNN,KNN,27.269805798524295,24.58426841601279,24.58426841601279,2.685537382511505,0.0,0,1,31.26280641166493,31.258447846814384,31.262633436734596,24.58426841601279,26.986071911493248,27.269805798524295,0,0,0,0,0,15,0,0,0,14,0,1
0.32,7,HistGB,KNN,KNN,23.968635975943368,21.897619039501325,21.897619039501325,2.0710169364420423,0.0,0,1,27.907570454355078,27.90306410417393,27.908082594910812,21.897619039501325,23.933694019759162,23.968635975943368,0,0,0,0,0,15,0,0,0,14,0,1
0.32,8,HistGB,KNN,KNN,24.47320734454739,22.56198727539633,22.56198727539633,1.9112200691510601,0.0,0,1,27.82006001569863,27.8178061898045,27.820162845546328,22.56198727539633,24.532014936415226,24.47320734454739,0,0,0,0,0,15,0,0,0,15,0,0
0.32,9,HistGB,KNN,KNN,24.803594090704074,23.726477980773108,23.726477980773108,1.0771161099309658,0.0,0,1,29.169856148760932,29.167652219516416,29.16946363234605,23.726477980773108,25.13658889958701,24.803594090704074,0,0,0,0,0,15,0,0,0,15,0,0
0.32,10,HistGB,KNN,KNN,24.47934381390138,23.392268978535643,23.392268978535643,1.087074835365737,0.0,0,1,28.493390831682326,28.4915477529166,28.493024601260878,23.392268978535643,24.34044963225951,24.47934381390138,0,0,0,0,0,15,0,0,0,15,0,0
0.32,11,HistGB,KNN,KNN,23.72661797910468,22.911206803547127,22.911206803547127,0.8154111755575535,0.0,0,1,27.94811276206449,27.945053770492486,27.94831243120924,22.911206803547127,23.769691649059283,23.72661797910468,0,0,0,0,0,15,0,0,0,15,0,0
0.32,12,HistGB,KNN,KNN,24.111346473464494,22.468416540666528,22.468416540666528,1.6429299327979656,0.0,0,1,28.544283761762674,28.540086991909376,28.54411528675342,22.468416540666528,24.088856117224527,24.111346473464494,0,0,0,0,0,15,0,0,0,15,0,0
0.32,13,HistGB,KNN,KNN,24.99542252363374,23.978926219057577,23.978926219057577,1.0164963045761617,0.0,0,1,28.86144203196379,28.85874977008815,28.85940670267992,23.978926219057577,25.036215453734158,24.99542252363374,0,0,0,0,0,15,0,0,0,15,0,0
0.32,14,HistGB,KNN,KNN,24.742605611228107,23.408361493293267,23.408361493293267,1.3342441179348405,0.0,0,1,29.01798818341093,29.01432471236512,29.017265530285464,23.408361493293267,24.657209075021534,24.742605611228107,0,0,0,0,0,15,0,0,0,15,0,0
0.32,15,HistGB,KNN,KNN,24.416176662644283,22.5382140343824,22.5382140343824,1.8779626282618835,0.0,0,1,28.266150895662083,28.26238659632612,28.266060618138088,22.5382140343824,24.416501321749514,24.416176662644283,0,0,0,0,0,15,0,0,0,14,0,1
0.32,16,HistGB,KNN,KNN,25.54446516039962,23.889956814327707,23.889956814327707,1.654508346071914,0.0,0,1,30.017753046501536,30.013810919300276,30.01778078733223,23.889956814327707,25.48324302642329,25.54446516039962,0,0,0,0,0,15,0,0,0,15,0,0
0.32,17,HistGB,KNN,KNN,26.495861295178397,24.784073695291784,24.784073695291784,1.7117875998866126,0.0,0,1,30.201999943143807,30.196820525210935,30.200785254451052,24.784073695291784,26.860908245238967,26.495861295178397,0,0,0,0,0,15,0,0,0,15,0,0
0.32,18,HistGB,KNN,KNN,24.884645190239077,23.16494399329765,23.16494399329765,1.7197011969414255,0.0,0,1,28.64210304414112,28.640033567887663,28.6424108138606,23.16494399329765,25.140703069224436,24.884645190239077,0,0,0,0,0,15,0,0,0,15,0,0
0.32,19,HistGB,KNN,KNN,24.573643527987713,22.967426539513063,22.967426539513063,1.6062169884746496,0.0,0,1,29.317033321394938,29.313960486065707,29.31698928839862,22.967426539513063,24.938386404781788,24.573643527987713,0,0,0,0,0,15,0,0,0,15,0,0
0.32,20,HistGB,KNN,KNN,25.049103449305278,23.791355347106812,23.791355347106812,1.257748102198466,0.0,0,1,29.558512291715772,29.553742412416348,29.55822537697827,23.791355347106812,25.343752279844274,25.049103449305278,0,0,0,0,0,15,0,0,0,15,0,0
0.32,21,HistGB,KNN,KNN,26.310168379816442,24.97102970206068,24.97102970206068,1.3391386777557628,0.0,0,1,30.331295943368342,30.32715986471225,30.331878350413557,24.97102970206068,26.64464368491625,26.310168379816442,0,0,0,0,0,15,0,0,0,14,1,0
0.32,22,HistGB,KNN,KNN,26.098178562014315,24.39051221352639,24.39051221352639,1.7076663484879262,0.0,0,1,29.82550049882916,29.821597850095337,29.825831989169902,24.39051221352639,26.13208194867833,26.098178562014315,0,0,0,0,0,15,0,0,0,15,0,0
0.32,23,HistGB,KNN,KNN,25.557866068906574,24.187060837810005,24.187060837810005,1.3708052310965684,0.0,0,1,29.33659156109475,29.334122067295695,29.335724061029847,24.187060837810005,25.84933112943988,25.557866068906574,0,0,0,0,0,15,0,0,0,15,0,0
0.32,24,HistGB,KNN,KNN,25.003697301266914,24.039705867231064,24.039705867231064,0.9639914340358509,0.0,0,1,29.56234466446866,29.559709997387493,29.560640585371104,24.039705867231064,25.301828789848933,25.003697301266914,0,0,0,0,0,15,0,0,0,15,0,0
0.4,0,HistGB,KNN,KNN,28.049609361827816,25.10814862318806,25.10814862318806,2.941460738639755,0.0,0,1,33.03687468967234,33.031823278213686,33.0362704352323,25.10814862318806,28.16306661821418,28.049609361827816,0,0,0,0,0,15,0,0,0,15,0,0
0.4,1,HistGB,KNN,KNN,29.316118756146412,26.672735103263133,26.672735103263133,2.64338365288328,0.0,0,1,34.70744535780979,34.69736118411109,34.70690064218632,26.672735103263133,29.924840200144327,29.316118756146412,0,0,0,0,0,15,0,0,0,15,0,0
0.4,2,HistGB,KNN,KNN,28.384727103233182,25.81692397000759,25.81692397000759,2.567803133225592,0.0,0,1,33.04177601567936,33.034157074045886,33.0411043903128,25.81692397000759,28.72785981963872,28.384727103233182,0,0,0,0,0,15,0,0,0,15,0,0
0.4,3,HistGB,KNN,KNN,28.010289959071308,25.423661872844153,25.423661872844153,2.5866280862271545,0.0,0,1,32.24704458787872,32.243667295595685,32.24661241883208,25.423661872844153,28.329301493913192,28.010289959071308,0,0,0,0,0,15,0,0,0,15,0,0
0.4,4,HistGB,KNN,KNN,28.31516006865912,25.844904882373577,25.844904882373577,2.470255186285545,0.0,0,1,32.76737202459103,32.762373568820784,32.76750489893265,25.844904882373577,28.521099046587633,28.31516006865912,0,0,0,0,0,15,0,0,0,15,0,0
0.4,5,HistGB,KNN,KNN,29.138612727054603,26.347331709867476,26.347331709867476,2.791281017187128,0.0,0,1,33.42867017736654,33.42325895497579,33.428983205029475,26.347331709867476,29.430681308592952,29.138612727054603,0,0,0,0,0,15,0,0,0,15,0,0
0.4,6,HistGB,KNN,KNN,31.47206094214324,27.471419439501894,27.471419439501894,4.000641502641347,0.0,0,1,35.93985880778509,35.9330351998066,35.93935856525971,27.471419439501894,31.464242937006574,31.47206094214324,0,0,0,0,0,15,0,0,0,15,0,0
0.4,7,HistGB,KNN,KNN,27.888774713460062,24.654033905259606,24.654033905259606,3.2347408082004563,0.0,0,1,32.2615386353596,32.25536394751409,32.26223022284287,24.654033905259606,28.0420617342553,27.888774713460062,0,0,0,0,0,15,0,0,0,15,0,0
0.4,8,HistGB,KNN,KNN,28.11039177616971,25.132597624958056,25.132597624958056,2.977794151211654,0.0,0,1,32.02714889022047,32.02355425129558,32.02737282633288,25.132597624958056,28.41845469875516,28.11039177616971,0,0,0,0,0,15,0,0,0,15,0,0
0.4,9,HistGB,KNN,KNN,29.266611766794703,26.551948517294793,26.551948517294793,2.7146632494999103,0.0,0,1,33.621099859266195,33.617430703533046,33.620385111949666,26.551948517294793,29.64839664018317,29.266611766794703,0,0,0,0,0,15,0,0,0,15,0,0
0.4,10,HistGB,KNN,KNN,27.891574895247988,25.81186367292943,25.81186367292943,2.079711222318558,0.0,0,1,32.57907620547199,32.57624484940988,32.5788061796908,25.81186367292943,27.91174032596832,27.891574895247988,0,0,0,0,0,15,0,0,0,15,0,0
0.4,11,HistGB,KNN,KNN,27.79176127114822,25.676760069446004,25.676760069446004,2.115001201702217,0.0,0,1,32.78043181721368,32.77519250416698,32.78070540092915,25.676760069446004,28.288005863643193,27.79176127114822,0,0,0,0,0,15,0,0,0,15,0,0
0.4,12,HistGB,KNN,KNN,28.33763090957668,25.233865931244626,25.233865931244626,3.1037649783320553,0.0,0,1,33.05897009765764,33.05260370403291,33.05847419894976,25.233865931244626,28.452931922738344,28.33763090957668,0,0,0,0,0,15,0,0,0,15,0,0
0.4,13,HistGB,KNN,KNN,28.798902297381467,26.54460857267338,26.54460857267338,2.254293724708088,0.0,0,1,33.146102106848836,33.141763692562414,33.144015807603864,26.54460857267338,29.083916678208052,28.798902297381467,0,0,0,0,0,15,0,0,0,15,0,0
0.4,14,HistGB,KNN,KNN,29.211910296743884,26.522075989221285,26.522075989221285,2.6898343075225988,0.0,0,1,33.858064734114684,33.8524793293819,33.857200663854286,26.522075989221285,29.150935748198457,29.211910296743884,0,0,0,0,0,15,0,0,0,15,0,0
0.4,15,HistGB,KNN,KNN,28.651938765402356,25.34232298472043,25.34232298472043,3.309615780681927,0.0,0,1,32.938248784201846,32.9320852925441,32.93805796017194,25.34232298472043,28.88204222916598,28.651938765402356,0,0,0,0,0,15,0,0,0,15,0,0
0.4,16,HistGB,KNN,KNN,30.078513900930815,26.84998999315152,26.84998999315152,3.2285239077792944,0.0,0,1,34.760905882035985,34.75513079814418,34.7609248028847,26.84998999315152,29.875203093785366,30.078513900930815,0,0,0,0,0,15,0,0,0,15,0,0
0.4,17,HistGB,KNN,KNN,30.5095007137395,27.506923656523504,27.506923656523504,3.002577057215994,0.0,0,1,34.54387232947843,34.53590131600736,34.54223137278307,27.506923656523504,30.79540307539722,30.5095007137395,0,0,0,0,0,15,0,0,0,15,0,0
0.4,18,HistGB,KNN,KNN,28.915144639978127,25.751301404565954,25.751301404565954,3.1638432354121733,0.0,0,1,32.96906736452724,32.966152941853764,32.96937952868447,25.751301404565954,29.04529779653834,28.915144639978127,0,0,0,0,0,15,0,0,0,15,0,0
0.4,19,HistGB,KNN,KNN,28.586058710871352,25.360517884803766,25.360517884803766,3.2255408260675864,0.0,0,1,33.51027435714976,33.50572273075737,33.51035511936516,25.360517884803766,28.863936629442566,28.586058710871352,0,0,0,0,0,15,0,0,0,15,0,0
0.4,20,HistGB,KNN,KNN,28.90296152191095,26.323880275010467,26.323880275010467,2.5790812469004827,0.0,0,1,33.6523479157447,33.64508672471336,33.651895455728294,26.323880275010467,28.90235432147596,28.90296152191095,0,0,0,0,0,15,0,0,0,15,0,0
0.4,21,HistGB,KNN,KNN,30.33042188933338,27.56509882832943,27.56509882832943,2.7653230610039508,0.0,0,1,34.796251242665655,34.789915027660754,34.796750482724285,27.56509882832943,30.756369654218307,30.33042188933338,0,0,0,0,0,15,0,0,0,15,0,0
0.4,22,HistGB,KNN,KNN,30.205591444939312,26.97384541341878,26.97384541341878,3.231746031520533,0.0,0,1,34.671580527468336,34.66505939757391,34.67176721005892,26.97384541341878,30.39782671649805,30.205591444939312,0,0,0,0,0,15,0,0,0,15,0,0
0.4,23,HistGB,KNN,KNN,29.56692175934774,26.818870544292757,26.818870544292757,2.748051215054982,0.0,0,1,33.34225820100439,33.33872785493473,33.34156727161022,26.818870544292757,29.754182633517523,29.56692175934774,0,0,0,0,0,15,0,0,0,15,0,0
0.4,24,HistGB,KNN,KNN,29.05916420698302,26.826243061722764,26.826243061722764,2.2329211452602564,0.0,0,1,33.984291057157996,33.97973805205759,33.98252076234834,26.826243061722764,29.572391942771556,29.05916420698302,0,0,0,0,0,15,0,0,0,15,0,0
0.5,0,HistGB,KNN,KNN,34.3356818953042,29.36104864314475,29.36104864314475,4.97463325215945,0.0,0,1,40.25521075678542,40.247275047552606,40.25474158047395,29.36104864314475,34.548568958652645,34.3356818953042,0,0,0,0,0,15,0,0,0,15,0,0
0.5,1,HistGB,KNN,KNN,35.45798108963929,30.78564658343057,30.78564658343057,4.6723345062087205,0.0,0,1,42.018848649771,42.003394311245316,42.01810268452797,30.78564658343057,36.32127831832393,35.45798108963929,0,0,0,0,0,15,0,0,0,15,0,0
0.5,2,HistGB,KNN,KNN,34.576328258809134,30.042510211973912,30.042510211973912,4.533818046835222,0.0,0,1,40.04429149232257,40.03238583455347,40.04260603337645,30.042510211973912,34.73769265764842,34.576328258809134,0,0,0,0,0,15,0,0,0,15,0,0
0.5,3,HistGB,KNN,KNN,34.792656147750726,29.873883258001964,29.873883258001964,4.918772889748762,0.0,0,1,40.1170040975072,40.11158033628922,40.116814131600954,29.873883258001964,35.36773982402158,34.792656147750726,0,0,0,0,0,15,0,0,0,15,0,0
0.5,4,HistGB,KNN,KNN,34.238497999689834,29.807820739177387,29.807820739177387,4.4306772605124465,0.0,0,1,39.852707873982595,39.8442188046379,39.85279255249997,29.807820739177387,34.518806966877555,34.238497999689834,0,0,0,0,0,15,0,0,0,15,0,0
0.5,5,HistGB,KNN,KNN,35.27559090791475,30.714507004023922,30.714507004023922,4.561083903890825,0.0,0,1,40.45944770502194,40.451263522873575,40.45911659511042,30.714507004023922,35.79451809255951,35.27559090791475,0,0,0,0,0,15,0,0,0,15,0,0
0.5,6,HistGB,KNN,KNN,37.69306887075829,31.493811872426015,31.493811872426015,6.199256998332274,0.0,0,1,42.797656047141885,42.7876849067641,42.79691198817473,31.493811872426015,37.78983204912292,37.69306887075829,0,0,0,0,0,15,0,0,0,15,0,0
0.5,7,HistGB,KNN,KNN,33.714303799759946,28.83981311651348,28.83981311651348,4.874490683246467,0.0,0,1,39.21136334603903,39.20189336579281,39.21234728241984,28.83981311651348,34.26570195139063,33.714303799759946,0,0,0,0,0,15,0,0,0,15,0,0
0.5,8,HistGB,KNN,KNN,34.41627098104753,29.623591813472313,29.623591813472313,4.792679167575219,0.0,0,1,39.181576363874235,39.175962463424966,39.18147213282267,29.623591813472313,35.08650671188612,34.41627098104753,0,0,0,0,0,15,0,0,0,15,0,0
0.5,9,HistGB,KNN,KNN,34.73783599713518,30.300257701423387,30.300257701423387,4.437578295711791,0.0,0,1,40.47197618745406,40.466010166849095,40.47109343510967,30.300257701423387,35.4558760029454,34.73783599713518,0,0,0,0,0,15,0,0,0,15,0,0
0.5,10,HistGB,KNN,KNN,33.910208514081305,29.824404136662483,29.824404136662483,4.085804377418821,0.0,0,1,39.456211912349964,39.451529887781724,39.4555094549055,29.824404136662483,34.261192749374736,33.910208514081305,0,0,0,0,0,15,0,0,0,15,0,0
0.5,11,HistGB,KNN,KNN,33.62775139723734,29.60491639036404,29.60491639036404,4.022835006873301,0.0,0,1,39.518863975831664,39.51059440876183,39.519072623702904,29.60491639036404,34.112874780784,33.62775139723734,0,0,0,0,0,15,0,0,0,15,0,0
0.5,12,HistGB,KNN,KNN,34.021207929695294,29.14937495424439,29.14937495424439,4.8718329754509035,0.0,0,1,39.83680071843351,39.82683845876916,39.835722060335556,29.14937495424439,34.24271579698437,34.021207929695294,0,0,0,0,0,15,0,0,0,15,0,0
0.5,13,HistGB,KNN,KNN,34.977502260566304,30.737614493201118,30.737614493201118,4.239887767365186,0.0,0,1,40.034898201276455,40.02769792356303,40.032594372092994,30.737614493201118,35.42402959523306,34.977502260566304,0,0,0,0,0,15,0,0,0,15,0,0
0.5,14,HistGB,KNN,KNN,34.802166158897485,30.22898594801385,30.22898594801385,4.573180210883635,0.0,0,1,40.58176886007644,40.573085042954304,40.58047302087808,30.22898594801385,35.31074671897404,34.802166158897485,0,0,0,0,0,15,0,0,0,15,0,0
0.5,15,HistGB,KNN,KNN,34.57634793205066,29.482012823758883,29.482012823758883,5.0943351082917765,0.0,0,1,40.01105584910193,40.00163230396763,40.01043331903798,29.482012823758883,35.182923178891585,34.57634793205066,0,0,0,0,0,15,0,0,0,15,0,0
0.5,16,HistGB,KNN,KNN,35.87939472326243,31.00229592672065,31.00229592672065,4.87709879654178,0.0,0,1,41.53360521901502,41.52532462969518,41.533455206036464,31.00229592672065,36.055634941468504,35.87939472326243,0,0,0,0,0,15,0,0,0,15,0,0
0.5,17,HistGB,KNN,KNN,36.963845356749495,32.00073805865598,32.00073805865598,4.963107298093512,0.0,0,1,42.050980197717145,42.03871731179738,42.04880770289541,32.00073805865598,37.62765464495779,36.963845356749495,0,0,0,0,0,15,0,0,0,15,0,0
0.5,18,HistGB,KNN,KNN,34.50305373795179,29.334123989500338,29.334123989500338,5.1689297484514505,0.0,0,1,39.708334997266164,39.703753750807046,39.70852797894872,29.334123989500338,35.14207617502198,34.50305373795179,0,0,0,0,0,15,0,0,0,15,0,0
0.5,19,HistGB,KNN,KNN,34.60327848170751,29.727904717251747,29.727904717251747,4.875373764455766,0.0,0,1,40.86516784767419,40.85802100512464,40.86530860895398,29.727904717251747,35.31667208374799,34.60327848170751,0,0,0,0,0,15,0,0,0,15,0,0
0.5,20,HistGB,KNN,KNN,34.325370645190155,30.386612943510592,30.386612943510592,3.938757701679563,0.0,0,1,40.33120524029543,40.319888178047044,40.330139038426296,30.386612943510592,34.78606631802851,34.325370645190155,0,0,0,0,0,15,0,0,0,15,0,0
0.5,21,HistGB,KNN,KNN,36.63164043905123,32.05521614959351,32.05521614959351,4.576424289457719,0.0,0,1,41.518811589236655,41.508881987767616,41.51935068724729,32.05521614959351,37.225864781125864,36.63164043905123,0,0,0,0,0,15,0,0,0,15,0,0
0.5,22,HistGB,KNN,KNN,36.0951832132667,30.834582638855913,30.834582638855913,5.2606005744107875,0.0,0,1,41.23322285214284,41.22344174126974,41.23352781337135,30.834582638855913,36.68173529439035,36.0951832132667,0,0,0,0,0,15,0,0,0,15,0,0
0.5,23,HistGB,KNN,KNN,35.70825739251677,31.138388285827343,31.138388285827343,4.569869106689428,0.0,0,1,40.79303265822453,40.78733623381852,40.7919298030462,31.138388285827343,36.34216946737237,35.70825739251677,0,0,0,0,0,15,0,0,0,15,0,0
0.5,24,HistGB,KNN,KNN,34.82354914689996,30.66380562129224,30.66380562129224,4.159743525607716,0.0,0,1,40.37490593493184,40.36800248976759,40.372863826009116,30.66380562129224,35.49634476764604,34.82354914689996,0,0,0,0,0,15,0,0,0,15,0,0
